{
    "bitcoin": [
        69294,
        69294,
        69348
    ],
    "ethereum": [
        3688.11,
        3688.11,
        3687.04
    ],
    "tether": [
        0.999824,
        0.999824,
        0.999447
    ],
    "binancecoin": [
        682.6,
        682.6,
        684.37
    ],
    "solana": [
        162.64,
        162.64,
        162.67
    ],
    "staked-ether": [
        3684.41,
        3684.41,
        3682.43
    ],
    "usd-coin": [
        1.0,
        1.0,
        1.0
    ],
    "ripple": [
        0.499282,
        0.499282,
        0.499562
    ],
    "dogecoin": [
        0.148683,
        0.148683,
        0.14852
    ],
    "the-open-network": [
        7.26,
        7.26,
        7.25
    ],
    "cardano": [
        0.450808,
        0.450808,
        0.450675
    ],
    "shiba-inu": [
        2.377e-05,
        2.377e-05,
        2.375e-05
    ],
    "avalanche-2": [
        33.63,
        33.63,
        33.62
    ],
    "wrapped-bitcoin": [
        69296,
        69296,
        69342
    ],
    "chainlink": [
        16.33,
        16.33,
        16.31
    ],
    "tron": [
        0.112582,
        0.112582,
        0.112627
    ],
    "polkadot": [
        6.66,
        6.66,
        6.65
    ],
    "bitcoin-cash": [
        482.27,
        482.27,
        481.53
    ],
    "near": [
        6.83,
        6.83,
        6.84
    ],
    "uniswap": [
        9.79,
        9.79,
        9.82
    ],
    "internet-computer": [
        11.54,
        11.55,
        11.55
    ],
    "unus-sed-leo": [
        5.923810812706364,
        5.924793027850309
    ],
    "multi-collateral-dai": [
        1.0001541775823066,
        1.000069113199768
    ],
    "ethereum-classic": [
        26.571766666494675,
        26.635876915691053,
        26.65296384300906
    ],
    "aptos": [
        8.575927415160615,
        8.582928122545725,
        8.607273042998278
    ],
    "render": [
        9.594782046769547,
        9.58815822020348,
        9.575672155881971
    ],
    "hedera": [
        0.09443855580726712,
        0.09459967036253722,
        0.09470104647115037
    ],
    "kaspa": [
        0.16440906833435434,
        0.16462377490825533,
        0.16406001076864887
    ],
    "dogwifhat": [
        2.847466863372212,
        2.8538309249804295,
        2.8491621975073227
    ],
    "cosmos": [
        8.106309814434807,
        8.10029966056833,
        8.098873492381731
    ],
    "immutable-x": [
        2.120571688694592,
        2.1161076635374734,
        2.1176124634136695
    ],
    "filecoin": [
        6.112490139698093,
        6.104389531305285,
        6.082116917602934
    ],
    "arbitrum": [
        0.9952605111439611,
        0.9963698779249625,
        0.9971450403571402
    ],
    "mantle": [
        0.9580730865908721,
        0.9577179369477941,
        0.959003840625946
    ],
    "stellar": [
        0.10022596373305791,
        0.10029323834772874,
        0.10031127383757014
    ],
    "cronos": [
        0.1129954537423135,
        0.11322078061735243,
        0.11344209378150602
    ],
    "monero": [
        157.9209003733675,
        157.93458725160448,
        157.8590162662019
    ],
    "stacks": [
        2.17310656390928,
        2.173098243703936,
        2.1749861816575478
    ],
    "the-graph": [
        0.27363595607348945,
        0.2742061754287447,
        0.27459745437836247
    ],
    "bttc-bittorrent-chain": [
        1.1174772485008e-06,
        1.12183133373146e-06,
        1.12391636353853e-06
    ],
    "cheelee-cheelee": [
        20.774954409654594,
        20.79859401654015,
        20.806172560449752
    ],
    "VET": [
        0.0342648619606039,
        0.0341757644980644
    ],
    "STX": [
        1.96018090681332,
        1.94312681136669
    ],
    "FLR": [
        0.0280572218861115,
        0.0280389009629798
    ],
    "XMR": [
        155.295737980525,
        155.188147347795
    ],
    "SAGA": [
        2.827609212773917,
        2.81039661314113
    ],
    "AR": [
        43.18042703963509,
        42.9957677008812
    ],
    "ZETA": [
        1.11698886903034,
        1.1142736398709,
        1.12400151652205
    ],
    "BGB": [
        1.1906,
        1.1906,
        1.1906
    ],
    "FLOKI": [
        0.00026691,
        0.00026701,
        0.00025869
    ],
    "ENS": [
        22.0000164291813,
        21.9603992398786,
        21.9701446508004
    ],
    "PIXEL": [
        0.44137,
        0.44194,
        0.44125
    ],
    "FTM": [
        0.723081133560958,
        0.725315733406733,
        0.725419429762729
    ],
    "INJ": [
        25.8086457389147,
        25.7996455630143,
        25.9201593958232
    ],
    "MKR": [
        2594.894715936144,
        2596.414635467978,
        2594.250306521202
    ],
    "ARKM": [
        2.626743482716449,
        2.628414754078233,
        2.629537862114028
    ],
    "RUNE": [
        5.60399608564965,
        5.59703337395947,
        5.59270052666441
    ],
    "FET": [
        1.82921154374114,
        1.83480753153629,
        1.83497942363942
    ],
    "qnt-quant": [
        85.93534806198622,
        85.90153610538127,
        85.91828182138653
    ],
    "wld-worldcoin": [
        4.443672559191681,
        4.447070554212576,
        4.433062432245207
    ],
    "akt-akash-network": [
        4.239013126819442,
        4.247021368262229,
        4.244888363166169
    ],
    "neo-neo": [
        14.119820049537184,
        14.12163366016528,
        14.180153066506662
    ],
    "egld-elrond": [
        36.37333337055617,
        36.320488736111656,
        36.378328037263614
    ],
    "ron-ronin-token": [
        2.9291388516673327,
        2.932215954008809,
        2.938128084075602
    ],
    "sand-the-sandbox": [
        0.4361895105425782,
        0.43703614810451896,
        0.4370368140466919
    ],
    "wbnb-wrapped-bnb": [
        682.3488510329645,
        683.2058373337213,
        683.5111152389067
    ],
    "rbn-ribbon-finance": [
        0.9885661800071454,
        0.9879724354960426,
        0.980782160787907
    ],
    "ordi-ordinals": [
        62.09291343912357,
        62.099473141626135,
        62.26669803898842
    ],
    "mina-mina-protocol": [
        0.8038374832930485,
        0.805705431786804,
        0.8060736331112377
    ],
    "kcs-kucoin-token": [
        10.349989381060377,
        10.356534286345276,
        10.351848421251479
    ],
    "pendle-pendle": [
        5.920309844791598,
        5.9140184541053245,
        5.911927372558721
    ],
    "xtz-tezos": [
        0.8715800861198614,
        0.8718648106532523,
        0.8723716095693262
    ],
    "sei-sei": [
        0.509046661147322,
        0.5173431493310292,
        0.5220841874499932
    ],
    "xec-ecash": [
        4.344265960665556e-05,
        4.348015683178645e-05,
        4.34668583757443e-05
    ],
    "msol-marinade-staked-sol": [
        194.3335500306143,
        194.2851929678169,
        192.95676198316804
    ],
    "cfx-conflux-network": [
        0.2272375731725614,
        0.2272375731725614,
        0.22709059873310986
    ],
    "matic-network": [
        0.667348,
        0.667348,
        0.667407
    ],
    "pepe": [
        1.284e-05,
        1.284e-05,
        1.285e-05
    ],
    "litecoin": [
        79.94,
        79.94,
        80.09
    ],
    "leo-token": [
        6.01,
        6.01,
        6.01
    ],
    "okb": [
        48.14829508454393,
        48.194893192640606,
        48.069792471250956
    ],
    "first-digital-usd": [
        1.000490115452401,
        1.000436402099501,
        1.0002324963523574
    ],
    "arweave": [
        38.91189206403084,
        38.92731835456494,
        38.836716285221534
    ],
    "optimism-ethereum": [
        2.257348310592534,
        2.2623061363687977,
        2.2644284742475125
    ],
    "bittensor": [
        390.1315525398316,
        389.06727066195623,
        388.88239733366504
    ],