{
    "bitcoin": [
        70599,
        70819,
        71112
    ],
    "ethereum": [
        3814.53,
        3822.5,
        3836.57
    ],
    "tether": [
        1.0,
        1.0,
        1.001
    ],
    "binancecoin": [
        684.78,
        689.32,
        705.2
    ],
    "solana": [
        171.51,
        172.32,
        172.9
    ],
    "staked-ether": [
        3813.09,
        3821.57,
        3836.26
    ],
    "usd-coin": [
        1.001,
        1.0,
        0.999748
    ],
    "ripple": [
        0.525895,
        0.526027,
        0.527
    ],
    "dogecoin": [
        0.161533,
        0.162177,
        0.162934
    ],
    "the-open-network": [
        7.29,
        7.42,
        7.42
    ],
    "cardano": [
        0.461298,
        0.463396,
        0.46491
    ],
    "shiba-inu": [
        2.465e-05,
        2.472e-05,
        2.481e-05
    ],
    "avalanche-2": [
        36.08,
        36.22,
        36.26
    ],
    "wrapped-bitcoin": [
        70547,
        70703,
        71021
    ],
    "chainlink": [
        17.74,
        17.81,
        17.9
    ],
    "tron": [
        0.114573,
        0.114695,
        0.114633
    ],
    "polkadot": [
        7.19,
        7.22,
        7.23
    ],
    "bitcoin-cash": [
        476.21,
        479.16,
        481.31
    ],
    "near": [
        7.43,
        7.48,
        7.54
    ],
    "uniswap": [
        11.42,
        11.38,
        11.49
    ],
    "internet-computer": [
        12.31,
        12.34,
        12.38
    ],
    "unus-sed-leo": [
        5.923810812706364,
        5.924793027850309
    ],
    "multi-collateral-dai": [
        1.0001541775823066,
        1.000069113199768
    ],
    "ethereum-classic": [
        28.245398257432665,
        28.209715278628575,
        28.280479846943802
    ],
    "aptos": [
        9.153859643970659,
        9.213165856388903,
        9.259469973912926
    ],
    "render": [
        10.33626045266732,
        10.413398199198614,
        10.410155189170137
    ],
    "hedera": [
        0.10246143835974442,
        0.10255379815163643,
        0.10268157786171596
    ],
    "kaspa": [
        0.18001479588602337,
        0.1813211706437662,
        0.17985297009659118
    ],
    "dogwifhat": [
        3.4020243936488344,
        3.440672567869676,
        3.461973824296986
    ],
    "cosmos": [
        8.533829806581826,
        8.575411748864967,
        8.592677894258815
    ],
    "immutable-x": [
        2.309338424153349,
        2.331349340140568,
        2.336460895343262
    ],
    "filecoin": [
        5.962888342244992,
        5.976377543727319,
        6.018629839996622
    ],
    "arbitrum": [
        1.1075181747140788,
        1.1149148205259762,
        1.1207427763071216
    ],
    "mantle": [
        0.9672477455156476,
        0.9655610952199294,
        0.9722715749231055
    ],
    "stellar": [
        0.10644242953350648,
        0.1064340833106592,
        0.10662378980161517
    ],
    "cronos": [
        0.11128819085878407,
        0.1118676791464116,
        0.11225554685631511
    ],
    "monero": [
        159.97187838565466,
        159.95889557971,
        160.44316034873228
    ],
    "stacks": [
        2.15402541170412,
        2.1889118103040857,
        2.250761094233205
    ],
    "the-graph": [
        0.299782936343405,
        0.30097771921120375,
        0.30184755960152077
    ],
    "bttc-bittorrent-chain": [
        1.15238062589778e-06,
        1.14914603585833e-06,
        1.16475108018997e-06
    ],
    "cheelee-cheelee": [
        20.883730564335465,
        20.850941556534874,
        20.930324816015574
    ],
    "VET": [
        0.0342648619606039,
        0.0341757644980644
    ],
    "STX": [
        1.96018090681332,
        1.94312681136669
    ],
    "FLR": [
        0.0280572218861115,
        0.0280389009629798
    ],
    "XMR": [
        155.295737980525,
        155.188147347795
    ],
    "SAGA": [
        2.827609212773917,
        2.81039661314113
    ],
    "AR": [
        43.18042703963509,
        42.9957677008812
    ],
    "ZETA": [
        1.34315063641458,
        1.33600332024875
    ],
    "BGB": [
        1.3705,
        1.3705
    ],
    "FLOKI": [
        0.00026691,
        0.00026701,
        0.00025869
    ],
    "ENS": [
        25.0296389155834,
        25.0808386398464,
        25.3159857575174
    ],
    "PIXEL": [
        0.48506,
        0.48993,
        0.48862
    ],
    "FTM": [
        0.81494311061099,
        0.810825200275531,
        0.810846650526059
    ],
    "INJ": [
        25.284098615477,
        25.406855154521,
        25.4624710427404
    ],
    "MKR": [
        2618.19713759826,
        2621.10444575862,
        2615.17302339551
    ],
    "ARKM": [
        2.4701,
        2.4832,
        2.4884
    ],
    "RUNE": [
        6.196,
        6.24844739593791,
        6.30174193376398
    ],
    "FET": [
        2.12600309735174,
        2.15760430498756,
        2.14985976581978
    ],
    "qnt-quant": [
        91.29548905505213,
        91.57811937418691,
        91.75361348794151
    ],
    "wld-worldcoin": [
        4.838923301009388,
        4.843285006677404,
        4.85909631129357
    ],
    "akt-akash-network": [
        4.467305165283307,
        4.446529705297023,
        4.468600564535035
    ],
    "neo-neo": [
        15.04334729251268,
        15.09770906157058,
        15.173292300433365
    ],
    "egld-elrond": [
        39.26005092248553,
        39.539880558967184,
        39.73957762203985
    ],
    "ron-ronin-token": [
        3.0650063991774386,
        3.103022435131275,
        3.1240291331699415
    ],
    "sand-the-sandbox": [
        0.46220863373790994,
        0.4659917460415482,
        0.4669037910912308
    ],
    "wbnb-wrapped-bnb": [
        685.9204161734705,
        688.1643049964214,
        703.9087437746111
    ],
    "rbn-ribbon-finance": [
        0.9885661800071454,
        0.9879724354960426,
        0.980782160787907
    ],
    "ordi-ordinals": [
        56.00339398654672,
        57.34876505522074,
        56.17357134319772
    ],
    "mina-mina-protocol": [
        0.8602091010265426,
        0.8604755262689318,
        0.863678748876568
    ],
    "kcs-kucoin-token": [
        10.091152964669504,
        10.101885149630638,
        10.092635252915326
    ],
    "pendle-pendle": [
        6.145555735600484,
        6.144195301433215,
        6.169554238435952
    ],
    "xtz-tezos": [
        0.9509650515568491,
        0.9517009673256054,
        0.9525923367686662
    ],
    "sei-sei": [
        0.5236371870736776,
        0.5252318785968524,
        0.5283776058838546
    ],
    "xec-ecash": [
        4.716473515824262e-05,
        4.702589764958312e-05,
        4.72143496781578e-05
    ],
    "msol-marinade-staked-sol": [
        203.95337021512677,
        204.6343617141017,
        205.78599711205382
    ],
    "cfx-conflux-network": [
        0.2212836742468146,
        0.2212985412578897,
        0.2216218147611572
    ],
    "matic-network": [
        0.715041,
        0.717668,
        0.719003
    ],
    "pepe": [
        1.432e-05,
        1.446e-05,
        1.439e-05
    ],
    "litecoin": [
        83.54,
        83.9,
        84.07
    ],
    "leo-token": [
        5.95,
        5.95,
        5.95
    ],
    "okb": [
        48.27771483685196,
        48.55446198443198,
        49.85758878890428
    ],
    "first-digital-usd": [
        1.0000590898073416,
        1.0002146613739373,
        1.0003504846572822
    ],
    "arweave": [
        46.36892158093171,
        46.19325241468239,
        45.45007697792906
    ],
    "optimism-ethereum": [
        2.479597812441078,
        2.48529063788369,
        2.5015666196597546
    ],
    "bittensor": [
        397.90929525958313,
        402.1252763496464,
        408.16071490161056
    ],
    "floki-inu": [
        0.00029618088854344986,
        0.0003046842143776113,
        0.0003072368044584793
    ],