{
    "bitcoin": [
        69117,
        69117,
        69214
    ],
    "ethereum": [
        3771.05,
        3771.05,
        3777.03
    ],
    "tether": [
        0.999544,
        0.999544,
        1.0
    ],
    "binancecoin": [
        631.63,
        631.63,
        634.06
    ],
    "solana": [
        166.17,
        166.17,
        166.69
    ],
    "staked-ether": [
        3770.69,
        3770.69,
        3776.06
    ],
    "usd-coin": [
        0.999221,
        0.999221,
        1.0
    ],
    "ripple": [
        0.520483,
        0.520483,
        0.521651
    ],
    "dogecoin": [
        0.159138,
        0.159138,
        0.159283
    ],
    "the-open-network": [
        6.78,
        6.78,
        6.76
    ],
    "cardano": [
        0.46002,
        0.46002,
        0.46035
    ],
    "shiba-inu": [
        2.438e-05,
        2.438e-05,
        2.442e-05
    ],
    "avalanche-2": [
        34.86,
        34.86,
        34.98
    ],
    "wrapped-bitcoin": [
        69209,
        69209,
        69244
    ],
    "chainlink": [
        17.63,
        17.63,
        17.65
    ],
    "tron": [
        0.114081,
        0.114081,
        0.114387
    ],
    "polkadot": [
        7.01,
        7.01,
        7.03
    ],
    "bitcoin-cash": [
        463.47,
        463.47,
        463.76
    ],
    "near": [
        7.1,
        7.1,
        7.11
    ],
    "uniswap": [
        9.55,
        9.55,
        9.56
    ],
    "internet-computer": [
        12.1,
        12.1,
        12.1
    ],
    "unus-sed-leo": [
        5.923810812706364,
        5.924793027850309
    ],
    "multi-collateral-dai": [
        1.0001541775823066,
        1.000069113199768
    ],
    "ethereum-classic": [
        29.24604814725347,
        29.20352121967086
    ],
    "aptos": [
        8.976018181486033,
        8.980773842356578,
        8.976179469692877
    ],
    "render": [
        10.097066492324496,
        10.115353716458747,
        10.098930799359737
    ],
    "hedera": [
        0.10106083940249708,
        0.1010050501966699,
        0.10106126423603033
    ],
    "kaspa": [
        0.16849741093078127,
        0.16825790335642982,
        0.1668059616765758
    ],
    "dogwifhat": [
        3.316495711849922,
        3.3318067401047857,
        3.3058266755024333
    ],
    "cosmos": [
        8.373162072791352,
        8.378792409950863,
        8.38656764444778
    ],
    "immutable-x": [
        2.27185814545394,
        2.2782511403171877,
        2.2857390865679785
    ],
    "filecoin": [
        5.801502245649826,
        5.807823284327348,
        5.811529655942562
    ],
    "arbitrum": [
        1.1078982032849798,
        1.108359931702501,
        1.10801397390312
    ],
    "mantle": [
        0.9643381664037354,
        0.9621770327408388,
        0.9647402672306125
    ],
    "stellar": [
        0.10526439877033383,
        0.10532983865232969,
        0.10541384049829984
    ],
    "cronos": [
        0.10873999017574207,
        0.10884718045372,
        0.10865213030929621
    ],
    "monero": [
        158.17096071841854,
        158.26236214989507,
        158.15144842097197
    ],
    "stacks": [
        1.958473659875022,
        1.966117177345312,
        1.9669242114759058
    ],
    "the-graph": [
        0.2955553434585703,
        0.29593464413813486,
        0.29616673288113265
    ],
    "bttc-bittorrent-chain": [
        1.14730601745177e-06,
        1.1470898108263e-06,
        1.14519096626331e-06
    ],
    "cheelee-cheelee": [
        20.721423727401337,
        20.71454888253446,
        20.584857447452592
    ],
    "VET": [
        0.0342648619606039,
        0.0341757644980644
    ],
    "STX": [
        1.96018090681332,
        1.94312681136669
    ],
    "FLR": [
        0.0280572218861115,
        0.0280389009629798
    ],
    "XMR": [
        155.295737980525,
        155.188147347795
    ],
    "SAGA": [
        2.827609212773917,
        2.81039661314113
    ],
    "AR": [
        43.18042703963509,
        42.9957677008812
    ],
    "ZETA": [
        1.34315063641458,
        1.33600332024875
    ],
    "BGB": [
        1.3705,
        1.3705
    ],
    "FLOKI": [
        0.00027295,
        0.00027004
    ],
    "ENS": [
        25.0400147206823,
        25.049836283525,
        24.9315381816912
    ],
    "PIXEL": [
        0.5075035299704171,
        0.5091358288893804,
        0.5094
    ],
    "FTM": [
        0.81494311061099,
        0.810825200275531,
        0.810846650526059
    ],
    "INJ": [
        25.1440231821552,
        25.1824334714893,
        25.165976344106
    ],
    "MKR": [
        2591.33333757779,
        2568.06953013984,
        2572.53851737616
    ],
    "ARKM": [
        2.4826,
        2.4799,
        2.4901
    ],
    "RUNE": [
        6.0289914550498,
        6.03157964141311,
        6.02653233420411
    ],
    "FET": [
        2.14726888791638,
        2.15015457372639,
        2.15322044166739
    ],
    "qnt-quant": [
        91.04380665884037,
        91.07455693176986,
        91.24736401536487
    ],
    "wld-worldcoin": [
        4.827105907876915,
        4.832363394169446,
        4.836872510254228
    ],
    "akt-akash-network": [
        4.383309244397664,
        4.3831273283028205,
        4.385335755123533
    ],
    "neo-neo": [
        14.745421317400247,
        14.733085739155854,
        14.731973607863333
    ],
    "egld-elrond": [
        38.89153126484102,
        38.936891025529526,
        38.958349367924185
    ],
    "ron-ronin-token": [
        3.1729225225283835,
        3.1838724335070214,
        3.1758222581734805
    ],
    "sand-the-sandbox": [
        0.453815439939093,
        0.4541971447784258,
        0.45372750688748775
    ],
    "wbnb-wrapped-bnb": [
        632.279625226499,
        631.952686757956,
        633.365045929142
    ],
    "rbn-ribbon-finance": [
        1.011688560014205,
        1.0114669060365138,
        1.0036470238534845
    ],
    "ordi-ordinals": [
        47.2815419358497,
        47.27322220202995,
        47.64068768707689
    ],
    "mina-mina-protocol": [
        0.8738568709145021,
        0.8726378633475251,
        0.8694749354293737
    ],
    "kcs-kucoin-token": [
        10.076588186772012,
        10.06313006429324,
        10.07278839968937
    ],
    "pendle-pendle": [
        6.228642905580972,
        6.245816480982915,
        6.220505518701418
    ],
    "xtz-tezos": [
        0.9209051392505033,
        0.9223695007644905,
        0.9226011728457946
    ],
    "sei-sei": [
        0.5102206841916648,
        0.5121262242828312,
        0.5106402065883906
    ],
    "xec-ecash": [
        4.619187201351811e-05,
        4.624247097431214e-05,
        4.618706332956881e-05
    ],
    "msol-marinade-staked-sol": [
        198.01214142662258,
        198.051753131033,
        198.21975184401893
    ],
    "cfx-conflux-network": [
        0.22342054358813573,
        0.22265934345746205,
        0.22208588448409916
    ],
    "matic-network": [
        0.708046,
        0.708046,
        0.707851
    ],
    "pepe": [
        1.457e-05,
        1.457e-05,
        1.445e-05
    ],
    "litecoin": [
        82.71,
        82.71,
        82.73
    ],
    "leo-token": [
        6.01,
        6.01,
        6.02
    ],
    "okb": [
        46.69640152978845,
        46.72078822101149,
        46.75482764317082
    ],
    "first-digital-usd": [
        0.99979740971948,
        0.9998967488830166,
        0.9996720210893377
    ],
    "arweave": [
        43.19035080702207,
        43.24113262342464,
        43.121616607451735
    ],
    "optimism-ethereum": [
        2.416977803825599,
        2.418997091200221,
        2.4176857410202968
    ],
    "bittensor": [
        383.12441850722973,
        383.2846849502964,
        384.9297101664996
    ],
    "floki-inu": [
        0.0002696296042212592,
        0.0002708844960815246,
        0.0002686474615526365
    ],