{
    "bitcoin": [
        70951,
        70897,
        70897
    ],
    "ethereum": [
        3802.8,
        3804.5,
        3804.5
    ],
    "tether": [
        1.0,
        0.999764,
        0.999764
    ],
    "binancecoin": [
        704.11,
        705.33,
        705.33
    ],
    "solana": [
        170.07,
        170.17,
        170.17
    ],
    "staked-ether": [
        3801.8,
        3801.64,
        3801.64
    ],
    "usd-coin": [
        1.0,
        0.99993,
        0.99993
    ],
    "ripple": [
        0.521755,
        0.521985,
        0.521985
    ],
    "dogecoin": [
        0.160774,
        0.160631,
        0.160631
    ],
    "the-open-network": [
        7.59,
        7.63,
        7.63
    ],
    "cardano": [
        0.458209,
        0.457922,
        0.457922
    ],
    "shiba-inu": [
        2.51e-05,
        2.509e-05,
        2.509e-05
    ],
    "avalanche-2": [
        35.75,
        35.75,
        35.75
    ],
    "wrapped-bitcoin": [
        70823,
        70916,
        70916
    ],
    "chainlink": [
        17.37,
        17.37,
        17.37
    ],
    "tron": [
        0.113887,
        0.113829,
        0.113829
    ],
    "polkadot": [
        7.1,
        7.09,
        7.09
    ],
    "bitcoin-cash": [
        497.9,
        497.76,
        497.76
    ],
    "near": [
        7.32,
        7.31,
        7.31
    ],
    "uniswap": [
        10.66,
        10.65,
        10.65
    ],
    "internet-computer": [
        12.02,
        12.01,
        12.01
    ],
    "unus-sed-leo": [
        5.923810812706364,
        5.924793027850309
    ],
    "multi-collateral-dai": [
        1.0001541775823066,
        1.000069113199768
    ],
    "ethereum-classic": [
        29.387441989129655,
        29.460698955719895,
        29.423851669313404
    ],
    "aptos": [
        9.030019946608538,
        9.027024715784435,
        9.033944016917072
    ],
    "render": [
        10.285226029006745,
        10.288397498626413,
        10.284715071293348
    ],
    "hedera": [
        0.10061836413352566,
        0.1006661529163052,
        0.10082329348591962
    ],
    "kaspa": [
        0.17370760717400868,
        0.17308999060056296,
        0.1728597298071849
    ],
    "dogwifhat": [
        3.232700809470845,
        3.233157365375644,
        3.234479897023187
    ],
    "cosmos": [
        8.578695436726008,
        8.575150227204096,
        8.572837352393597
    ],
    "immutable-x": [
        2.25663143415299,
        2.250518649180795,
        2.2559389478053125
    ],
    "filecoin": [
        5.937954584720711,
        5.938523716591143,
        5.938090638031495
    ],
    "arbitrum": [
        1.0845860096890563,
        1.0848743852345701,
        1.0843384434767074
    ],
    "mantle": [
        1.0181396466291746,
        1.0177671645353394,
        1.0183951446703257
    ],
    "stellar": [
        0.10533503947681801,
        0.10530662164459523,
        0.10535532372018841
    ],
    "cronos": [
        0.11401548005468387,
        0.11377425829669097,
        0.11385644930598454
    ],
    "monero": [
        167.16084909576503,
        166.8081187521823,
        166.90503555137033
    ],
    "stacks": [
        2.3558665715022147,
        2.344365472236869,
        2.342443939506381
    ],
    "the-graph": [
        0.29205877855351553,
        0.29184888038243,
        0.29210490446923726
    ],
    "bttc-bittorrent-chain": [
        1.15749300843472e-06,
        1.15816241293819e-06,
        1.15811542194385e-06
    ],
    "cheelee-cheelee": [
        21.14094773505132,
        21.189366350652033,
        21.180643912596313
    ],
    "VET": [
        0.0342648619606039,
        0.0341757644980644
    ],
    "STX": [
        1.96018090681332,
        1.94312681136669
    ],
    "FLR": [
        0.0280572218861115,
        0.0280389009629798
    ],
    "XMR": [
        155.295737980525,
        155.188147347795
    ],
    "SAGA": [
        2.827609212773917,
        2.81039661314113
    ],
    "AR": [
        43.18042703963509,
        42.9957677008812
    ],
    "ZETA": [
        1.33600332024875,
        1.22988208366352,
        1.23250889339322
    ],
    "BGB": [
        1.2225,
        1.2225,
        1.2225
    ],
    "FLOKI": [
        0.00026691,
        0.00026701,
        0.00025869
    ],
    "ENS": [
        23.8790684681777,
        23.821353053059,
        23.8501521302999
    ],
    "PIXEL": [
        0.4914804297985936,
        0.49216,
        0.49382
    ],
    "FTM": [
        0.806479533698492,
        0.803021610310486,
        0.803688396269601
    ],
    "INJ": [
        25.8086457389147,
        25.7996455630143,
        25.9201593958232
    ],
    "MKR": [
        2599.806885484911,
        2602.533053181528,
        2603.115394732291
    ],
    "ARKM": [
        2.626743482716449,
        2.628414754078233,
        2.629537862114028
    ],
    "RUNE": [
        6.00219370665322,
        6.00310753604212,
        6.00301365417652
    ],
    "FET": [
        2.00965727824882,
        2.01109465129991,
        2.01884522341978
    ],
    "qnt-quant": [
        89.9481097733252,
        90.04178393034158,
        89.89760761874092
    ],
    "wld-worldcoin": [
        4.873179122524303,
        4.875912122884666,
        4.868682906660448
    ],
    "akt-akash-network": [
        4.498956606966241,
        4.50951636640993,
        4.505293454438244
    ],
    "neo-neo": [
        14.861346803440886,
        14.835659831394954,
        14.847158858969468
    ],
    "egld-elrond": [
        38.69549636550666,
        38.6609038932443,
        38.699569998424586
    ],
    "ron-ronin-token": [
        3.0844207221616022,
        3.0862659293128023,
        3.078950439542491
    ],
    "sand-the-sandbox": [
        0.46848549300048525,
        0.4682960702830412,
        0.4681542648083288
    ],
    "wbnb-wrapped-bnb": [
        705.0525393902725,
        706.061045324688,
        705.6094173666417
    ],
    "rbn-ribbon-finance": [
        0.9885661800071454,
        0.9879724354960426,
        0.980782160787907
    ],
    "ordi-ordinals": [
        59.53443651596022,
        59.52972295433975,
        61.33747661601033
    ],
    "mina-mina-protocol": [
        0.8383404619119198,
        0.8363325752488671,
        0.8352360802901906
    ],
    "kcs-kucoin-token": [
        10.332101087306453,
        10.334125288865005,
        10.327557460447812
    ],
    "pendle-pendle": [
        5.892387149521646,
        5.904481280016911,
        5.890440455805793
    ],
    "xtz-tezos": [
        0.9337611725957521,
        0.9338777892452356,
        0.934001319758978
    ],
    "sei-sei": [
        0.5115967219590993,
        0.5102479075094462,
        0.5067257394513446
    ],
    "xec-ecash": [
        4.685353729126343e-05,
        4.691454328947019e-05,
        4.693983462787597e-05
    ],
    "msol-marinade-staked-sol": [
        202.6995244594801,
        203.00678690971827,
        202.70856852338983
    ],
    "cfx-conflux-network": [
        0.22971201175665754,
        0.229382761695014,
        0.22958708774024664
    ],
    "matic-network": [
        0.721411,
        0.721474,
        0.721474
    ],
    "pepe": [
        1.426e-05,
        1.427e-05,
        1.427e-05
    ],
    "litecoin": [
        83.98,
        84.01,
        84.01
    ],
    "leo-token": [
        5.99,
        5.99,
        5.99
    ],
    "okb": [
        48.99857708554404,
        49.04247923166509,
        49.03946739594586
    ],
    "first-digital-usd": [
        1.0012486771652611,
        1.0011023505085546,
        1.0010543498929858
    ],
    "arweave": [
        41.584976167771615,
        41.56375101793663,
        41.591940309195756
    ],
    "optimism-ethereum": [
        2.471854114073104,
        2.4706439604160715,
        2.469659284008523
    ],
    "bittensor": [
        415.78185773028315,
        417.96635277700256,
        418.4507485116934
    ],