{
    "bitcoin": [
        71163,
        71024,
        71024
    ],
    "ethereum": [
        3844.8,
        3831.86,
        3831.86
    ],
    "tether": [
        1.0,
        0.999294,
        0.999294
    ],
    "binancecoin": [
        705.48,
        708.59,
        708.59
    ],
    "solana": [
        172.81,
        172.65,
        172.65
    ],
    "staked-ether": [
        3844.5,
        3830.28,
        3830.28
    ],
    "usd-coin": [
        1.0,
        0.999646,
        0.999646
    ],
    "ripple": [
        0.525951,
        0.525345,
        0.525345
    ],
    "dogecoin": [
        0.16311,
        0.162439,
        0.162439
    ],
    "the-open-network": [
        7.28,
        7.3,
        7.3
    ],
    "cardano": [
        0.458968,
        0.458497,
        0.458497
    ],
    "shiba-inu": [
        2.576e-05,
        2.559e-05,
        2.559e-05
    ],
    "avalanche-2": [
        36.69,
        36.66,
        36.66
    ],
    "wrapped-bitcoin": [
        71256,
        71172,
        71172
    ],
    "chainlink": [
        17.36,
        17.33,
        17.33
    ],
    "tron": [
        0.114975,
        0.114848,
        0.114848
    ],
    "polkadot": [
        7.21,
        7.2,
        7.2
    ],
    "bitcoin-cash": [
        493.97,
        494.03,
        494.03
    ],
    "near": [
        7.51,
        7.49,
        7.49
    ],
    "uniswap": [
        10.73,
        10.76,
        10.76
    ],
    "internet-computer": [
        12.2,
        12.16,
        12.16
    ],
    "unus-sed-leo": [
        5.923810812706364,
        5.924793027850309
    ],
    "multi-collateral-dai": [
        1.0001541775823066,
        1.000069113199768
    ],
    "ethereum-classic": [
        29.387441989129655,
        29.460698955719895,
        29.423851669313404
    ],
    "aptos": [
        9.20480461166737,
        9.191901726090528,
        9.186689726188089
    ],
    "render": [
        10.621204962434096,
        10.612383193906556,
        10.608271698235848
    ],
    "hedera": [
        0.10311785159746692,
        0.10288478919220564,
        0.10291490510258852
    ],
    "kaspa": [
        0.17988585805594115,
        0.17806833487800813,
        0.17700438820100262
    ],
    "dogwifhat": [
        3.3745324506888483,
        3.357000389006585,
        3.351932921797606
    ],
    "cosmos": [
        8.604146197002523,
        8.612551236880412,
        8.609300714545858
    ],
    "immutable-x": [
        2.260691253087539,
        2.253473796678616,
        2.2515995559812194
    ],
    "filecoin": [
        6.023098719414109,
        6.013866036518867,
        6.0188090344080365
    ],
    "arbitrum": [
        1.1077565235898068,
        1.105392245542462,
        1.1052471274167632
    ],
    "mantle": [
        1.0353034448716245,
        1.0298903596265208,
        1.0311506446284477
    ],
    "stellar": [
        0.1063029856272197,
        0.10614157021098548,
        0.10627084603239059
    ],
    "cronos": [
        0.11521452273936249,
        0.11491816556173273,
        0.11487213505539778
    ],
    "monero": [
        163.47312363719607,
        163.28830370967978,
        163.549341740448
    ],
    "stacks": [
        2.3654319718776935,
        2.337827229572752,
        2.317678472761916
    ],
    "the-graph": [
        0.2972130650699433,
        0.2958540743852689,
        0.29555708442356504
    ],
    "bttc-bittorrent-chain": [
        1.16680226229394e-06,
        1.16773781984722e-06,
        1.16791290315045e-06
    ],
    "cheelee-cheelee": [
        20.945813733799298,
        20.921593658981692,
        20.99065033851383
    ],
    "VET": [
        0.0342648619606039,
        0.0341757644980644
    ],
    "STX": [
        1.96018090681332,
        1.94312681136669
    ],
    "FLR": [
        0.0280572218861115,
        0.0280389009629798
    ],
    "XMR": [
        155.295737980525,
        155.188147347795
    ],
    "SAGA": [
        2.827609212773917,
        2.81039661314113
    ],
    "AR": [
        43.18042703963509,
        42.9957677008812
    ],
    "ZETA": [
        1.34315063641458,
        1.33600332024875
    ],
    "BGB": [
        1.2061,
        1.2061,
        1.2061
    ],
    "FLOKI": [
        0.00026691,
        0.00026701,
        0.00025869
    ],
    "ENS": [
        25.0713621661917,
        24.8718056182777,
        24.9400409436692
    ],
    "PIXEL": [
        0.49557,
        0.49377,
        0.49513
    ],
    "FTM": [
        0.813122254494612,
        0.814017225342486,
        0.814975057682819
    ],
    "INJ": [
        25.8086457389147,
        25.7996455630143,
        25.9201593958232
    ],
    "MKR": [
        2678.60835986045,
        2679.19881558213,
        2678.61942081851
    ],
    "ARKM": [
        2.626743482716449,
        2.628414754078233,
        2.629537862114028
    ],
    "RUNE": [
        6.08567388932854,
        6.09092078051091,
        6.09206892940326
    ],
    "FET": [
        2.1031806429944,
        2.09461052863757,
        2.09886935895505
    ],
    "qnt-quant": [
        90.20708975185929,
        90.21208095835797,
        90.40042706988105
    ],
    "wld-worldcoin": [
        4.99464985379371,
        5.011450826439394,
        4.992538111670807
    ],
    "akt-akash-network": [
        4.553127890954448,
        4.558752760524312,
        4.559307549020673
    ],
    "neo-neo": [
        15.109223240730474,
        15.090370056103868,
        15.074640680897321
    ],
    "egld-elrond": [
        39.84304001068303,
        39.648257764382144,
        39.63468177697069
    ],
    "ron-ronin-token": [
        3.1373736985178735,
        3.1344344953935726,
        3.1347120911505892
    ],
    "sand-the-sandbox": [
        0.47039138863360075,
        0.4699913804240253,
        0.4696458802854819
    ],
    "wbnb-wrapped-bnb": [
        704.5748254406517,
        707.9461565298212,
        709.0350568326976
    ],
    "rbn-ribbon-finance": [
        0.9885661800071454,
        0.9879724354960426,
        0.980782160787907
    ],
    "ordi-ordinals": [
        57.33593932947672,
        57.14291616349896,
        57.53335999652686
    ],
    "mina-mina-protocol": [
        0.8654994439211555,
        0.8649128975289404,
        0.8629931140615812
    ],
    "kcs-kucoin-token": [
        10.404310798952094,
        10.393989840542412,
        10.38305682717563
    ],
    "pendle-pendle": [
        5.971778910069088,
        5.956547740322735,
        5.933493412101717
    ],
    "xtz-tezos": [
        0.9421811951791808,
        0.9424851936882156,
        0.9412045301754662
    ],
    "sei-sei": [
        0.5189698990285929,
        0.518298171423616,
        0.5175457923219839
    ],
    "xec-ecash": [
        4.685353729126343e-05,
        4.691454328947019e-05,
        4.693983462787597e-05
    ],
    "msol-marinade-staked-sol": [
        206.17798084721844,
        205.9237402040186,
        205.99335486890462
    ],
    "cfx-conflux-network": [
        0.23183510105939986,
        0.2297273729663098,
        0.22990415677835865
    ],
    "matic-network": [
        0.72385,
        0.721558,
        0.721558
    ],
    "pepe": [
        1.472e-05,
        1.463e-05,
        1.463e-05
    ],
    "litecoin": [
        85.05,
        84.94,
        84.94
    ],
    "leo-token": [
        6.03,
        6.02,
        6.02
    ],
    "okb": [
        48.641365325145124,
        48.72789644267686,
        48.68644168104882
    ],
    "first-digital-usd": [
        1.0011392789795468,
        1.0013524930029705,
        1.0009280072193514
    ],
    "arweave": [
        43.007679355047664,
        42.894228878818744,
        42.83347671954487
    ],
    "optimism-ethereum": [
        2.493492539710692,
        2.490496581500027,
        2.4887016928679637
    ],
    "bittensor": [
        414.8925828492617,
        414.7177710046827,
        415.30332975614107
    ],