{
    "bitcoin": [
        70847,
        70731,
        70731
    ],
    "ethereum": [
        3795.18,
        3791.85,
        3791.85
    ],
    "tether": [
        1.0,
        0.999476,
        0.999476
    ],
    "binancecoin": [
        698.67,
        700.29,
        700.29
    ],
    "solana": [
        173.53,
        173.15,
        173.15
    ],
    "staked-ether": [
        3794.46,
        3788.65,
        3788.65
    ],
    "usd-coin": [
        0.999713,
        0.999801,
        0.999801
    ],
    "ripple": [
        0.526275,
        0.52566,
        0.52566
    ],
    "dogecoin": [
        0.162605,
        0.162212,
        0.162212
    ],
    "the-open-network": [
        7.44,
        7.42,
        7.42
    ],
    "cardano": [
        0.459759,
        0.459268,
        0.459268
    ],
    "shiba-inu": [
        2.575e-05,
        2.566e-05,
        2.566e-05
    ],
    "avalanche-2": [
        36.36,
        36.29,
        36.29
    ],
    "wrapped-bitcoin": [
        70859,
        70739,
        70739
    ],
    "chainlink": [
        17.83,
        17.81,
        17.81
    ],
    "tron": [
        0.114035,
        0.113995,
        0.113995
    ],
    "polkadot": [
        7.19,
        7.18,
        7.18
    ],
    "bitcoin-cash": [
        481.75,
        481.33,
        481.33
    ],
    "near": [
        7.51,
        7.52,
        7.52
    ],
    "uniswap": [
        11.15,
        11.1,
        11.1
    ],
    "internet-computer": [
        12.41,
        12.37,
        12.37
    ],
    "unus-sed-leo": [
        5.923810812706364,
        5.924793027850309
    ],
    "multi-collateral-dai": [
        1.0001541775823066,
        1.000069113199768
    ],
    "ethereum-classic": [
        28.209715278628575,
        28.280479846943802,
        29.5118411319009
    ],
    "aptos": [
        9.214086933945058,
        9.224081098653494,
        9.233698212997055
    ],
    "render": [
        10.448708992278528,
        10.435702540443314,
        10.446779231843601
    ],
    "hedera": [
        0.10301879014442931,
        0.10277218995016005,
        0.10301057663825783
    ],
    "kaspa": [
        0.1811543927093751,
        0.18119533642099675,
        0.18249765270131532
    ],
    "dogwifhat": [
        3.490262021429873,
        3.434715797497913,
        3.438021972084404
    ],
    "cosmos": [
        8.557144914763702,
        8.548602508873312,
        8.555297495448714
    ],
    "immutable-x": [
        2.2765034785439653,
        2.2760543702227105,
        2.2803179656672974
    ],
    "filecoin": [
        6.018122553724879,
        6.029264771886253,
        6.030541588837477
    ],
    "arbitrum": [
        1.1142172428254797,
        1.1127043451672667,
        1.1126882069144188
    ],
    "mantle": [
        0.9754746900014111,
        0.973800532871148,
        0.9720544408413936
    ],
    "stellar": [
        0.10639806818927734,
        0.10647714643826237,
        0.1066393324509273
    ],
    "cronos": [
        0.11338663252484805,
        0.11336114576517878,
        0.11330721009651425
    ],
    "monero": [
        162.76830145898592,
        162.47271824130786,
        162.41479607264628
    ],
    "stacks": [
        2.2170787608202214,
        2.2156458902826746,
        2.217678329686636
    ],
    "the-graph": [
        0.3009830215720289,
        0.30199924480124635,
        0.30234728934973243
    ],
    "bttc-bittorrent-chain": [
        1.16649861674962e-06,
        1.16372633447878e-06,
        1.16263704168294e-06
    ],
    "cheelee-cheelee": [
        21.000065689827895,
        21.075791418439085,
        21.046263762656586
    ],
    "VET": [
        0.0342648619606039,
        0.0341757644980644
    ],
    "STX": [
        1.96018090681332,
        1.94312681136669
    ],
    "FLR": [
        0.0280572218861115,
        0.0280389009629798
    ],
    "XMR": [
        155.295737980525,
        155.188147347795
    ],
    "SAGA": [
        2.827609212773917,
        2.81039661314113
    ],
    "AR": [
        43.18042703963509,
        42.9957677008812
    ],
    "ZETA": [
        1.34315063641458,
        1.33600332024875
    ],
    "BGB": [
        1.3705,
        1.3705
    ],
    "FLOKI": [
        0.00026691,
        0.00026701,
        0.00025869
    ],
    "ENS": [
        24.9105805402127,
        24.8600555192024,
        24.8999465687099
    ],
    "PIXEL": [
        0.49382,
        0.49362,
        0.49672
    ],
    "FTM": [
        0.81494311061099,
        0.810825200275531,
        0.810846650526059
    ],
    "INJ": [
        25.8086457389147,
        25.7996455630143,
        25.9201593958232
    ],
    "MKR": [
        2658.89260369574,
        2655.56278151193,
        2646.61559260119
    ],
    "ARKM": [
        2.4701,
        2.4832,
        2.4884
    ],
    "RUNE": [
        6.30174193376398,
        6.25681918759905,
        6.30179725641171
    ],
    "FET": [
        2.16612722545213,
        2.16875999798589,
        2.17745140312916
    ],
    "qnt-quant": [
        90.74744728339867,
        90.64777575289531,
        90.84277368742492
    ],
    "wld-worldcoin": [
        4.879618248395895,
        4.920947138052295,
        4.9141865351591525
    ],
    "akt-akash-network": [
        4.4958105030662665,
        4.477127134530305,
        4.467249055563608
    ],
    "neo-neo": [
        15.183795510317434,
        15.194451927332103,
        15.175147034372683
    ],
    "egld-elrond": [
        39.68001215359763,
        39.551632292212766,
        39.61746086943413
    ],
    "ron-ronin-token": [
        3.0930033325123363,
        3.092326790481053,
        3.102174844842936
    ],
    "sand-the-sandbox": [
        0.4636111411340856,
        0.46405546355223776,
        0.4663356759473904
    ],
    "wbnb-wrapped-bnb": [
        699.5448762920698,
        703.5025703537718,
        702.2985611072013
    ],
    "rbn-ribbon-finance": [
        0.9885661800071454,
        0.9879724354960426,
        0.980782160787907
    ],
    "ordi-ordinals": [
        56.49805661900709,
        56.027800416621254,
        56.26478876429657
    ],
    "mina-mina-protocol": [
        0.8561716417430395,
        0.862311683640094,
        0.8670319220633046
    ],
    "kcs-kucoin-token": [
        10.144430671992,
        10.122571203304641,
        10.095014023338864
    ],
    "pendle-pendle": [
        6.103546402257598,
        6.0824188488786515,
        6.080237384292975
    ],
    "xtz-tezos": [
        0.9519924577544602,
        0.9474623950622434,
        0.9511607985492857
    ],
    "sei-sei": [
        0.5190233432140265,
        0.5186853900102274,
        0.5200671835637986
    ],
    "xec-ecash": [
        4.712118532919496e-05,
        4.711655633627154e-05,
        4.712560218343528e-05
    ],
    "msol-marinade-staked-sol": [
        206.91424429617066,
        206.7540626718565,
        206.5229679193111
    ],
    "cfx-conflux-network": [
        0.2212985412578897,
        0.2216218147611572,
        0.2294484355944873
    ],
    "matic-network": [
        0.713691,
        0.712819,
        0.712819
    ],
    "pepe": [
        1.437e-05,
        1.433e-05,
        1.433e-05
    ],
    "litecoin": [
        84.44,
        84.55,
        84.55
    ],
    "leo-token": [
        5.93,
        5.93,
        5.93
    ],
    "okb": [
        49.01908937017842,
        48.999188568889124,
        49.050347533607884
    ],
    "first-digital-usd": [
        0.999811701834932,
        0.999829001135769,
        0.9997100370479846
    ],
    "arweave": [
        44.71589865636216,
        44.710257865834414,
        44.762579720234854
    ],
    "optimism-ethereum": [
        2.5162232874802664,
        2.509119372299955,
        2.509568671900114
    ],
    "bittensor": [
        404.24609915503396,
        406.1746899801116,
        407.62054973909136
    ],