{
    "bitcoin": [
        69388,
        69388,
        69431
    ],
    "ethereum": [
        3687.74,
        3687.74,
        3687.86
    ],
    "tether": [
        0.999661,
        0.999661,
        0.999774
    ],
    "binancecoin": [
        688.13,
        688.13,
        687.47
    ],
    "solana": [
        161.76,
        161.76,
        161.64
    ],
    "staked-ether": [
        3685.03,
        3685.03,
        3689.49
    ],
    "usd-coin": [
        1.0,
        1.0,
        1.0
    ],
    "ripple": [
        0.496923,
        0.496923,
        0.496982
    ],
    "dogecoin": [
        0.147128,
        0.147128,
        0.147134
    ],
    "the-open-network": [
        7.38,
        7.38,
        7.38
    ],
    "cardano": [
        0.439707,
        0.439707,
        0.439131
    ],
    "shiba-inu": [
        2.368e-05,
        2.368e-05,
        2.367e-05
    ],
    "avalanche-2": [
        33.06,
        33.06,
        33.1
    ],
    "wrapped-bitcoin": [
        69474,
        69474,
        69483
    ],
    "chainlink": [
        16.07,
        16.07,
        16.06
    ],
    "tron": [
        0.112878,
        0.112878,
        0.112998
    ],
    "polkadot": [
        6.53,
        6.53,
        6.53
    ],
    "bitcoin-cash": [
        476.45,
        476.45,
        476.62
    ],
    "near": [
        6.79,
        6.79,
        6.79
    ],
    "uniswap": [
        9.95,
        9.95,
        9.95
    ],
    "internet-computer": [
        11.54,
        11.55,
        11.55
    ],
    "unus-sed-leo": [
        5.923810812706364,
        5.924793027850309
    ],
    "multi-collateral-dai": [
        1.0001541775823066,
        1.000069113199768
    ],
    "ethereum-classic": [
        26.844240952712493,
        26.865428316298292,
        26.87232849151009
    ],
    "aptos": [
        8.377942945453205,
        8.371278456703903,
        8.376419047726927
    ],
    "render": [
        9.367603291761785,
        9.341429676225223,
        9.325774910078264
    ],
    "hedera": [
        0.09194601786054249,
        0.09195528183821096,
        0.0920135843191533
    ],
    "kaspa": [
        0.16615144393788409,
        0.1665473950442581,
        0.166636421832485
    ],
    "dogwifhat": [
        2.74309853932405,
        2.7476882307505437,
        2.752690392576253
    ],
    "cosmos": [
        8.02181127677183,
        8.01689053998553,
        8.023311854961726
    ],
    "immutable-x": [
        2.051989318235225,
        2.0523188038238884,
        2.0530729159683307
    ],
    "filecoin": [
        6.266986382949703,
        6.218201512985222,
        6.234067864410911
    ],
    "arbitrum": [
        0.9866908755100535,
        0.9873444456546511,
        0.9871913464894614
    ],
    "mantle": [
        0.9500430547104987,
        0.9505754523252413,
        0.9517182872058165
    ],
    "stellar": [
        0.0989339489486089,
        0.09895851120124931,
        0.09899257905412875
    ],
    "cronos": [
        0.11386703586828034,
        0.11381648279201995,
        0.11391760351125362
    ],
    "monero": [
        163.75557542015414,
        163.63291674611278,
        163.63465054939877
    ],
    "stacks": [
        2.320871417400968,
        2.3201759006158693,
        2.326453540352463
    ],
    "the-graph": [
        0.2658760472524947,
        0.26599110945452153,
        0.265815029256406
    ],
    "bttc-bittorrent-chain": [
        1.12282576865133e-06,
        1.12312897712123e-06,
        1.11926421798932e-06
    ],
    "cheelee-cheelee": [
        20.65404239112675,
        20.659451125477943,
        20.70942688921313
    ],
    "VET": [
        0.0342648619606039,
        0.0341757644980644
    ],
    "STX": [
        1.96018090681332,
        1.94312681136669
    ],
    "FLR": [
        0.0280572218861115,
        0.0280389009629798
    ],
    "XMR": [
        155.295737980525,
        155.188147347795
    ],
    "SAGA": [
        2.827609212773917,
        2.81039661314113
    ],
    "AR": [
        43.18042703963509,
        42.9957677008812
    ],
    "ZETA": [
        1.11698886903034,
        1.1142736398709,
        1.12400151652205
    ],
    "BGB": [
        1.1906,
        1.1906,
        1.1906
    ],
    "FLOKI": [
        0.00026691,
        0.00026701,
        0.00025869
    ],
    "ENS": [
        21.9702659688071,
        21.9590600106933,
        22.0262387426195
    ],
    "PIXEL": [
        0.42969,
        0.42847,
        0.43004
    ],
    "FTM": [
        0.714548551688169,
        0.712709585697643,
        0.713197140173144
    ],
    "INJ": [
        25.8086457389147,
        25.7996455630143,
        25.9201593958232
    ],
    "MKR": [
        2594.894715936144,
        2596.414635467978,
        2594.250306521202
    ],
    "ARKM": [
        2.626743482716449,
        2.628414754078233,
        2.629537862114028
    ],
    "RUNE": [
        5.51616841381327,
        5.504278082045,
        5.50532059312486
    ],
    "FET": [
        1.80539814704305,
        1.80128806607909,
        1.80492522506913
    ],
    "qnt-quant": [
        85.40345429663675,
        85.36472687088809,
        85.4398465522495
    ],
    "wld-worldcoin": [
        4.399403301855023,
        4.402111013592044,
        4.402531410805132
    ],
    "akt-akash-network": [
        4.15136753129951,
        4.154674016943481,
        4.153716508647146
    ],
    "neo-neo": [
        13.807787248198824,
        13.817422747685386,
        13.831605330095785
    ],
    "egld-elrond": [
        35.45969956770848,
        35.488052839437366,
        35.526240481647875
    ],
    "ron-ronin-token": [
        2.9523242236710656,
        2.959238660010265,
        2.9540825703986267
    ],
    "sand-the-sandbox": [
        0.42549951537073427,
        0.4263996995550174,
        0.42666560320085606
    ],
    "wbnb-wrapped-bnb": [
        688.2323690443664,
        688.5963162117948,
        687.8013839653258
    ],
    "rbn-ribbon-finance": [
        0.9885661800071454,
        0.9879724354960426,
        0.980782160787907
    ],
    "ordi-ordinals": [
        59.171065765798524,
        59.2054871510235,
        59.33578375242714
    ],
    "mina-mina-protocol": [
        0.7810815459821893,
        0.7808675442360214,
        0.7803402824995489
    ],
    "kcs-kucoin-token": [
        10.219396715951124,
        10.230714649610706,
        10.221494895602694
    ],
    "pendle-pendle": [
        5.51847590403973,
        5.5299091012118815,
        5.5249285308666005
    ],
    "xtz-tezos": [
        0.8641082452697044,
        0.8631523718512703,
        0.8608540751114656
    ],
    "sei-sei": [
        0.5298691588877341,
        0.5298691588877341,
        0.5314968161185656
    ],
    "xec-ecash": [
        4.305267578228508e-05,
        4.308435829848785e-05,
        4.304474088310204e-05
    ],
    "msol-marinade-staked-sol": [
        193.38801258315513,
        193.35174447115946,
        193.12733897134987
    ],
    "cfx-conflux-network": [
        0.2272375731725614,
        0.2272375731725614,
        0.22709059873310986
    ],
    "matic-network": [
        0.659443,
        0.659443,
        0.659179
    ],
    "pepe": [
        1.288e-05,
        1.288e-05,
        1.291e-05
    ],
    "litecoin": [
        79.84,
        79.84,
        79.88
    ],
    "leo-token": [
        5.97,
        5.97,
        5.97
    ],
    "okb": [
        48.073560901225946,
        48.120224180365746,
        48.13060994902479
    ],
    "first-digital-usd": [
        1.0008404107924225,
        1.0005379597276611,
        1.0011470079379527
    ],
    "arweave": [
        38.56823153177545,
        38.54513841546961,
        38.50149297866284
    ],
    "optimism-ethereum": [
        2.2092781229631857,
        2.211048476414907,
        2.2089220530280755
    ],
    "bittensor": [
        386.7133231862767,
        386.51145640776485,
        387.1731043581132
    ],