{
    "bitcoin": [
        70921,
        70972,
        70972
    ],
    "ethereum": [
        3845.29,
        3849.11,
        3849.11
    ],
    "tether": [
        0.99947,
        0.999549,
        0.999549
    ],
    "binancecoin": [
        705.54,
        707.5,
        707.5
    ],
    "solana": [
        172.6,
        172.65,
        172.65
    ],
    "staked-ether": [
        3843.03,
        3846.91,
        3846.91
    ],
    "usd-coin": [
        0.999671,
        0.999841,
        0.999841
    ],
    "ripple": [
        0.525413,
        0.526468,
        0.526468
    ],
    "dogecoin": [
        0.162804,
        0.162907,
        0.162907
    ],
    "the-open-network": [
        7.36,
        7.34,
        7.34
    ],
    "cardano": [
        0.457655,
        0.457964,
        0.457964
    ],
    "shiba-inu": [
        2.559e-05,
        2.563e-05,
        2.563e-05
    ],
    "avalanche-2": [
        36.65,
        36.67,
        36.67
    ],
    "wrapped-bitcoin": [
        71041,
        71081,
        71081
    ],
    "chainlink": [
        17.35,
        17.35,
        17.35
    ],
    "tron": [
        0.114835,
        0.114831,
        0.114831
    ],
    "polkadot": [
        7.19,
        7.2,
        7.2
    ],
    "bitcoin-cash": [
        494.77,
        495.85,
        495.85
    ],
    "near": [
        7.52,
        7.52,
        7.52
    ],
    "uniswap": [
        10.62,
        10.64,
        10.64
    ],
    "internet-computer": [
        12.18,
        12.19,
        12.19
    ],
    "unus-sed-leo": [
        5.923810812706364,
        5.924793027850309
    ],
    "multi-collateral-dai": [
        1.0001541775823066,
        1.000069113199768
    ],
    "ethereum-classic": [
        29.387441989129655,
        29.460698955719895,
        29.423851669313404
    ],
    "aptos": [
        9.178745091289013,
        9.183262223277628,
        9.189015707877566
    ],
    "render": [
        10.644623779061076,
        10.665509009653416,
        10.672973343290026
    ],
    "hedera": [
        0.10327052970871427,
        0.1032919717073967,
        0.10349337726688802
    ],
    "kaspa": [
        0.18003773920502394,
        0.17945425196248713,
        0.17968018131830749
    ],
    "dogwifhat": [
        3.3326201240387223,
        3.3337206387486162,
        3.3478787658332783
    ],
    "cosmos": [
        8.614179871711974,
        8.610587696375058,
        8.614002260725972
    ],
    "immutable-x": [
        2.261948489444371,
        2.2675674573669573,
        2.2718288762554977
    ],
    "filecoin": [
        6.042557514925304,
        6.038682920295733,
        6.051813615503122
    ],
    "arbitrum": [
        1.1060957147025636,
        1.1066589676315866,
        1.1073922000355345
    ],
    "mantle": [
        1.0331155179716993,
        1.033330692595456,
        1.0344343599872543
    ],
    "stellar": [
        0.10624521863801674,
        0.10630789586974229,
        0.10628573761271755
    ],
    "cronos": [
        0.11484421630356567,
        0.11503774130750966,
        0.11513003320666236
    ],
    "monero": [
        163.69063259918107,
        163.33173988756457,
        163.43131273323093
    ],
    "stacks": [
        2.3639311935195226,
        2.367536691882322,
        2.3735189724320565
    ],
    "the-graph": [
        0.29843907067570724,
        0.29879818651922363,
        0.29905558934740156
    ],
    "bttc-bittorrent-chain": [
        1.16670358851069e-06,
        1.16807894693093e-06,
        1.16684288489335e-06
    ],
    "cheelee-cheelee": [
        20.97067613868638,
        20.987629595651764,
        20.998394192015738
    ],
    "VET": [
        0.0342648619606039,
        0.0341757644980644
    ],
    "STX": [
        1.96018090681332,
        1.94312681136669
    ],
    "FLR": [
        0.0280572218861115,
        0.0280389009629798
    ],
    "XMR": [
        155.295737980525,
        155.188147347795
    ],
    "SAGA": [
        2.827609212773917,
        2.81039661314113
    ],
    "AR": [
        43.18042703963509,
        42.9957677008812
    ],
    "ZETA": [
        1.34315063641458,
        1.33600332024875
    ],
    "BGB": [
        1.2073,
        1.2073,
        1.2073
    ],
    "FLOKI": [
        0.00026691,
        0.00026701,
        0.00025869
    ],
    "ENS": [
        24.940530807927,
        24.891663872957,
        24.9598989284814
    ],
    "PIXEL": [
        0.49542,
        0.49585,
        0.49551
    ],
    "FTM": [
        0.813122254494612,
        0.814017225342486,
        0.814975057682819
    ],
    "INJ": [
        25.8086457389147,
        25.7996455630143,
        25.9201593958232
    ],
    "MKR": [
        2678.60835986045,
        2679.19881558213,
        2678.61942081851
    ],
    "ARKM": [
        2.626743482716449,
        2.628414754078233,
        2.629537862114028
    ],
    "RUNE": [
        6.11928554002858,
        6.12129296329733,
        6.1272182254662
    ],
    "FET": [
        2.11242844960338,
        2.10670313165594,
        2.10875559877942
    ],
    "qnt-quant": [
        90.20971976071162,
        90.27415658318313,
        90.3780667123827
    ],
    "wld-worldcoin": [
        5.014174097032941,
        5.012542271998416,
        5.005038361903689
    ],
    "akt-akash-network": [
        4.506506835784275,
        4.513499761553221,
        4.509477730770719
    ],
    "neo-neo": [
        15.14014789512566,
        15.141636270995194,
        15.156746885787188
    ],
    "egld-elrond": [
        39.91238666285268,
        39.92511456534984,
        39.87972509918901
    ],
    "ron-ronin-token": [
        3.125602414650633,
        3.130615259880338,
        3.136930031157612
    ],
    "sand-the-sandbox": [
        0.4679181811292568,
        0.4689481037493121,
        0.46917228447201265
    ],
    "wbnb-wrapped-bnb": [
        706.3155447148602,
        707.6557980513859,
        707.2525212766487
    ],
    "rbn-ribbon-finance": [
        0.9885661800071454,
        0.9879724354960426,
        0.980782160787907
    ],
    "ordi-ordinals": [
        58.119001386471965,
        57.90813712592235,
        58.09964360467518
    ],
    "mina-mina-protocol": [
        0.8639668214297651,
        0.862502665391959,
        0.8644648492398889
    ],
    "kcs-kucoin-token": [
        10.318245146978908,
        10.309965427238527,
        10.338492940948893
    ],
    "pendle-pendle": [
        5.9557835468774645,
        5.952673999280141,
        5.971526114694565
    ],
    "xtz-tezos": [
        0.9410600597480917,
        0.9419772560188918,
        0.9422935508432592
    ],
    "sei-sei": [
        0.5202283024783505,
        0.5204011939408162,
        0.5218266618201971
    ],
    "xec-ecash": [
        4.715737572263624e-05,
        4.685353729126343e-05,
        4.691454328947019e-05
    ],
    "msol-marinade-staked-sol": [
        206.0266431687318,
        206.18494320283213,
        206.2094335104448
    ],
    "cfx-conflux-network": [
        0.23057347343751042,
        0.23173653503446923,
        0.2318845519597143
    ],
    "matic-network": [
        0.715962,
        0.716482,
        0.716482
    ],
    "pepe": [
        1.467e-05,
        1.469e-05,
        1.469e-05
    ],
    "litecoin": [
        85.47,
        85.46,
        85.46
    ],
    "leo-token": [
        6.03,
        6.02,
        6.02
    ],
    "okb": [
        48.674359260529286,
        48.61587298582706,
        48.66712871785446
    ],
    "first-digital-usd": [
        1.0012850652441037,
        1.0008216460268344,
        1.001031756642678
    ],
    "arweave": [
        42.9126850681336,
        42.99945112737768,
        42.90557744897053
    ],
    "optimism-ethereum": [
        2.487300173815748,
        2.488723673964351,
        2.4900585077008226
    ],
    "bittensor": [
        415.2593181202765,
        415.5112394703285,
        416.3702564014017
    ],