{
    "bitcoin": [
        68863,
        69257,
        69257
    ],
    "ethereum": [
        3751.57,
        3775.66,
        3775.66
    ],
    "tether": [
        0.999512,
        1.002,
        1.002
    ],
    "binancecoin": [
        645.95,
        649.03,
        649.03
    ],
    "solana": [
        165.28,
        165.9,
        165.9
    ],
    "staked-ether": [
        3753.52,
        3773.32,
        3773.32
    ],
    "usd-coin": [
        0.999036,
        1.0,
        1.0
    ],
    "ripple": [
        0.521898,
        0.52488,
        0.52488
    ],
    "dogecoin": [
        0.158313,
        0.159099,
        0.159099
    ],
    "the-open-network": [
        6.89,
        6.93,
        6.93
    ],
    "cardano": [
        0.4547,
        0.45612,
        0.45612
    ],
    "shiba-inu": [
        2.379e-05,
        2.388e-05,
        2.388e-05
    ],
    "avalanche-2": [
        34.78,
        34.97,
        34.97
    ],
    "wrapped-bitcoin": [
        68884,
        69107,
        69107
    ],
    "chainlink": [
        17.68,
        17.81,
        17.81
    ],
    "tron": [
        0.113624,
        0.113916,
        0.113916
    ],
    "polkadot": [
        6.98,
        7.02,
        7.02
    ],
    "bitcoin-cash": [
        465.05,
        467.5,
        467.5
    ],
    "near": [
        7.11,
        7.15,
        7.15
    ],
    "uniswap": [
        9.52,
        9.6,
        9.6
    ],
    "internet-computer": [
        12.21,
        12.32,
        12.32
    ],
    "unus-sed-leo": [
        5.923810812706364,
        5.924793027850309
    ],
    "multi-collateral-dai": [
        1.0001541775823066,
        1.000069113199768
    ],
    "ethereum-classic": [
        28.245398257432665,
        28.209715278628575,
        28.280479846943802
    ],
    "aptos": [
        8.78449196939526,
        8.81858035136272,
        8.842293070795652
    ],
    "render": [
        10.12402165570485,
        10.232603350828546,
        10.363507989079118
    ],
    "hedera": [
        0.10026759740758391,
        0.10028230720732503,
        0.10032953152769787
    ],
    "kaspa": [
        0.17308017237803536,
        0.1719739835266,
        0.1727386325493325
    ],
    "dogwifhat": [
        3.2165196590833576,
        3.229464222072788,
        3.2521270408391763
    ],
    "cosmos": [
        8.33626354890419,
        8.346660018221415,
        8.365264688651523
    ],
    "immutable-x": [
        2.2524892316888896,
        2.261786825602051,
        2.268522080915251
    ],
    "filecoin": [
        5.7579768216733065,
        5.796635981549963,
        5.842392059666612
    ],
    "arbitrum": [
        1.079502096904716,
        1.0840912736470332,
        1.0881284234156288
    ],
    "mantle": [
        0.9544956922858059,
        0.9537309142433149,
        0.9566727975164828
    ],
    "stellar": [
        0.10485161582078566,
        0.1050729225336673,
        0.10514195557291929
    ],
    "cronos": [
        0.10728502941017871,
        0.10751840055911188,
        0.10784059424201542
    ],
    "monero": [
        155.10485333615617,
        156.06237694597712,
        156.41851336836123
    ],
    "stacks": [
        1.965156688068934,
        1.974120976281718,
        1.9913943489744428
    ],
    "the-graph": [
        0.2942649476093359,
        0.2957911600343059,
        0.2970677497463424
    ],
    "bttc-bittorrent-chain": [
        1.13620158738671e-06,
        1.13406079133161e-06,
        1.13815549731827e-06
    ],
    "cheelee-cheelee": [
        20.211358885414985,
        20.332764940907158,
        20.345755134216173
    ],
    "VET": [
        0.0342648619606039,
        0.0341757644980644
    ],
    "STX": [
        1.96018090681332,
        1.94312681136669
    ],
    "FLR": [
        0.0280572218861115,
        0.0280389009629798
    ],
    "XMR": [
        155.295737980525,
        155.188147347795
    ],
    "SAGA": [
        2.827609212773917,
        2.81039661314113
    ],
    "AR": [
        43.18042703963509,
        42.9957677008812
    ],
    "ZETA": [
        1.34315063641458,
        1.33600332024875
    ],
    "BGB": [
        1.3705,
        1.3705
    ],
    "FLOKI": [
        0.00026691,
        0.00026701,
        0.00025869
    ],
    "ENS": [
        24.9404877610928,
        24.9684913089807,
        24.9887000193202
    ],
    "PIXEL": [
        0.49238,
        0.49708,
        0.49713
    ],
    "FTM": [
        0.81494311061099,
        0.810825200275531,
        0.810846650526059
    ],
    "INJ": [
        24.6334824555471,
        24.8389395872568,
        24.8160196069781
    ],
    "MKR": [
        2565.97797413587,
        2566.42637836626,
        2563.49943562424
    ],
    "ARKM": [
        2.4701,
        2.4832,
        2.4884
    ],
    "RUNE": [
        6.0264534493,
        6.04593010089016,
        6.05597296811314
    ],
    "FET": [
        2.08885849572878,
        2.10737012203967,
        2.10453519624509
    ],
    "qnt-quant": [
        90.09984232184017,
        90.17347538514709,
        90.10457692645183
    ],
    "wld-worldcoin": [
        4.6962110126075185,
        4.706996358529998,
        4.716905375848593
    ],
    "akt-akash-network": [
        4.297823970963289,
        4.303391365136171,
        4.306679804889814
    ],
    "neo-neo": [
        14.752940322188211,
        14.768337931723087,
        14.764420686481042
    ],
    "egld-elrond": [
        38.97213155782862,
        39.12953406960432,
        39.102142730312046
    ],
    "ron-ronin-token": [
        3.1006409464046323,
        3.1050996066505636,
        3.0993289729529985
    ],
    "sand-the-sandbox": [
        0.44972413292379365,
        0.4511529187066115,
        0.4517386684469131
    ],
    "wbnb-wrapped-bnb": [
        645.6418020350849,
        646.0043417328299,
        648.393879767078
    ],
    "rbn-ribbon-finance": [
        0.9885661800071454,
        0.9879724354960426,
        0.980782160787907
    ],
    "ordi-ordinals": [
        48.82291683595835,
        49.179723759478385,
        49.132707984523456
    ],
    "mina-mina-protocol": [
        0.8390455612867507,
        0.8412736352655499,
        0.8444571878100366
    ],
    "kcs-kucoin-token": [
        10.062633650831765,
        10.055376941411277,
        10.054118316628577
    ],
    "pendle-pendle": [
        6.057978404982173,
        6.072254939160934,
        6.083880034345531
    ],
    "xtz-tezos": [
        0.9257009844714654,
        0.9260474576359039,
        0.9252803185991963
    ],
    "sei-sei": [
        0.5056882257734558,
        0.509465846204724,
        0.511605836402256
    ],
    "xec-ecash": [
        4.551023124177982e-05,
        4.558813871989193e-05,
        4.550291903786107e-05
    ],
    "msol-marinade-staked-sol": [
        197.15598607815383,
        197.36669820566706,
        197.3761448337841
    ],
    "cfx-conflux-network": [
        0.21594910191175923,
        0.2162124824572074,
        0.2167789186474771
    ],
    "matic-network": [
        0.704207,
        0.707937,
        0.707937
    ],
    "pepe": [
        1.426e-05,
        1.438e-05,
        1.438e-05
    ],
    "litecoin": [
        81.49,
        81.86,
        81.86
    ],
    "leo-token": [
        6.02,
        5.94,
        5.94
    ],
    "okb": [
        47.152019526199055,
        47.31060650284393,
        47.34690443193232
    ],
    "first-digital-usd": [
        0.9997218568316255,
        0.9997684914381328,
        1.0002120056002564
    ],
    "arweave": [
        44.95615248149783,
        45.16188528476622,
        45.250293060705836
    ],
    "optimism-ethereum": [
        2.393873115442348,
        2.4008174790621597,
        2.4054112356359414
    ],
    "bittensor": [
        381.82112696755013,
        383.57985603229474,
        384.23887462232466
    ],