{
    "bitcoin": [
        71010,
        71010,
        70881
    ],
    "ethereum": [
        3827.02,
        3827.02,
        3828.22
    ],
    "tether": [
        0.999305,
        0.999305,
        0.998942
    ],
    "binancecoin": [
        704.38,
        704.38,
        704.24
    ],
    "solana": [
        171.76,
        171.76,
        171.47
    ],
    "staked-ether": [
        3826.33,
        3826.33,
        3828.86
    ],
    "usd-coin": [
        0.999501,
        0.999501,
        0.998907
    ],
    "ripple": [
        0.525086,
        0.525086,
        0.523527
    ],
    "dogecoin": [
        0.161655,
        0.161655,
        0.1611
    ],
    "the-open-network": [
        7.4,
        7.4,
        7.39
    ],
    "cardano": [
        0.458415,
        0.458415,
        0.457175
    ],
    "shiba-inu": [
        2.548e-05,
        2.548e-05,
        2.54e-05
    ],
    "avalanche-2": [
        36.58,
        36.58,
        36.5
    ],
    "wrapped-bitcoin": [
        71079,
        71079,
        71026
    ],
    "chainlink": [
        17.36,
        17.36,
        17.31
    ],
    "tron": [
        0.114792,
        0.114792,
        0.114764
    ],
    "polkadot": [
        7.22,
        7.22,
        7.19
    ],
    "bitcoin-cash": [
        494.57,
        494.57,
        494.42
    ],
    "near": [
        7.43,
        7.43,
        7.4
    ],
    "uniswap": [
        10.68,
        10.68,
        10.65
    ],
    "internet-computer": [
        12.09,
        12.09,
        12.06
    ],
    "unus-sed-leo": [
        5.923810812706364,
        5.924793027850309
    ],
    "multi-collateral-dai": [
        1.0001541775823066,
        1.000069113199768
    ],
    "ethereum-classic": [
        29.387441989129655,
        29.460698955719895,
        29.423851669313404
    ],
    "aptos": [
        9.193077490783496,
        9.196012161852668,
        9.169882453325865
    ],
    "render": [
        10.635271798628906,
        10.619990191506721,
        10.601375792216007
    ],
    "hedera": [
        0.10251227038136061,
        0.10254251437554011,
        0.10219898601955238
    ],
    "kaspa": [
        0.17632821565423024,
        0.17569414043610146,
        0.17591922679825314
    ],
    "dogwifhat": [
        3.318821416277232,
        3.318911799807794,
        3.307883600334664
    ],
    "cosmos": [
        8.77648765517202,
        8.792924410532052,
        8.736267725609537
    ],
    "immutable-x": [
        2.2311751788141714,
        2.2315836639061235,
        2.22524351581957
    ],
    "filecoin": [
        5.9863142069324695,
        5.987127213294416,
        5.969720914762107
    ],
    "arbitrum": [
        1.1014883993949875,
        1.101075097837836,
        1.098753147259021
    ],
    "mantle": [
        1.0410659879655015,
        1.0416998716066108,
        1.0462724082602364
    ],
    "stellar": [
        0.10613763631768691,
        0.10619358673346187,
        0.10615834195210085
    ],
    "cronos": [
        0.11487731755937361,
        0.11519443749078616,
        0.11488577060151176
    ],
    "monero": [
        163.36324102178432,
        163.3185931588833,
        163.12859646687977
    ],
    "stacks": [
        2.333936419263459,
        2.3333773273222294,
        2.332456096800071
    ],
    "the-graph": [
        0.29661879585611156,
        0.29656077850066215,
        0.2952731936761931
    ],
    "bttc-bittorrent-chain": [
        1.16881492826253e-06,
        1.16643541316547e-06,
        1.16658945841331e-06
    ],
    "cheelee-cheelee": [
        21.0974368258799,
        21.093657355186128,
        21.159477090855642
    ],
    "VET": [
        0.0342648619606039,
        0.0341757644980644
    ],
    "STX": [
        1.96018090681332,
        1.94312681136669
    ],
    "FLR": [
        0.0280572218861115,
        0.0280389009629798
    ],
    "XMR": [
        155.295737980525,
        155.188147347795
    ],
    "SAGA": [
        2.827609212773917,
        2.81039661314113
    ],
    "AR": [
        43.18042703963509,
        42.9957677008812
    ],
    "ZETA": [
        1.34315063641458,
        1.33600332024875
    ],
    "BGB": [
        1.2159,
        1.2159,
        1.2159
    ],
    "FLOKI": [
        0.00026691,
        0.00026701,
        0.00025869
    ],
    "ENS": [
        24.2193706703496,
        24.200055504259,
        24.2278482401814
    ],
    "PIXEL": [
        0.507501798393113,
        0.50554,
        0.503
    ],
    "FTM": [
        0.813122254494612,
        0.814017225342486,
        0.814975057682819
    ],
    "INJ": [
        25.8086457389147,
        25.7996455630143,
        25.9201593958232
    ],
    "MKR": [
        2678.60835986045,
        2679.19881558213,
        2678.61942081851
    ],
    "ARKM": [
        2.626743482716449,
        2.628414754078233,
        2.629537862114028
    ],
    "RUNE": [
        6.13243556219058,
        6.12615483719959,
        6.1101474722698
    ],
    "FET": [
        2.0836756109121,
        2.08405809186216,
        2.07861526420275
    ],
    "qnt-quant": [
        90.04611031854003,
        90.09885465668903,
        90.40663566540609
    ],
    "wld-worldcoin": [
        4.874609945010538,
        4.876780898186827,
        4.860539100024595
    ],
    "akt-akash-network": [
        4.531223467899023,
        4.536656808477363,
        4.5341254260462405
    ],
    "neo-neo": [
        15.190318385403105,
        15.199865736856394,
        15.186052858085123
    ],
    "egld-elrond": [
        39.66362018382012,
        39.63579502037643,
        39.62328242488665
    ],
    "ron-ronin-token": [
        3.1289518851612406,
        3.121798246509093,
        3.1223465434226285
    ],
    "sand-the-sandbox": [
        0.48109805546893203,
        0.4799912884786122,
        0.47936632444791805
    ],
    "wbnb-wrapped-bnb": [
        704.3608383651061,
        704.48111972531,
        703.8588562440664
    ],
    "rbn-ribbon-finance": [
        0.9885661800071454,
        0.9879724354960426,
        0.980782160787907
    ],
    "ordi-ordinals": [
        58.02561988076573,
        58.279024823350774,
        58.048796513981024
    ],
    "mina-mina-protocol": [
        0.859765958304084,
        0.8574635954771763,
        0.8551899837825949
    ],
    "kcs-kucoin-token": [
        10.414285490259232,
        10.410964576557138,
        10.41448330440444
    ],
    "pendle-pendle": [
        5.969511820358286,
        5.968103551655196,
        5.951285018363313
    ],
    "xtz-tezos": [
        0.945315599584222,
        0.9473088035748565,
        0.9467061316531207
    ],
    "sei-sei": [
        0.5208735024128359,
        0.519241748176687,
        0.519610916772574
    ],
    "xec-ecash": [
        4.685353729126343e-05,
        4.691454328947019e-05,
        4.693983462787597e-05
    ],
    "msol-marinade-staked-sol": [
        205.0479426146801,
        205.00411549429796,
        204.37307667755647
    ],
    "cfx-conflux-network": [
        0.23209213599610107,
        0.2318576245827155,
        0.2317294666760042
    ],
    "matic-network": [
        0.735741,
        0.735741,
        0.73244
    ],
    "pepe": [
        1.449e-05,
        1.449e-05,
        1.445e-05
    ],
    "litecoin": [
        85.38,
        85.38,
        85.28
    ],
    "leo-token": [
        6.03,
        6.02,
        6.02
    ],
    "okb": [
        48.85159445195861,
        48.889784521508794,
        48.81152292315804
    ],
    "first-digital-usd": [
        1.0008338346957157,
        1.0008174166686643,
        1.0010153184025035
    ],
    "arweave": [
        42.532525624611004,
        42.560534655603426,
        42.36334531869395
    ],
    "optimism-ethereum": [
        2.5030615238072405,
        2.5042293570315555,
        2.4970486759998556
    ],
    "bittensor": [
        428.4624304952116,
        428.46314602059374,
        430.00295789155604
    ],