{
    "bitcoin": [
        71043,
        70983,
        70967
    ],
    "ethereum": [
        3862.02,
        3858.23,
        3859.1
    ],
    "tether": [
        1.0,
        0.999772,
        1.0
    ],
    "binancecoin": [
        696.4,
        696.94,
        697.47
    ],
    "solana": [
        173.77,
        173.49,
        173.33
    ],
    "staked-ether": [
        3861.29,
        3856.47,
        3857.93
    ],
    "usd-coin": [
        0.999648,
        0.999718,
        1.0
    ],
    "ripple": [
        0.525811,
        0.525456,
        0.525016
    ],
    "dogecoin": [
        0.162592,
        0.162254,
        0.162266
    ],
    "the-open-network": [
        7.22,
        7.23,
        7.21
    ],
    "cardano": [
        0.459782,
        0.459145,
        0.459296
    ],
    "shiba-inu": [
        2.589e-05,
        2.584e-05,
        2.581e-05
    ],
    "avalanche-2": [
        36.41,
        36.34,
        36.33
    ],
    "wrapped-bitcoin": [
        71213,
        71142,
        71151
    ],
    "chainlink": [
        17.63,
        17.59,
        17.51
    ],
    "tron": [
        0.114113,
        0.114058,
        0.114135
    ],
    "polkadot": [
        7.22,
        7.2,
        7.2
    ],
    "bitcoin-cash": [
        497.17,
        498.12,
        499.77
    ],
    "near": [
        7.56,
        7.55,
        7.53
    ],
    "uniswap": [
        10.84,
        10.82,
        10.8
    ],
    "internet-computer": [
        12.22,
        12.19,
        12.2
    ],
    "unus-sed-leo": [
        5.923810812706364,
        5.924793027850309
    ],
    "multi-collateral-dai": [
        1.0001541775823066,
        1.000069113199768
    ],
    "ethereum-classic": [
        29.590961501851606,
        29.716644817092764,
        29.578625278891007
    ],
    "aptos": [
        9.22050099025692,
        9.200487767335773,
        9.20363948449604
    ],
    "render": [
        10.687658348312441,
        10.662744379200635,
        10.647556132767392
    ],
    "hedera": [
        0.10439615260023466,
        0.10422121202185859,
        0.10408435247320663
    ],
    "kaspa": [
        0.18278844968039756,
        0.18267910699472914,
        0.18236448806498134
    ],
    "dogwifhat": [
        3.4125343916650803,
        3.407491374717521,
        3.405944209485291
    ],
    "cosmos": [
        8.634449565778699,
        8.62129156452524,
        8.615525951520834
    ],
    "immutable-x": [
        2.2833247129280423,
        2.278102814561064,
        2.274466051193714
    ],
    "filecoin": [
        6.0107677689607035,
        6.01609921050017,
        6.020718905608177
    ],
    "arbitrum": [
        1.1157190580989353,
        1.1147736870985157,
        1.1161290714571865
    ],
    "mantle": [
        1.0507899390165423,
        1.0507490854076436,
        1.0534062592451772
    ],
    "stellar": [
        0.10654065247906859,
        0.10636203505366328,
        0.10634785906718308
    ],
    "cronos": [
        0.11821366469413934,
        0.11783889919075483,
        0.11773459667759166
    ],
    "monero": [
        163.5560094724463,
        163.83476255817752,
        163.64259895044162
    ],
    "stacks": [
        2.3825177795199886,
        2.3672795648932197,
        2.3701365566762744
    ],
    "the-graph": [
        0.3023526339699601,
        0.30130704449364765,
        0.3007864641797009
    ],
    "bttc-bittorrent-chain": [
        1.18237742798919e-06,
        1.17947038093723e-06,
        1.1759093994789e-06
    ],
    "cheelee-cheelee": [
        21.084121059966908,
        21.097267000972867,
        21.071479586382647
    ],
    "VET": [
        0.0342648619606039,
        0.0341757644980644
    ],
    "STX": [
        1.96018090681332,
        1.94312681136669
    ],
    "FLR": [
        0.0280572218861115,
        0.0280389009629798
    ],
    "XMR": [
        155.295737980525,
        155.188147347795
    ],
    "SAGA": [
        2.827609212773917,
        2.81039661314113
    ],
    "AR": [
        43.18042703963509,
        42.9957677008812
    ],
    "ZETA": [
        1.34315063641458,
        1.33600332024875
    ],
    "BGB": [
        1.3705,
        1.3705,
        1.3169
    ],
    "FLOKI": [
        0.00026691,
        0.00026701,
        0.00025869
    ],
    "ENS": [
        25.0500323593327,
        25.0598022339795,
        25.0892941039163
    ],
    "PIXEL": [
        0.5052,
        0.50406,
        0.50236
    ],
    "FTM": [
        0.827370876404892,
        0.821234583053071,
        0.823990742795396
    ],
    "INJ": [
        25.8086457389147,
        25.7996455630143,
        25.9201593958232
    ],
    "MKR": [
        2678.60835986045,
        2679.19881558213,
        2678.61942081851
    ],
    "ARKM": [
        2.626743482716449,
        2.628414754078233,
        2.629537862114028
    ],
    "RUNE": [
        6.21581088332188,
        6.20107091965032,
        6.20197482300296
    ],
    "FET": [
        2.14400507229595,
        2.13482692719997,
        2.13093619927487
    ],
    "qnt-quant": [
        90.96423561155264,
        90.73659323979237,
        90.75527899358858
    ],
    "wld-worldcoin": [
        4.911904084670852,
        4.895168657402958,
        4.906735707024256
    ],
    "akt-akash-network": [
        4.640385009990109,
        4.635774645695726,
        4.624900888927462
    ],
    "neo-neo": [
        15.227870742415917,
        15.195353417803926,
        15.192457255520585
    ],
    "egld-elrond": [
        39.958659956377986,
        39.851789154381535,
        39.68837397775862
    ],
    "ron-ronin-token": [
        3.161176209091215,
        3.162447608826729,
        3.1503714543508123
    ],
    "sand-the-sandbox": [
        0.46845451890076606,
        0.4675641116413378,
        0.46784864341111565
    ],
    "wbnb-wrapped-bnb": [
        697.0332043365831,
        696.7050036556298,
        697.0153610703376
    ],
    "rbn-ribbon-finance": [
        0.9885661800071454,
        0.9879724354960426,
        0.980782160787907
    ],
    "ordi-ordinals": [
        56.89590807369216,
        56.60141214447834,
        57.02341791306239
    ],
    "mina-mina-protocol": [
        0.8674178207405174,
        0.8662858467373551,
        0.8669254277565358
    ],
    "kcs-kucoin-token": [
        10.21773533289506,
        10.216615433784666,
        10.204700303545657
    ],
    "pendle-pendle": [
        6.235347597523063,
        6.202965555616522,
        6.19655856602916
    ],
    "xtz-tezos": [
        0.9485840462397456,
        0.9464920062307688,
        0.9472499733062963
    ],
    "sei-sei": [
        0.5273215605602058,
        0.5242580891331067,
        0.5245006609184565
    ],
    "xec-ecash": [
        4.712779053617373e-05,
        4.724524483274137e-05,
        4.704527791005199e-05
    ],
    "msol-marinade-staked-sol": [
        207.31284584536118,
        206.9061828044713,
        206.6357075778537
    ],
    "cfx-conflux-network": [
        0.2212985412578897,
        0.2216218147611572,
        0.2294484355944873
    ],
    "matic-network": [
        0.721021,
        0.720379,
        0.720754
    ],
    "pepe": [
        1.511e-05,
        1.512e-05,
        1.501e-05
    ],
    "litecoin": [
        84.99,
        85.0,
        85.0
    ],
    "leo-token": [
        6.03,
        6.03,
        6.03
    ],
    "okb": [
        49.35565740862417,
        49.25576250846659,
        49.20729672780563
    ],
    "first-digital-usd": [
        0.9998408068752184,
        1.0000197903791246,
        0.9995711256266306
    ],
    "arweave": [
        43.536138139117,
        43.49673672790614,
        43.48246671559127
    ],
    "optimism-ethereum": [
        2.5047633454850917,
        2.500845002646477,
        2.5004752586495917
    ],
    "bittensor": [
        417.8223160424175,
        417.52348828860477,
        416.7214457966312
    ],