{
    "bitcoin": [
        69118,
        68931,
        68895
    ],
    "ethereum": [
        3773.18,
        3765.93,
        3764.18
    ],
    "tether": [
        0.999874,
        0.999653,
        0.99987
    ],
    "binancecoin": [
        625.71,
        624.86,
        624.49
    ],
    "solana": [
        165.57,
        165.21,
        165.04
    ],
    "staked-ether": [
        3770.57,
        3767.89,
        3763.82
    ],
    "usd-coin": [
        1.001,
        0.999448,
        0.999914
    ],
    "ripple": [
        0.521454,
        0.520646,
        0.520257
    ],
    "dogecoin": [
        0.15886,
        0.158358,
        0.158137
    ],
    "the-open-network": [
        6.74,
        6.74,
        6.76
    ],
    "cardano": [
        0.459586,
        0.459421,
        0.459222
    ],
    "shiba-inu": [
        2.459e-05,
        2.457e-05,
        2.456e-05
    ],
    "avalanche-2": [
        35.65,
        35.56,
        35.33
    ],
    "wrapped-bitcoin": [
        69171,
        69037,
        68963
    ],
    "chainlink": [
        17.67,
        17.61,
        17.59
    ],
    "tron": [
        0.113834,
        0.113686,
        0.113725
    ],
    "polkadot": [
        7.06,
        7.03,
        7.03
    ],
    "bitcoin-cash": [
        467.05,
        466.47,
        466.54
    ],
    "near": [
        7.15,
        7.14,
        7.13
    ],
    "uniswap": [
        9.57,
        9.54,
        9.54
    ],
    "internet-computer": [
        12.03,
        12.03,
        12.01
    ],
    "unus-sed-leo": [
        5.923810812706364,
        5.924793027850309
    ],
    "multi-collateral-dai": [
        1.0001541775823066,
        1.000069113199768
    ],
    "ethereum-classic": [
        29.24604814725347,
        29.20352121967086
    ],
    "aptos": [
        8.950316021702566,
        8.944002646460028,
        8.925409833198547
    ],
    "render": [
        10.029337194019524,
        10.016594601312699,
        9.988766950982015
    ],
    "hedera": [
        0.10113994214895997,
        0.10100144432946288,
        0.10079660633561553
    ],
    "kaspa": [
        0.17464006381558866,
        0.17504618719032874,
        0.17601603517277484
    ],
    "dogwifhat": [
        3.3563067549046393,
        3.3530622341360714,
        3.320131221896008
    ],
    "cosmos": [
        8.397156065803216,
        8.392458615387023,
        8.377602500763848
    ],
    "immutable-x": [
        2.2334181457805187,
        2.232446062444498,
        2.2326485408449237
    ],
    "filecoin": [
        5.8173315218617985,
        5.822232418057722,
        5.815290134986021
    ],
    "arbitrum": [
        1.1114990481404587,
        1.1088991482688333,
        1.1060874002173975
    ],
    "mantle": [
        0.9687864419763285,
        0.9681978326866973,
        0.9639738689985895
    ],
    "stellar": [
        0.10527844780190515,
        0.1052746614541963,
        0.10517258777449909
    ],
    "cronos": [
        0.11047674516924441,
        0.11024863254784986,
        0.10997241379471505
    ],
    "monero": [
        153.93488168248237,
        153.58806013992293,
        153.62206658198505
    ],
    "stacks": [
        1.8969770875083838,
        1.8927870631699295,
        1.8920621759026803
    ],
    "the-graph": [
        0.2960826202274558,
        0.2956173073938427,
        0.29420734838422025
    ],
    "bttc-bittorrent-chain": [
        1.15324013244675e-06,
        1.15186622495961e-06,
        1.15137624931761e-06
    ],
    "cheelee-cheelee": [
        20.711358861881294,
        20.727164947902885,
        20.70497697777884
    ],
    "VET": [
        0.0342648619606039,
        0.0341757644980644
    ],
    "STX": [
        1.96018090681332,
        1.94312681136669
    ],
    "FLR": [
        0.0280572218861115,
        0.0280389009629798
    ],
    "XMR": [
        155.295737980525,
        155.188147347795
    ],
    "SAGA": [
        2.827609212773917,
        2.81039661314113
    ],
    "AR": [
        43.18042703963509,
        42.9957677008812
    ],
    "ZETA": [
        1.34315063641458,
        1.33600332024875
    ],
    "BGB": [
        1.3705,
        1.3705
    ],
    "FLOKI": [
        0.00027295,
        0.00027004
    ],
    "ENS": [
        25.2818345715711,
        25.289853941616,
        25.2679031758752
    ],
    "PIXEL": [
        0.5075035299704171,
        0.5091358288893804,
        0.5094
    ],
    "FTM": [
        0.81494311061099,
        0.810825200275531,
        0.810846650526059
    ],
    "INJ": [
        25.2194266957905,
        25.1096176545718,
        25.0513805483365
    ],
    "MKR": [
        2585.82085335581,
        2591.765955158,
        2591.33333757779
    ],
    "ARKM": [
        2.491,
        2.4722,
        2.46
    ],
    "RUNE": [
        6.00621311644863,
        5.99752004511671,
        5.99491234523351
    ],
    "FET": [
        2.15517146697711,
        2.14854555132395,
        2.14071174744483
    ],
    "qnt-quant": [
        90.81383536352156,
        90.75131556139064,
        90.57075747855696
    ],
    "wld-worldcoin": [
        4.869108376625577,
        4.882480146655285,
        4.829370103526359
    ],
    "akt-akash-network": [
        4.451679838269922,
        4.447644078171845,
        4.454979414804684
    ],
    "neo-neo": [
        14.786462688711289,
        14.764324920372788,
        14.73049438018675
    ],
    "egld-elrond": [
        38.88422366902712,
        38.85122373541099,
        38.799717926159566
    ],
    "ron-ronin-token": [
        3.2060821399689026,
        3.1994031222282713,
        3.188733668953056
    ],
    "sand-the-sandbox": [
        0.45647607037037763,
        0.45534235008528773,
        0.4547247057595416
    ],
    "wbnb-wrapped-bnb": [
        626.1026609667564,
        625.6413454837661,
        624.2580370155313
    ],
    "rbn-ribbon-finance": [
        0.9757440596413793,
        0.9788010430932044,
        0.9760961596573199
    ],
    "ordi-ordinals": [
        47.9910304583103,
        48.278223518267914,
        47.98826983283412
    ],
    "mina-mina-protocol": [
        0.8689366144874029,
        0.8654347923787068,
        0.8630669531669218
    ],
    "kcs-kucoin-token": [
        10.055239599409735,
        10.06525136595556,
        10.068263943870848
    ],
    "pendle-pendle": [
        6.120794284268619,
        6.110584134376233,
        6.096561022266934
    ],
    "xtz-tezos": [
        0.9296802295170747,
        0.9306723104960682,
        0.9281028050837045
    ],
    "sei-sei": [
        0.5042992235862725,
        0.5041164788223443,
        0.5023581879638218
    ],
    "xec-ecash": [
        4.671852881923861e-05,
        4.644632415899551e-05,
        4.656536606244965e-05
    ],
    "msol-marinade-staked-sol": [
        197.4558512294932,
        197.37673297589504,
        196.96079572696215
    ],
    "cfx-conflux-network": [
        0.22325870217611427,
        0.22313694550331867,
        0.22303235706854402
    ],
    "matic-network": [
        0.706374,
        0.705483,
        0.704633
    ],
    "pepe": [
        1.467e-05,
        1.463e-05,
        1.455e-05
    ],
    "litecoin": [
        83.1,
        82.83,
        82.81
    ],
    "leo-token": [
        5.97,
        5.98,
        5.98
    ],
    "okb": [
        46.65248718453667,
        46.64446334723198,
        46.663869528445076
    ],
    "first-digital-usd": [
        0.9999150777684666,
        0.9995415862838478,
        0.9993975955861839
    ],
    "arweave": [
        43.25774623182909,
        43.03911656177951,
        43.044020680395604
    ],
    "optimism-ethereum": [
        2.408642618745085,
        2.405550766902139,
        2.4015897151991474
    ],
    "bittensor": [
        378.960832926372,
        378.3567600031244,
        378.35060110774396
    ],