{
    "bitcoin": [
        69277,
        69257,
        69257
    ],
    "ethereum": [
        3774.74,
        3777.13,
        3777.13
    ],
    "tether": [
        1.001,
        0.999762,
        0.999762
    ],
    "binancecoin": [
        622.3,
        621.56,
        621.56
    ],
    "solana": [
        165.31,
        165.45,
        165.45
    ],
    "staked-ether": [
        3772.34,
        3774.83,
        3774.83
    ],
    "usd-coin": [
        1.0,
        1.0,
        1.0
    ],
    "ripple": [
        0.520538,
        0.520169,
        0.520169
    ],
    "dogecoin": [
        0.160639,
        0.160484,
        0.160484
    ],
    "the-open-network": [
        6.66,
        6.64,
        6.64
    ],
    "cardano": [
        0.451851,
        0.451992,
        0.451992
    ],
    "shiba-inu": [
        2.467e-05,
        2.47e-05,
        2.47e-05
    ],
    "avalanche-2": [
        35.67,
        35.6,
        35.6
    ],
    "wrapped-bitcoin": [
        69165,
        69168,
        69168
    ],
    "chainlink": [
        17.66,
        17.64,
        17.64
    ],
    "tron": [
        0.113318,
        0.113322,
        0.113322
    ],
    "polkadot": [
        7.09,
        7.1,
        7.1
    ],
    "bitcoin-cash": [
        468.22,
        467.54,
        467.54
    ],
    "near": [
        7.3,
        7.3,
        7.3
    ],
    "uniswap": [
        9.6,
        9.62,
        9.62
    ],
    "internet-computer": [
        12.0,
        12.01,
        12.01
    ],
    "unus-sed-leo": [
        5.923810812706364,
        5.924793027850309
    ],
    "multi-collateral-dai": [
        1.0001541775823066,
        1.000069113199768
    ],
    "ethereum-classic": [
        29.24604814725347,
        29.20352121967086
    ],
    "aptos": [
        8.984592308978597,
        8.983520282592096,
        8.983000552523343
    ],
    "render": [
        10.028606206319596,
        10.030159829274082,
        10.044165022716262
    ],
    "hedera": [
        0.10186360818305096,
        0.10191693011872849,
        0.10185661209730966
    ],
    "kaspa": [
        0.16122471974596372,
        0.1634730755965169,
        0.16189114424729298
    ],
    "dogwifhat": [
        3.3907167394068587,
        3.3951942778297193,
        3.4090084863260413
    ],
    "cosmos": [
        8.413506379927973,
        8.420806190626434,
        8.420784376516448
    ],
    "immutable-x": [
        2.2411795254500966,
        2.2433706863848712,
        2.243869499578086
    ],
    "filecoin": [
        5.811607175750527,
        5.811092513288971,
        5.8095656081974285
    ],
    "arbitrum": [
        1.1161198034189896,
        1.1153971528469513,
        1.1159119961156179
    ],
    "mantle": [
        0.9673952535815797,
        0.9688170313932105,
        0.9671726044693373
    ],
    "stellar": [
        0.10622051498291359,
        0.10622891382691788,
        0.10624003379495871
    ],
    "cronos": [
        0.1102812745062221,
        0.11016611928810052,
        0.11007065543949951
    ],
    "monero": [
        154.43455711950025,
        154.19769489076393,
        153.33104046812696
    ],
    "stacks": [
        1.904498666385118,
        1.9090850826851165,
        1.9077481167552586
    ],
    "the-graph": [
        0.2993948401885906,
        0.29942896923599355,
        0.29927621513562547
    ],
    "bttc-bittorrent-chain": [
        1.15189726642924e-06,
        1.15542568734684e-06,
        1.15429915028147e-06
    ],
    "cheelee-cheelee": [
        20.62111040549008,
        20.634121246627114,
        20.627321371599503
    ],
    "VET": [
        0.0342648619606039,
        0.0341757644980644
    ],
    "STX": [
        1.96018090681332,
        1.94312681136669
    ],
    "FLR": [
        0.0280572218861115,
        0.0280389009629798
    ],
    "XMR": [
        155.295737980525,
        155.188147347795
    ],
    "SAGA": [
        2.827609212773917,
        2.81039661314113
    ],
    "AR": [
        43.18042703963509,
        42.9957677008812
    ],
    "ZETA": [
        1.34315063641458,
        1.33600332024875
    ],
    "BGB": [
        1.3705,
        1.3705
    ],
    "FLOKI": [
        0.00027295,
        0.00027004
    ],
    "ENS": [
        25.3792626718371,
        25.3896416651676,
        25.4502553369825
    ],
    "PIXEL": [
        0.5048456534680248,
        0.5075035299704171,
        0.5091358288893804
    ],
    "FTM": [
        0.81494311061099,
        0.810825200275531,
        0.810846650526059
    ],
    "INJ": [
        25.4948089189,
        25.7628291130794,
        25.5160456891002
    ],
    "MKR": [
        2581.10065422467,
        2579.912642124,
        2584.44702376895
    ],
    "ARKM": [
        2.4916,
        2.4906,
        2.4947
    ],
    "RUNE": [
        5.9879936918945,
        5.989071274114,
        6.00008736486125
    ],
    "FET": [
        2.15831865041642,
        2.15567290464961,
        2.15832125277318
    ],
    "qnt-quant": [
        91.33816572674614,
        91.5767667316954,
        91.26142907679608
    ],
    "wld-worldcoin": [
        4.728741493342693,
        4.744185987223103,
        4.753701802041961
    ],
    "akt-akash-network": [
        4.493914628371941,
        4.498964954098364,
        4.493225351035523
    ],
    "neo-neo": [
        14.79969308968603,
        14.820593101526725,
        14.809523554741702
    ],
    "egld-elrond": [
        38.90174974018103,
        38.94643972231037,
        38.97614991762006
    ],
    "ron-ronin-token": [
        3.2326603386843256,
        3.2371201977262545,
        3.243672801560095
    ],
    "sand-the-sandbox": [
        0.45591123686874513,
        0.45631130100432404,
        0.45531046056706115
    ],
    "wbnb-wrapped-bnb": [
        622.5279257061292,
        622.6339964299054,
        622.6499632221038
    ],
    "rbn-ribbon-finance": [
        0.9843845823947126,
        0.9847768252657291,
        0.9833556179241086
    ],
    "ordi-ordinals": [
        46.61371261440575,
        46.70856715197111,
        46.82314199367352
    ],
    "mina-mina-protocol": [
        0.8701184334038456,
        0.8714182732709903,
        0.8711732680912547
    ],
    "kcs-kucoin-token": [
        10.047843105429012,
        10.046976490406003,
        10.049653737463542
    ],
    "pendle-pendle": [
        6.098105530431575,
        6.084932454038736,
        6.094736199274171
    ],
    "xtz-tezos": [
        0.9390765654033315,
        0.9400697641582514,
        0.9388324431375944
    ],
    "sei-sei": [
        0.5072373757509829,
        0.5073980355180937,
        0.5071827622905588
    ],
    "xec-ecash": [
        4.653589387117601e-05,
        4.662593936288082e-05,
        4.678675760737565e-05
    ],
    "msol-marinade-staked-sol": [
        197.0319652341161,
        196.85328254990213,
        196.9219714943354
    ],
    "cfx-conflux-network": [
        0.2215342585263152,
        0.2215531776043683,
        0.22111807535073758
    ],
    "matic-network": [
        0.70209,
        0.702507,
        0.702507
    ],
    "pepe": [
        1.493e-05,
        1.5e-05,
        1.5e-05
    ],
    "litecoin": [
        83.27,
        83.22,
        83.22
    ],
    "leo-token": [
        5.97,
        5.96,
        5.96
    ],
    "okb": [
        46.81217671969954,
        46.80622515646995,
        46.77060857829302
    ],
    "first-digital-usd": [
        0.9998855821570268,
        0.9999943515099049,
        0.9996289608661122
    ],
    "arweave": [
        43.23796011505292,
        43.23583776061839,
        43.41286876275695
    ],
    "optimism-ethereum": [
        2.418080457563763,
        2.420380477270515,
        2.4204436531335105
    ],
    "bittensor": [
        378.6370344520858,
        379.23746211075604,
        378.97511365197255
    ],
    "floki-inu": [
        0.00027626029609238224,
        0.00027758099688787215,
        0.0002787504340548091
    ],