{
    "bitcoin": [
        71375,
        71375,
        71459
    ],
    "ethereum": [
        3815.7,
        3815.7,
        3825.24
    ],
    "tether": [
        1.0,
        1.0,
        0.999921
    ],
    "binancecoin": [
        702.97,
        702.97,
        703.61
    ],
    "solana": [
        171.21,
        171.21,
        171.45
    ],
    "staked-ether": [
        3815.11,
        3815.11,
        3822.27
    ],
    "usd-coin": [
        1.001,
        1.001,
        1.0
    ],
    "ripple": [
        0.526116,
        0.526116,
        0.526681
    ],
    "dogecoin": [
        0.159913,
        0.159913,
        0.1604
    ],
    "the-open-network": [
        7.47,
        7.47,
        7.48
    ],
    "cardano": [
        0.487036,
        0.487036,
        0.488277
    ],
    "shiba-inu": [
        2.508e-05,
        2.508e-05,
        2.521e-05
    ],
    "avalanche-2": [
        36.67,
        36.67,
        36.79
    ],
    "wrapped-bitcoin": [
        71394,
        71394,
        71509
    ],
    "chainlink": [
        17.53,
        17.53,
        17.65
    ],
    "tron": [
        0.114967,
        0.114967,
        0.114993
    ],
    "polkadot": [
        7.24,
        7.24,
        7.26
    ],
    "bitcoin-cash": [
        512.49,
        512.49,
        513.89
    ],
    "near": [
        7.37,
        7.37,
        7.4
    ],
    "uniswap": [
        10.49,
        10.49,
        10.55
    ],
    "internet-computer": [
        12.78,
        12.78,
        12.78
    ],
    "unus-sed-leo": [
        5.923810812706364,
        5.924793027850309
    ],
    "multi-collateral-dai": [
        1.0001541775823066,
        1.000069113199768
    ],
    "ethereum-classic": [
        29.387441989129655,
        29.460698955719895,
        29.423851669313404
    ],
    "aptos": [
        9.308543715777155,
        9.341754180707175,
        9.362481898427882
    ],
    "render": [
        10.324550382301334,
        10.36772770504189,
        10.389827420464236
    ],
    "hedera": [
        0.10108072430652912,
        0.10129021015874974,
        0.10152828391959298
    ],
    "kaspa": [
        0.17155483333084265,
        0.1715294749782038,
        0.17143016443810222
    ],
    "dogwifhat": [
        3.225195248028542,
        3.2366911909654767,
        3.253628452660789
    ],
    "cosmos": [
        8.655348257639615,
        8.668921460730463,
        8.684137264914563
    ],
    "immutable-x": [
        2.266956893705022,
        2.2687982017688713,
        2.276201361815004
    ],
    "filecoin": [
        6.672123728920451,
        6.683655413677694,
        6.6664619996213865
    ],
    "arbitrum": [
        1.0947039405769619,
        1.0989365755714877,
        1.1025353531888689
    ],
    "mantle": [
        1.0123623870251264,
        1.012935051241348,
        1.0143247100704176
    ],
    "stellar": [
        0.10656281548021208,
        0.10664954029501443,
        0.10667848794106764
    ],
    "cronos": [
        0.11800331111434212,
        0.11831021019847097,
        0.11867988107169443
    ],
    "monero": [
        166.23287099957722,
        166.19965453146082,
        166.24245179198888
    ],
    "stacks": [
        2.3972488726273617,
        2.391364120902493,
        2.4047059120912966
    ],
    "the-graph": [
        0.2947690329260226,
        0.2954396907277631,
        0.29635613939731836
    ],
    "bttc-bittorrent-chain": [
        1.16715801763831e-06,
        1.16838797304399e-06,
        1.17273473123452e-06
    ],
    "cheelee-cheelee": [
        21.24850487179704,
        21.27479059209873,
        21.223413485422263
    ],
    "VET": [
        0.0342648619606039,
        0.0341757644980644
    ],
    "STX": [
        1.96018090681332,
        1.94312681136669
    ],
    "FLR": [
        0.0280572218861115,
        0.0280389009629798
    ],
    "XMR": [
        155.295737980525,
        155.188147347795
    ],
    "SAGA": [
        2.827609212773917,
        2.81039661314113
    ],
    "AR": [
        43.18042703963509,
        42.9957677008812
    ],
    "ZETA": [
        1.24240267283791,
        1.24570613429196,
        1.24690898829529
    ],
    "BGB": [
        1.1906,
        1.1906,
        1.1906
    ],
    "FLOKI": [
        0.00026691,
        0.00026701,
        0.00025869
    ],
    "ENS": [
        24.4474377529971,
        24.5488190240102,
        24.5414459957712
    ],
    "PIXEL": [
        0.48578,
        0.48643,
        0.48562
    ],
    "FTM": [
        0.806479533698492,
        0.803021610310486,
        0.803688396269601
    ],
    "INJ": [
        25.8086457389147,
        25.7996455630143,
        25.9201593958232
    ],
    "MKR": [
        2614.10810817675,
        2609.949442355421,
        2609.557025529683
    ],
    "ARKM": [
        2.626743482716449,
        2.628414754078233,
        2.629537862114028
    ],
    "RUNE": [
        6.17321487917282,
        6.17337478715349,
        6.19039315563686
    ],
    "FET": [
        2.00399487992354,
        2.004394797532,
        2.01101077528548
    ],
    "qnt-quant": [
        90.15934622666079,
        90.24793155794363,
        90.14199080061817
    ],
    "wld-worldcoin": [
        4.926655022492,
        4.933647416103709,
        4.949939321584766
    ],
    "akt-akash-network": [
        4.463389753900786,
        4.475086332202466,
        4.462326231622993
    ],
    "neo-neo": [
        15.139587908845822,
        15.153467922354938,
        15.169063513950473
    ],
    "egld-elrond": [
        39.998797624955294,
        40.03333503719537,
        39.97782520246708
    ],
    "ron-ronin-token": [
        3.0777314151691058,
        3.08610014924739,
        3.0917614531525017
    ],
    "sand-the-sandbox": [
        0.4749586557707971,
        0.47696382338255555,
        0.47749970942991893
    ],
    "wbnb-wrapped-bnb": [
        702.4845439467549,
        703.54681488247,
        703.3622422325117
    ],
    "rbn-ribbon-finance": [
        0.9885661800071454,
        0.9879724354960426,
        0.980782160787907
    ],
    "ordi-ordinals": [
        62.67642736849151,
        62.466407854622695,
        62.30463432483161
    ],
    "mina-mina-protocol": [
        0.8879887479639443,
        0.8930002182260856,
        0.8941202091558627
    ],
    "kcs-kucoin-token": [
        10.436938899391263,
        10.439606566417751,
        10.445563285800334
    ],
    "pendle-pendle": [
        5.920309844791598,
        5.9140184541053245,
        5.911927372558721
    ],
    "xtz-tezos": [
        0.9465996867485255,
        0.9495166021662227,
        0.9501230333615291
    ],
    "sei-sei": [
        0.5556223548183136,
        0.5581535509348207,
        0.5604388938108271
    ],
    "xec-ecash": [
        4.704145764221582e-05,
        4.730087702800595e-05,
        4.727972493764769e-05
    ],
    "msol-marinade-staked-sol": [
        203.9150738098486,
        204.11770308896087,
        204.1868352870586
    ],
    "cfx-conflux-network": [
        0.22938691725105181,
        0.2308963598087224,
        0.23070544658650707
    ],
    "matic-network": [
        0.715631,
        0.715631,
        0.718296
    ],
    "pepe": [
        1.413e-05,
        1.413e-05,
        1.42e-05
    ],
    "litecoin": [
        83.84,
        83.84,
        83.85
    ],
    "leo-token": [
        5.99,
        5.99,
        5.99
    ],
    "okb": [
        50.030918537775065,
        49.95614637032652,
        49.95414299635377
    ],
    "first-digital-usd": [
        1.00054783218164,
        1.0001543418565697,
        1.00079579959269
    ],
    "arweave": [
        41.3273269779654,
        41.34343176434291,
        41.33192356402085
    ],
    "optimism-ethereum": [
        2.5231669635287983,
        2.541427387975368,
        2.550948236152871
    ],
    "bittensor": [
        433.0055662184201,
        432.5778345414948,
        432.9785824425252
    ],