{
    "bitcoin": [
        70278,
        70345,
        70345
    ],
    "ethereum": [
        3784.67,
        3791.82,
        3791.82
    ],
    "tether": [
        1.0,
        1.001,
        1.001
    ],
    "binancecoin": [
        665.21,
        670.54,
        670.54
    ],
    "solana": [
        168.57,
        168.71,
        168.71
    ],
    "staked-ether": [
        3778.59,
        3789.55,
        3789.55
    ],
    "usd-coin": [
        0.998177,
        1.0,
        1.0
    ],
    "ripple": [
        0.525584,
        0.526647,
        0.526647
    ],
    "dogecoin": [
        0.159952,
        0.160494,
        0.160494
    ],
    "the-open-network": [
        7.01,
        7.06,
        7.06
    ],
    "cardano": [
        0.461129,
        0.463047,
        0.463047
    ],
    "shiba-inu": [
        2.43e-05,
        2.436e-05,
        2.436e-05
    ],
    "avalanche-2": [
        35.56,
        35.65,
        35.65
    ],
    "wrapped-bitcoin": [
        70330,
        70343,
        70343
    ],
    "chainlink": [
        17.61,
        17.64,
        17.64
    ],
    "tron": [
        0.114068,
        0.114312,
        0.114312
    ],
    "polkadot": [
        7.15,
        7.18,
        7.18
    ],
    "bitcoin-cash": [
        472.63,
        473.69,
        473.69
    ],
    "near": [
        7.39,
        7.44,
        7.44
    ],
    "uniswap": [
        11.46,
        11.45,
        11.45
    ],
    "internet-computer": [
        12.17,
        12.23,
        12.23
    ],
    "unus-sed-leo": [
        5.923810812706364,
        5.924793027850309
    ],
    "multi-collateral-dai": [
        1.0001541775823066,
        1.000069113199768
    ],
    "ethereum-classic": [
        28.245398257432665,
        28.209715278628575,
        28.280479846943802
    ],
    "aptos": [
        9.077043752396918,
        9.09783672201528,
        9.099875663114947
    ],
    "render": [
        10.323898097579399,
        10.341503161354982,
        10.332000299898617
    ],
    "hedera": [
        0.10186554496006175,
        0.10211510810681294,
        0.10201101910540168
    ],
    "kaspa": [
        0.1778150446512263,
        0.1786818202784426,
        0.1796986570914623
    ],
    "dogwifhat": [
        3.375469307815883,
        3.388709630486576,
        3.382808522352515
    ],
    "cosmos": [
        8.494223231770341,
        8.511074565810373,
        8.511408300087167
    ],
    "immutable-x": [
        2.3058979554096277,
        2.3141712483977392,
        2.3155132584784672
    ],
    "filecoin": [
        5.941937977559869,
        5.958775392300392,
        5.958698385132573
    ],
    "arbitrum": [
        1.1017424562798592,
        1.103547015052565,
        1.1034256008509427
    ],
    "mantle": [
        0.9648164775626965,
        0.9626213501441354,
        0.9611393642053698
    ],
    "stellar": [
        0.10642748621619628,
        0.10662972619040738,
        0.10659844266987216
    ],
    "cronos": [
        0.10888891942506318,
        0.10913966217727022,
        0.10934178082660792
    ],
    "monero": [
        158.79545095595057,
        159.01877745718218,
        159.1215942568265
    ],
    "stacks": [
        2.1169982684760003,
        2.1178885908296614,
        2.11686226895989
    ],
    "the-graph": [
        0.2987192074652222,
        0.29986417445852215,
        0.29947896957948456
    ],
    "bttc-bittorrent-chain": [
        1.148910713595e-06,
        1.15042907262804e-06,
        1.15004349496874e-06
    ],
    "cheelee-cheelee": [
        20.744807380868536,
        20.749983973626655,
        20.76253661034026
    ],
    "VET": [
        0.0342648619606039,
        0.0341757644980644
    ],
    "STX": [
        1.96018090681332,
        1.94312681136669
    ],
    "FLR": [
        0.0280572218861115,
        0.0280389009629798
    ],
    "XMR": [
        155.295737980525,
        155.188147347795
    ],
    "SAGA": [
        2.827609212773917,
        2.81039661314113
    ],
    "AR": [
        43.18042703963509,
        42.9957677008812
    ],
    "ZETA": [
        1.34315063641458,
        1.33600332024875
    ],
    "BGB": [
        1.3705,
        1.3705
    ],
    "FLOKI": [
        0.00026691,
        0.00026701,
        0.00025869
    ],
    "ENS": [
        25.0379126264407,
        25.0480044365462,
        25.0808447394297
    ],
    "PIXEL": [
        0.4889,
        0.48906,
        0.4886709291297191
    ],
    "FTM": [
        0.81494311061099,
        0.810825200275531,
        0.810846650526059
    ],
    "INJ": [
        25.0625535983551,
        25.0409201204435,
        25.0804836091555
    ],
    "MKR": [
        2618.19713759826,
        2621.10444575862,
        2615.17302339551
    ],
    "ARKM": [
        2.4701,
        2.4832,
        2.4884
    ],
    "RUNE": [
        6.16431400282859,
        6.16569785139845,
        6.16795320797879
    ],
    "FET": [
        2.11651766484266,
        2.11640040295807,
        2.11899123545495
    ],
    "qnt-quant": [
        91.15122493636544,
        91.238848342331,
        91.22986254015137
    ],
    "wld-worldcoin": [
        4.764363366518062,
        4.787973103747269,
        4.791052317020718
    ],
    "akt-akash-network": [
        4.489616718861643,
        4.483905188348125,
        4.484023481295983
    ],
    "neo-neo": [
        14.983572206166505,
        15.056006818914435,
        15.026248780036806
    ],
    "egld-elrond": [
        39.12121159193618,
        39.27448863676725,
        39.24297028638467
    ],
    "ron-ronin-token": [
        3.050826746833694,
        3.0629188695215626,
        3.0621944405600092
    ],
    "sand-the-sandbox": [
        0.45973914724787274,
        0.46116217214617056,
        0.46131062914279486
    ],
    "wbnb-wrapped-bnb": [
        664.1837627864135,
        668.2248175204174,
        668.3212256884641
    ],
    "rbn-ribbon-finance": [
        0.9885661800071454,
        0.9879724354960426,
        0.980782160787907
    ],
    "ordi-ordinals": [
        55.59286538227659,
        56.01103491778067,
        55.796523290686565
    ],
    "mina-mina-protocol": [
        0.8465702305630193,
        0.8484742677845866,
        0.8490849775151407
    ],
    "kcs-kucoin-token": [
        10.069747685748057,
        10.095074562861797,
        10.082784731960107
    ],
    "pendle-pendle": [
        6.209321257972403,
        6.2150650383011605,
        6.201846024665805
    ],
    "xtz-tezos": [
        0.9441296905308103,
        0.9458583098984338,
        0.9451081043150898
    ],
    "sei-sei": [
        0.5182273834425613,
        0.5203463650485147,
        0.5203120072734417
    ],
    "xec-ecash": [
        4.639472560285991e-05,
        4.650255171453001e-05,
        4.650505906875763e-05
    ],
    "msol-marinade-staked-sol": [
        200.63447251402928,
        201.18009444366152,
        200.85784447913178
    ],
    "cfx-conflux-network": [
        0.2212836742468146,
        0.2212985412578897,
        0.2216218147611572
    ],
    "matic-network": [
        0.710304,
        0.712257,
        0.712257
    ],
    "pepe": [
        1.419e-05,
        1.42e-05,
        1.42e-05
    ],
    "litecoin": [
        82.72,
        83.04,
        83.04
    ],
    "leo-token": [
        5.94,
        5.95,
        5.95
    ],
    "okb": [
        47.999153931204816,
        48.08755628426629,
        48.055399992380224
    ],
    "first-digital-usd": [
        1.0002796048161993,
        1.0008837015317054,
        1.000360268104596
    ],
    "arweave": [
        45.53036693369935,
        45.55131750522635,
        45.491885390675485
    ],
    "optimism-ethereum": [
        2.448101876614401,
        2.4537289674437543,
        2.4554585480086804
    ],
    "bittensor": [
        392.8081365906452,
        393.0656727475546,
        393.30410930011624
    ],