{
    "bitcoin": [
        69150,
        69100,
        69220
    ],
    "ethereum": [
        3772.47,
        3769.49,
        3775.93
    ],
    "tether": [
        0.999545,
        0.999621,
        1.001
    ],
    "binancecoin": [
        628.77,
        627.86,
        629.24
    ],
    "solana": [
        165.89,
        165.91,
        166.36
    ],
    "staked-ether": [
        3772.29,
        3767.49,
        3773.11
    ],
    "usd-coin": [
        0.999658,
        0.999922,
        1.001
    ],
    "ripple": [
        0.521312,
        0.520751,
        0.520911
    ],
    "dogecoin": [
        0.159403,
        0.159002,
        0.1593
    ],
    "the-open-network": [
        6.8,
        6.77,
        6.77
    ],
    "cardano": [
        0.459532,
        0.459889,
        0.460482
    ],
    "shiba-inu": [
        2.438e-05,
        2.431e-05,
        2.436e-05
    ],
    "avalanche-2": [
        34.98,
        34.9,
        34.95
    ],
    "wrapped-bitcoin": [
        69211,
        69145,
        69207
    ],
    "chainlink": [
        17.57,
        17.56,
        17.58
    ],
    "tron": [
        0.113896,
        0.113807,
        0.114111
    ],
    "polkadot": [
        7.01,
        7.0,
        7.02
    ],
    "bitcoin-cash": [
        463.73,
        463.11,
        463.94
    ],
    "near": [
        7.11,
        7.1,
        7.1
    ],
    "uniswap": [
        9.54,
        9.51,
        9.53
    ],
    "internet-computer": [
        11.98,
        11.98,
        12.0
    ],
    "unus-sed-leo": [
        5.923810812706364,
        5.924793027850309
    ],
    "multi-collateral-dai": [
        1.0001541775823066,
        1.000069113199768
    ],
    "ethereum-classic": [
        29.24604814725347,
        29.20352121967086
    ],
    "aptos": [
        8.986209513281612,
        8.984503969767792,
        8.983133953535747
    ],
    "render": [
        10.042654374464323,
        10.049961837101542,
        10.048495796824778
    ],
    "hedera": [
        0.10086863039909279,
        0.10078929570596819,
        0.10089264760914025
    ],
    "kaspa": [
        0.17295528828118278,
        0.16995861716511212,
        0.17181555245477162
    ],
    "dogwifhat": [
        3.306940370770314,
        3.310694195480638,
        3.3107751414880457
    ],
    "cosmos": [
        8.360928356337936,
        8.357589178291388,
        8.358807056244148
    ],
    "immutable-x": [
        2.2703704125187083,
        2.266233713280644,
        2.270041002099197
    ],
    "filecoin": [
        5.791194110924744,
        5.786111703073681,
        5.7982360640320225
    ],
    "arbitrum": [
        1.1059809072786138,
        1.1056583074813298,
        1.1060213346039331
    ],
    "mantle": [
        0.958213236442053,
        0.9571189728907051,
        0.9584477599328988
    ],
    "stellar": [
        0.10554479765243671,
        0.10550415972427994,
        0.10548071848591109
    ],
    "cronos": [
        0.10862799300670817,
        0.10831483731577841,
        0.10816330171562344
    ],
    "monero": [
        157.70394666393852,
        157.59203677295318,
        157.74927888635494
    ],
    "stacks": [
        1.9381595803808545,
        1.937712251262356,
        1.9416024505950606
    ],
    "the-graph": [
        0.2950873403345158,
        0.2949242953792566,
        0.2949537591904533
    ],
    "bttc-bittorrent-chain": [
        1.1486798634055e-06,
        1.14641268235422e-06,
        1.14814286118461e-06
    ],
    "cheelee-cheelee": [
        20.712843677391326,
        20.717517390430736,
        20.655571635337633
    ],
    "VET": [
        0.0342648619606039,
        0.0341757644980644
    ],
    "STX": [
        1.96018090681332,
        1.94312681136669
    ],
    "FLR": [
        0.0280572218861115,
        0.0280389009629798
    ],
    "XMR": [
        155.295737980525,
        155.188147347795
    ],
    "SAGA": [
        2.827609212773917,
        2.81039661314113
    ],
    "AR": [
        43.18042703963509,
        42.9957677008812
    ],
    "ZETA": [
        1.34315063641458,
        1.33600332024875
    ],
    "BGB": [
        1.3705,
        1.3705
    ],
    "FLOKI": [
        0.00027295,
        0.00027004
    ],
    "ENS": [
        24.993907273386,
        24.9726553440602,
        25.0486202762611
    ],
    "PIXEL": [
        0.5075035299704171,
        0.5091358288893804,
        0.5094
    ],
    "FTM": [
        0.81494311061099,
        0.810825200275531,
        0.810846650526059
    ],
    "INJ": [
        25.0207479395911,
        24.9651480556481,
        25.0568231859811
    ],
    "MKR": [
        2591.33333757779,
        2568.06953013984,
        2572.53851737616
    ],
    "ARKM": [
        2.4698,
        2.4682,
        2.4683
    ],
    "RUNE": [
        6.00968672517768,
        6.00881278579462,
        6.01753861986541
    ],
    "FET": [
        2.14357743076297,
        2.13986201216997,
        2.14599343356661
    ],
    "qnt-quant": [
        90.80392297406736,
        90.7540352279591,
        90.98569365157434
    ],
    "wld-worldcoin": [
        4.855469704586185,
        4.844456465800605,
        4.841248273278914
    ],
    "akt-akash-network": [
        4.393074642647116,
        4.391230345729616,
        4.369167669742135
    ],
    "neo-neo": [
        14.6605381972524,
        14.64582508812441,
        14.663125315157796
    ],
    "egld-elrond": [
        38.87130132237746,
        38.837520545473836,
        38.82333251403258
    ],
    "ron-ronin-token": [
        3.192152455985867,
        3.1793945900463303,
        3.1704442870605516
    ],
    "sand-the-sandbox": [
        0.4548504813204978,
        0.45392981528414406,
        0.4533098585248696
    ],
    "wbnb-wrapped-bnb": [
        628.3320325973467,
        628.0096816416954,
        628.3433397536933
    ],
    "rbn-ribbon-finance": [
        1.020096880200912,
        1.0158449831223069,
        1.013629557673927
    ],
    "ordi-ordinals": [
        47.440408287559336,
        47.180831380535,
        47.19922381885716
    ],
    "mina-mina-protocol": [
        0.8679692252058817,
        0.8694294418159159,
        0.8714423612288598
    ],
    "kcs-kucoin-token": [
        10.088685818372094,
        10.082809073381238,
        10.084540398521916
    ],
    "pendle-pendle": [
        6.130871106569698,
        6.132722852376505,
        6.1368910178469225
    ],
    "xtz-tezos": [
        0.92442735778388,
        0.9227458187241562,
        0.9237316595320981
    ],
    "sei-sei": [
        0.5100380675391878,
        0.5089800848953653,
        0.5087465295280915
    ],
    "xec-ecash": [
        4.621189132356472e-05,
        4.613305686990495e-05,
        4.614261264155666e-05
    ],
    "msol-marinade-staked-sol": [
        197.69869768466467,
        197.81021610346434,
        197.93879937895122
    ],
    "cfx-conflux-network": [
        0.22395149094685485,
        0.2241261488875935,
        0.22470677561815997
    ],
    "matic-network": [
        0.707545,
        0.706774,
        0.708248
    ],
    "pepe": [
        1.448e-05,
        1.444e-05,
        1.452e-05
    ],
    "litecoin": [
        83.0,
        82.89,
        82.93
    ],
    "leo-token": [
        6.02,
        6.02,
        6.01
    ],
    "okb": [
        46.65343158676427,
        46.6351872247232,
        46.59985400173612
    ],
    "first-digital-usd": [
        1.0000907569867936,
        0.9999154424699149,
        0.9998460529565328
    ],
    "arweave": [
        43.12776180657586,
        43.09055112329884,
        42.98446257793803
    ],
    "optimism-ethereum": [
        2.4159844891864948,
        2.4146882906848224,
        2.418292637301415
    ],
    "bittensor": [
        383.5164824602162,
        383.61952531022047,
        383.4827566824646
    ],
    "floki-inu": [
        0.0002664383382634039,
        0.0002668295539507517,
        0.0002672659539294032
    ],