{
    "bitcoin": [
        70418,
        70823,
        70828
    ],
    "ethereum": [
        3803.28,
        3819.2,
        3815.87
    ],
    "tether": [
        1.001,
        1.001,
        1.0
    ],
    "binancecoin": [
        662.41,
        663.42,
        662.8
    ],
    "solana": [
        167.87,
        168.98,
        169.36
    ],
    "staked-ether": [
        3799.31,
        3816.16,
        3813.35
    ],
    "usd-coin": [
        0.998921,
        1.001,
        1.0
    ],
    "ripple": [
        0.528521,
        0.528623,
        0.528271
    ],
    "dogecoin": [
        0.160434,
        0.161087,
        0.161221
    ],
    "the-open-network": [
        6.98,
        6.97,
        6.94
    ],
    "cardano": [
        0.460396,
        0.460674,
        0.460901
    ],
    "shiba-inu": [
        2.433e-05,
        2.442e-05,
        2.442e-05
    ],
    "avalanche-2": [
        35.79,
        35.73,
        35.71
    ],
    "wrapped-bitcoin": [
        70306,
        70673,
        70783
    ],
    "chainlink": [
        17.79,
        17.81,
        17.81
    ],
    "tron": [
        0.114253,
        0.114343,
        0.114331
    ],
    "polkadot": [
        7.17,
        7.17,
        7.16
    ],
    "bitcoin-cash": [
        474.63,
        477.68,
        477.86
    ],
    "near": [
        7.4,
        7.43,
        7.45
    ],
    "uniswap": [
        10.39,
        10.41,
        10.35
    ],
    "internet-computer": [
        12.21,
        12.23,
        12.27
    ],
    "unus-sed-leo": [
        5.923810812706364,
        5.924793027850309
    ],
    "multi-collateral-dai": [
        1.0001541775823066,
        1.000069113199768
    ],
    "ethereum-classic": [
        28.245398257432665,
        28.209715278628575,
        28.280479846943802
    ],
    "aptos": [
        9.08065942308893,
        9.076494971208078,
        9.082768247746898
    ],
    "render": [
        10.396992769588811,
        10.367287969086668,
        10.374207461576594
    ],
    "hedera": [
        0.10200902111607638,
        0.10185915690373924,
        0.1016734698211752
    ],
    "kaspa": [
        0.17780532546011837,
        0.17847730492082625,
        0.17926390818378862
    ],
    "dogwifhat": [
        3.360750996161161,
        3.419585577122751,
        3.409050079364677
    ],
    "cosmos": [
        8.521471061163668,
        8.492129176850401,
        8.492572007047649
    ],
    "immutable-x": [
        2.323362706779104,
        2.326969742704084,
        2.3223941939817383
    ],
    "filecoin": [
        5.9371841446040525,
        5.940890245721266,
        5.92765115265815
    ],
    "arbitrum": [
        1.1060049901369253,
        1.107997411169674,
        1.1047459258604961
    ],
    "mantle": [
        0.971929331459659,
        0.9709549846744371,
        0.9694128575802672
    ],
    "stellar": [
        0.10647002627906432,
        0.10637665796129576,
        0.10644701112932084
    ],
    "cronos": [
        0.10851958399854131,
        0.10854441654620599,
        0.10858477080291395
    ],
    "monero": [
        158.1703743034896,
        158.76109325806118,
        158.88391456604307
    ],
    "stacks": [
        2.0914291622749244,
        2.1088250778035373,
        2.1017400044628767
    ],
    "the-graph": [
        0.3014092814654727,
        0.3017991162181892,
        0.3014320431684782
    ],
    "bttc-bittorrent-chain": [
        1.14704964236261e-06,
        1.14805397593079e-06,
        1.15180879427619e-06
    ],
    "cheelee-cheelee": [
        20.48842547982513,
        20.56654002153989,
        20.585271223270787
    ],
    "VET": [
        0.0342648619606039,
        0.0341757644980644
    ],
    "STX": [
        1.96018090681332,
        1.94312681136669
    ],
    "FLR": [
        0.0280572218861115,
        0.0280389009629798
    ],
    "XMR": [
        155.295737980525,
        155.188147347795
    ],
    "SAGA": [
        2.827609212773917,
        2.81039661314113
    ],
    "AR": [
        43.18042703963509,
        42.9957677008812
    ],
    "ZETA": [
        1.34315063641458,
        1.33600332024875
    ],
    "BGB": [
        1.3705,
        1.3705
    ],
    "FLOKI": [
        0.00026691,
        0.00026701,
        0.00025869
    ],
    "ENS": [
        25.3866619034209,
        25.3798489910891,
        25.3599896951533
    ],
    "PIXEL": [
        0.4927,
        0.49493,
        0.49316
    ],
    "FTM": [
        0.81494311061099,
        0.810825200275531,
        0.810846650526059
    ],
    "INJ": [
        25.685202254049,
        25.5595309419106,
        25.5791725892945
    ],
    "MKR": [
        2597.09612332585,
        2594.82406039628,
        2593.4313536024
    ],
    "ARKM": [
        2.4701,
        2.4832,
        2.4884
    ],
    "RUNE": [
        6.17470504592002,
        6.18708032023869,
        6.18316291789175
    ],
    "FET": [
        2.13107644049325,
        2.12474299715878,
        2.13034868502529
    ],
    "qnt-quant": [
        90.95864174530217,
        91.24610050675125,
        91.10007553135102
    ],
    "wld-worldcoin": [
        4.773021271440211,
        4.777644748434239,
        4.791511470761189
    ],
    "akt-akash-network": [
        4.423561155831165,
        4.452594021621246,
        4.469005223498814
    ],
    "neo-neo": [
        14.987487874447007,
        15.004251062792838,
        14.958992829659735
    ],
    "egld-elrond": [
        39.6394201015945,
        39.46308542846064,
        39.409376944599465
    ],
    "ron-ronin-token": [
        3.0913655819817456,
        3.0939426494853612,
        3.0887688369886184
    ],
    "sand-the-sandbox": [
        0.4610225224321186,
        0.4593196470386195,
        0.4584433805372787
    ],
    "wbnb-wrapped-bnb": [
        666.2812671351543,
        663.4636237994176,
        662.7646425217475
    ],
    "rbn-ribbon-finance": [
        0.9885661800071454,
        0.9879724354960426,
        0.980782160787907
    ],
    "ordi-ordinals": [
        52.83260272223584,
        54.00552415144923,
        54.169242091929306
    ],
    "mina-mina-protocol": [
        0.8526400291460065,
        0.8523340184992537,
        0.8496239713522156
    ],
    "kcs-kucoin-token": [
        10.044670669781894,
        10.055755565527955,
        10.06118608524887
    ],
    "pendle-pendle": [
        6.259512887529849,
        6.327292804715527,
        6.285418721268054
    ],
    "xtz-tezos": [
        0.9455774313407626,
        0.9452814324556769,
        0.9453373250614588
    ],
    "sei-sei": [
        0.5245276387322736,
        0.526550170304857,
        0.5252954473738308
    ],
    "xec-ecash": [
        4.632355903099919e-05,
        4.669939292313189e-05,
        4.663679943130277e-05
    ],
    "msol-marinade-staked-sol": [
        200.4375991017847,
        200.89189040889914,
        200.85030798983826
    ],
    "cfx-conflux-network": [
        0.21967464445279947,
        0.21936017025841908,
        0.22061992145879977
    ],
    "matic-network": [
        0.713588,
        0.714027,
        0.713095
    ],
    "pepe": [
        1.469e-05,
        1.472e-05,
        1.472e-05
    ],
    "litecoin": [
        82.62,
        82.84,
        82.85
    ],
    "leo-token": [
        5.94,
        5.94,
        5.95
    ],
    "okb": [
        47.91906796807363,
        47.944486875313004,
        47.89192440037718
    ],
    "first-digital-usd": [
        1.000950703579665,
        1.0007432635927098,
        1.0003392149324521
    ],
    "arweave": [
        45.145952692791646,
        45.638970826370134,
        45.419940163780204
    ],
    "optimism-ethereum": [
        2.4507674685567475,
        2.453033856846033,
        2.4438971098805196
    ],
    "bittensor": [
        391.48450424767185,
        397.19946001080507,
        396.35960087425116
    ],