{
    "bitcoin": [
        70677,
        70677,
        70799
    ],
    "ethereum": [
        3794.55,
        3794.55,
        3799.07
    ],
    "tether": [
        0.999646,
        0.999646,
        0.999903
    ],
    "binancecoin": [
        700.74,
        700.74,
        702.2
    ],
    "solana": [
        169.17,
        169.17,
        169.82
    ],
    "staked-ether": [
        3794.35,
        3794.35,
        3796.9
    ],
    "usd-coin": [
        1.0,
        1.0,
        1.0
    ],
    "ripple": [
        0.520486,
        0.520486,
        0.521718
    ],
    "dogecoin": [
        0.159906,
        0.159906,
        0.160287
    ],
    "the-open-network": [
        7.54,
        7.54,
        7.59
    ],
    "cardano": [
        0.456935,
        0.456935,
        0.458005
    ],
    "shiba-inu": [
        2.498e-05,
        2.498e-05,
        2.503e-05
    ],
    "avalanche-2": [
        35.61,
        35.61,
        35.69
    ],
    "wrapped-bitcoin": [
        70692,
        70692,
        70690
    ],
    "chainlink": [
        17.29,
        17.29,
        17.32
    ],
    "tron": [
        0.114542,
        0.114542,
        0.114559
    ],
    "polkadot": [
        7.08,
        7.08,
        7.09
    ],
    "bitcoin-cash": [
        493.02,
        493.02,
        496.41
    ],
    "near": [
        7.29,
        7.29,
        7.31
    ],
    "uniswap": [
        10.65,
        10.65,
        10.65
    ],
    "internet-computer": [
        11.98,
        11.98,
        12.01
    ],
    "unus-sed-leo": [
        5.923810812706364,
        5.924793027850309
    ],
    "multi-collateral-dai": [
        1.0001541775823066,
        1.000069113199768
    ],
    "ethereum-classic": [
        29.387441989129655,
        29.460698955719895,
        29.423851669313404
    ],
    "aptos": [
        9.021547468852127,
        9.025697484352689,
        9.036143061967996
    ],
    "render": [
        10.232758895157074,
        10.25267028937531,
        10.252284463243981
    ],
    "hedera": [
        0.10077395106197075,
        0.1008916046821877,
        0.1009210693890942
    ],
    "kaspa": [
        0.17495442068105546,
        0.17535863257973675,
        0.1753071851973281
    ],
    "dogwifhat": [
        3.2032629146357654,
        3.212281166590083,
        3.2148373263573093
    ],
    "cosmos": [
        8.543975335602017,
        8.558432052660487,
        8.567408705892515
    ],
    "immutable-x": [
        2.263281876076224,
        2.2663633190795394,
        2.2683390712287137
    ],
    "filecoin": [
        5.916086798322291,
        5.9238341629710005,
        5.92373310685
    ],
    "arbitrum": [
        1.0805880168431248,
        1.0814035241453965,
        1.0818543191032215
    ],
    "mantle": [
        1.0180142413929065,
        1.0177714910053315,
        1.0188772609518302
    ],
    "stellar": [
        0.10506770546519699,
        0.10513273668764964,
        0.10523128308579457
    ],
    "cronos": [
        0.1134123190027309,
        0.1132195331289622,
        0.11319250112752469
    ],
    "monero": [
        166.69602187039973,
        166.8259653801065,
        166.841282314149
    ],
    "stacks": [
        2.340050925465929,
        2.3559987873630415,
        2.3599457271898774
    ],
    "the-graph": [
        0.291115100804769,
        0.2914373541789112,
        0.29189978518938564
    ],
    "bttc-bittorrent-chain": [
        1.15744634894909e-06,
        1.15853877909601e-06,
        1.15780889887837e-06
    ],
    "cheelee-cheelee": [
        21.162617430176365,
        21.161620237985083,
        21.19973471768644
    ],
    "VET": [
        0.0342648619606039,
        0.0341757644980644
    ],
    "STX": [
        1.96018090681332,
        1.94312681136669
    ],
    "FLR": [
        0.0280572218861115,
        0.0280389009629798
    ],
    "XMR": [
        155.295737980525,
        155.188147347795
    ],
    "SAGA": [
        2.827609212773917,
        2.81039661314113
    ],
    "AR": [
        43.18042703963509,
        42.9957677008812
    ],
    "ZETA": [
        1.34315063641458,
        1.33600332024875
    ],
    "BGB": [
        1.2225,
        1.2225,
        1.2225
    ],
    "FLOKI": [
        0.00026691,
        0.00026701,
        0.00025869
    ],
    "ENS": [
        23.8499687482655,
        23.8201669121023,
        23.8880035495976
    ],
    "PIXEL": [
        0.49542,
        0.49484,
        0.49465
    ],
    "FTM": [
        0.806479533698492,
        0.803021610310486,
        0.803688396269601
    ],
    "INJ": [
        25.8086457389147,
        25.7996455630143,
        25.9201593958232
    ],
    "MKR": [
        2623.124115757666,
        2598.45988820454,
        2599.751310715568
    ],
    "ARKM": [
        2.626743482716449,
        2.628414754078233,
        2.629537862114028
    ],
    "RUNE": [
        5.99257461314384,
        5.99437042088065,
        5.99466410161188
    ],
    "FET": [
        2.00691252210793,
        2.00689017026394,
        2.00374216114167
    ],
    "qnt-quant": [
        89.92304165623746,
        89.9020031330909,
        89.99272081716441
    ],
    "wld-worldcoin": [
        4.820755484967224,
        4.831939407988973,
        4.840780408822456
    ],
    "akt-akash-network": [
        4.504521284169144,
        4.502440826195261,
        4.49916875032758
    ],
    "neo-neo": [
        14.820321265699032,
        14.819604263001786,
        14.858148257573525
    ],
    "egld-elrond": [
        38.581179748190195,
        38.68985655947648,
        38.72203219383222
    ],
    "ron-ronin-token": [
        3.074236455064851,
        3.078707900603072,
        3.0817409694459617
    ],
    "sand-the-sandbox": [
        0.466662743391532,
        0.4667391164019448,
        0.46759345744811825
    ],
    "wbnb-wrapped-bnb": [
        701.9125167535366,
        701.6877401802657,
        702.8925429224438
    ],
    "rbn-ribbon-finance": [
        0.9885661800071454,
        0.9879724354960426,
        0.980782160787907
    ],
    "ordi-ordinals": [
        58.9498104636556,
        59.37247242359604,
        59.58154912115207
    ],
    "mina-mina-protocol": [
        0.836385989916798,
        0.8351573432823551,
        0.8374531891126364
    ],
    "kcs-kucoin-token": [
        10.292099240413808,
        10.292936176066686,
        10.320938474833051
    ],
    "pendle-pendle": [
        5.86265402113136,
        5.868854127668715,
        5.880421717907099
    ],
    "xtz-tezos": [
        0.93161625549512,
        0.930156313692268,
        0.9331543655876662
    ],
    "sei-sei": [
        0.5120220767409871,
        0.5115967219590993,
        0.5102479075094462
    ],
    "xec-ecash": [
        4.685353729126343e-05,
        4.691454328947019e-05,
        4.693983462787597e-05
    ],
    "msol-marinade-staked-sol": [
        201.122828831402,
        202.15019329704367,
        201.95158966433712
    ],
    "cfx-conflux-network": [
        0.23058187595010318,
        0.23093355704633234,
        0.23076987950175984
    ],
    "matic-network": [
        0.720926,
        0.720926,
        0.721395
    ],
    "pepe": [
        1.419e-05,
        1.419e-05,
        1.423e-05
    ],
    "litecoin": [
        84.02,
        84.02,
        84.13
    ],
    "leo-token": [
        5.99,
        5.99,
        5.99
    ],
    "okb": [
        48.891292940332534,
        48.8902218290783,
        48.8913519493192
    ],
    "first-digital-usd": [
        1.001386117028477,
        1.001069576210882,
        1.0013114103734213
    ],
    "arweave": [
        41.476654583250756,
        41.57642728589227,
        41.55495601757987
    ],
    "optimism-ethereum": [
        2.4627470759649603,
        2.4656732327510253,
        2.4659570042635632
    ],
    "bittensor": [
        420.1368984760727,
        420.5700525019778,
        420.46315401129533
    ],