{
    "bitcoin": [
        70492,
        70492,
        70407
    ],
    "ethereum": [
        3811.66,
        3811.66,
        3805.93
    ],
    "tether": [
        1.0,
        1.0,
        1.0
    ],
    "binancecoin": [
        673.61,
        673.61,
        670.35
    ],
    "solana": [
        169.32,
        169.32,
        169.4
    ],
    "staked-ether": [
        3809.4,
        3809.4,
        3805.09
    ],
    "usd-coin": [
        1.001,
        1.001,
        1.0
    ],
    "ripple": [
        0.526608,
        0.526608,
        0.525254
    ],
    "dogecoin": [
        0.161044,
        0.161044,
        0.160715
    ],
    "the-open-network": [
        7.08,
        7.08,
        7.07
    ],
    "cardano": [
        0.462144,
        0.462144,
        0.460891
    ],
    "shiba-inu": [
        2.44e-05,
        2.44e-05,
        2.436e-05
    ],
    "avalanche-2": [
        35.79,
        35.79,
        35.71
    ],
    "wrapped-bitcoin": [
        70532,
        70532,
        70422
    ],
    "chainlink": [
        17.68,
        17.68,
        17.68
    ],
    "tron": [
        0.114449,
        0.114449,
        0.11432
    ],
    "polkadot": [
        7.21,
        7.21,
        7.22
    ],
    "bitcoin-cash": [
        477.04,
        477.04,
        477.51
    ],
    "near": [
        7.4,
        7.4,
        7.39
    ],
    "uniswap": [
        11.33,
        11.33,
        11.52
    ],
    "internet-computer": [
        12.21,
        12.21,
        12.23
    ],
    "unus-sed-leo": [
        5.923810812706364,
        5.924793027850309
    ],
    "multi-collateral-dai": [
        1.0001541775823066,
        1.000069113199768
    ],
    "ethereum-classic": [
        28.245398257432665,
        28.209715278628575,
        28.280479846943802
    ],
    "aptos": [
        9.106243859933826,
        9.127559970042572,
        9.122918429019057
    ],
    "render": [
        10.288794203430841,
        10.312397164897822,
        10.30173669296358
    ],
    "hedera": [
        0.1019270557728076,
        0.10201286829250952,
        0.10196242212540328
    ],
    "kaspa": [
        0.1787307732256698,
        0.17877490835199175,
        0.17932334029663324
    ],
    "dogwifhat": [
        3.3804148590196355,
        3.3883329202633776,
        3.375123687329605
    ],
    "cosmos": [
        8.513179030995353,
        8.522271190094193,
        8.524439964216853
    ],
    "immutable-x": [
        2.309757372325512,
        2.3152784210117514,
        2.3034494865754316
    ],
    "filecoin": [
        5.954061379750643,
        5.96893515174338,
        5.963784895941726
    ],
    "arbitrum": [
        1.1038192464373775,
        1.1042795415088433,
        1.1020420837469422
    ],
    "mantle": [
        0.9655869790275636,
        0.9677434365054933,
        0.9655390983374376
    ],
    "stellar": [
        0.10663672275491305,
        0.10676980344176017,
        0.1067460074032457
    ],
    "cronos": [
        0.11022328951495948,
        0.11022451690741471,
        0.11014111367323738
    ],
    "monero": [
        159.07813216885648,
        158.83326824832506,
        159.21786422769273
    ],
    "stacks": [
        2.114021524524171,
        2.1153848958193735,
        2.1190719705627923
    ],
    "the-graph": [
        0.2999990021633876,
        0.3010440482199548,
        0.3004808974630614
    ],
    "bttc-bittorrent-chain": [
        1.14654414932517e-06,
        1.1493310013444e-06,
        1.14975826194293e-06
    ],
    "cheelee-cheelee": [
        20.775650734717733,
        20.744719566370865,
        20.74889761862195
    ],
    "VET": [
        0.0342648619606039,
        0.0341757644980644
    ],
    "STX": [
        1.96018090681332,
        1.94312681136669
    ],
    "FLR": [
        0.0280572218861115,
        0.0280389009629798
    ],
    "XMR": [
        155.295737980525,
        155.188147347795
    ],
    "SAGA": [
        2.827609212773917,
        2.81039661314113
    ],
    "AR": [
        43.18042703963509,
        42.9957677008812
    ],
    "ZETA": [
        1.34315063641458,
        1.33600332024875
    ],
    "BGB": [
        1.3705,
        1.3705
    ],
    "FLOKI": [
        0.00026691,
        0.00026701,
        0.00025869
    ],
    "ENS": [
        25.0177711174656,
        25.0469171194275,
        24.9899783435258
    ],
    "PIXEL": [
        0.48566,
        0.48645,
        0.4837605212278752
    ],
    "FTM": [
        0.81494311061099,
        0.810825200275531,
        0.810846650526059
    ],
    "INJ": [
        25.1681258262097,
        25.2290648664048,
        25.1231806183892
    ],
    "MKR": [
        2618.19713759826,
        2621.10444575862,
        2615.17302339551
    ],
    "ARKM": [
        2.4701,
        2.4832,
        2.4884
    ],
    "RUNE": [
        6.17714941700805,
        6.17977589733022,
        6.17506842410446
    ],
    "FET": [
        2.11485918628062,
        2.11546789529929,
        2.10862050320052
    ],
    "qnt-quant": [
        91.36981842932579,
        91.42056020845473,
        91.30828922948426
    ],
    "wld-worldcoin": [
        4.810461022237358,
        4.82296124499288,
        4.810298211695538
    ],
    "akt-akash-network": [
        4.4257660408387896,
        4.42960343310258,
        4.429957782262464
    ],
    "neo-neo": [
        15.017696450212107,
        15.069688248529873,
        15.047528957148238
    ],
    "egld-elrond": [
        39.13317739130034,
        39.23132060755693,
        39.156374425835104
    ],
    "ron-ronin-token": [
        3.056793220306809,
        3.05969491116306,
        3.0624834084540216
    ],
    "sand-the-sandbox": [
        0.4609110552160398,
        0.46312066835057064,
        0.46232958381933165
    ],
    "wbnb-wrapped-bnb": [
        673.0217281354534,
        672.5489908733289,
        671.8848509885629
    ],
    "rbn-ribbon-finance": [
        0.9885661800071454,
        0.9879724354960426,
        0.980782160787907
    ],
    "ordi-ordinals": [
        55.85263746849938,
        55.77710599917437,
        55.6934823256417
    ],
    "mina-mina-protocol": [
        0.8448492258446767,
        0.847721136145134,
        0.8444232660389639
    ],
    "kcs-kucoin-token": [
        10.085117278543681,
        10.08909305637865,
        10.084150587090651
    ],
    "pendle-pendle": [
        6.2035631407523075,
        6.197489266393718,
        6.197003091522292
    ],
    "xtz-tezos": [
        0.9437161592066506,
        0.9447041503428023,
        0.9434250571747127
    ],
    "sei-sei": [
        0.5187488284487872,
        0.5195883631551657,
        0.5199754480837168
    ],
    "xec-ecash": [
        4.670772579375481e-05,
        4.680302705881984e-05,
        4.670349598173251e-05
    ],
    "msol-marinade-staked-sol": [
        200.45044772703852,
        201.12452177140017,
        201.34524792016953
    ],
    "cfx-conflux-network": [
        0.2212836742468146,
        0.2212985412578897,
        0.2216218147611572
    ],
    "matic-network": [
        0.713751,
        0.713751,
        0.713181
    ],
    "pepe": [
        1.422e-05,
        1.422e-05,
        1.421e-05
    ],
    "litecoin": [
        83.54,
        83.54,
        83.47
    ],
    "leo-token": [
        5.95,
        5.95,
        5.95
    ],
    "okb": [
        48.14333076584942,
        48.206937223746166,
        48.10734711546291
    ],
    "first-digital-usd": [
        1.0003974956287107,
        1.0003403540741704,
        0.9997873293432659
    ],
    "arweave": [
        45.43604578443775,
        45.59106746735684,
        45.81808148734435
    ],
    "optimism-ethereum": [
        2.4642682521877877,
        2.4656866801469195,
        2.4626156554597443
    ],
    "bittensor": [
        391.6812970747321,
        393.03406953716075,
        391.87877174296034
    ],