{
    "bitcoin": [
        69400,
        69361,
        69361
    ],
    "ethereum": [
        3691.57,
        3686.86,
        3686.86
    ],
    "tether": [
        0.999527,
        0.999512,
        0.999512
    ],
    "binancecoin": [
        684.49,
        683.17,
        683.17
    ],
    "solana": [
        162.91,
        162.8,
        162.8
    ],
    "staked-ether": [
        3689.12,
        3684.01,
        3684.01
    ],
    "usd-coin": [
        0.999759,
        0.999893,
        0.999893
    ],
    "ripple": [
        0.500031,
        0.499761,
        0.499761
    ],
    "dogecoin": [
        0.148508,
        0.148233,
        0.148233
    ],
    "the-open-network": [
        7.27,
        7.23,
        7.23
    ],
    "cardano": [
        0.450333,
        0.449641,
        0.449641
    ],
    "shiba-inu": [
        2.374e-05,
        2.371e-05,
        2.371e-05
    ],
    "avalanche-2": [
        33.6,
        33.59,
        33.59
    ],
    "wrapped-bitcoin": [
        69438,
        69365,
        69365
    ],
    "chainlink": [
        16.33,
        16.34,
        16.34
    ],
    "tron": [
        0.112658,
        0.11271,
        0.11271
    ],
    "polkadot": [
        6.65,
        6.65,
        6.65
    ],
    "bitcoin-cash": [
        480.64,
        479.72,
        479.72
    ],
    "near": [
        6.85,
        6.85,
        6.85
    ],
    "uniswap": [
        9.8,
        9.82,
        9.82
    ],
    "internet-computer": [
        11.54,
        11.55,
        11.55
    ],
    "unus-sed-leo": [
        5.923810812706364,
        5.924793027850309
    ],
    "multi-collateral-dai": [
        1.0001541775823066,
        1.000069113199768
    ],
    "ethereum-classic": [
        26.571766666494675,
        26.635876915691053,
        26.65296384300906
    ],
    "aptos": [
        8.607479967116511,
        8.583179405110506,
        8.584152235156148
    ],
    "render": [
        9.593180777739445,
        9.588819830227488,
        9.60398465445916
    ],
    "hedera": [
        0.094378853649086,
        0.09428040075308336,
        0.0942973836316662
    ],
    "kaspa": [
        0.16389441098743895,
        0.16399041908424844,
        0.16401390102135405
    ],
    "dogwifhat": [
        2.8530949969563806,
        2.857158415878612,
        2.8484107131216834
    ],
    "cosmos": [
        8.100717603705538,
        8.09884525963462,
        8.102554892615542
    ],
    "immutable-x": [
        2.110744983317123,
        2.1139347236869024,
        2.1149210794797018
    ],
    "filecoin": [
        6.122897401667722,
        6.204530206787901,
        6.168673116854862
    ],
    "arbitrum": [
        0.9973894458811415,
        0.9979652248664616,
        0.9981926576527924
    ],
    "mantle": [
        0.9613278975877615,
        0.959880194749059,
        0.9596641577405945
    ],
    "stellar": [
        0.10040460697670332,
        0.10019709552521613,
        0.10018222060305053
    ],
    "cronos": [
        0.11365802617048269,
        0.11324979301509962,
        0.11324517574658768
    ],
    "monero": [
        155.3794737571102,
        154.64570418957632,
        154.43107139292886
    ],
    "stacks": [
        2.171662502749734,
        2.164311242342943,
        2.1617429326835675
    ],
    "the-graph": [
        0.2747154929397719,
        0.2731597221517606,
        0.2728741642109201
    ],
    "bttc-bittorrent-chain": [
        1.12303777714588e-06,
        1.11761743285728e-06,
        1.11868198359415e-06
    ],
    "cheelee-cheelee": [
        20.77282433381288,
        20.77179831615987,
        20.73423520902201
    ],
    "VET": [
        0.0342648619606039,
        0.0341757644980644
    ],
    "STX": [
        1.96018090681332,
        1.94312681136669
    ],
    "FLR": [
        0.0280572218861115,
        0.0280389009629798
    ],
    "XMR": [
        155.295737980525,
        155.188147347795
    ],
    "SAGA": [
        2.827609212773917,
        2.81039661314113
    ],
    "AR": [
        43.18042703963509,
        42.9957677008812
    ],
    "ZETA": [
        1.11698886903034,
        1.1142736398709,
        1.12400151652205
    ],
    "BGB": [
        1.1906,
        1.1906,
        1.1906
    ],
    "FLOKI": [
        0.00026691,
        0.00026701,
        0.00025869
    ],
    "ENS": [
        21.9416125995909,
        21.8809928923254,
        21.842831882631
    ],
    "PIXEL": [
        0.44361,
        0.44178,
        0.44301
    ],
    "FTM": [
        0.723121254701487,
        0.722297268733195,
        0.72151974879662
    ],
    "INJ": [
        25.8086457389147,
        25.7996455630143,
        25.9201593958232
    ],
    "MKR": [
        2594.894715936144,
        2596.414635467978,
        2594.250306521202
    ],
    "ARKM": [
        2.626743482716449,
        2.628414754078233,
        2.629537862114028
    ],
    "RUNE": [
        5.60399608564965,
        5.59703337395947,
        5.59270052666441
    ],
    "FET": [
        1.83652034778913,
        1.83248383316638,
        1.83281740954685
    ],
    "qnt-quant": [
        85.98941628703447,
        86.24699262716997,
        86.18201046330006
    ],
    "wld-worldcoin": [
        4.403924089779715,
        4.382300027473633,
        4.411513890709267
    ],
    "akt-akash-network": [
        4.242694131398781,
        4.251376052390286,
        4.249491667478024
    ],
    "neo-neo": [
        14.174368976698055,
        14.182703739416075,
        14.163294689069172
    ],
    "egld-elrond": [
        36.311024522053124,
        36.11579030992762,
        36.18399491761318
    ],
    "ron-ronin-token": [
        2.9350242850869983,
        2.94368779750721,
        2.942727808767435
    ],
    "sand-the-sandbox": [
        0.43797653686792193,
        0.43708829896661133,
        0.437391052979335
    ],
    "wbnb-wrapped-bnb": [
        684.4115678769282,
        684.3623070170182,
        683.827418715006
    ],
    "rbn-ribbon-finance": [
        0.9885661800071454,
        0.9879724354960426,
        0.980782160787907
    ],
    "ordi-ordinals": [
        62.09291343912357,
        62.099473141626135,
        62.26669803898842
    ],
    "mina-mina-protocol": [
        0.8077287972638906,
        0.8055614006286701,
        0.8041182657620374
    ],
    "kcs-kucoin-token": [
        10.359233871631412,
        10.359070500533239,
        10.35200580339398
    ],
    "pendle-pendle": [
        5.911927372558721,
        5.494227627630883,
        5.502817973190295
    ],
    "xtz-tezos": [
        0.8738087182067751,
        0.8729313964292235,
        0.873266120303216
    ],
    "sei-sei": [
        0.5249784352627973,
        0.5197624619552798,
        0.5197624619552798
    ],
    "xec-ecash": [
        4.34668583757443e-05,
        4.34866932037403e-05,
        4.339714128867326e-05
    ],
    "msol-marinade-staked-sol": [
        194.74995405940555,
        194.44211985989523,
        194.43248423138004
    ],
    "cfx-conflux-network": [
        0.2272375731725614,
        0.2272375731725614,
        0.22709059873310986
    ],
    "matic-network": [
        0.667052,
        0.666982,
        0.666982
    ],
    "pepe": [
        1.286e-05,
        1.282e-05,
        1.282e-05
    ],
    "litecoin": [
        80.2,
        80.02,
        80.02
    ],
    "leo-token": [
        6.01,
        6.01,
        6.01
    ],
    "okb": [
        48.17353578593717,
        48.23051761105441,
        48.225457973881916
    ],
    "first-digital-usd": [
        1.0004421167946786,
        1.000363420008008,
        1.0003541036031882
    ],
    "arweave": [
        38.96935795027527,
        38.73009838008334,
        38.78798995472456
    ],
    "optimism-ethereum": [
        2.2682223419258865,
        2.262450013737149,
        2.263793658202038
    ],
    "bittensor": [
        389.24130866847514,
        389.4412149145173,
        392.0580305197322
    ],