{
    "bitcoin": [
        71178,
        71083,
        71083
    ],
    "ethereum": [
        3818.4,
        3814.99,
        3814.99
    ],
    "tether": [
        0.999796,
        0.999431,
        0.999431
    ],
    "binancecoin": [
        704.24,
        700.39,
        700.39
    ],
    "solana": [
        172.16,
        172.09,
        172.09
    ],
    "staked-ether": [
        3817.06,
        3813.62,
        3813.62
    ],
    "usd-coin": [
        0.999879,
        0.999761,
        0.999761
    ],
    "ripple": [
        0.522288,
        0.523444,
        0.523444
    ],
    "dogecoin": [
        0.160916,
        0.160825,
        0.160825
    ],
    "the-open-network": [
        7.53,
        7.51,
        7.51
    ],
    "cardano": [
        0.461847,
        0.461906,
        0.461906
    ],
    "shiba-inu": [
        2.527e-05,
        2.524e-05,
        2.524e-05
    ],
    "avalanche-2": [
        35.98,
        35.97,
        35.97
    ],
    "wrapped-bitcoin": [
        71234,
        71149,
        71149
    ],
    "chainlink": [
        17.54,
        17.53,
        17.53
    ],
    "tron": [
        0.113891,
        0.113879,
        0.113879
    ],
    "polkadot": [
        7.15,
        7.15,
        7.15
    ],
    "bitcoin-cash": [
        510.79,
        509.78,
        509.78
    ],
    "near": [
        7.41,
        7.4,
        7.4
    ],
    "uniswap": [
        10.73,
        10.71,
        10.71
    ],
    "internet-computer": [
        12.05,
        12.04,
        12.04
    ],
    "unus-sed-leo": [
        5.923810812706364,
        5.924793027850309
    ],
    "multi-collateral-dai": [
        1.0001541775823066,
        1.000069113199768
    ],
    "ethereum-classic": [
        29.387441989129655,
        29.460698955719895,
        29.423851669313404
    ],
    "aptos": [
        9.16836492334818,
        9.164310620408349,
        9.150293435168647
    ],
    "render": [
        10.41993610551073,
        10.415184216887578,
        10.398556412184345
    ],
    "hedera": [
        0.1011502217427535,
        0.10111233454087257,
        0.10102543671622573
    ],
    "kaspa": [
        0.17305664688901296,
        0.17383411098340912,
        0.17355239253018004
    ],
    "dogwifhat": [
        3.292933757915744,
        3.289154251722722,
        3.289780860155518
    ],
    "cosmos": [
        8.665426579618481,
        8.666006204371874,
        8.659767612299632
    ],
    "immutable-x": [
        2.2428951375302852,
        2.241702316380499,
        2.2420956366530933
    ],
    "filecoin": [
        5.998586698348575,
        5.9901264635196005,
        5.9886217524863214
    ],
    "arbitrum": [
        1.0943606734265447,
        1.0935928402857913,
        1.0917379743176465
    ],
    "mantle": [
        1.0227883078697497,
        1.0222464008970986,
        1.0219465631252456
    ],
    "stellar": [
        0.10589494418244629,
        0.10591086031519548,
        0.10588882696496367
    ],
    "cronos": [
        0.11461148760331953,
        0.11474113566352706,
        0.11477742443353732
    ],
    "monero": [
        170.91562408965706,
        171.20424665524183,
        171.50354290429604
    ],
    "stacks": [
        2.3747687786234066,
        2.3753869837279575,
        2.3831320427408382
    ],
    "the-graph": [
        0.2942317174545791,
        0.2940937547302198,
        0.2940730605092347
    ],
    "bttc-bittorrent-chain": [
        1.16467924414919e-06,
        1.164239662417e-06,
        1.16233872303636e-06
    ],
    "cheelee-cheelee": [
        21.06078236366767,
        21.069362224564813,
        21.11474670823314
    ],
    "VET": [
        0.0342648619606039,
        0.0341757644980644
    ],
    "STX": [
        1.96018090681332,
        1.94312681136669
    ],
    "FLR": [
        0.0280572218861115,
        0.0280389009629798
    ],
    "XMR": [
        155.295737980525,
        155.188147347795
    ],
    "SAGA": [
        2.827609212773917,
        2.81039661314113
    ],
    "AR": [
        43.18042703963509,
        42.9957677008812
    ],
    "ZETA": [
        1.22988208366352,
        1.23250889339322,
        1.23341199405814
    ],
    "BGB": [
        1.2225,
        1.2225,
        1.2225
    ],
    "FLOKI": [
        0.00026691,
        0.00026701,
        0.00025869
    ],
    "ENS": [
        23.9327936181569,
        23.9710838478322,
        23.9414602953561
    ],
    "PIXEL": [
        0.49646,
        0.4954274377518841,
        0.49593
    ],
    "FTM": [
        0.806479533698492,
        0.803021610310486,
        0.803688396269601
    ],
    "INJ": [
        25.8086457389147,
        25.7996455630143,
        25.9201593958232
    ],
    "MKR": [
        2608.115289210766,
        2611.497641464672,
        2605.982840219228
    ],
    "ARKM": [
        2.626743482716449,
        2.628414754078233,
        2.629537862114028
    ],
    "RUNE": [
        6.12401912928307,
        6.12106291025862,
        6.12083431726007
    ],
    "FET": [
        2.02322687753459,
        2.02072696196508,
        2.02135415336403
    ],
    "qnt-quant": [
        90.35632366852424,
        90.29549945390185,
        90.22113778111975
    ],
    "wld-worldcoin": [
        4.931231615402511,
        4.930149701269237,
        4.9237598122926
    ],
    "akt-akash-network": [
        4.527186401450835,
        4.527474572390856,
        4.525204503881771
    ],
    "neo-neo": [
        15.15193003123626,
        15.110481635500205,
        15.114123246354284
    ],
    "egld-elrond": [
        39.31140276999742,
        39.244805263549566,
        39.20661796610668
    ],
    "ron-ronin-token": [
        3.0871737072062126,
        3.0847148085540903,
        3.08037435947568
    ],
    "sand-the-sandbox": [
        0.46951804838854333,
        0.4698245553697148,
        0.4695961956533747
    ],
    "wbnb-wrapped-bnb": [
        703.0963095980082,
        701.9463762917927,
        700.9342058310652
    ],
    "rbn-ribbon-finance": [
        0.9885661800071454,
        0.9879724354960426,
        0.980782160787907
    ],
    "ordi-ordinals": [
        59.52972295433975,
        61.33747661601033,
        61.36280367361481
    ],
    "mina-mina-protocol": [
        0.8517143785540752,
        0.8526757739900693,
        0.8523516750267235
    ],
    "kcs-kucoin-token": [
        10.387102607592121,
        10.384543821461047,
        10.38571964958142
    ],
    "pendle-pendle": [
        5.954609022649626,
        5.956221343439605,
        5.957517670789689
    ],
    "xtz-tezos": [
        0.9450842343378044,
        0.942779189730406,
        0.941879733328482
    ],
    "sei-sei": [
        0.5362840288690891,
        0.5343841009125174,
        0.5329021606155471
    ],
    "xec-ecash": [
        4.691454328947019e-05,
        4.693983462787597e-05,
        4.692143875803708e-05
    ],
    "msol-marinade-staked-sol": [
        205.345811862922,
        205.1320899573303,
        205.30677903830295
    ],
    "cfx-conflux-network": [
        0.23180208601084942,
        0.23123713343402857,
        0.2306421361316788
    ],
    "matic-network": [
        0.721606,
        0.720626,
        0.720626
    ],
    "pepe": [
        1.446e-05,
        1.444e-05,
        1.444e-05
    ],
    "litecoin": [
        84.09,
        83.99,
        83.99
    ],
    "leo-token": [
        5.99,
        5.99,
        5.99
    ],
    "okb": [
        49.438625590738454,
        49.424652992557,
        49.38592123628878
    ],
    "first-digital-usd": [
        1.0007766862653364,
        1.000825908624902,
        1.0002823732689345
    ],
    "arweave": [
        42.587937713761306,
        42.557302930273075,
        42.615277637751696
    ],
    "optimism-ethereum": [
        2.5040714616666486,
        2.502532969518467,
        2.501288110200734
    ],