{
    "bitcoin": [
        69205,
        69149,
        69090
    ],
    "ethereum": [
        3772.95,
        3770.57,
        3765.81
    ],
    "tether": [
        0.999712,
        0.99975,
        0.999793
    ],
    "binancecoin": [
        631.48,
        630.72,
        630.22
    ],
    "solana": [
        166.87,
        166.46,
        166.16
    ],
    "staked-ether": [
        3772.25,
        3768.66,
        3765.21
    ],
    "usd-coin": [
        0.999908,
        1.0,
        1.0
    ],
    "ripple": [
        0.520904,
        0.52085,
        0.520201
    ],
    "dogecoin": [
        0.158344,
        0.158304,
        0.15823
    ],
    "the-open-network": [
        6.75,
        6.75,
        6.73
    ],
    "cardano": [
        0.459209,
        0.458947,
        0.458349
    ],
    "shiba-inu": [
        2.379e-05,
        2.383e-05,
        2.381e-05
    ],
    "avalanche-2": [
        35.09,
        35.02,
        34.87
    ],
    "wrapped-bitcoin": [
        69246,
        69191,
        69079
    ],
    "chainlink": [
        17.61,
        17.58,
        17.56
    ],
    "tron": [
        0.113296,
        0.113296,
        0.113224
    ],
    "polkadot": [
        7.02,
        7.0,
        6.99
    ],
    "bitcoin-cash": [
        462.63,
        462.71,
        462.08
    ],
    "near": [
        7.08,
        7.07,
        7.05
    ],
    "uniswap": [
        9.52,
        9.51,
        9.5
    ],
    "internet-computer": [
        12.07,
        12.08,
        12.05
    ],
    "unus-sed-leo": [
        5.923810812706364,
        5.924793027850309
    ],
    "multi-collateral-dai": [
        1.0001541775823066,
        1.000069113199768
    ],
    "ethereum-classic": [
        28.475528674821625,
        28.48921596473561,
        28.469731619908817
    ],
    "aptos": [
        8.93651984217519,
        8.940211004795628,
        8.918487201640993
    ],
    "render": [
        10.07334324672445,
        10.051882875921137,
        10.047651234298076
    ],
    "hedera": [
        0.10096733453713434,
        0.10091651666430067,
        0.1003512430336924
    ],
    "kaspa": [
        0.1668059616765758,
        0.1661320365850845,
        0.1740212029070127
    ],
    "dogwifhat": [
        3.3077363747620785,
        3.3025090697398443,
        3.2741950526476256
    ],
    "cosmos": [
        8.37384732662291,
        8.36727478909926,
        8.347655027596964
    ],
    "immutable-x": [
        2.314854402391146,
        2.319086842325536,
        2.2941322985310393
    ],
    "filecoin": [
        5.802284285124078,
        5.798553223743946,
        5.782237238857994
    ],
    "arbitrum": [
        1.1070119707383594,
        1.1062800487527682,
        1.1029825232289763
    ],
    "mantle": [
        0.960477269055283,
        0.963331266171917,
        0.9619758150405896
    ],
    "stellar": [
        0.10534743086191381,
        0.10539230348941081,
        0.10509851923091633
    ],
    "cronos": [
        0.10827642300999366,
        0.10830697893981288,
        0.1082251821191055
    ],
    "monero": [
        158.10393916776013,
        157.9250036887285,
        157.6859310965213
    ],
    "stacks": [
        1.9899165395598826,
        1.9883551927564131,
        1.9737883095392448
    ],
    "the-graph": [
        0.29584876347943573,
        0.2957997368630569,
        0.2946575140266945
    ],
    "bttc-bittorrent-chain": [
        1.13668426310739e-06,
        1.14004650753961e-06,
        1.13720948732428e-06
    ],
    "cheelee-cheelee": [
        20.43100411385369,
        20.41559993460082,
        20.40818429652937
    ],
    "VET": [
        0.0342648619606039,
        0.0341757644980644
    ],
    "STX": [
        1.96018090681332,
        1.94312681136669
    ],
    "FLR": [
        0.0280572218861115,
        0.0280389009629798
    ],
    "XMR": [
        155.295737980525,
        155.188147347795
    ],
    "SAGA": [
        2.827609212773917,
        2.81039661314113
    ],
    "AR": [
        43.18042703963509,
        42.9957677008812
    ],
    "ZETA": [
        1.34315063641458,
        1.33600332024875
    ],
    "BGB": [
        1.3705,
        1.3705
    ],
    "FLOKI": [
        0.00027004,
        0.00026691,
        0.00026701
    ],
    "ENS": [
        25.0620385795477,
        24.980554011128,
        25.0000759899866
    ],
    "PIXEL": [
        0.5075035299704171,
        0.5091358288893804,
        0.5094
    ],
    "FTM": [
        0.81494311061099,
        0.810825200275531,
        0.810846650526059
    ],
    "INJ": [
        25.1846695783777,
        25.142829839177,
        25.052870671366
    ],
    "MKR": [
        2591.33333757779,
        2568.06953013984,
        2572.53851737616
    ],
    "ARKM": [
        2.4663,
        2.4587,
        2.4618
    ],
    "RUNE": [
        6.03449032565394,
        6.02560430667862,
        6.01465420359343
    ],
    "FET": [
        2.14194192970376,
        2.13518565156801,
        2.13194724769071
    ],
    "qnt-quant": [
        91.01244112550205,
        90.78755987580308,
        90.74595998243832
    ],
    "wld-worldcoin": [
        4.819993212715122,
        4.817761307477956,
        4.812498712197152
    ],
    "akt-akash-network": [
        4.382806821681207,
        4.383271755903008,
        4.3849151746646395
    ],
    "neo-neo": [
        14.768024665119588,
        14.753433481622867,
        14.708485383234274
    ],
    "egld-elrond": [
        39.08203538514081,
        39.02693758163835,
        38.895427090611435
    ],
    "ron-ronin-token": [
        3.158229017106765,
        3.168296064463386,
        3.1470660718434007
    ],
    "sand-the-sandbox": [
        0.4546038573014024,
        0.454095015934224,
        0.45288736441190364
    ],
    "wbnb-wrapped-bnb": [
        631.7797010940716,
        630.7859092425697,
        630.1769786133642
    ],
    "rbn-ribbon-finance": [
        1.000541247542094,
        1.0012890131338337,
        0.9935688141680492
    ],
    "ordi-ordinals": [
        47.37275522986587,
        47.29520219982498,
        47.23611305729853
    ],
    "mina-mina-protocol": [
        0.8682441103436103,
        0.8678373344454187,
        0.8655980604388064
    ],
    "kcs-kucoin-token": [
        10.055621660571092,
        10.042544250179668,
        10.056939276389175
    ],
    "pendle-pendle": [
        6.169731923098703,
        6.177897182264576,
        6.155762032691059
    ],
    "xtz-tezos": [
        0.9222799992051702,
        0.9208594453171571,
        0.9198856503845348
    ],
    "sei-sei": [
        0.5093878013891401,
        0.509006092609255,
        0.5063089998346849
    ],
    "xec-ecash": [
        4.608373419554174e-05,
        4.591137102238986e-05,
        4.559038685588998e-05
    ],
    "msol-marinade-staked-sol": [
        198.6108258833223,
        198.44119854642585,
        197.77136877386965
    ],
    "cfx-conflux-network": [
        0.22214747656949796,
        0.22206822138318275,
        0.22147963970885734
    ],
    "matic-network": [
        0.705967,
        0.705092,
        0.704538
    ],
    "pepe": [
        1.444e-05,
        1.445e-05,
        1.443e-05
    ],
    "litecoin": [
        82.1,
        82.1,
        81.97
    ],
    "leo-token": [
        6.02,
        6.02,
        6.0
    ],
    "okb": [
        47.17682041735563,
        47.129748601500225,
        47.030934414813615
    ],
    "first-digital-usd": [
        0.9997329836592387,
        0.9994160317828884,
        1.000105278737589
    ],
    "arweave": [
        43.409863200412225,
        43.42043846183824,
        43.19723588443357
    ],
    "optimism-ethereum": [
        2.4109451410489644,
        2.408514187710922,
        2.406149339120266
    ],
    "bittensor": [
        382.16204118907984,
        381.81160224342915,
        381.35973722930885
    ],