{
    "bitcoin": [
        71116,
        71318,
        71318
    ],
    "ethereum": [
        3814.44,
        3817.05,
        3817.05
    ],
    "tether": [
        0.999861,
        1.0,
        1.0
    ],
    "binancecoin": [
        708.17,
        707.64,
        707.64
    ],
    "solana": [
        173.64,
        174.09,
        174.09
    ],
    "staked-ether": [
        3813.62,
        3810.65,
        3810.65
    ],
    "usd-coin": [
        0.999729,
        1.001,
        1.001
    ],
    "ripple": [
        0.526165,
        0.526444,
        0.526444
    ],
    "dogecoin": [
        0.164028,
        0.164658,
        0.164658
    ],
    "the-open-network": [
        7.41,
        7.45,
        7.45
    ],
    "cardano": [
        0.462884,
        0.462721,
        0.462721
    ],
    "shiba-inu": [
        2.583e-05,
        2.619e-05,
        2.619e-05
    ],
    "avalanche-2": [
        36.35,
        36.42,
        36.42
    ],
    "wrapped-bitcoin": [
        71112,
        71153,
        71153
    ],
    "chainlink": [
        18.04,
        18.02,
        18.02
    ],
    "tron": [
        0.11398,
        0.114022,
        0.114022
    ],
    "polkadot": [
        7.26,
        7.28,
        7.28
    ],
    "bitcoin-cash": [
        484.68,
        484.12,
        484.12
    ],
    "near": [
        7.6,
        7.57,
        7.57
    ],
    "uniswap": [
        11.25,
        11.24,
        11.24
    ],
    "internet-computer": [
        12.53,
        12.51,
        12.51
    ],
    "unus-sed-leo": [
        5.923810812706364,
        5.924793027850309
    ],
    "multi-collateral-dai": [
        1.0001541775823066,
        1.000069113199768
    ],
    "ethereum-classic": [
        28.245398257432665,
        28.209715278628575,
        28.280479846943802
    ],
    "aptos": [
        9.277037838935412,
        9.27067178545042,
        9.262969598227466
    ],
    "render": [
        10.666404016916482,
        10.668868709930742,
        10.634850728013785
    ],
    "hedera": [
        0.10417850494008589,
        0.10374858446354539,
        0.10349627177473633
    ],
    "kaspa": [
        0.18056621086871227,
        0.17893293214204087,
        0.17873644907368758
    ],
    "dogwifhat": [
        3.5245385117751584,
        3.5363170664683423,
        3.5513214749861537
    ],
    "cosmos": [
        8.592522049924947,
        8.59189892923253,
        8.580747357097914
    ],
    "immutable-x": [
        2.310712265479063,
        2.3063479815149135,
        2.300698969642988
    ],
    "filecoin": [
        6.009935226275245,
        6.001545847120438,
        5.994802820126795
    ],
    "arbitrum": [
        1.1238539852924585,
        1.1227798766132613,
        1.1220434489234339
    ],
    "mantle": [
        0.9773945837095255,
        0.9755089350589929,
        0.9734764124757852
    ],
    "stellar": [
        0.10664417238129496,
        0.10660092278772132,
        0.10651943164882889
    ],
    "cronos": [
        0.11319696954325073,
        0.1131445328878415,
        0.11263203224561663
    ],
    "monero": [
        161.21777955569533,
        161.22620522723125,
        160.9091217974986
    ],
    "stacks": [
        2.259497255956944,
        2.2516287468544833,
        2.224542511135107
    ],
    "the-graph": [
        0.30171008897652013,
        0.3018443230454013,
        0.30132107319049284
    ],
    "bttc-bittorrent-chain": [
        1.16534868134906e-06,
        1.16596281504692e-06,
        1.16466585933429e-06
    ],
    "cheelee-cheelee": [
        20.928858415600875,
        20.97171711817694,
        20.98985350255507
    ],
    "VET": [
        0.0342648619606039,
        0.0341757644980644
    ],
    "STX": [
        1.96018090681332,
        1.94312681136669
    ],
    "FLR": [
        0.0280572218861115,
        0.0280389009629798
    ],
    "XMR": [
        155.295737980525,
        155.188147347795
    ],
    "SAGA": [
        2.827609212773917,
        2.81039661314113
    ],
    "AR": [
        43.18042703963509,
        42.9957677008812
    ],
    "ZETA": [
        1.34315063641458,
        1.33600332024875
    ],
    "BGB": [
        1.3705,
        1.3705
    ],
    "FLOKI": [
        0.00026691,
        0.00026701,
        0.00025869
    ],
    "ENS": [
        25.2002636294722,
        25.1831841607066,
        25.2086269239811
    ],
    "PIXEL": [
        0.49236,
        0.48952,
        0.489
    ],
    "FTM": [
        0.81494311061099,
        0.810825200275531,
        0.810846650526059
    ],
    "INJ": [
        25.8086457389147,
        25.7996455630143,
        25.9201593958232
    ],
    "MKR": [
        2658.89260369574,
        2655.56278151193,
        2646.61559260119
    ],
    "ARKM": [
        2.4701,
        2.4832,
        2.4884
    ],
    "RUNE": [
        6.30174193376398,
        6.25681918759905,
        6.30179725641171
    ],
    "FET": [
        2.20103751176104,
        2.19669129857894,
        2.1908120144898
    ],
    "qnt-quant": [
        90.6776563743301,
        90.57029449202412,
        90.72288746737762
    ],
    "wld-worldcoin": [
        4.914717285054073,
        4.904819233470385,
        4.901018718597828
    ],
    "akt-akash-network": [
        4.501603448583011,
        4.501213774537086,
        4.4889859177431735
    ],
    "neo-neo": [
        15.24932786053687,
        15.225048780318543,
        15.193167806658954
    ],
    "egld-elrond": [
        39.86677246555918,
        39.90461547884696,
        39.80922502190754
    ],
    "ron-ronin-token": [
        3.12372609280824,
        3.1255043177633115,
        3.119696488822382
    ],
    "sand-the-sandbox": [
        0.4663711386214588,
        0.46476184379776886,
        0.46487969941935386
    ],
    "wbnb-wrapped-bnb": [
        707.3398349790356,
        707.3398349790356,
        706.7270375719412
    ],
    "rbn-ribbon-finance": [
        0.9885661800071454,
        0.9879724354960426,
        0.980782160787907
    ],
    "ordi-ordinals": [
        56.95164809926036,
        56.51892847325657,
        56.351082255918925
    ],
    "mina-mina-protocol": [
        0.859587495056852,
        0.8618220682877623,
        0.8594994357188683
    ],
    "kcs-kucoin-token": [
        10.147428110925912,
        10.140978356001876,
        10.141554277323161
    ],
    "pendle-pendle": [
        6.165446290612242,
        6.163925738168761,
        6.158356937556481
    ],
    "xtz-tezos": [
        0.9547283807752303,
        0.953792882677695,
        0.9515295844931418
    ],
    "sei-sei": [
        0.5254096919327581,
        0.5235633642333172,
        0.5225218793047488
    ],
    "xec-ecash": [
        4.754803006090778e-05,
        4.759273341296166e-05,
        4.759724147200657e-05
    ],
    "msol-marinade-staked-sol": [
        206.71382304030774,
        207.0663433231366,
        207.04495582339686
    ],
    "cfx-conflux-network": [
        0.2212985412578897,
        0.2216218147611572,
        0.2294484355944873
    ],
    "matic-network": [
        0.719128,
        0.71814,
        0.71814
    ],
    "pepe": [
        1.47e-05,
        1.481e-05,
        1.481e-05
    ],
    "litecoin": [
        83.95,
        83.91,
        83.91
    ],
    "leo-token": [
        5.95,
        5.94,
        5.94
    ],
    "okb": [
        49.396258681139436,
        49.39642424768475,
        49.37773352425204
    ],
    "first-digital-usd": [
        0.9995921862380098,
        0.9995677337105118,
        0.9998182327483878
    ],
    "arweave": [
        45.376237728094345,
        45.34554977037633,
        45.18975977529007
    ],
    "optimism-ethereum": [
        2.5286362346899103,
        2.5271417014212347,
        2.5259328959962026
    ],
    "bittensor": [
        401.3207422049832,
        400.7708083628648,
        400.1122596082003
    ],