{
    "bitcoin": [
        70917,
        70893,
        70893
    ],
    "ethereum": [
        3822.23,
        3817.53,
        3817.53
    ],
    "tether": [
        1.0,
        1.0,
        1.0
    ],
    "binancecoin": [
        669.16,
        669.04,
        669.04
    ],
    "solana": [
        169.88,
        169.81,
        169.81
    ],
    "staked-ether": [
        3821.1,
        3816.3,
        3816.3
    ],
    "usd-coin": [
        1.0,
        1.0,
        1.0
    ],
    "ripple": [
        0.526116,
        0.526215,
        0.526215
    ],
    "dogecoin": [
        0.161688,
        0.161518,
        0.161518
    ],
    "the-open-network": [
        7.03,
        6.98,
        6.98
    ],
    "cardano": [
        0.465114,
        0.464555,
        0.464555
    ],
    "shiba-inu": [
        2.462e-05,
        2.462e-05,
        2.462e-05
    ],
    "avalanche-2": [
        36.21,
        36.05,
        36.05
    ],
    "wrapped-bitcoin": [
        70830,
        70824,
        70824
    ],
    "chainlink": [
        17.81,
        17.76,
        17.76
    ],
    "tron": [
        0.11429,
        0.114264,
        0.114264
    ],
    "polkadot": [
        7.2,
        7.21,
        7.21
    ],
    "bitcoin-cash": [
        476.34,
        475.72,
        475.72
    ],
    "near": [
        7.46,
        7.44,
        7.44
    ],
    "uniswap": [
        11.77,
        11.7,
        11.7
    ],
    "internet-computer": [
        12.26,
        12.25,
        12.25
    ],
    "unus-sed-leo": [
        5.923810812706364,
        5.924793027850309
    ],
    "multi-collateral-dai": [
        1.0001541775823066,
        1.000069113199768
    ],
    "ethereum-classic": [
        28.245398257432665,
        28.209715278628575,
        28.280479846943802
    ],
    "aptos": [
        9.219324540490861,
        9.201839952177933,
        9.184517522512742
    ],
    "render": [
        10.39785629337167,
        10.40373137828017,
        10.381977698359572
    ],
    "hedera": [
        0.10242157522035614,
        0.10243900300929486,
        0.10243207564092363
    ],
    "kaspa": [
        0.1770741559877691,
        0.1770312141112078,
        0.1762759163772324
    ],
    "dogwifhat": [
        3.46564937851493,
        3.4537793543687436,
        3.4540860482136937
    ],
    "cosmos": [
        8.533762227935341,
        8.531001289411284,
        8.532442613110694
    ],
    "immutable-x": [
        2.3115658507822334,
        2.309435101002834,
        2.307353202982994
    ],
    "filecoin": [
        6.015920823131272,
        6.001586142367748,
        5.999216771997055
    ],
    "arbitrum": [
        1.1133837480062132,
        1.1104195394595553,
        1.109681866777123
    ],
    "mantle": [
        0.9690401652321522,
        0.9681914492447833,
        0.967204637515421
    ],
    "stellar": [
        0.10655268087215998,
        0.10656878028249923,
        0.10663301276289308
    ],
    "cronos": [
        0.10949873768104129,
        0.10944021536569348,
        0.1094904254046166
    ],
    "monero": [
        157.33657805089678,
        157.347448608984,
        157.43167131822082
    ],
    "stacks": [
        2.1138085335862264,
        2.106887711764089,
        2.1041117634774307
    ],
    "the-graph": [
        0.30127674771825647,
        0.3008597226977113,
        0.30038621912941593
    ],
    "bttc-bittorrent-chain": [
        1.15553836546058e-06,
        1.15551198564295e-06,
        1.15393551103274e-06
    ],
    "cheelee-cheelee": [
        20.70235753345053,
        20.737365839556443,
        20.75572618419918
    ],
    "VET": [
        0.0342648619606039,
        0.0341757644980644
    ],
    "STX": [
        1.96018090681332,
        1.94312681136669
    ],
    "FLR": [
        0.0280572218861115,
        0.0280389009629798
    ],
    "XMR": [
        155.295737980525,
        155.188147347795
    ],
    "SAGA": [
        2.827609212773917,
        2.81039661314113
    ],
    "AR": [
        43.18042703963509,
        42.9957677008812
    ],
    "ZETA": [
        1.34315063641458,
        1.33600332024875
    ],
    "BGB": [
        1.3705,
        1.3705
    ],
    "FLOKI": [
        0.00026691,
        0.00026701,
        0.00025869
    ],
    "ENS": [
        25.2800517526804,
        25.2195822764107,
        25.2402281044235
    ],
    "PIXEL": [
        0.48872,
        0.48922,
        0.49075
    ],
    "FTM": [
        0.81494311061099,
        0.810825200275531,
        0.810846650526059
    ],
    "INJ": [
        25.5069043348649,
        25.4728905859761,
        25.2069775759308
    ],
    "MKR": [
        2626.4863584653,
        2618.19713759826,
        2621.10444575862
    ],
    "ARKM": [
        2.4701,
        2.4832,
        2.4884
    ],
    "RUNE": [
        6.17470504592002,
        6.18708032023869,
        6.18316291789175
    ],
    "FET": [
        2.13042747164498,
        2.13188008747333,
        2.13332688974041
    ],
    "qnt-quant": [
        91.2225729032429,
        91.33772043584584,
        91.27746701437026
    ],
    "wld-worldcoin": [
        4.795565701971567,
        4.800098096091291,
        4.798018271710724
    ],
    "akt-akash-network": [
        4.496008616093997,
        4.494477641688944,
        4.508662795249359
    ],
    "neo-neo": [
        15.047933200517255,
        15.062783435793207,
        15.064419749266731
    ],
    "egld-elrond": [
        39.51210708051986,
        39.4852993413791,
        39.44297932136168
    ],
    "ron-ronin-token": [
        3.07609890998808,
        3.0754980769867815,
        3.0741851136543317
    ],
    "sand-the-sandbox": [
        0.46232189412843094,
        0.4621922100969044,
        0.4618396160409943
    ],
    "wbnb-wrapped-bnb": [
        667.6524637988362,
        668.4831514771668,
        667.7655364458407
    ],
    "rbn-ribbon-finance": [
        0.9885661800071454,
        0.9879724354960426,
        0.980782160787907
    ],
    "ordi-ordinals": [
        54.37523132207589,
        54.21186578150287,
        54.608404711632396
    ],
    "mina-mina-protocol": [
        0.8534449977661935,
        0.8546263212810177,
        0.8531961650168033
    ],
    "kcs-kucoin-token": [
        10.093745823439676,
        10.094153267243524,
        10.087982772918881
    ],
    "pendle-pendle": [
        6.317447549180812,
        6.320801840070074,
        6.32134671597635
    ],
    "xtz-tezos": [
        0.9492315586165423,
        0.9486025910432994,
        0.9474456976048752
    ],
    "sei-sei": [
        0.523892539506901,
        0.5232573131913186,
        0.5217380912330267
    ],
    "xec-ecash": [
        4.665637688182953e-05,
        4.663396831743708e-05,
        4.662500477459253e-05
    ],
    "msol-marinade-staked-sol": [
        201.92683303681767,
        201.976256405457,
        202.30247690625416
    ],
    "cfx-conflux-network": [
        0.2212836742468146,
        0.2212985412578897,
        0.2216218147611572
    ],
    "matic-network": [
        0.718056,
        0.717008,
        0.717008
    ],
    "pepe": [
        1.45e-05,
        1.452e-05,
        1.452e-05
    ],
    "litecoin": [
        83.33,
        83.28,
        83.28
    ],
    "leo-token": [
        5.94,
        5.94,
        5.94
    ],
    "okb": [
        48.10637467371426,
        48.10485139985694,
        48.04685892674761
    ],
    "first-digital-usd": [
        1.0006985322123223,
        1.000232414920197,
        1.0003554009201414
    ],
    "arweave": [
        45.602818495836466,
        45.71005527148496,
        45.63656860897781
    ],
    "optimism-ethereum": [
        2.4673296058239935,
        2.4653335546792263,
        2.4605920489911615
    ],
    "bittensor": [
        397.00371539752257,
        397.5980283069664,
        395.1924755399291
    ],
    "floki-inu": [
        0.0002892122493118324,
        0.0002891164939805142,
        0.0002903758100661533
    ],