{
    "bitcoin": [
        69205,
        69205,
        69149
    ],
    "ethereum": [
        3772.95,
        3772.95,
        3770.57
    ],
    "tether": [
        0.999712,
        0.999712,
        0.99975
    ],
    "binancecoin": [
        631.48,
        631.48,
        630.72
    ],
    "solana": [
        166.87,
        166.87,
        166.46
    ],
    "staked-ether": [
        3772.25,
        3772.25,
        3768.66
    ],
    "usd-coin": [
        0.999908,
        0.999908,
        1.0
    ],
    "ripple": [
        0.520904,
        0.520904,
        0.52085
    ],
    "dogecoin": [
        0.158344,
        0.158344,
        0.158304
    ],
    "the-open-network": [
        6.75,
        6.75,
        6.75
    ],
    "cardano": [
        0.459209,
        0.459209,
        0.458947
    ],
    "shiba-inu": [
        2.379e-05,
        2.379e-05,
        2.383e-05
    ],
    "avalanche-2": [
        35.09,
        35.09,
        35.02
    ],
    "wrapped-bitcoin": [
        69246,
        69246,
        69191
    ],
    "chainlink": [
        17.61,
        17.61,
        17.58
    ],
    "tron": [
        0.113296,
        0.113296,
        0.113296
    ],
    "polkadot": [
        7.02,
        7.02,
        7.0
    ],
    "bitcoin-cash": [
        462.63,
        462.63,
        462.71
    ],
    "near": [
        7.08,
        7.08,
        7.07
    ],
    "uniswap": [
        9.52,
        9.52,
        9.51
    ],
    "internet-computer": [
        12.07,
        12.07,
        12.08
    ],
    "unus-sed-leo": [
        5.923810812706364,
        5.924793027850309
    ],
    "multi-collateral-dai": [
        1.0001541775823066,
        1.000069113199768
    ],
    "ethereum-classic": [
        28.475211240174474,
        28.475528674821625,
        28.48921596473561
    ],
    "aptos": [
        8.938460579127922,
        8.93651984217519,
        8.940211004795628
    ],
    "render": [
        10.072075312344126,
        10.07334324672445,
        10.051882875921137
    ],
    "hedera": [
        0.10103538410974272,
        0.10096733453713434,
        0.10091651666430067
    ],
    "kaspa": [
        0.1668059616765758,
        0.1661320365850845,
        0.1740212029070127
    ],
    "dogwifhat": [
        3.2990004954837078,
        3.3077363747620785,
        3.3025090697398443
    ],
    "cosmos": [
        8.380721562559552,
        8.37384732662291,
        8.36727478909926
    ],
    "immutable-x": [
        2.3251946708158346,
        2.314854402391146,
        2.319086842325536
    ],
    "filecoin": [
        5.8001381911704355,
        5.802284285124078,
        5.798553223743946
    ],
    "arbitrum": [
        1.1082425172111574,
        1.1070119707383594,
        1.1062800487527682
    ],
    "mantle": [
        0.9631361904517866,
        0.960477269055283,
        0.963331266171917
    ],
    "stellar": [
        0.10534806845787441,
        0.10534743086191381,
        0.10539230348941081
    ],
    "cronos": [
        0.10848510209322995,
        0.10827642300999366,
        0.10830697893981288
    ],
    "monero": [
        158.23236775860877,
        158.10393916776013,
        157.9250036887285
    ],
    "stacks": [
        1.9929802158961563,
        1.9899165395598826,
        1.9883551927564131
    ],
    "the-graph": [
        0.2961739132828323,
        0.29584876347943573,
        0.2957997368630569
    ],
    "bttc-bittorrent-chain": [
        1.14568743185319e-06,
        1.13668426310739e-06,
        1.14004650753961e-06
    ],
    "cheelee-cheelee": [
        20.518525584301877,
        20.43100411385369,
        20.41559993460082
    ],
    "VET": [
        0.0342648619606039,
        0.0341757644980644
    ],
    "STX": [
        1.96018090681332,
        1.94312681136669
    ],
    "FLR": [
        0.0280572218861115,
        0.0280389009629798
    ],
    "XMR": [
        155.295737980525,
        155.188147347795
    ],
    "SAGA": [
        2.827609212773917,
        2.81039661314113
    ],
    "AR": [
        43.18042703963509,
        42.9957677008812
    ],
    "ZETA": [
        1.34315063641458,
        1.33600332024875
    ],
    "BGB": [
        1.3705,
        1.3705
    ],
    "FLOKI": [
        0.00027004,
        0.00026691,
        0.00026701
    ],
    "ENS": [
        25.2302598592171,
        25.0620385795477,
        24.980554011128
    ],
    "PIXEL": [
        0.5075035299704171,
        0.5091358288893804,
        0.5094
    ],
    "FTM": [
        0.81494311061099,
        0.810825200275531,
        0.810846650526059
    ],
    "INJ": [
        25.1846695783777,
        25.142829839177,
        25.052870671366
    ],
    "MKR": [
        2591.33333757779,
        2568.06953013984,
        2572.53851737616
    ],
    "ARKM": [
        2.47,
        2.4663,
        2.4587
    ],
    "RUNE": [
        6.03397501630941,
        6.03449032565394,
        6.02560430667862
    ],
    "FET": [
        2.14380623542352,
        2.14194192970376,
        2.13518565156801
    ],
    "qnt-quant": [
        91.02610001455771,
        91.01244112550205,
        90.78755987580308
    ],
    "wld-worldcoin": [
        4.819349459812714,
        4.819993212715122,
        4.817761307477956
    ],
    "akt-akash-network": [
        4.384826001498262,
        4.382806821681207,
        4.383271755903008
    ],
    "neo-neo": [
        14.768024665119588,
        14.768024665119588,
        14.753433481622867
    ],
    "egld-elrond": [
        39.09284468770464,
        39.08203538514081,
        39.02693758163835
    ],
    "ron-ronin-token": [
        3.1673803844155914,
        3.158229017106765,
        3.168296064463386
    ],
    "sand-the-sandbox": [
        0.45416751075452677,
        0.4546038573014024,
        0.454095015934224
    ],
    "wbnb-wrapped-bnb": [
        632.0073310812326,
        631.7797010940716,
        630.7859092425697
    ],
    "rbn-ribbon-finance": [
        1.0005778176115308,
        1.000541247542094,
        1.0012890131338337
    ],
    "ordi-ordinals": [
        47.48635004788963,
        47.37275522986587,
        47.29520219982498
    ],
    "mina-mina-protocol": [
        0.8710747159868744,
        0.8682441103436103,
        0.8678373344454187
    ],
    "kcs-kucoin-token": [
        10.05904882182957,
        10.055621660571092,
        10.042544250179668
    ],
    "pendle-pendle": [
        6.170357849390418,
        6.169731923098703,
        6.177897182264576
    ],
    "xtz-tezos": [
        0.9210784912972465,
        0.9222799992051702,
        0.9208594453171571
    ],
    "sei-sei": [
        0.5104722127194085,
        0.5093878013891401,
        0.509006092609255
    ],
    "xec-ecash": [
        4.591259736589118e-05,
        4.608373419554174e-05,
        4.591137102238986e-05
    ],
    "msol-marinade-staked-sol": [
        198.6091522672442,
        198.6108258833223,
        198.44119854642585
    ],
    "cfx-conflux-network": [
        0.2220774486275434,
        0.22214747656949796,
        0.22206822138318275
    ],
    "matic-network": [
        0.705967,
        0.705967,
        0.705092
    ],
    "pepe": [
        1.444e-05,
        1.444e-05,
        1.445e-05
    ],
    "litecoin": [
        82.1,
        82.1,
        82.1
    ],
    "leo-token": [
        6.02,
        6.02,
        6.02
    ],
    "okb": [
        46.82745446161664,
        47.17682041735563,
        47.129748601500225
    ],
    "first-digital-usd": [
        1.00004202969585,
        0.9997329836592387,
        0.9994160317828884
    ],
    "arweave": [
        43.432982828860126,
        43.409863200412225,
        43.42043846183824
    ],
    "optimism-ethereum": [
        2.4145721468729837,
        2.4109451410489644,
        2.408514187710922
    ],
    "bittensor": [
        381.89784174545304,
        382.16204118907984,
        381.81160224342915
    ],