{
    "bitcoin": [
        70711,
        70711,
        70554
    ],
    "ethereum": [
        3816.35,
        3816.35,
        3815.3
    ],
    "tether": [
        1.0,
        1.0,
        0.998869
    ],
    "binancecoin": [
        680.9,
        680.9,
        683.89
    ],
    "solana": [
        170.3,
        170.3,
        170.2
    ],
    "staked-ether": [
        3818.59,
        3818.59,
        3814.63
    ],
    "usd-coin": [
        1.0,
        1.0,
        0.999384
    ],
    "ripple": [
        0.525576,
        0.525576,
        0.525297
    ],
    "dogecoin": [
        0.160949,
        0.160949,
        0.161114
    ],
    "the-open-network": [
        7.23,
        7.23,
        7.19
    ],
    "cardano": [
        0.462147,
        0.462147,
        0.462011
    ],
    "shiba-inu": [
        2.453e-05,
        2.453e-05,
        2.458e-05
    ],
    "avalanche-2": [
        35.9,
        35.9,
        35.86
    ],
    "wrapped-bitcoin": [
        70689,
        70689,
        70600
    ],
    "chainlink": [
        17.7,
        17.7,
        17.7
    ],
    "tron": [
        0.114365,
        0.114365,
        0.114306
    ],
    "polkadot": [
        7.2,
        7.2,
        7.2
    ],
    "bitcoin-cash": [
        477.77,
        477.77,
        477.37
    ],
    "near": [
        7.39,
        7.39,
        7.42
    ],
    "uniswap": [
        11.31,
        11.31,
        11.24
    ],
    "internet-computer": [
        12.29,
        12.29,
        12.27
    ],
    "unus-sed-leo": [
        5.923810812706364,
        5.924793027850309
    ],
    "multi-collateral-dai": [
        1.0001541775823066,
        1.000069113199768
    ],
    "ethereum-classic": [
        28.245398257432665,
        28.209715278628575,
        28.280479846943802
    ],
    "aptos": [
        9.134344708535188,
        9.136317281400084,
        9.15090269704034
    ],
    "render": [
        10.335440611529267,
        10.331326336309683,
        10.34228380509085
    ],
    "hedera": [
        0.10214930405465694,
        0.102178514288612,
        0.10225161214684911
    ],
    "kaspa": [
        0.18008797871418575,
        0.17978658275945703,
        0.18056286335908886
    ],
    "dogwifhat": [
        3.3900489469446775,
        3.3863755122498542,
        3.390423729555246
    ],
    "cosmos": [
        8.524008399664993,
        8.516534139569965,
        8.52287093960649
    ],
    "immutable-x": [
        2.298779356918468,
        2.298189169102043,
        2.296768459946668
    ],
    "filecoin": [
        5.947929747925129,
        5.943454429821396,
        5.94548952913296
    ],
    "arbitrum": [
        1.1039685787854272,
        1.1028255658480306,
        1.1035833292223665
    ],
    "mantle": [
        0.9661018656729773,
        0.9646171156365496,
        0.9643463052310842
    ],
    "stellar": [
        0.10645317931425138,
        0.10637046458425117,
        0.10632582838418572
    ],
    "cronos": [
        0.11101165475155081,
        0.11104528934302103,
        0.11093042331344172
    ],
    "monero": [
        159.81620138863212,
        159.60453405371481,
        159.57195112422477
    ],
    "stacks": [
        2.1216581525491813,
        2.120312532140059,
        2.1176351957183135
    ],
    "the-graph": [
        0.3000167967284867,
        0.299724393162647,
        0.29995251078734475
    ],
    "bttc-bittorrent-chain": [
        1.15069740776206e-06,
        1.1487691819571e-06,
        1.15082676544804e-06
    ],
    "cheelee-cheelee": [
        20.833332612039207,
        20.847469973715004,
        20.859414657058668
    ],
    "VET": [
        0.0342648619606039,
        0.0341757644980644
    ],
    "STX": [
        1.96018090681332,
        1.94312681136669
    ],
    "FLR": [
        0.0280572218861115,
        0.0280389009629798
    ],
    "XMR": [
        155.295737980525,
        155.188147347795
    ],
    "SAGA": [
        2.827609212773917,
        2.81039661314113
    ],
    "AR": [
        43.18042703963509,
        42.9957677008812
    ],
    "ZETA": [
        1.34315063641458,
        1.33600332024875
    ],
    "BGB": [
        1.3705,
        1.3705
    ],
    "FLOKI": [
        0.00026691,
        0.00026701,
        0.00025869
    ],
    "ENS": [
        25.0568954728052,
        24.9612453520125,
        24.9986826327273
    ],
    "PIXEL": [
        0.48411,
        0.48406,
        0.48406
    ],
    "FTM": [
        0.81494311061099,
        0.810825200275531,
        0.810846650526059
    ],
    "INJ": [
        25.209360536297,
        25.1747471105541,
        25.2391276062192
    ],
    "MKR": [
        2618.19713759826,
        2621.10444575862,
        2615.17302339551
    ],
    "ARKM": [
        2.4701,
        2.4832,
        2.4884
    ],
    "RUNE": [
        6.18907601451788,
        6.18774859064975,
        6.18347609387089
    ],
    "FET": [
        2.10673331036109,
        2.107306161885,
        2.11079608813836
    ],
    "qnt-quant": [
        91.4083309645296,
        91.30834943516793,
        91.22732362905748
    ],
    "wld-worldcoin": [
        4.8209748201197025,
        4.818858935408554,
        4.827258356084065
    ],
    "akt-akash-network": [
        4.4508594890675495,
        4.455258965327812,
        4.453427298284989
    ],
    "neo-neo": [
        15.02783105546902,
        15.03085433739915,
        15.029096373140252
    ],
    "egld-elrond": [
        39.06970997422199,
        39.03966140069437,
        39.11459923601833
    ],
    "ron-ronin-token": [
        3.064360829991233,
        3.0635525754037185,
        3.061867461453269
    ],
    "sand-the-sandbox": [
        0.4619435191664612,
        0.4612908034777686,
        0.46180220986866544
    ],
    "wbnb-wrapped-bnb": [
        679.5682013364817,
        682.1642988890986,
        682.0496822714704
    ],
    "rbn-ribbon-finance": [
        0.9885661800071454,
        0.9879724354960426,
        0.980782160787907
    ],
    "ordi-ordinals": [
        56.243904318746324,
        56.36421197558572,
        56.039165500923225
    ],
    "mina-mina-protocol": [
        0.8464795891368527,
        0.844889151106574,
        0.8461127899058337
    ],
    "kcs-kucoin-token": [
        10.086954096681918,
        10.080651644772983,
        10.090733928604788
    ],
    "pendle-pendle": [
        6.184024400827462,
        6.1791747958523535,
        6.163569775797347
    ],
    "xtz-tezos": [
        0.9488283124711868,
        0.9492493462008844,
        0.9487350861331184
    ],
    "sei-sei": [
        0.5226123255291665,
        0.5224609577490168,
        0.5223272301137177
    ],
    "xec-ecash": [
        4.684668744644112e-05,
        4.679321863041983e-05,
        4.680101100910002e-05
    ],
    "msol-marinade-staked-sol": [
        203.04611809946513,
        202.79785945273363,
        202.40653543953158
    ],
    "cfx-conflux-network": [
        0.2212836742468146,
        0.2212985412578897,
        0.2216218147611572
    ],
    "matic-network": [
        0.71402,
        0.71402,
        0.71347
    ],
    "pepe": [
        1.421e-05,
        1.421e-05,
        1.427e-05
    ],
    "litecoin": [
        83.45,
        83.45,
        83.43
    ],
    "leo-token": [
        5.95,
        5.95,
        5.95
    ],
    "okb": [
        48.12686233116143,
        48.187174933234665,
        48.190904920322474
    ],
    "first-digital-usd": [
        1.0003684606938712,
        1.0005400356318037,
        1.0004372764861975
    ],
    "arweave": [
        46.17872211979726,
        46.09222974248575,
        46.01097177587341
    ],
    "optimism-ethereum": [
        2.4659689819984054,
        2.467536581378459,
        2.4684529757541642
    ],
    "bittensor": [
        395.6922698325936,
        396.6528463510777,
        396.90839757117783
    ],
    "floki-inu": [
        0.0002960008146064286,
        0.0002987937365879333,
        0.00029977911480616606
    ],