{
    "bitcoin": [
        69280,
        69201,
        69201
    ],
    "ethereum": [
        3790.96,
        3785.73,
        3785.73
    ],
    "tether": [
        1.0,
        0.999724,
        0.999724
    ],
    "binancecoin": [
        629.94,
        628.19,
        628.19
    ],
    "solana": [
        164.79,
        164.85,
        164.85
    ],
    "staked-ether": [
        3790.36,
        3786.98,
        3786.98
    ],
    "usd-coin": [
        1.001,
        0.999929,
        0.999929
    ],
    "ripple": [
        0.52068,
        0.520528,
        0.520528
    ],
    "dogecoin": [
        0.160903,
        0.160983,
        0.160983
    ],
    "the-open-network": [
        6.65,
        6.65,
        6.65
    ],
    "cardano": [
        0.451918,
        0.451921,
        0.451921
    ],
    "shiba-inu": [
        2.482e-05,
        2.483e-05,
        2.483e-05
    ],
    "avalanche-2": [
        35.47,
        35.58,
        35.58
    ],
    "wrapped-bitcoin": [
        69227,
        69202,
        69202
    ],
    "chainlink": [
        17.98,
        17.94,
        17.94
    ],
    "tron": [
        0.113428,
        0.113305,
        0.113305
    ],
    "polkadot": [
        7.11,
        7.12,
        7.12
    ],
    "bitcoin-cash": [
        469.06,
        468.47,
        468.47
    ],
    "near": [
        7.32,
        7.32,
        7.32
    ],
    "uniswap": [
        9.66,
        9.64,
        9.64
    ],
    "internet-computer": [
        12.07,
        12.06,
        12.06
    ],
    "unus-sed-leo": [
        5.923810812706364,
        5.924793027850309
    ],
    "multi-collateral-dai": [
        1.0001541775823066,
        1.000069113199768
    ],
    "ethereum-classic": [
        29.24604814725347,
        29.20352121967086
    ],
    "aptos": [
        9.033899343620348,
        9.032858502858664,
        9.033822713470185
    ],
    "render": [
        10.031481188947618,
        10.018819504712582,
        10.017035828264781
    ],
    "hedera": [
        0.10242421091994697,
        0.10238552169502614,
        0.10241726113024897
    ],
    "kaspa": [
        0.15061727017857846,
        0.15108430392735192,
        0.15127927609939892
    ],
    "dogwifhat": [
        3.3530271884840603,
        3.3595331343292143,
        3.3532074206757354
    ],
    "cosmos": [
        8.447521932896608,
        8.439718775099145,
        8.43330642090826
    ],
    "immutable-x": [
        2.2423979632161157,
        2.243461388728579,
        2.243725204132046
    ],
    "filecoin": [
        5.835517593925627,
        5.832150682798367,
        5.829122213924757
    ],
    "arbitrum": [
        1.1249713129827388,
        1.1247635183250575,
        1.1246521965262057
    ],
    "mantle": [
        0.9687644731392516,
        0.9692789990820628,
        0.9685345394323851
    ],
    "stellar": [
        0.10646819866668901,
        0.10646175208356168,
        0.10649995409226157
    ],
    "cronos": [
        0.11082662277637802,
        0.11079927576526487,
        0.1109493373850667
    ],
    "monero": [
        153.31365228311105,
        153.01712728092193,
        153.1364676151786
    ],
    "stacks": [
        1.9376175866504235,
        1.9408429645980214,
        1.9484008642006583
    ],
    "the-graph": [
        0.30063196893834,
        0.30043573310328925,
        0.3006619762891931
    ],
    "bttc-bittorrent-chain": [
        1.15309767260089e-06,
        1.15285807606638e-06,
        1.15336018246897e-06
    ],
    "cheelee-cheelee": [
        20.496998426717695,
        20.393075214208928,
        20.41457655050159
    ],
    "VET": [
        0.0342648619606039,
        0.0341757644980644
    ],
    "STX": [
        1.96018090681332,
        1.94312681136669
    ],
    "FLR": [
        0.0280572218861115,
        0.0280389009629798
    ],
    "XMR": [
        155.295737980525,
        155.188147347795
    ],
    "SAGA": [
        2.827609212773917,
        2.81039661314113
    ],
    "AR": [
        43.18042703963509,
        42.9957677008812
    ],
    "ZETA": [
        1.34315063641458,
        1.33600332024875
    ],
    "BGB": [
        1.3705,
        1.3705
    ],
    "FLOKI": [
        0.00027295,
        0.00027004
    ],
    "ENS": [
        26.3575212769899,
        25.9827673016465
    ],
    "PIXEL": [
        0.5048456534680248,
        0.5075035299704171,
        0.5091358288893804
    ],
    "FTM": [
        0.81494311061099,
        0.810825200275531,
        0.810846650526059
    ],
    "INJ": [
        25.5377857730697,
        25.4948089189,
        25.7628291130794
    ],
    "MKR": [
        2599.55066374925,
        2600.0613140327,
        2601.38572224432
    ],
    "ARKM": [
        2.4817,
        2.4877,
        2.4883
    ],
    "RUNE": [
        6.00670134963892,
        6.01039316551537,
        6.01404734925799
    ],
    "FET": [
        2.16585286756842,
        2.17314265168235,
        2.17550145100355
    ],
    "qnt-quant": [
        91.56645744233,
        91.41354604327654,
        91.4892827265652
    ],
    "wld-worldcoin": [
        4.738358505965656,
        4.750758954413753,
        4.745415677416339
    ],
    "akt-akash-network": [
        4.455355508350453,
        4.458256060361475,
        4.463845540338181
    ],
    "neo-neo": [
        14.883794732976204,
        14.886258289340077,
        14.922176616365073
    ],
    "egld-elrond": [
        38.815173157173234,
        38.848903685980936,
        38.88433190252193
    ],
    "ron-ronin-token": [
        3.187679575516915,
        3.1742504292852227,
        3.187604854454134
    ],
    "sand-the-sandbox": [
        0.46095857622189373,
        0.45898343770064276,
        0.4599266485384749
    ],
    "wbnb-wrapped-bnb": [
        628.9460441746121,
        628.202048590263,
        627.7895597508945
    ],
    "rbn-ribbon-finance": [
        0.9885433595266868,
        0.9876567355311273,
        0.9877849877575028
    ],
    "ordi-ordinals": [
        47.714606835520016,
        47.92067403012095,
        47.8570033656988
    ],
    "mina-mina-protocol": [
        0.8757164449160876,
        0.8769825655937589,
        0.8755216714790028
    ],
    "kcs-kucoin-token": [
        10.105137387230302,
        10.113525500878461,
        10.120376139050423
    ],
    "pendle-pendle": [
        6.148213566889651,
        6.149334459603292,
        6.149072333305383
    ],
    "xtz-tezos": [
        0.9438994051254339,
        0.9424567198364481,
        0.945509441828073
    ],
    "sei-sei": [
        0.5109149377986963,
        0.5108776184482766,
        0.5110462125946487
    ],
    "xec-ecash": [
        4.680320138053678e-05,
        4.683370624830457e-05,
        4.687718687307006e-05
    ],
    "msol-marinade-staked-sol": [
        196.31133455630018,
        196.08034159296434,
        196.59128672292456
    ],
    "cfx-conflux-network": [
        0.22095842543568733,
        0.22098230801235635,
        0.22084824939170408
    ],
    "matic-network": [
        0.706326,
        0.705464,
        0.705464
    ],
    "pepe": [
        1.5e-05,
        1.504e-05,
        1.504e-05
    ],
    "litecoin": [
        83.28,
        83.22,
        83.22
    ],
    "leo-token": [
        5.96,
        5.95,
        5.95
    ],
    "okb": [
        46.852504440703555,
        46.81111844684951,
        46.82300394147066
    ],
    "first-digital-usd": [
        0.9997909603666298,
        0.9999790127884668,
        0.9995321790188909
    ],
    "arweave": [
        42.78544944544991,
        43.030790325676385,
        43.018101394040244
    ],
    "optimism-ethereum": [
        2.441433199702938,
        2.441314062604324,
        2.4381498909195507
    ],
    "bittensor": [
        383.3810156059788,
        384.603482938315,
        383.28587567863815
    ],
    "floki-inu": [
        0.0002727419338810865,
        0.00027307651818443614,
        0.00027486418252465494
    ],