{
    "bitcoin": [
        71168,
        71136,
        71225
    ],
    "ethereum": [
        3847.32,
        3847.09,
        3854.7
    ],
    "tether": [
        0.999927,
        0.999981,
        1.0
    ],
    "binancecoin": [
        695.26,
        694.04,
        696.5
    ],
    "solana": [
        173.68,
        173.24,
        173.46
    ],
    "staked-ether": [
        3846.6,
        3845.58,
        3856.53
    ],
    "usd-coin": [
        1.0,
        0.999516,
        0.99983
    ],
    "ripple": [
        0.525822,
        0.525518,
        0.525765
    ],
    "dogecoin": [
        0.163035,
        0.162883,
        0.162938
    ],
    "the-open-network": [
        7.28,
        7.25,
        7.25
    ],
    "cardano": [
        0.461511,
        0.460284,
        0.460527
    ],
    "shiba-inu": [
        2.572e-05,
        2.568e-05,
        2.574e-05
    ],
    "avalanche-2": [
        36.43,
        36.37,
        36.41
    ],
    "wrapped-bitcoin": [
        71233,
        71225,
        71272
    ],
    "chainlink": [
        17.72,
        17.7,
        17.72
    ],
    "tron": [
        0.114501,
        0.114374,
        0.114483
    ],
    "polkadot": [
        7.24,
        7.22,
        7.22
    ],
    "bitcoin-cash": [
        493.3,
        493.46,
        493.58
    ],
    "near": [
        7.62,
        7.62,
        7.64
    ],
    "uniswap": [
        11.18,
        11.14,
        11.13
    ],
    "internet-computer": [
        12.32,
        12.28,
        12.29
    ],
    "unus-sed-leo": [
        5.923810812706364,
        5.924793027850309
    ],
    "multi-collateral-dai": [
        1.0001541775823066,
        1.000069113199768
    ],
    "ethereum-classic": [
        29.59241834823406,
        29.590961501851606,
        29.716644817092764
    ],
    "aptos": [
        9.280191860077013,
        9.270324685678835,
        9.284274266296583
    ],
    "render": [
        10.596196185868186,
        10.571904715561121,
        10.608612038012085
    ],
    "hedera": [
        0.10449799769203551,
        0.10403310642422152,
        0.10404410088671019
    ],
    "kaspa": [
        0.1801658659281506,
        0.178998161397371,
        0.17842916994132355
    ],
    "dogwifhat": [
        3.3952391602220016,
        3.384550635324297,
        3.390646201498205
    ],
    "cosmos": [
        8.674631306538647,
        8.66345740028403,
        8.663779931339723
    ],
    "immutable-x": [
        2.2877022049600013,
        2.2848616211324653,
        2.2855839251005103
    ],
    "filecoin": [
        6.047948900808173,
        6.042676444233309,
        6.05495032521867
    ],
    "arbitrum": [
        1.1213566673296393,
        1.1202308555001523,
        1.1212348250077855
    ],
    "mantle": [
        1.0270543691520502,
        1.0265300559697323,
        1.03005921805946
    ],
    "stellar": [
        0.10666487938323992,
        0.10661749895736906,
        0.10663542814739699
    ],
    "cronos": [
        0.1191080662281664,
        0.11910770101012406,
        0.11935511336899965
    ],
    "monero": [
        163.9357236381227,
        163.7955762526894,
        163.89750521501526
    ],
    "stacks": [
        2.389071031707638,
        2.3865839860895828,
        2.390849812678498
    ],
    "the-graph": [
        0.3032819406638036,
        0.302815994215465,
        0.3029675027491177
    ],
    "bttc-bittorrent-chain": [
        1.18431684696274e-06,
        1.18353415954024e-06,
        1.17852892321491e-06
    ],
    "cheelee-cheelee": [
        21.213504021666164,
        21.18660819413826,
        21.196281032441277
    ],
    "VET": [
        0.0342648619606039,
        0.0341757644980644
    ],
    "STX": [
        1.96018090681332,
        1.94312681136669
    ],
    "FLR": [
        0.0280572218861115,
        0.0280389009629798
    ],
    "XMR": [
        155.295737980525,
        155.188147347795
    ],
    "SAGA": [
        2.827609212773917,
        2.81039661314113
    ],
    "AR": [
        43.18042703963509,
        42.9957677008812
    ],
    "ZETA": [
        1.34315063641458,
        1.33600332024875
    ],
    "BGB": [
        1.3705,
        1.3705
    ],
    "FLOKI": [
        0.00026691,
        0.00026701,
        0.00025869
    ],
    "ENS": [
        24.9019301728014,
        24.9405570356784,
        25.1193572744956
    ],
    "PIXEL": [
        0.49579,
        0.49645,
        0.49992
    ],
    "FTM": [
        0.81494311061099,
        0.810825200275531,
        0.810846650526059
    ],
    "INJ": [
        25.8086457389147,
        25.7996455630143,
        25.9201593958232
    ],
    "MKR": [
        2666.68379558199,
        2666.92130660517,
        2671.37870246794
    ],
    "ARKM": [
        2.4701,
        2.4832,
        2.4884
    ],
    "RUNE": [
        6.23254314854973,
        6.22000891395891,
        6.22791437268078
    ],
    "FET": [
        2.14778722864713,
        2.14869484706169,
        2.1494327779501
    ],
    "qnt-quant": [
        90.6121665322451,
        90.38290123693095,
        90.46708147097685
    ],
    "wld-worldcoin": [
        4.908506508416518,
        4.904522045557954,
        4.911215726345325
    ],
    "akt-akash-network": [
        4.648455266945659,
        4.647538846742565,
        4.64832457769594
    ],
    "neo-neo": [
        15.274102469431874,
        15.275216175601978,
        15.248048733771128
    ],
    "egld-elrond": [
        40.124666490589206,
        40.12911914502001,
        40.16968451042699
    ],
    "ron-ronin-token": [
        3.1601812945790533,
        3.1652277532263553,
        3.168079068912966
    ],
    "sand-the-sandbox": [
        0.47107489050320056,
        0.4695354254688609,
        0.4702637132832356
    ],
    "wbnb-wrapped-bnb": [
        694.734392699775,
        695.2999109966562,
        696.0677010533883
    ],
    "rbn-ribbon-finance": [
        0.9885661800071454,
        0.9879724354960426,
        0.980782160787907
    ],
    "ordi-ordinals": [
        58.17428531161325,
        57.9138786681383,
        57.8456813565474
    ],
    "mina-mina-protocol": [
        0.8703189203860924,
        0.8698409718767098,
        0.8689091191547873
    ],
    "kcs-kucoin-token": [
        10.212710905209443,
        10.205950474392834,
        10.219019713732454
    ],
    "pendle-pendle": [
        6.106614423060189,
        6.094673542467841,
        6.106964223346627
    ],
    "xtz-tezos": [
        0.9542430995973562,
        0.9554261731604832,
        0.9543889221612855
    ],
    "sei-sei": [
        0.5254334617327534,
        0.5252487928010452,
        0.5257477824169843
    ],
    "xec-ecash": [
        4.764610776971682e-05,
        4.764979191232413e-05,
        4.762153440240294e-05
    ],
    "msol-marinade-staked-sol": [
        206.84407592851633,
        206.91820647212614,
        206.65667076930134
    ],
    "cfx-conflux-network": [
        0.2212985412578897,
        0.2216218147611572,
        0.2294484355944873
    ],
    "matic-network": [
        0.722191,
        0.721679,
        0.722677
    ],
    "pepe": [
        1.453e-05,
        1.449e-05,
        1.452e-05
    ],
    "litecoin": [
        85.01,
        84.99,
        85.16
    ],
    "leo-token": [
        6.03,
        6.03,
        6.03
    ],
    "okb": [
        48.64086486231475,
        48.61768757205699,
        48.64128273832062
    ],
    "first-digital-usd": [
        1.0001778549820983,
        0.9998427631981424,
        1.0000546491440723
    ],
    "arweave": [
        44.21471653014313,
        44.16819275269839,
        44.2974939785486
    ],
    "optimism-ethereum": [
        2.5098825946508385,
        2.5077343812897395,
        2.5167683319917122
    ],
    "bittensor": [
        419.1623171248435,
        417.8971150710365,
        419.02921029674576
    ],