{
    "bitcoin": [
        70871,
        70945,
        70945
    ],
    "ethereum": [
        3842.67,
        3845.17,
        3845.17
    ],
    "tether": [
        0.999431,
        1.001,
        1.001
    ],
    "binancecoin": [
        700.57,
        702.88,
        702.88
    ],
    "solana": [
        171.93,
        172.23,
        172.23
    ],
    "staked-ether": [
        3841.65,
        3842.82,
        3842.82
    ],
    "usd-coin": [
        0.999361,
        0.999947,
        0.999947
    ],
    "ripple": [
        0.522741,
        0.52276,
        0.52276
    ],
    "dogecoin": [
        0.161663,
        0.161915,
        0.161915
    ],
    "the-open-network": [
        7.29,
        7.31,
        7.31
    ],
    "cardano": [
        0.458685,
        0.458511,
        0.458511
    ],
    "shiba-inu": [
        2.558e-05,
        2.56e-05,
        2.56e-05
    ],
    "avalanche-2": [
        36.23,
        36.27,
        36.27
    ],
    "wrapped-bitcoin": [
        70989,
        70983,
        70983
    ],
    "chainlink": [
        17.42,
        17.42,
        17.42
    ],
    "tron": [
        0.114578,
        0.11479,
        0.11479
    ],
    "polkadot": [
        7.15,
        7.17,
        7.17
    ],
    "bitcoin-cash": [
        492.38,
        492.55,
        492.55
    ],
    "near": [
        7.5,
        7.51,
        7.51
    ],
    "uniswap": [
        10.72,
        10.81,
        10.81
    ],
    "internet-computer": [
        12.15,
        12.14,
        12.14
    ],
    "unus-sed-leo": [
        5.923810812706364,
        5.924793027850309
    ],
    "multi-collateral-dai": [
        1.0001541775823066,
        1.000069113199768
    ],
    "ethereum-classic": [
        29.38890113591846,
        29.404580549271223,
        29.38732940769072
    ],
    "aptos": [
        9.121748824811581,
        9.124873813416922,
        9.125916970686307
    ],
    "render": [
        10.51378710848517,
        10.52346026234055,
        10.518337032010189
    ],
    "hedera": [
        0.10295625047689903,
        0.10312346303068487,
        0.10314760100682983
    ],
    "kaspa": [
        0.1788470250166372,
        0.1800044318776008,
        0.18117750092778753
    ],
    "dogwifhat": [
        3.3400985216106647,
        3.340879666906089,
        3.337900834248918
    ],
    "cosmos": [
        8.617344381333623,
        8.626765932679676,
        8.632942545008445
    ],
    "immutable-x": [
        2.26372339437773,
        2.2691781241567797,
        2.2701227231885506
    ],
    "filecoin": [
        6.003406300896809,
        6.00790641393266,
        6.010876476708071
    ],
    "arbitrum": [
        1.104946417412632,
        1.1063003015896158,
        1.1064711576456938
    ],
    "mantle": [
        1.0393687329548786,
        1.039366743655121,
        1.039349020465038
    ],
    "stellar": [
        0.10605669159588173,
        0.10609217558953321,
        0.10612768338395591
    ],
    "cronos": [
        0.11524209801212112,
        0.11537339456512849,
        0.11554218272113223
    ],
    "monero": [
        163.45526925951012,
        163.17159065587325,
        163.13501450786418
    ],
    "stacks": [
        2.366422780105474,
        2.3705600753732483,
        2.372356961410356
    ],
    "the-graph": [
        0.2983383025208982,
        0.29866380289813577,
        0.29891931784010395
    ],
    "bttc-bittorrent-chain": [
        1.16758012427508e-06,
        1.16879026748335e-06,
        1.16641263098536e-06
    ],
    "cheelee-cheelee": [
        20.989053578293877,
        20.96217123648519,
        21.017712142076444
    ],
    "VET": [
        0.0342648619606039,
        0.0341757644980644
    ],
    "STX": [
        1.96018090681332,
        1.94312681136669
    ],
    "FLR": [
        0.0280572218861115,
        0.0280389009629798
    ],
    "XMR": [
        155.295737980525,
        155.188147347795
    ],
    "SAGA": [
        2.827609212773917,
        2.81039661314113
    ],
    "AR": [
        43.18042703963509,
        42.9957677008812
    ],
    "ZETA": [
        1.34315063641458,
        1.33600332024875
    ],
    "BGB": [
        1.3705,
        1.3169,
        1.294
    ],
    "FLOKI": [
        0.00026691,
        0.00026701,
        0.00025869
    ],
    "ENS": [
        24.6715297711957,
        24.8073560080387,
        24.7988210048882
    ],
    "PIXEL": [
        0.49546,
        0.49741,
        0.4967
    ],
    "FTM": [
        0.811516222921352,
        0.813122254494612,
        0.814017225342486
    ],
    "INJ": [
        25.8086457389147,
        25.7996455630143,
        25.9201593958232
    ],
    "MKR": [
        2678.60835986045,
        2679.19881558213,
        2678.61942081851
    ],
    "ARKM": [
        2.626743482716449,
        2.628414754078233,
        2.629537862114028
    ],
    "RUNE": [
        6.13301532335122,
        6.13103787601947,
        6.13100391751037
    ],
    "FET": [
        2.1172460623887,
        2.11698398377851,
        2.1182978805822
    ],
    "qnt-quant": [
        90.28556296390873,
        90.40344414915734,
        90.68586488518032
    ],
    "wld-worldcoin": [
        4.969496498024486,
        4.990038341544121,
        4.997975390409999
    ],
    "akt-akash-network": [
        4.527908349629576,
        4.527381608779015,
        4.5166392967833415
    ],
    "neo-neo": [
        15.041042726215691,
        15.04878181760098,
        15.054100650410112
    ],
    "egld-elrond": [
        39.503425268396335,
        39.53690369115372,
        39.58109822401063
    ],
    "ron-ronin-token": [
        3.127362336615129,
        3.145969918439948,
        3.129938600664482
    ],
    "sand-the-sandbox": [
        0.46365569285492675,
        0.4646081467394826,
        0.4644222258402816
    ],
    "wbnb-wrapped-bnb": [
        700.9203637508566,
        702.5936306131263,
        702.797281479736
    ],
    "rbn-ribbon-finance": [
        0.9885661800071454,
        0.9879724354960426,
        0.980782160787907
    ],
    "ordi-ordinals": [
        56.22613227926823,
        56.060601424273806,
        56.23233466393054
    ],
    "mina-mina-protocol": [
        0.8625790034731585,
        0.8638410766831083,
        0.8644721739110196
    ],
    "kcs-kucoin-token": [
        10.230668777196993,
        10.243574106964102,
        10.233268081805935
    ],
    "pendle-pendle": [
        6.043155475282273,
        6.0508535452403995,
        6.053073226985412
    ],
    "xtz-tezos": [
        0.9396213881586138,
        0.939753391025025,
        0.9398495853070753
    ],
    "sei-sei": [
        0.5161730049990283,
        0.5175784500101712,
        0.5189913889519221
    ],
    "xec-ecash": [
        4.679457581276796e-05,
        4.704680735943556e-05,
        4.685928433577839e-05
    ],
    "msol-marinade-staked-sol": [
        205.48981210338374,
        205.17980577268122,
        205.20096925647977
    ],
    "cfx-conflux-network": [
        0.2212985412578897,
        0.2216218147611572,
        0.2294484355944873
    ],
    "matic-network": [
        0.71648,
        0.71718,
        0.71718
    ],
    "pepe": [
        1.474e-05,
        1.471e-05,
        1.471e-05
    ],
    "litecoin": [
        84.68,
        84.74,
        84.74
    ],
    "leo-token": [
        6.03,
        6.02,
        6.02
    ],
    "okb": [
        48.820261918740755,
        48.92740778145749,
        48.90331279917915
    ],
    "first-digital-usd": [
        1.000699360920692,
        1.000753316078729,
        1.000669475729325
    ],
    "arweave": [
        43.26141820458128,
        43.405297042965664,
        43.41125023759324
    ],
    "optimism-ethereum": [
        2.4753228564899548,
        2.4787645856180855,
        2.4814646300227445
    ],
    "bittensor": [
        406.15856831993244,
        406.9539140234919,
        407.71396980879217
    ],