{
    "bitcoin": [
        69068,
        69007,
        69007
    ],
    "ethereum": [
        3771.18,
        3761.43,
        3761.43
    ],
    "tether": [
        0.999972,
        0.999658,
        0.999658
    ],
    "binancecoin": [
        623.36,
        624.26,
        624.26
    ],
    "solana": [
        165.56,
        165.13,
        165.13
    ],
    "staked-ether": [
        3769.44,
        3762.21,
        3762.21
    ],
    "usd-coin": [
        0.999725,
        0.999928,
        0.999928
    ],
    "ripple": [
        0.520549,
        0.520187,
        0.520187
    ],
    "dogecoin": [
        0.158748,
        0.158487,
        0.158487
    ],
    "the-open-network": [
        6.73,
        6.73,
        6.73
    ],
    "cardano": [
        0.460041,
        0.459951,
        0.459951
    ],
    "shiba-inu": [
        2.46e-05,
        2.456e-05,
        2.456e-05
    ],
    "avalanche-2": [
        35.7,
        35.58,
        35.58
    ],
    "wrapped-bitcoin": [
        69092,
        69014,
        69014
    ],
    "chainlink": [
        17.64,
        17.64,
        17.64
    ],
    "tron": [
        0.113748,
        0.113652,
        0.113652
    ],
    "polkadot": [
        7.04,
        7.04,
        7.04
    ],
    "bitcoin-cash": [
        467.24,
        466.33,
        466.33
    ],
    "near": [
        7.16,
        7.15,
        7.15
    ],
    "uniswap": [
        9.55,
        9.54,
        9.54
    ],
    "internet-computer": [
        12.04,
        12.01,
        12.01
    ],
    "unus-sed-leo": [
        5.923810812706364,
        5.924793027850309
    ],
    "multi-collateral-dai": [
        1.0001541775823066,
        1.000069113199768
    ],
    "ethereum-classic": [
        29.24604814725347,
        29.20352121967086
    ],
    "aptos": [
        8.931568032861371,
        8.92181550693107,
        8.938175019574539
    ],
    "render": [
        10.014557356019047,
        10.012650999202735,
        10.026811560031549
    ],
    "hedera": [
        0.10105336395082072,
        0.10098111979091752,
        0.10113489409855175
    ],
    "kaspa": [
        0.16889136791500517,
        0.1693753748884285,
        0.17328076665132344
    ],
    "dogwifhat": [
        3.3501428215578337,
        3.3422719331732336,
        3.3512919998917066
    ],
    "cosmos": [
        8.388774581629251,
        8.381066274487065,
        8.392298850388546
    ],
    "immutable-x": [
        2.241663802013393,
        2.237276280504744,
        2.2374005866595383
    ],
    "filecoin": [
        5.8078557865531275,
        5.807878450901844,
        5.813587430977885
    ],
    "arbitrum": [
        1.1093472016210209,
        1.109007165323683,
        1.1104402493677246
    ],
    "mantle": [
        0.9647662001024567,
        0.9653710873648894,
        0.9660286643351309
    ],
    "stellar": [
        0.1053217569978283,
        0.10526239219242144,
        0.10525382956918711
    ],
    "cronos": [
        0.11052176846832064,
        0.11060394426999282,
        0.11061371861044864
    ],
    "monero": [
        152.32431181167343,
        153.11416459476888,
        153.59504746729786
    ],
    "stacks": [
        1.897522440116673,
        1.8928480084681558,
        1.8979805039426694
    ],
    "the-graph": [
        0.29544006332736567,
        0.2950100382481046,
        0.29562268987160445
    ],
    "bttc-bittorrent-chain": [
        1.15593482017312e-06,
        1.15329909812493e-06,
        1.15297242969541e-06
    ],
    "cheelee-cheelee": [
        20.718153735556616,
        20.75303984441339,
        20.75724964140685
    ],
    "VET": [
        0.0342648619606039,
        0.0341757644980644
    ],
    "STX": [
        1.96018090681332,
        1.94312681136669
    ],
    "FLR": [
        0.0280572218861115,
        0.0280389009629798
    ],
    "XMR": [
        155.295737980525,
        155.188147347795
    ],
    "SAGA": [
        2.827609212773917,
        2.81039661314113
    ],
    "AR": [
        43.18042703963509,
        42.9957677008812
    ],
    "ZETA": [
        1.34315063641458,
        1.33600332024875
    ],
    "BGB": [
        1.3705,
        1.3705
    ],
    "FLOKI": [
        0.00027295,
        0.00027004
    ],
    "ENS": [
        25.3896416651676,
        25.4502553369825,
        25.2818345715711
    ],
    "PIXEL": [
        0.5048456534680248,
        0.5075035299704171,
        0.5091358288893804
    ],
    "FTM": [
        0.81494311061099,
        0.810825200275531,
        0.810846650526059
    ],
    "INJ": [
        25.1273933791624,
        25.1671158668039,
        25.1642198023099
    ],
    "MKR": [
        2583.26775146702,
        2585.82085335581,
        2591.765955158
    ],
    "ARKM": [
        2.4989,
        2.5008,
        2.488342349518578
    ],
    "RUNE": [
        5.98503748886715,
        5.99512809516077,
        6.0029714620575
    ],
    "FET": [
        2.14604770003808,
        2.14927450771008,
        2.14802864991172
    ],
    "qnt-quant": [
        90.6669609257859,
        90.45248327165277,
        90.71496828138848
    ],
    "wld-worldcoin": [
        4.829955154128431,
        4.833412000298361,
        4.843186098938163
    ],
    "akt-akash-network": [
        4.466814291315415,
        4.463417688458699,
        4.45827951730495
    ],
    "neo-neo": [
        14.731573223350436,
        14.724805703697713,
        14.759868610836431
    ],
    "egld-elrond": [
        38.96778590603561,
        38.83776293857778,
        38.868184616077315
    ],
    "ron-ronin-token": [
        3.197399106919794,
        3.1969889824803466,
        3.2031230119846197
    ],
    "sand-the-sandbox": [
        0.45480057669029633,
        0.45400613946536944,
        0.4552323509962478
    ],
    "wbnb-wrapped-bnb": [
        623.1449794076112,
        623.8574651330186,
        624.397583159484
    ],
    "rbn-ribbon-finance": [
        0.9735327738708602,
        0.97373089251113,
        0.9742188751774805
    ],
    "ordi-ordinals": [
        47.740589134498826,
        47.92160915023366,
        47.88901610291321
    ],
    "mina-mina-protocol": [
        0.8694883186836546,
        0.8686108049210783,
        0.869384863595975
    ],
    "kcs-kucoin-token": [
        10.05809011198877,
        10.07623099958101,
        10.075182137265736
    ],
    "pendle-pendle": [
        6.14507490632059,
        6.125985030076047,
        6.127874222771706
    ],
    "xtz-tezos": [
        0.9282132374365885,
        0.9279400397459088,
        0.9280824463769588
    ],
    "sei-sei": [
        0.503574500232178,
        0.5033671367477651,
        0.504847909544205
    ],
    "xec-ecash": [
        4.663495411718284e-05,
        4.639229443793411e-05,
        4.650170946773411e-05
    ],
    "msol-marinade-staked-sol": [
        197.26979544113763,
        197.05887651865453,
        197.28627701170524
    ],
    "cfx-conflux-network": [
        0.22331512466626682,
        0.22291416053899574,
        0.22359355291540464
    ],
    "matic-network": [
        0.706115,
        0.705168,
        0.705168
    ],
    "pepe": [
        1.464e-05,
        1.463e-05,
        1.463e-05
    ],
    "litecoin": [
        83.15,
        83.03,
        83.03
    ],
    "leo-token": [
        5.96,
        5.96,
        5.96
    ],
    "okb": [
        46.68523683912427,
        46.6489563335745,
        46.67010743709792
    ],
    "first-digital-usd": [
        0.9997769186275851,
        0.9994468323624348,
        0.9996997358249885
    ],
    "arweave": [
        43.22542862732243,
        43.08454213507425,
        43.180332462037704
    ],
    "optimism-ethereum": [
        2.4049060522086685,
        2.4018078623729178,
        2.4067275211844383
    ],
    "bittensor": [
        378.1687595654379,
        376.9557985983501,
        377.05191761697125
    ],