{
    "bitcoin": [
        69048,
        68879,
        68711
    ],
    "ethereum": [
        3770.39,
        3761.31,
        3755.62
    ],
    "tether": [
        0.999551,
        0.999468,
        0.999516
    ],
    "binancecoin": [
        628.91,
        627.92,
        627.16
    ],
    "solana": [
        165.35,
        164.87,
        164.79
    ],
    "staked-ether": [
        3770.07,
        3759.7,
        3756.59
    ],
    "usd-coin": [
        0.999976,
        0.998922,
        0.999072
    ],
    "ripple": [
        0.522463,
        0.520104,
        0.519487
    ],
    "dogecoin": [
        0.158151,
        0.157764,
        0.157514
    ],
    "the-open-network": [
        6.8,
        6.88,
        6.91
    ],
    "cardano": [
        0.454978,
        0.453405,
        0.453093
    ],
    "shiba-inu": [
        2.387e-05,
        2.379e-05,
        2.379e-05
    ],
    "avalanche-2": [
        34.85,
        34.71,
        34.68
    ],
    "wrapped-bitcoin": [
        69084,
        68902,
        68791
    ],
    "chainlink": [
        17.66,
        17.62,
        17.58
    ],
    "tron": [
        0.113365,
        0.113282,
        0.113102
    ],
    "polkadot": [
        7.0,
        6.98,
        6.97
    ],
    "bitcoin-cash": [
        468.23,
        466.82,
        466.57
    ],
    "near": [
        7.1,
        7.08,
        7.07
    ],
    "uniswap": [
        9.5,
        9.48,
        9.46
    ],
    "internet-computer": [
        12.1,
        12.06,
        12.06
    ],
    "unus-sed-leo": [
        5.923810812706364,
        5.924793027850309
    ],
    "multi-collateral-dai": [
        1.0001541775823066,
        1.000069113199768
    ],
    "ethereum-classic": [
        28.414907098991577,
        28.396335836480453,
        28.355503742459828
    ],
    "aptos": [
        8.864582287164,
        8.867962527300692,
        8.840013302179567
    ],
    "render": [
        10.11461640563525,
        10.12407122417533,
        10.06913834383153
    ],
    "hedera": [
        0.10087314201671217,
        0.1008082042267802,
        0.10056569667889462
    ],
    "kaspa": [
        0.1749001485040954,
        0.17564676986106906,
        0.17545327727692198
    ],
    "dogwifhat": [
        3.2421094889201805,
        3.2393240929618723,
        3.2360106194148353
    ],
    "cosmos": [
        8.34907210557296,
        8.339868213296706,
        8.32564380734297
    ],
    "immutable-x": [
        2.2825216018113776,
        2.2791380648220274,
        2.2710431169456946
    ],
    "filecoin": [
        5.788724179125135,
        5.778387765623383,
        5.749806119346879
    ],
    "arbitrum": [
        1.0936847442159823,
        1.0917346591251906,
        1.0862064748930869
    ],
    "mantle": [
        0.9638418842353416,
        0.9598528541943423,
        0.9582759731355689
    ],
    "stellar": [
        0.10468997278944789,
        0.10450815683968792,
        0.10430705889897399
    ],
    "cronos": [
        0.10643498624508349,
        0.10635380431606725,
        0.10566505433204107
    ],
    "monero": [
        156.1662437951172,
        156.06397276950918,
        155.9013871101655
    ],
    "stacks": [
        1.9808624401880208,
        1.9774919144890841,
        1.970452666966584
    ],
    "the-graph": [
        0.2936597898521657,
        0.29319237321156494,
        0.29184344444217136
    ],
    "bttc-bittorrent-chain": [
        1.12879946726897e-06,
        1.13277739144081e-06,
        1.13066630902551e-06
    ],
    "cheelee-cheelee": [
        20.49651563877315,
        20.512830025952866,
        20.379386862487465
    ],
    "VET": [
        0.0342648619606039,
        0.0341757644980644
    ],
    "STX": [
        1.96018090681332,
        1.94312681136669
    ],
    "FLR": [
        0.0280572218861115,
        0.0280389009629798
    ],
    "XMR": [
        155.295737980525,
        155.188147347795
    ],
    "SAGA": [
        2.827609212773917,
        2.81039661314113
    ],
    "AR": [
        43.18042703963509,
        42.9957677008812
    ],
    "ZETA": [
        1.34315063641458,
        1.33600332024875
    ],
    "BGB": [
        1.3705,
        1.3705
    ],
    "FLOKI": [
        0.00026691,
        0.00026701,
        0.00025869
    ],
    "ENS": [
        24.9904117239027,
        25.0798613230447,
        25.1279132024996
    ],
    "PIXEL": [
        0.5075035299704171,
        0.5091358288893804,
        0.5094
    ],
    "FTM": [
        0.81494311061099,
        0.810825200275531,
        0.810846650526059
    ],
    "INJ": [
        24.7679108988117,
        24.7522492696843,
        24.6124378451857
    ],
    "MKR": [
        2572.53851737616,
        2576.69979805102,
        2579.92939086964
    ],
    "ARKM": [
        2.4591,
        2.4553,
        2.4426
    ],
    "RUNE": [
        6.01918521685328,
        6.00454412289853,
        5.98902255554901
    ],
    "FET": [
        2.11184401577861,
        2.10975474012217,
        2.10476992721717
    ],
    "qnt-quant": [
        91.23614340032432,
        91.12133579185004,
        90.90626860447567
    ],
    "wld-worldcoin": [
        4.735115312207525,
        4.734301791648605,
        4.713486222661976
    ],
    "akt-akash-network": [
        4.304954633087023,
        4.310940894475869,
        4.307704760628144
    ],
    "neo-neo": [
        14.776199806655514,
        14.775214498151042,
        14.73099331247439
    ],
    "egld-elrond": [
        38.906512499030576,
        38.90566886329921,
        38.7118717917017
    ],
    "ron-ronin-token": [
        3.138530083584927,
        3.1359872447130432,
        3.126469643705124
    ],
    "sand-the-sandbox": [
        0.4506369195692947,
        0.4503002683202359,
        0.4479630453305599
    ],
    "wbnb-wrapped-bnb": [
        629.1271189308142,
        629.3412611343259,
        628.1369706574171
    ],
    "rbn-ribbon-finance": [
        0.9885661800071454,
        0.9879724354960426,
        0.980782160787907
    ],
    "ordi-ordinals": [
        47.503259894485275,
        47.560081683169166,
        47.60865031333831
    ],
    "mina-mina-protocol": [
        0.8536692480382403,
        0.8539047688306312,
        0.8469825456174008
    ],
    "kcs-kucoin-token": [
        10.061030716731798,
        10.07671281444555,
        10.054798869693904
    ],
    "pendle-pendle": [
        6.14666873344161,
        6.144503992309126,
        6.1582627102557135
    ],
    "xtz-tezos": [
        0.9291551278732427,
        0.9280976719649194,
        0.9266509981927691
    ],
    "sei-sei": [
        0.505606048194349,
        0.5069269439652263,
        0.5047463097779127
    ],
    "xec-ecash": [
        4.557936021024433e-05,
        4.56652751094531e-05,
        4.562117167439203e-05
    ],
    "msol-marinade-staked-sol": [
        197.16249702217976,
        196.74706325701823,
        196.7112400443507
    ],
    "cfx-conflux-network": [
        0.21927155457432917,
        0.21952256619432967,
        0.21827083987927468
    ],
    "matic-network": [
        0.703057,
        0.700483,
        0.699228
    ],
    "pepe": [
        1.421e-05,
        1.414e-05,
        1.413e-05
    ],
    "litecoin": [
        81.91,
        81.7,
        81.52
    ],
    "leo-token": [
        6.02,
        6.02,
        6.02
    ],
    "okb": [
        46.94518297871371,
        46.93192669150521,
        46.85979518418064
    ],
    "first-digital-usd": [
        0.9995932436301875,
        0.9997043410853951,
        0.9995640385683355
    ],
    "arweave": [
        43.76765151685601,
        43.957946214909,
        43.59530415352811
    ],
    "optimism-ethereum": [
        2.4189087748536005,
        2.4166880279733594,
        2.4118120045953075
    ],
    "bittensor": [
        381.2237374009409,
        381.4509269282882,
        379.9451634455122
    ],