{
    "bitcoin": [
        71099,
        70896,
        70896
    ],
    "ethereum": [
        3846.21,
        3827.08,
        3827.08
    ],
    "tether": [
        0.999469,
        0.999524,
        0.999524
    ],
    "binancecoin": [
        700.06,
        701.21,
        701.21
    ],
    "solana": [
        172.73,
        172.01,
        172.01
    ],
    "staked-ether": [
        3846.28,
        3824.82,
        3824.82
    ],
    "usd-coin": [
        0.99981,
        0.999644,
        0.999644
    ],
    "ripple": [
        0.526913,
        0.525071,
        0.525071
    ],
    "dogecoin": [
        0.16288,
        0.162114,
        0.162114
    ],
    "the-open-network": [
        7.34,
        7.33,
        7.33
    ],
    "cardano": [
        0.459458,
        0.458256,
        0.458256
    ],
    "shiba-inu": [
        2.56e-05,
        2.546e-05,
        2.546e-05
    ],
    "avalanche-2": [
        36.83,
        36.68,
        36.68
    ],
    "wrapped-bitcoin": [
        71127,
        70949,
        70949
    ],
    "chainlink": [
        17.47,
        17.39,
        17.39
    ],
    "tron": [
        0.114844,
        0.114834,
        0.114834
    ],
    "polkadot": [
        7.24,
        7.21,
        7.21
    ],
    "bitcoin-cash": [
        497.51,
        495.81,
        495.81
    ],
    "near": [
        7.46,
        7.44,
        7.44
    ],
    "uniswap": [
        10.68,
        10.66,
        10.66
    ],
    "internet-computer": [
        12.18,
        12.12,
        12.12
    ],
    "unus-sed-leo": [
        5.923810812706364,
        5.924793027850309
    ],
    "multi-collateral-dai": [
        1.0001541775823066,
        1.000069113199768
    ],
    "ethereum-classic": [
        29.387441989129655,
        29.460698955719895,
        29.423851669313404
    ],
    "aptos": [
        9.196956594366808,
        9.18158171646614,
        9.183383365723518
    ],
    "render": [
        10.607319337110253,
        10.600283958579968,
        10.589455984304955
    ],
    "hedera": [
        0.102474916574911,
        0.10239070053534052,
        0.10227467498640061
    ],
    "kaspa": [
        0.17730527949585723,
        0.17732431355859896,
        0.1773857150559557
    ],
    "dogwifhat": [
        3.3319018016961603,
        3.3218658721236065,
        3.317410405104246
    ],
    "cosmos": [
        8.724369053653666,
        8.713257629403067,
        8.694851773918627
    ],
    "immutable-x": [
        2.2278485837464403,
        2.2257286728016554,
        2.225570037294601
    ],
    "filecoin": [
        5.972952160507004,
        5.962613453686467,
        5.960091317876446
    ],
    "arbitrum": [
        1.1023980742061896,
        1.099932964712757,
        1.099617259827468
    ],
    "mantle": [
        1.0353455573134729,
        1.0338882381143717,
        1.0338257029057265
    ],
    "stellar": [
        0.10637829985665008,
        0.10617158704256677,
        0.10607077561964154
    ],
    "cronos": [
        0.11555388787645247,
        0.11521234454374402,
        0.11492218790461078
    ],
    "monero": [
        163.5558112443532,
        163.54605131461548,
        163.36260737880855
    ],
    "stacks": [
        2.3251469709785457,
        2.3241091156788434,
        2.3193416675865466
    ],
    "the-graph": [
        0.29714179685901815,
        0.2967447111142861,
        0.2958388742411996
    ],
    "bttc-bittorrent-chain": [
        1.16767731977836e-06,
        1.16897128169687e-06,
        1.16630532149447e-06
    ],
    "cheelee-cheelee": [
        21.017035355035805,
        21.02220597838366,
        21.04581345960809
    ],
    "VET": [
        0.0342648619606039,
        0.0341757644980644
    ],
    "STX": [
        1.96018090681332,
        1.94312681136669
    ],
    "FLR": [
        0.0280572218861115,
        0.0280389009629798
    ],
    "XMR": [
        155.295737980525,
        155.188147347795
    ],
    "SAGA": [
        2.827609212773917,
        2.81039661314113
    ],
    "AR": [
        43.18042703963509,
        42.9957677008812
    ],
    "ZETA": [
        1.34315063641458,
        1.33600332024875
    ],
    "BGB": [
        1.2159,
        1.2159,
        1.2159
    ],
    "FLOKI": [
        0.00026691,
        0.00026701,
        0.00025869
    ],
    "ENS": [
        24.1898084705741,
        24.1287695715456,
        24.119491601196
    ],
    "PIXEL": [
        0.49983,
        0.49698,
        0.49867
    ],
    "FTM": [
        0.813122254494612,
        0.814017225342486,
        0.814975057682819
    ],
    "INJ": [
        25.8086457389147,
        25.7996455630143,
        25.9201593958232
    ],
    "MKR": [
        2678.60835986045,
        2679.19881558213,
        2678.61942081851
    ],
    "ARKM": [
        2.626743482716449,
        2.628414754078233,
        2.629537862114028
    ],
    "RUNE": [
        6.15239332513139,
        6.12310283560293,
        6.113867611751
    ],
    "FET": [
        2.0843605706298,
        2.07892013802539,
        2.08471494485028
    ],
    "qnt-quant": [
        90.23990944120591,
        90.16426907049502,
        90.19080681249554
    ],
    "wld-worldcoin": [
        4.894893555989731,
        4.886434562650485,
        4.866011429780005
    ],
    "akt-akash-network": [
        4.561841874650853,
        4.55808420068003,
        4.547556292526515
    ],
    "neo-neo": [
        15.171481269707115,
        15.112665459681345,
        15.099695909512917
    ],
    "egld-elrond": [
        39.509264608464015,
        39.5055148015645,
        39.40397030510875
    ],
    "ron-ronin-token": [
        3.131491194462339,
        3.1232522534889267,
        3.121081405009586
    ],
    "sand-the-sandbox": [
        0.4784045160623472,
        0.4751644790597788,
        0.4745060455521357
    ],
    "wbnb-wrapped-bnb": [
        699.9889734559406,
        701.1307384624556,
        701.6609218629596
    ],
    "rbn-ribbon-finance": [
        0.9885661800071454,
        0.9879724354960426,
        0.980782160787907
    ],
    "ordi-ordinals": [
        57.99426883443286,
        57.93072220278995,
        57.77402973789787
    ],
    "mina-mina-protocol": [
        0.8590825727620597,
        0.8576606309006203,
        0.8561210231107288
    ],
    "kcs-kucoin-token": [
        10.460649445648244,
        10.444666862903507,
        10.385637414902392
    ],
    "pendle-pendle": [
        5.953525637840119,
        5.933495496974977,
        5.928265593227255
    ],
    "xtz-tezos": [
        0.9471184643501455,
        0.9437872040715688,
        0.9422209156101328
    ],
    "sei-sei": [
        0.5184707841555996,
        0.5197184050718283,
        0.5192015449929096
    ],
    "xec-ecash": [
        4.685353729126343e-05,
        4.691454328947019e-05,
        4.693983462787597e-05
    ],
    "msol-marinade-staked-sol": [
        205.8778213258197,
        206.04239678751185,
        204.86224558361616
    ],
    "cfx-conflux-network": [
        0.2321236492301169,
        0.23175573928001264,
        0.23155398695618248
    ],
    "matic-network": [
        0.735984,
        0.732377,
        0.732377
    ],
    "pepe": [
        1.456e-05,
        1.44e-05,
        1.44e-05
    ],
    "litecoin": [
        85.41,
        85.06,
        85.06
    ],
    "leo-token": [
        6.03,
        6.02,
        6.02
    ],
    "okb": [
        48.951208691390484,
        48.93788124661545,
        48.93136561732183
    ],
    "first-digital-usd": [
        1.0010454162327447,
        1.0007501287187943,
        1.0006542074010245
    ],
    "arweave": [
        42.528876520299974,
        42.467159481788805,
        42.36843028068525
    ],
    "optimism-ethereum": [
        2.5032158938691214,
        2.4956653400102864,
        2.4942889061112368
    ],
    "bittensor": [
        431.3506659640309,
        431.74137449916526,
        431.4441875051315
    ],