{
    "bitcoin": [
        70896,
        70943,
        70818
    ],
    "ethereum": [
        3827.08,
        3829.04,
        3824.66
    ],
    "tether": [
        0.999524,
        0.999192,
        0.998999
    ],
    "binancecoin": [
        701.21,
        701.41,
        703.69
    ],
    "solana": [
        172.01,
        171.81,
        171.21
    ],
    "staked-ether": [
        3824.82,
        3828.83,
        3825.54
    ],
    "usd-coin": [
        0.999644,
        0.99954,
        0.999819
    ],
    "ripple": [
        0.525071,
        0.525307,
        0.524883
    ],
    "dogecoin": [
        0.162114,
        0.161926,
        0.16154
    ],
    "the-open-network": [
        7.33,
        7.32,
        7.3
    ],
    "cardano": [
        0.458256,
        0.458502,
        0.457806
    ],
    "shiba-inu": [
        2.546e-05,
        2.542e-05,
        2.532e-05
    ],
    "avalanche-2": [
        36.68,
        36.66,
        36.56
    ],
    "wrapped-bitcoin": [
        70949,
        70997,
        70926
    ],
    "chainlink": [
        17.39,
        17.36,
        17.32
    ],
    "tron": [
        0.114834,
        0.11478,
        0.1148
    ],
    "polkadot": [
        7.21,
        7.22,
        7.21
    ],
    "bitcoin-cash": [
        495.81,
        495.74,
        494.51
    ],
    "near": [
        7.44,
        7.43,
        7.4
    ],
    "uniswap": [
        10.66,
        10.68,
        10.67
    ],
    "internet-computer": [
        12.12,
        12.14,
        12.11
    ],
    "unus-sed-leo": [
        5.923810812706364,
        5.924793027850309
    ],
    "multi-collateral-dai": [
        1.0001541775823066,
        1.000069113199768
    ],
    "ethereum-classic": [
        29.387441989129655,
        29.460698955719895,
        29.423851669313404
    ],
    "aptos": [
        9.183383365723518,
        9.201096398719896,
        9.173343553285928
    ],
    "render": [
        10.589455984304955,
        10.59456134940394,
        10.584977714084113
    ],
    "hedera": [
        0.10227467498640061,
        0.10241095597819398,
        0.10224672936314107
    ],
    "kaspa": [
        0.1773857150559557,
        0.1780270803785274,
        0.1764506830390573
    ],
    "dogwifhat": [
        3.317410405104246,
        3.315196402711671,
        3.301186109883761
    ],
    "cosmos": [
        8.694851773918627,
        8.718912273928739,
        8.70344499247946
    ],
    "immutable-x": [
        2.225570037294601,
        2.230987354489158,
        2.225579103036461
    ],
    "filecoin": [
        5.960091317876446,
        5.972273000162663,
        5.965093665011871
    ],
    "arbitrum": [
        1.099617259827468,
        1.100753528763566,
        1.0977250101056475
    ],
    "mantle": [
        1.0338257029057265,
        1.0354233811398115,
        1.0313410529991782
    ],
    "stellar": [
        0.10607077561964154,
        0.10621370315666831,
        0.10603236964525817
    ],
    "cronos": [
        0.11492218790461078,
        0.11507462007654451,
        0.11482622828194666
    ],
    "monero": [
        163.36260737880855,
        163.54602875455072,
        163.15630218674923
    ],
    "stacks": [
        2.3193416675865466,
        2.3194651019559487,
        2.310661910472466
    ],
    "the-graph": [
        0.2958388742411996,
        0.29600592365632505,
        0.2954780865619928
    ],
    "bttc-bittorrent-chain": [
        1.16630532149447e-06,
        1.16766835495804e-06,
        1.16829774242678e-06
    ],
    "cheelee-cheelee": [
        21.04581345960809,
        21.063555152134917,
        21.090492543214626
    ],
    "VET": [
        0.0342648619606039,
        0.0341757644980644
    ],
    "STX": [
        1.96018090681332,
        1.94312681136669
    ],
    "FLR": [
        0.0280572218861115,
        0.0280389009629798
    ],
    "XMR": [
        155.295737980525,
        155.188147347795
    ],
    "SAGA": [
        2.827609212773917,
        2.81039661314113
    ],
    "AR": [
        43.18042703963509,
        42.9957677008812
    ],
    "ZETA": [
        1.34315063641458,
        1.33600332024875
    ],
    "BGB": [
        1.2159,
        1.2159,
        1.2159
    ],
    "FLOKI": [
        0.00026691,
        0.00026701,
        0.00025869
    ],
    "ENS": [
        24.119491601196,
        24.1196503928329,
        24.1297827870001
    ],
    "PIXEL": [
        0.49867,
        0.49975,
        0.4980800236669673
    ],
    "FTM": [
        0.813122254494612,
        0.814017225342486,
        0.814975057682819
    ],
    "INJ": [
        25.8086457389147,
        25.7996455630143,
        25.9201593958232
    ],
    "MKR": [
        2678.60835986045,
        2679.19881558213,
        2678.61942081851
    ],
    "ARKM": [
        2.626743482716449,
        2.628414754078233,
        2.629537862114028
    ],
    "RUNE": [
        6.113867611751,
        6.11398904555058,
        6.10907565613121
    ],
    "FET": [
        2.08471494485028,
        2.08172898817109,
        2.08274856655923
    ],
    "qnt-quant": [
        90.19080681249554,
        90.37829708257662,
        90.24896729692622
    ],
    "wld-worldcoin": [
        4.866011429780005,
        4.880615388792316,
        4.853604304846972
    ],
    "akt-akash-network": [
        4.547556292526515,
        4.544364599501442,
        4.53304144485854
    ],
    "neo-neo": [
        15.099695909512917,
        15.132521613605684,
        15.090001147930518
    ],
    "egld-elrond": [
        39.40397030510875,
        39.564020017383044,
        39.471970358337856
    ],
    "ron-ronin-token": [
        3.121081405009586,
        3.125499362471018,
        3.122518890699489
    ],
    "sand-the-sandbox": [
        0.4745060455521357,
        0.4789971990542251,
        0.4770213917434934
    ],
    "wbnb-wrapped-bnb": [
        701.6609218629596,
        702.5294571784935,
        702.5342907740114
    ],
    "rbn-ribbon-finance": [
        0.9885661800071454,
        0.9879724354960426,
        0.980782160787907
    ],
    "ordi-ordinals": [
        57.77402973789787,
        57.62446092957298,
        57.51309788745247
    ],
    "mina-mina-protocol": [
        0.8561210231107288,
        0.8578413350811042,
        0.8565012801524525
    ],
    "kcs-kucoin-token": [
        10.385637414902392,
        10.408914972089818,
        10.407788155612199
    ],
    "pendle-pendle": [
        5.928265593227255,
        5.95654791278432,
        5.952711596679308
    ],
    "xtz-tezos": [
        0.9422209156101328,
        0.943488129932346,
        0.9429885929335318
    ],
    "sei-sei": [
        0.5192015449929096,
        0.5197670793169384,
        0.5190919655984858
    ],
    "xec-ecash": [
        4.685353729126343e-05,
        4.691454328947019e-05,
        4.693983462787597e-05
    ],
    "msol-marinade-staked-sol": [
        204.86224558361616,
        205.4554279632578,
        204.45900246027261
    ],
    "cfx-conflux-network": [
        0.23155398695618248,
        0.23179360610345498,
        0.23154722171349634
    ],
    "matic-network": [
        0.732377,
        0.732969,
        0.734052
    ],
    "pepe": [
        1.44e-05,
        1.438e-05,
        1.437e-05
    ],
    "litecoin": [
        85.06,
        85.12,
        85.17
    ],
    "leo-token": [
        6.03,
        6.02,
        6.02
    ],
    "okb": [
        48.93136561732183,
        48.99775814681114,
        48.85229932510231
    ],
    "first-digital-usd": [
        1.0006542074010245,
        1.0003594593096747,
        1.000443254161865
    ],
    "arweave": [
        42.36843028068525,
        42.25926394632831,
        42.12559572613863
    ],
    "optimism-ethereum": [
        2.4942889061112368,
        2.4958608663961335,
        2.4894279570995854
    ],
    "bittensor": [
        431.4441875051315,
        432.47618750216054,
        429.85657760047667
    ],