{
    "bitcoin": [
        71007,
        71007,
        70955
    ],
    "ethereum": [
        3843.77,
        3843.77,
        3845.74
    ],
    "tether": [
        0.99982,
        0.99982,
        0.999971
    ],
    "binancecoin": [
        689.42,
        689.42,
        689.63
    ],
    "solana": [
        172.81,
        172.81,
        172.71
    ],
    "staked-ether": [
        3842.99,
        3842.99,
        3844.86
    ],
    "usd-coin": [
        0.999903,
        0.999903,
        1.0
    ],
    "ripple": [
        0.526429,
        0.526429,
        0.526204
    ],
    "dogecoin": [
        0.162875,
        0.162875,
        0.162845
    ],
    "the-open-network": [
        7.39,
        7.39,
        7.4
    ],
    "cardano": [
        0.460634,
        0.460634,
        0.460501
    ],
    "shiba-inu": [
        2.579e-05,
        2.579e-05,
        2.581e-05
    ],
    "avalanche-2": [
        36.61,
        36.61,
        36.58
    ],
    "wrapped-bitcoin": [
        71030,
        71030,
        70958
    ],
    "chainlink": [
        17.77,
        17.77,
        17.76
    ],
    "tron": [
        0.114629,
        0.114629,
        0.114573
    ],
    "polkadot": [
        7.23,
        7.23,
        7.22
    ],
    "bitcoin-cash": [
        487.23,
        487.23,
        489.03
    ],
    "near": [
        7.63,
        7.63,
        7.62
    ],
    "uniswap": [
        11.12,
        11.12,
        11.09
    ],
    "internet-computer": [
        12.35,
        12.35,
        12.36
    ],
    "unus-sed-leo": [
        5.923810812706364,
        5.924793027850309
    ],
    "multi-collateral-dai": [
        1.0001541775823066,
        1.000069113199768
    ],
    "ethereum-classic": [
        29.59241834823406,
        29.590961501851606,
        29.716644817092764
    ],
    "aptos": [
        9.263387877359675,
        9.263799804363202,
        9.268205129217748
    ],
    "render": [
        10.489024175520953,
        10.500264538271201,
        10.536495121296817
    ],
    "hedera": [
        0.10357218822296685,
        0.10352052293822786,
        0.10357638124164759
    ],
    "kaspa": [
        0.18248245716522013,
        0.18185130758965254,
        0.18138509350722012
    ],
    "dogwifhat": [
        3.423503524732722,
        3.4194979517466297,
        3.4223682556173842
    ],
    "cosmos": [
        8.689347809442703,
        8.691852044761509,
        8.68769206087434
    ],
    "immutable-x": [
        2.3129728715692934,
        2.307511068170971,
        2.306454465343082
    ],
    "filecoin": [
        6.058364874804195,
        6.051381051851572,
        6.061523267413353
    ],
    "arbitrum": [
        1.123433498688639,
        1.123452645519251,
        1.1239664816754227
    ],
    "mantle": [
        1.0126780216106892,
        1.0138646009486223,
        1.0130936336492808
    ],
    "stellar": [
        0.10716445983713942,
        0.10712304146771583,
        0.10714347176419337
    ],
    "cronos": [
        0.11821388204780556,
        0.11837995339760392,
        0.1182050019061694
    ],
    "monero": [
        164.82363971436067,
        164.67526173002005,
        164.9685755158219
    ],
    "stacks": [
        2.3840857472290597,
        2.382192463771643,
        2.3825691874005326
    ],
    "the-graph": [
        0.3026399956478815,
        0.30238151327707014,
        0.30254943600525946
    ],
    "bttc-bittorrent-chain": [
        1.16645172295275e-06,
        1.16919237635999e-06,
        1.1687692738092e-06
    ],
    "cheelee-cheelee": [
        21.14754907590973,
        21.17995435182055,
        21.18507280704461
    ],
    "VET": [
        0.0342648619606039,
        0.0341757644980644
    ],
    "STX": [
        1.96018090681332,
        1.94312681136669
    ],
    "FLR": [
        0.0280572218861115,
        0.0280389009629798
    ],
    "XMR": [
        155.295737980525,
        155.188147347795
    ],
    "SAGA": [
        2.827609212773917,
        2.81039661314113
    ],
    "AR": [
        43.18042703963509,
        42.9957677008812
    ],
    "ZETA": [
        1.34315063641458,
        1.33600332024875
    ],
    "BGB": [
        1.3705,
        1.3705
    ],
    "FLOKI": [
        0.00026691,
        0.00026701,
        0.00025869
    ],
    "ENS": [
        25.1708930186432,
        25.2103373937601,
        25.3969673507213
    ],
    "PIXEL": [
        0.50131,
        0.50368,
        0.50432
    ],
    "FTM": [
        0.81494311061099,
        0.810825200275531,
        0.810846650526059
    ],
    "INJ": [
        25.8086457389147,
        25.7996455630143,
        25.9201593958232
    ],
    "MKR": [
        2678.8147832225,
        2673.07976203784,
        2673.72921759729
    ],
    "ARKM": [
        2.4701,
        2.4832,
        2.4884
    ],
    "RUNE": [
        6.25186022141491,
        6.24205275986462,
        6.24841808485523
    ],
    "FET": [
        2.14451737649882,
        2.14406231013847,
        2.1479118782187
    ],
    "qnt-quant": [
        90.68999028915081,
        90.75623546883654,
        90.74792518250341
    ],
    "wld-worldcoin": [
        4.903260763780356,
        4.906923315758255,
        4.91397129385042
    ],
    "akt-akash-network": [
        4.646734971176139,
        4.648901291216025,
        4.645663952091127
    ],
    "neo-neo": [
        15.274126702147655,
        15.263481194822392,
        15.283307349269302
    ],
    "egld-elrond": [
        39.77275981569791,
        39.74392277506405,
        39.7274438927204
    ],
    "ron-ronin-token": [
        3.180209100927697,
        3.171243880726842,
        3.172731853923927
    ],
    "sand-the-sandbox": [
        0.4703566575329608,
        0.4725977265885225,
        0.4729888772961769
    ],
    "wbnb-wrapped-bnb": [
        691.5797374554922,
        691.1302778791459,
        690.9998003659513
    ],
    "rbn-ribbon-finance": [
        0.9885661800071454,
        0.9879724354960426,
        0.980782160787907
    ],
    "ordi-ordinals": [
        57.24874195686842,
        57.68050754831272,
        57.777757773865815
    ],
    "mina-mina-protocol": [
        0.8648416236427265,
        0.8660892917503996,
        0.8663124638479811
    ],
    "kcs-kucoin-token": [
        10.196581982937815,
        10.205528182049475,
        10.196320772014223
    ],
    "pendle-pendle": [
        6.152917308013976,
        6.142649822505568,
        6.151687953345358
    ],
    "xtz-tezos": [
        0.9537148039047133,
        0.9535293988856485,
        0.9535446765699904
    ],
    "sei-sei": [
        0.5255414795056049,
        0.5253980424757798,
        0.524931986164148
    ],
    "xec-ecash": [
        4.752772017567077e-05,
        4.758824568828332e-05,
        4.761030578530686e-05
    ],
    "msol-marinade-staked-sol": [
        206.2472022714252,
        206.32079298737793,
        206.38352653956628
    ],
    "cfx-conflux-network": [
        0.2212985412578897,
        0.2216218147611572,
        0.2294484355944873
    ],
    "matic-network": [
        0.720084,
        0.720084,
        0.720431
    ],
    "pepe": [
        1.466e-05,
        1.466e-05,
        1.462e-05
    ],
    "litecoin": [
        84.63,
        84.63,
        84.64
    ],
    "leo-token": [
        6.03,
        6.03,
        6.03
    ],
    "okb": [
        48.64893633186918,
        48.64994831356838,
        48.65298223636889
    ],
    "first-digital-usd": [
        1.0001897081645879,
        1.0000670762064665,
        1.00037607223125
    ],
    "arweave": [
        44.390061565646434,
        44.410351333985886,
        44.389006336463375
    ],
    "optimism-ethereum": [
        2.521335709785772,
        2.522542518927042,
        2.5238614660492455
    ],
    "bittensor": [
        414.5389360166248,
        413.4839057807337,
        413.9658291195151
    ],