{
    "bitcoin": [
        70741,
        70741,
        70604
    ],
    "ethereum": [
        3803.21,
        3803.21,
        3794.68
    ],
    "tether": [
        0.999372,
        0.999372,
        0.999673
    ],
    "binancecoin": [
        697.54,
        697.54,
        697.73
    ],
    "solana": [
        172.81,
        172.81,
        172.3
    ],
    "staked-ether": [
        3802.2,
        3802.2,
        3789.79
    ],
    "usd-coin": [
        1.0,
        1.0,
        0.999721
    ],
    "ripple": [
        0.526306,
        0.526306,
        0.526313
    ],
    "dogecoin": [
        0.162378,
        0.162378,
        0.162153
    ],
    "the-open-network": [
        7.24,
        7.24,
        7.29
    ],
    "cardano": [
        0.458516,
        0.458516,
        0.458219
    ],
    "shiba-inu": [
        2.59e-05,
        2.59e-05,
        2.572e-05
    ],
    "avalanche-2": [
        36.15,
        36.15,
        36.08
    ],
    "wrapped-bitcoin": [
        70763,
        70763,
        70735
    ],
    "chainlink": [
        17.75,
        17.75,
        17.72
    ],
    "tron": [
        0.114187,
        0.114187,
        0.114151
    ],
    "polkadot": [
        7.18,
        7.18,
        7.17
    ],
    "bitcoin-cash": [
        477.64,
        477.64,
        478.41
    ],
    "near": [
        7.51,
        7.51,
        7.51
    ],
    "uniswap": [
        11.16,
        11.16,
        11.19
    ],
    "internet-computer": [
        12.3,
        12.3,
        12.3
    ],
    "unus-sed-leo": [
        5.923810812706364,
        5.924793027850309
    ],
    "multi-collateral-dai": [
        1.0001541775823066,
        1.000069113199768
    ],
    "ethereum-classic": [
        29.432312718577585,
        29.364675307990098,
        29.367942151663794
    ],
    "aptos": [
        9.23926474344557,
        9.218485072488692,
        9.240275848786808
    ],
    "render": [
        10.39645658255258,
        10.3851046330918,
        10.414368223636227
    ],
    "hedera": [
        0.10289487995961728,
        0.10281323833867237,
        0.10304679820712548
    ],
    "kaspa": [
        0.18249765270131532,
        0.18197967368124957,
        0.18220137460192434
    ],
    "dogwifhat": [
        3.403588848841929,
        3.3931182150855004,
        3.4010964155569696
    ],
    "cosmos": [
        8.564895851268563,
        8.5571086859511,
        8.580786711211212
    ],
    "immutable-x": [
        2.291969673995329,
        2.2855192287325354,
        2.2881537047071614
    ],
    "filecoin": [
        5.9958926899220195,
        5.988155998837789,
        5.992671559070297
    ],
    "arbitrum": [
        1.107194740978569,
        1.1054186561948398,
        1.1076107398325528
    ],
    "mantle": [
        0.9783703598739373,
        0.9730837514033207,
        0.9771997336232865
    ],
    "stellar": [
        0.10642745552567465,
        0.10628749322123539,
        0.10636012169712421
    ],
    "cronos": [
        0.11753559654958434,
        0.11725325236433572,
        0.11715319292840741
    ],
    "monero": [
        163.48684416002965,
        163.6536419973487,
        163.49851494951648
    ],
    "stacks": [
        2.264450447811164,
        2.2420057760433743,
        2.245300524970477
    ],
    "the-graph": [
        0.3000651054496873,
        0.29885000170439924,
        0.2995459138643168
    ],
    "bttc-bittorrent-chain": [
        1.15568699635742e-06,
        1.15579668603911e-06,
        1.15540772896532e-06
    ],
    "cheelee-cheelee": [
        21.21748242130182,
        21.215037273430628,
        21.127905659615003
    ],
    "VET": [
        0.0342648619606039,
        0.0341757644980644
    ],
    "STX": [
        1.96018090681332,
        1.94312681136669
    ],
    "FLR": [
        0.0280572218861115,
        0.0280389009629798
    ],
    "XMR": [
        155.295737980525,
        155.188147347795
    ],
    "SAGA": [
        2.827609212773917,
        2.81039661314113
    ],
    "AR": [
        43.18042703963509,
        42.9957677008812
    ],
    "ZETA": [
        1.34315063641458,
        1.33600332024875
    ],
    "BGB": [
        1.3705,
        1.3705
    ],
    "FLOKI": [
        0.00026691,
        0.00026701,
        0.00025869
    ],
    "ENS": [
        24.5003336937165,
        24.1703970203027,
        23.9072604270918
    ],
    "PIXEL": [
        0.49425,
        0.49523,
        0.50067
    ],
    "FTM": [
        0.81494311061099,
        0.810825200275531,
        0.810846650526059
    ],
    "INJ": [
        25.8086457389147,
        25.7996455630143,
        25.9201593958232
    ],
    "MKR": [
        2658.89260369574,
        2655.56278151193,
        2646.61559260119
    ],
    "ARKM": [
        2.4701,
        2.4832,
        2.4884
    ],
    "RUNE": [
        6.24993690993758,
        6.24995345624184,
        6.24993789301255
    ],
    "FET": [
        2.15451412032716,
        2.15453166502798,
        2.14595691752223
    ],
    "qnt-quant": [
        90.32106763032056,
        90.16906829814553,
        90.0933924594501
    ],
    "wld-worldcoin": [
        4.9519087260991075,
        4.922208479674825,
        4.9336926318308025
    ],
    "akt-akash-network": [
        4.504778215588986,
        4.507156409892933,
        4.503079769331795
    ],
    "neo-neo": [
        15.173936635359428,
        15.139914321903925,
        15.135596259114795
    ],
    "egld-elrond": [
        39.58443284978339,
        39.531533906271676,
        39.50081130176169
    ],
    "ron-ronin-token": [
        3.134074788217538,
        3.1251798763870866,
        3.124163550893037
    ],
    "sand-the-sandbox": [
        0.46698243166168657,
        0.4670319075947186,
        0.46882170719218424
    ],
    "wbnb-wrapped-bnb": [
        698.7004349440928,
        697.4836003580625,
        699.2309209085727
    ],
    "rbn-ribbon-finance": [
        0.9885661800071454,
        0.9879724354960426,
        0.980782160787907
    ],
    "ordi-ordinals": [
        56.51898506593314,
        56.355867197279004,
        56.528038019099334
    ],
    "mina-mina-protocol": [
        0.8681729659967362,
        0.8645489139476228,
        0.864976050643459
    ],
    "kcs-kucoin-token": [
        10.100270789445636,
        10.099295053109989,
        10.102122812976768
    ],
    "pendle-pendle": [
        6.058874268232165,
        6.057891221545265,
        6.061042415937029
    ],
    "xtz-tezos": [
        0.9504311106673128,
        0.9493978902887538,
        0.9507846847899727
    ],
    "sei-sei": [
        0.5201697793877558,
        0.5196524418095835,
        0.5196855430751494
    ],
    "xec-ecash": [
        4.71095013098525e-05,
        4.706477882860353e-05,
        4.708308374329523e-05
    ],
    "msol-marinade-staked-sol": [
        206.16490503594602,
        206.09563734093067,
        205.98528014259523
    ],
    "cfx-conflux-network": [
        0.2212985412578897,
        0.2216218147611572,
        0.2294484355944873
    ],
    "matic-network": [
        0.709919,
        0.709919,
        0.710206
    ],
    "pepe": [
        1.426e-05,
        1.426e-05,
        1.419e-05
    ],
    "litecoin": [
        83.77,
        83.77,
        83.82
    ],
    "leo-token": [
        5.95,
        5.95,
        5.95
    ],
    "okb": [
        48.86030484745504,
        48.84134233270294,
        48.88857074454189
    ],
    "first-digital-usd": [
        1.0003421536411978,
        0.9998115530915945,
        1.000158610790585
    ],
    "arweave": [
        44.29517961498645,
        44.36782344827329,
        44.44709879934264
    ],
    "optimism-ethereum": [
        2.4966593073633554,
        2.492687392104698,
        2.4997760695833664
    ],
    "bittensor": [
        409.27186612704344,
        407.47561947872464,
        407.47271613276223
    ],