{
    "bitcoin": [
        70687,
        70826,
        70826
    ],
    "ethereum": [
        3801.77,
        3808.81,
        3808.81
    ],
    "tether": [
        0.999468,
        1.0,
        1.0
    ],
    "binancecoin": [
        708.38,
        709.3,
        709.3
    ],
    "solana": [
        170.27,
        170.56,
        170.56
    ],
    "staked-ether": [
        3801.17,
        3805.96,
        3805.96
    ],
    "usd-coin": [
        0.99945,
        1.0,
        1.0
    ],
    "ripple": [
        0.520823,
        0.521543,
        0.521543
    ],
    "dogecoin": [
        0.160535,
        0.16074,
        0.16074
    ],
    "the-open-network": [
        7.4,
        7.41,
        7.41
    ],
    "cardano": [
        0.455915,
        0.456844,
        0.456844
    ],
    "shiba-inu": [
        2.524e-05,
        2.531e-05,
        2.531e-05
    ],
    "avalanche-2": [
        36.04,
        36.09,
        36.09
    ],
    "wrapped-bitcoin": [
        70861,
        70911,
        70911
    ],
    "chainlink": [
        17.37,
        17.38,
        17.38
    ],
    "tron": [
        0.114555,
        0.114758,
        0.114758
    ],
    "polkadot": [
        7.11,
        7.14,
        7.14
    ],
    "bitcoin-cash": [
        495.13,
        494.48,
        494.48
    ],
    "near": [
        7.3,
        7.33,
        7.33
    ],
    "uniswap": [
        10.61,
        10.65,
        10.65
    ],
    "internet-computer": [
        12.08,
        12.1,
        12.1
    ],
    "unus-sed-leo": [
        5.923810812706364,
        5.924793027850309
    ],
    "multi-collateral-dai": [
        1.0001541775823066,
        1.000069113199768
    ],
    "ethereum-classic": [
        29.387441989129655,
        29.460698955719895,
        29.423851669313404
    ],
    "aptos": [
        9.103920307747043,
        9.12187446922275,
        9.123478609440008
    ],
    "render": [
        10.41142454695412,
        10.414925445885057,
        10.40997487890705
    ],
    "hedera": [
        0.10152560858673815,
        0.10151571466601465,
        0.10159359082241139
    ],
    "kaspa": [
        0.17388542907460564,
        0.17367701912702344,
        0.17333675264868045
    ],
    "dogwifhat": [
        3.2604281135266615,
        3.2640957384989524,
        3.2611126113930844
    ],
    "cosmos": [
        8.602484328132261,
        8.60703917233541,
        8.606605099159678
    ],
    "immutable-x": [
        2.2370659676052655,
        2.2517206273711694,
        2.246743915162553
    ],
    "filecoin": [
        5.932588361665069,
        5.937370538867712,
        5.936690823980023
    ],
    "arbitrum": [
        1.0899406843770612,
        1.0907000871727117,
        1.0908307589591992
    ],
    "mantle": [
        1.0374094994209406,
        1.0376701586255925,
        1.0370720640099789
    ],
    "stellar": [
        0.10521415793640085,
        0.1052267607563874,
        0.1051835740858066
    ],
    "cronos": [
        0.11303275698191756,
        0.11365602798030117,
        0.11398253032431621
    ],
    "monero": [
        165.0656641519899,
        165.14189569174306,
        165.14705976345786
    ],
    "stacks": [
        2.3048290020438063,
        2.306335944218008,
        2.305447987176434
    ],
    "the-graph": [
        0.2939014199011374,
        0.29455065021382854,
        0.2945516492412846
    ],
    "bttc-bittorrent-chain": [
        1.16191213239518e-06,
        1.16530290587765e-06,
        1.16500676983946e-06
    ],
    "cheelee-cheelee": [
        21.11577272282675,
        21.101367026326116,
        21.107303615338115
    ],
    "VET": [
        0.0342648619606039,
        0.0341757644980644
    ],
    "STX": [
        1.96018090681332,
        1.94312681136669
    ],
    "FLR": [
        0.0280572218861115,
        0.0280389009629798
    ],
    "XMR": [
        155.295737980525,
        155.188147347795
    ],
    "SAGA": [
        2.827609212773917,
        2.81039661314113
    ],
    "AR": [
        43.18042703963509,
        42.9957677008812
    ],
    "ZETA": [
        1.34315063641458,
        1.33600332024875
    ],
    "BGB": [
        1.2136,
        1.2136,
        1.2136
    ],
    "FLOKI": [
        0.00026691,
        0.00026701,
        0.00025869
    ],
    "ENS": [
        24.1080334619782,
        24.0498718629674,
        24.040095684693
    ],
    "PIXEL": [
        0.49029,
        0.49105,
        0.49
    ],
    "FTM": [
        0.802376584807796,
        0.802706082334807,
        0.806296795283076
    ],
    "INJ": [
        25.8086457389147,
        25.7996455630143,
        25.9201593958232
    ],
    "MKR": [
        2605.557480659932,
        2614.326418426942,
        2613.464048796233
    ],
    "ARKM": [
        2.626743482716449,
        2.628414754078233,
        2.629537862114028
    ],
    "RUNE": [
        6.02239791426306,
        6.02219018016043,
        6.01514976856864
    ],
    "FET": [
        2.04304317531293,
        2.04630125871621,
        2.04610858036528
    ],
    "qnt-quant": [
        89.32999711091837,
        89.53862020635023,
        89.39230214792796
    ],
    "wld-worldcoin": [
        4.81273219734234,
        4.809920963582415,
        4.815481503140401
    ],
    "akt-akash-network": [
        4.479496270090816,
        4.503867975333136,
        4.498487587096568
    ],
    "neo-neo": [
        14.90555607745784,
        14.92426650019909,
        14.937480477126787
    ],
    "egld-elrond": [
        38.90402392808286,
        38.94912003372088,
        38.97651433470187
    ],
    "ron-ronin-token": [
        3.0905839816217373,
        3.0883889905484763,
        3.09223739626805
    ],
    "sand-the-sandbox": [
        0.4721071369866661,
        0.47158160763808316,
        0.471687191409625
    ],
    "wbnb-wrapped-bnb": [
        708.8301947428192,
        708.7416831312015,
        708.9354032032259
    ],
    "rbn-ribbon-finance": [
        0.9885661800071454,
        0.9879724354960426,
        0.980782160787907
    ],
    "ordi-ordinals": [
        57.414463248709225,
        57.85581741952882,
        57.99150424044625
    ],
    "mina-mina-protocol": [
        0.8412427443539907,
        0.8442346683855217,
        0.8438293290948882
    ],
    "kcs-kucoin-token": [
        10.37702142488604,
        10.379298933448693,
        10.383542552310654
    ],
    "pendle-pendle": [
        5.936382563646918,
        5.951358804272051,
        5.960176756712063
    ],
    "xtz-tezos": [
        0.9400006214512129,
        0.9390598698312187,
        0.9390172628961337
    ],
    "sei-sei": [
        0.5120220767409871,
        0.5115967219590993,
        0.5102479075094462
    ],
    "xec-ecash": [
        4.685353729126343e-05,
        4.691454328947019e-05,
        4.693983462787597e-05
    ],
    "msol-marinade-staked-sol": [
        203.41258332160976,
        203.41351697877744,
        203.72514897843558
    ],
    "cfx-conflux-network": [
        0.23111718414193083,
        0.2326810847299506,
        0.23344074818130797
    ],
    "matic-network": [
        0.729638,
        0.729587,
        0.729587
    ],
    "pepe": [
        1.435e-05,
        1.441e-05,
        1.441e-05
    ],
    "litecoin": [
        84.34,
        84.42,
        84.42
    ],
    "leo-token": [
        5.99,
        5.99,
        5.99
    ],
    "okb": [
        48.728201988419286,
        48.76342466797238,
        48.755813879004066
    ],
    "first-digital-usd": [
        1.0010034907245202,
        1.00155600373586,
        1.0006196484667473
    ],
    "arweave": [
        41.95140496881011,
        41.965949109085024,
        41.936939334413225
    ],
    "optimism-ethereum": [
        2.4782940825769972,
        2.480193999873462,
        2.4792130923443647
    ],
    "bittensor": [
        424.9300967189579,
        425.22539630636174,
        425.3514761140335
    ],