{
    "bitcoin": [
        71494,
        71494,
        71597
    ],
    "ethereum": [
        3825.3,
        3825.3,
        3861.0
    ],
    "tether": [
        0.999958,
        0.999958,
        1.001
    ],
    "binancecoin": [
        700.55,
        700.55,
        701.25
    ],
    "solana": [
        174.17,
        174.17,
        174.81
    ],
    "staked-ether": [
        3824.32,
        3824.32,
        3864.05
    ],
    "usd-coin": [
        1.0,
        1.0,
        0.999778
    ],
    "ripple": [
        0.527337,
        0.527337,
        0.528077
    ],
    "dogecoin": [
        0.163005,
        0.163005,
        0.163901
    ],
    "the-open-network": [
        7.42,
        7.42,
        7.44
    ],
    "cardano": [
        0.461549,
        0.461549,
        0.462646
    ],
    "shiba-inu": [
        2.592e-05,
        2.592e-05,
        2.605e-05
    ],
    "avalanche-2": [
        36.63,
        36.63,
        36.82
    ],
    "wrapped-bitcoin": [
        71491,
        71491,
        71647
    ],
    "chainlink": [
        17.79,
        17.79,
        17.9
    ],
    "tron": [
        0.114669,
        0.114669,
        0.114788
    ],
    "polkadot": [
        7.25,
        7.25,
        7.28
    ],
    "bitcoin-cash": [
        487.21,
        487.21,
        490.59
    ],
    "near": [
        7.6,
        7.6,
        7.63
    ],
    "uniswap": [
        11.15,
        11.15,
        11.21
    ],
    "internet-computer": [
        12.38,
        12.38,
        12.42
    ],
    "unus-sed-leo": [
        5.923810812706364,
        5.924793027850309
    ],
    "multi-collateral-dai": [
        1.0001541775823066,
        1.000069113199768
    ],
    "ethereum-classic": [
        29.59241834823406,
        29.590961501851606,
        29.716644817092764
    ],
    "aptos": [
        9.322561861940141,
        9.335820209981849,
        9.341544832438586
    ],
    "render": [
        10.568163209225254,
        10.564416271055523,
        10.563070413480277
    ],
    "hedera": [
        0.10393546730746023,
        0.10396289884676758,
        0.10424664772177357
    ],
    "kaspa": [
        0.18255901639979938,
        0.18275886265611446,
        0.1826655305681834
    ],
    "dogwifhat": [
        3.43353029909312,
        3.4428165982147307,
        3.4435360065597065
    ],
    "cosmos": [
        8.694704961897157,
        8.70805243688875,
        8.724211052245062
    ],
    "immutable-x": [
        2.314103076895979,
        2.3193694982043334,
        2.321992715434591
    ],
    "filecoin": [
        6.056492995522528,
        6.062316603256271,
        6.08089093402726
    ],
    "arbitrum": [
        1.1221153734971132,
        1.1228348030135806,
        1.1318029631056237
    ],
    "mantle": [
        0.999647820158083,
        1.0011278871694487,
        1.0105707389811467
    ],
    "stellar": [
        0.1070577600122544,
        0.10715911136195236,
        0.10737708609732079
    ],
    "cronos": [
        0.11714186595192115,
        0.1172803002040331,
        0.1179902298916713
    ],
    "monero": [
        163.10398045250898,
        162.79690618938116,
        163.7292716535461
    ],
    "stacks": [
        2.410491649054182,
        2.4227955059610085,
        2.420752350502249
    ],
    "the-graph": [
        0.3026084745760216,
        0.3034180744775176,
        0.30378238982345
    ],
    "bttc-bittorrent-chain": [
        1.16913315556874e-06,
        1.1689577417548e-06,
        1.1688275561703e-06
    ],
    "cheelee-cheelee": [
        21.31980993300494,
        21.32928037045137,
        21.304995806838534
    ],
    "VET": [
        0.0342648619606039,
        0.0341757644980644
    ],
    "STX": [
        1.96018090681332,
        1.94312681136669
    ],
    "FLR": [
        0.0280572218861115,
        0.0280389009629798
    ],
    "XMR": [
        155.295737980525,
        155.188147347795
    ],
    "SAGA": [
        2.827609212773917,
        2.81039661314113
    ],
    "AR": [
        43.18042703963509,
        42.9957677008812
    ],
    "ZETA": [
        1.34315063641458,
        1.33600332024875
    ],
    "BGB": [
        1.3705,
        1.3705
    ],
    "FLOKI": [
        0.00026691,
        0.00026701,
        0.00025869
    ],
    "ENS": [
        24.909355383559,
        25.1188024124421,
        25.3767750367515
    ],
    "PIXEL": [
        0.50053,
        0.49858,
        0.49799
    ],
    "FTM": [
        0.81494311061099,
        0.810825200275531,
        0.810846650526059
    ],
    "INJ": [
        25.8086457389147,
        25.7996455630143,
        25.9201593958232
    ],
    "MKR": [
        2671.12336988362,
        2679.67650041624,
        2684.66462308833
    ],
    "ARKM": [
        2.4701,
        2.4832,
        2.4884
    ],
    "RUNE": [
        6.29415032803779,
        6.30042861145164,
        6.31296648583518
    ],
    "FET": [
        2.15592870948899,
        2.15952106518806,
        2.15320183846311
    ],
    "qnt-quant": [
        90.9754461339664,
        90.89968826199832,
        91.09615884345638
    ],
    "wld-worldcoin": [
        4.939101070708598,
        4.943886190454084,
        4.939878194985189
    ],
    "akt-akash-network": [
        4.630410679188399,
        4.631695189797325,
        4.639406691513911
    ],
    "neo-neo": [
        15.302127445773152,
        15.318330949692108,
        15.382609571880185
    ],
    "egld-elrond": [
        39.822842924988024,
        39.862134262335815,
        40.03669145934335
    ],
    "ron-ronin-token": [
        3.1620338892562474,
        3.165069970431117,
        3.1746359229361136
    ],
    "sand-the-sandbox": [
        0.47023387595642974,
        0.470518395227583,
        0.47197470497902627
    ],
    "wbnb-wrapped-bnb": [
        700.471848266744,
        701.21267090611,
        700.0736321292062
    ],
    "rbn-ribbon-finance": [
        0.9885661800071454,
        0.9879724354960426,
        0.980782160787907
    ],
    "ordi-ordinals": [
        57.41496269728603,
        57.48825772282273,
        57.339019381145185
    ],
    "mina-mina-protocol": [
        0.8719985196609961,
        0.8731770060522579,
        0.873455763410719
    ],
    "kcs-kucoin-token": [
        10.146192849478796,
        10.142480544981737,
        10.139699255298803
    ],
    "pendle-pendle": [
        6.096674051638251,
        6.112742093284295,
        6.149498345791467
    ],
    "xtz-tezos": [
        0.9569466329071288,
        0.9580287642760965,
        0.957655473230975
    ],
    "sei-sei": [
        0.5283635749753365,
        0.530122251558345,
        0.5309621344062065
    ],
    "xec-ecash": [
        4.763420980936626e-05,
        4.762056968202781e-05,
        4.768170446329345e-05
    ],
    "msol-marinade-staked-sol": [
        208.02627837070887,
        208.23066350986733,
        208.7532906890645
    ],
    "cfx-conflux-network": [
        0.2212985412578897,
        0.2216218147611572,
        0.2294484355944873
    ],
    "matic-network": [
        0.717475,
        0.717475,
        0.722126
    ],
    "pepe": [
        1.44e-05,
        1.44e-05,
        1.454e-05
    ],
    "litecoin": [
        84.63,
        84.63,
        84.82
    ],
    "leo-token": [
        6.02,
        6.02,
        6.02
    ],
    "okb": [
        48.721124491063115,
        48.768064033317415,
        48.839873605644144
    ],
    "first-digital-usd": [
        0.9998174675733601,
        0.9999033546725042,
        0.9999368042384275
    ],
    "arweave": [
        44.784150872977065,
        44.769653164315336,
        44.71757654058209
    ],
    "optimism-ethereum": [
        2.5106084822582755,
        2.5154410370450524,
        2.5362396798093934
    ],
    "bittensor": [
        411.0176785741183,
        411.96706148153874,
        413.3676075975168
    ],