{
    "bitcoin": [
        69465,
        69179,
        69179
    ],
    "ethereum": [
        3788.47,
        3770.08,
        3770.08
    ],
    "tether": [
        0.999475,
        0.999455,
        0.999455
    ],
    "binancecoin": [
        626.37,
        623.38,
        623.38
    ],
    "solana": [
        164.61,
        163.83,
        163.83
    ],
    "staked-ether": [
        3783.8,
        3768.9,
        3768.9
    ],
    "usd-coin": [
        1.0,
        0.999567,
        0.999567
    ],
    "ripple": [
        0.521604,
        0.519921,
        0.519921
    ],
    "dogecoin": [
        0.161112,
        0.159999,
        0.159999
    ],
    "the-open-network": [
        6.63,
        6.63,
        6.63
    ],
    "cardano": [
        0.452417,
        0.450828,
        0.450828
    ],
    "shiba-inu": [
        2.481e-05,
        2.47e-05,
        2.47e-05
    ],
    "avalanche-2": [
        35.49,
        35.35,
        35.35
    ],
    "wrapped-bitcoin": [
        69432,
        69149,
        69149
    ],
    "chainlink": [
        17.91,
        17.76,
        17.76
    ],
    "tron": [
        0.113305,
        0.113082,
        0.113082
    ],
    "polkadot": [
        7.12,
        7.08,
        7.08
    ],
    "bitcoin-cash": [
        468.97,
        467.09,
        467.09
    ],
    "near": [
        7.31,
        7.27,
        7.27
    ],
    "uniswap": [
        9.64,
        9.6,
        9.6
    ],
    "internet-computer": [
        12.05,
        12.02,
        12.02
    ],
    "unus-sed-leo": [
        5.923810812706364,
        5.924793027850309
    ],
    "multi-collateral-dai": [
        1.0001541775823066,
        1.000069113199768
    ],
    "ethereum-classic": [
        29.24604814725347,
        29.20352121967086
    ],
    "aptos": [
        9.017775837209307,
        8.98190429692437,
        8.945218871245542
    ],
    "render": [
        9.98995241752941,
        9.973119502529403,
        9.955484774090879
    ],
    "hedera": [
        0.10249935115649518,
        0.10196395001014188,
        0.10186393759667968
    ],
    "kaspa": [
        0.15093487679208142,
        0.15209305192861716,
        0.15453535195918602
    ],
    "dogwifhat": [
        3.3316509025483056,
        3.3315718005789403,
        3.3190038674432176
    ],
    "cosmos": [
        8.41876089537674,
        8.402077319134479,
        8.380263056973797
    ],
    "immutable-x": [
        2.2407693591894247,
        2.233824823730447,
        2.2337839274380467
    ],
    "filecoin": [
        5.811159811394136,
        5.790027174253743,
        5.757366886138844
    ],
    "arbitrum": [
        1.123959246801566,
        1.1204666744472307,
        1.1158839430942866
    ],
    "mantle": [
        0.9694887583361977,
        0.9674095922073035,
        0.9630339887361282
    ],
    "stellar": [
        0.10648380604696431,
        0.10612064180852716,
        0.10588676577451352
    ],
    "cronos": [
        0.11098063171939794,
        0.11053501496778867,
        0.11047734950700006
    ],
    "monero": [
        153.3845650535924,
        153.35105641629116,
        153.94645998297707
    ],
    "stacks": [
        1.9397458482101158,
        1.9195721572388027,
        1.9104076246233832
    ],
    "the-graph": [
        0.30091786859598924,
        0.29963389102348287,
        0.29886089621346695
    ],
    "bttc-bittorrent-chain": [
        1.15721985040999e-06,
        1.15602629997508e-06,
        1.15594102691448e-06
    ],
    "cheelee-cheelee": [
        20.521817069774052,
        20.586722117470075,
        20.58736668869964
    ],
    "VET": [
        0.0342648619606039,
        0.0341757644980644
    ],
    "STX": [
        1.96018090681332,
        1.94312681136669
    ],
    "FLR": [
        0.0280572218861115,
        0.0280389009629798
    ],
    "XMR": [
        155.295737980525,
        155.188147347795
    ],
    "SAGA": [
        2.827609212773917,
        2.81039661314113
    ],
    "AR": [
        43.18042703963509,
        42.9957677008812
    ],
    "ZETA": [
        1.34315063641458,
        1.33600332024875
    ],
    "BGB": [
        1.3705,
        1.3705
    ],
    "FLOKI": [
        0.00027295,
        0.00027004
    ],
    "ENS": [
        26.3575212769899,
        25.9827673016465
    ],
    "PIXEL": [
        0.5048456534680248,
        0.5075035299704171,
        0.5091358288893804
    ],
    "FTM": [
        0.81494311061099,
        0.810825200275531,
        0.810846650526059
    ],
    "INJ": [
        25.5377857730697,
        25.4948089189,
        25.7628291130794
    ],
    "MKR": [
        2596.41879314381,
        2587.99264834197,
        2577.10495305591
    ],
    "ARKM": [
        2.4846,
        2.4667,
        2.4694
    ],
    "RUNE": [
        6.01890184299621,
        5.9958213541295,
        5.95374142391771
    ],
    "FET": [
        2.15952183332793,
        2.15036202871957,
        2.15270723130991
    ],
    "qnt-quant": [
        91.14489774426146,
        91.13458457212924,
        91.18932571833186
    ],
    "wld-worldcoin": [
        4.738266848624191,
        4.728320396494357,
        4.70684942806954
    ],
    "akt-akash-network": [
        4.472978608550964,
        4.476519616934846,
        4.475570257887319
    ],
    "neo-neo": [
        14.892996362719032,
        14.825780389063818,
        14.776510805884977
    ],
    "egld-elrond": [
        38.932280117763725,
        38.72947060263461,
        38.74809037910262
    ],
    "ron-ronin-token": [
        3.2490077523745535,
        3.235548488720886,
        3.2300906490531527
    ],
    "sand-the-sandbox": [
        0.45941354681771185,
        0.4569620877917915,
        0.45431945018076614
    ],
    "wbnb-wrapped-bnb": [
        627.4298403290895,
        624.6179528317698,
        623.3956210025704
    ],
    "rbn-ribbon-finance": [
        0.9879647129968926,
        0.9865304978971581,
        0.9817889901616603
    ],
    "ordi-ordinals": [
        48.18621507880629,
        48.088528291676965,
        47.0051424950867
    ],
    "mina-mina-protocol": [
        0.8787470641809164,
        0.874041266262313,
        0.8675987962868176
    ],
    "kcs-kucoin-token": [
        10.11319050562473,
        10.095234543990594,
        10.089683360505383
    ],
    "pendle-pendle": [
        6.12849609296875,
        6.106479399655252,
        6.085615531009726
    ],
    "xtz-tezos": [
        0.9419806730234773,
        0.9388870178962404,
        0.9371843486081439
    ],
    "sei-sei": [
        0.5112896093022204,
        0.5086570278892958,
        0.5057453725455462
    ],
    "xec-ecash": [
        4.688847336361106e-05,
        4.669447426329437e-05,
        4.635836848089267e-05
    ],
    "msol-marinade-staked-sol": [
        195.815560173591,
        195.60827669702107,
        195.51729467249461
    ],
    "cfx-conflux-network": [
        0.22071812731179896,
        0.22056161795306245,
        0.22028544338160747
    ],
    "matic-network": [
        0.703902,
        0.700484,
        0.700484
    ],
    "pepe": [
        1.505e-05,
        1.498e-05,
        1.498e-05
    ],
    "litecoin": [
        83.18,
        82.87,
        82.87
    ],
    "leo-token": [
        5.95,
        5.95,
        5.95
    ],
    "okb": [
        46.766048083447686,
        46.686426751597224,
        46.63517125874747
    ],
    "first-digital-usd": [
        0.9999035900771692,
        0.9995736059993213,
        0.999662955219024
    ],
    "arweave": [
        42.9692222691319,
        43.20082440585879,
        43.02036311908098
    ],
    "optimism-ethereum": [
        2.4296172818930297,
        2.4128433097491513,
        2.4014950240609405
    ],
    "bittensor": [
        386.8699247740978,
        383.3418395057857,
        381.8395279633468
    ],
    "floki-inu": [
        0.00027338069592142535,
        0.00027091355574471496,
        0.0002693604305678032
    ],