{
    "bitcoin": [
        69218,
        69150,
        69150
    ],
    "ethereum": [
        3772.91,
        3772.47,
        3772.47
    ],
    "tether": [
        0.999791,
        0.999545,
        0.999545
    ],
    "binancecoin": [
        629.84,
        628.77,
        628.77
    ],
    "solana": [
        166.16,
        165.89,
        165.89
    ],
    "staked-ether": [
        3772.93,
        3772.29,
        3772.29
    ],
    "usd-coin": [
        0.999872,
        0.999658,
        0.999658
    ],
    "ripple": [
        0.521128,
        0.521312,
        0.521312
    ],
    "dogecoin": [
        0.159337,
        0.159403,
        0.159403
    ],
    "the-open-network": [
        6.78,
        6.8,
        6.8
    ],
    "cardano": [
        0.459397,
        0.459532,
        0.459532
    ],
    "shiba-inu": [
        2.442e-05,
        2.438e-05,
        2.438e-05
    ],
    "avalanche-2": [
        34.99,
        34.98,
        34.98
    ],
    "wrapped-bitcoin": [
        69170,
        69211,
        69211
    ],
    "chainlink": [
        17.56,
        17.57,
        17.57
    ],
    "tron": [
        0.113896,
        0.113896,
        0.113896
    ],
    "polkadot": [
        7.01,
        7.01,
        7.01
    ],
    "bitcoin-cash": [
        464.46,
        463.73,
        463.73
    ],
    "near": [
        7.13,
        7.11,
        7.11
    ],
    "uniswap": [
        9.55,
        9.54,
        9.54
    ],
    "internet-computer": [
        11.99,
        11.98,
        11.98
    ],
    "unus-sed-leo": [
        5.923810812706364,
        5.924793027850309
    ],
    "multi-collateral-dai": [
        1.0001541775823066,
        1.000069113199768
    ],
    "ethereum-classic": [
        29.24604814725347,
        29.20352121967086
    ],
    "aptos": [
        8.987058474603394,
        8.982220501273083,
        8.986209513281612
    ],
    "render": [
        10.004253416293489,
        9.99360937633387,
        10.042654374464323
    ],
    "hedera": [
        0.10116058815361231,
        0.10104876695484698,
        0.10086863039909279
    ],
    "kaspa": [
        0.17190704162903728,
        0.17356476880063984,
        0.17295528828118278
    ],
    "dogwifhat": [
        3.3183450636478162,
        3.314355509936193,
        3.306940370770314
    ],
    "cosmos": [
        8.368810998344786,
        8.366740181394567,
        8.360928356337936
    ],
    "immutable-x": [
        2.2662805885275,
        2.265664931999075,
        2.2703704125187083
    ],
    "filecoin": [
        5.810573200553244,
        5.800740701013538,
        5.791194110924744
    ],
    "arbitrum": [
        1.11002758999897,
        1.1069959199258366,
        1.1059809072786138
    ],
    "mantle": [
        0.961776278176215,
        0.960548939488005,
        0.958213236442053
    ],
    "stellar": [
        0.10563440574898275,
        0.10562386572063459,
        0.10554479765243671
    ],
    "cronos": [
        0.10890945047292014,
        0.10878597154991983,
        0.10862799300670817
    ],
    "monero": [
        157.5344874724212,
        157.0898452191172,
        157.70394666393852
    ],
    "stacks": [
        1.9364953470505006,
        1.9408627641528982,
        1.9381595803808545
    ],
    "the-graph": [
        0.2950142272453705,
        0.2951230108622573,
        0.2950873403345158
    ],
    "bttc-bittorrent-chain": [
        1.14925294543752e-06,
        1.15029068827781e-06,
        1.1486798634055e-06
    ],
    "cheelee-cheelee": [
        20.639177746060458,
        20.693106823398228,
        20.712843677391326
    ],
    "VET": [
        0.0342648619606039,
        0.0341757644980644
    ],
    "STX": [
        1.96018090681332,
        1.94312681136669
    ],
    "FLR": [
        0.0280572218861115,
        0.0280389009629798
    ],
    "XMR": [
        155.295737980525,
        155.188147347795
    ],
    "SAGA": [
        2.827609212773917,
        2.81039661314113
    ],
    "AR": [
        43.18042703963509,
        42.9957677008812
    ],
    "ZETA": [
        1.34315063641458,
        1.33600332024875
    ],
    "BGB": [
        1.3705,
        1.3705
    ],
    "FLOKI": [
        0.00027295,
        0.00027004
    ],
    "ENS": [
        25.1696384002276,
        25.1690351725447,
        24.993907273386
    ],
    "PIXEL": [
        0.5075035299704171,
        0.5091358288893804,
        0.5094
    ],
    "FTM": [
        0.81494311061099,
        0.810825200275531,
        0.810846650526059
    ],
    "INJ": [
        25.0165325515205,
        24.9880477630857,
        25.0207479395911
    ],
    "MKR": [
        2591.33333757779,
        2568.06953013984,
        2572.53851737616
    ],
    "ARKM": [
        2.4719,
        2.4662,
        2.4698
    ],
    "RUNE": [
        6.02087496199925,
        6.0165554353724,
        6.00968672517768
    ],
    "FET": [
        2.14880746841698,
        2.13954177855085,
        2.14357743076297
    ],
    "qnt-quant": [
        90.90412297955928,
        90.8702164683837,
        90.80392297406736
    ],
    "wld-worldcoin": [
        4.853205899862028,
        4.848138377847164,
        4.855469704586185
    ],
    "akt-akash-network": [
        4.379183091582184,
        4.385704021271403,
        4.393074642647116
    ],
    "neo-neo": [
        14.722102303375937,
        14.689804166139439,
        14.6605381972524
    ],
    "egld-elrond": [
        38.92652732445226,
        38.92878175401717,
        38.87130132237746
    ],
    "ron-ronin-token": [
        3.1724447857391778,
        3.1864578301277557,
        3.192152455985867
    ],
    "sand-the-sandbox": [
        0.45519583225122356,
        0.45588609169207683,
        0.4548504813204978
    ],
    "wbnb-wrapped-bnb": [
        630.3428055500137,
        628.9352513440735,
        628.3320325973467
    ],
    "rbn-ribbon-finance": [
        1.013777705320241,
        1.0166639911791613,
        1.020096880200912
    ],
    "ordi-ordinals": [
        47.465790525421276,
        47.397858292861194,
        47.440408287559336
    ],
    "mina-mina-protocol": [
        0.8693452613539,
        0.8660685809048965,
        0.8679692252058817
    ],
    "kcs-kucoin-token": [
        10.087833766745467,
        10.083235957638566,
        10.088685818372094
    ],
    "pendle-pendle": [
        6.161000988155019,
        6.1362836323114776,
        6.130871106569698
    ],
    "xtz-tezos": [
        0.9248015363026155,
        0.9261501588387152,
        0.92442735778388
    ],
    "sei-sei": [
        0.510478382240057,
        0.5116351484791285,
        0.5100380675391878
    ],
    "xec-ecash": [
        4.6240668406924e-05,
        4.610297621543564e-05,
        4.621189132356472e-05
    ],
    "msol-marinade-staked-sol": [
        198.27725681070902,
        197.71983015106977,
        197.69869768466467
    ],
    "cfx-conflux-network": [
        0.22389268323080855,
        0.2241006897945176,
        0.22395149094685485
    ],
    "matic-network": [
        0.707717,
        0.707545,
        0.707545
    ],
    "pepe": [
        1.449e-05,
        1.448e-05,
        1.448e-05
    ],
    "litecoin": [
        83.02,
        83.0,
        83.0
    ],
    "leo-token": [
        6.02,
        6.02,
        6.02
    ],
    "okb": [
        46.785790575907164,
        46.65727416299848,
        46.65343158676427
    ],
    "first-digital-usd": [
        0.9998102213498412,
        1.0001041170626743,
        1.0000907569867936
    ],
    "arweave": [
        43.25559135136066,
        43.272728049719085,
        43.12776180657586
    ],
    "optimism-ethereum": [
        2.4188058114568625,
        2.4178966705770892,
        2.4159844891864948
    ],
    "bittensor": [
        381.87383187574653,
        382.4855809289262,
        383.5164824602162
    ],
    "floki-inu": [
        0.00026862693047101366,
        0.0002665692056792338,
        0.0002664383382634039
    ],