{
    "bitcoin": [
        68942,
        68942,
        68879
    ],
    "ethereum": [
        3775.59,
        3775.59,
        3770.24
    ],
    "tether": [
        0.999706,
        0.999706,
        0.999806
    ],
    "binancecoin": [
        628.41,
        628.41,
        627.86
    ],
    "solana": [
        165.13,
        165.13,
        164.95
    ],
    "staked-ether": [
        3775.06,
        3775.06,
        3769.37
    ],
    "usd-coin": [
        0.999897,
        0.999897,
        1.0
    ],
    "ripple": [
        0.520648,
        0.520648,
        0.52048
    ],
    "dogecoin": [
        0.158649,
        0.158649,
        0.158513
    ],
    "the-open-network": [
        6.8,
        6.8,
        6.8
    ],
    "cardano": [
        0.458145,
        0.458145,
        0.457638
    ],
    "shiba-inu": [
        2.45e-05,
        2.45e-05,
        2.442e-05
    ],
    "avalanche-2": [
        35.21,
        35.21,
        35.12
    ],
    "wrapped-bitcoin": [
        69040,
        69040,
        68938
    ],
    "chainlink": [
        17.58,
        17.58,
        17.57
    ],
    "tron": [
        0.113661,
        0.113661,
        0.113629
    ],
    "polkadot": [
        7.03,
        7.03,
        7.02
    ],
    "bitcoin-cash": [
        466.21,
        466.21,
        465.56
    ],
    "near": [
        7.12,
        7.12,
        7.11
    ],
    "uniswap": [
        9.53,
        9.53,
        9.52
    ],
    "internet-computer": [
        12.0,
        12.0,
        12.01
    ],
    "unus-sed-leo": [
        5.923810812706364,
        5.924793027850309
    ],
    "multi-collateral-dai": [
        1.0001541775823066,
        1.000069113199768
    ],
    "ethereum-classic": [
        29.24604814725347,
        29.20352121967086
    ],
    "aptos": [
        8.930963486671681,
        8.929556895215029,
        8.927891622063955
    ],
    "render": [
        10.0194476881535,
        10.015741379066617,
        10.015472153439655
    ],
    "hedera": [
        0.10104054665325132,
        0.10084828395661953,
        0.1009201949512697
    ],
    "kaspa": [
        0.17122144262143368,
        0.17138541503110213,
        0.17032968328519912
    ],
    "dogwifhat": [
        3.2896810851418827,
        3.2905246583784837,
        3.2886984567013124
    ],
    "cosmos": [
        8.35819057221719,
        8.353668918287847,
        8.353706107972105
    ],
    "immutable-x": [
        2.234319689086159,
        2.231535434788491,
        2.23231986980778
    ],
    "filecoin": [
        5.813663565943061,
        5.807479223473743,
        5.803423171646541
    ],
    "arbitrum": [
        1.1070859715617452,
        1.1066926467447589,
        1.1064824469114674
    ],
    "mantle": [
        0.9684332654584851,
        0.9674020079825709,
        0.9683275617244772
    ],
    "stellar": [
        0.10538909376740303,
        0.10535573817066458,
        0.10536625467454891
    ],
    "cronos": [
        0.10977574128184839,
        0.10966013128971941,
        0.10953747650532983
    ],
    "monero": [
        155.9222632888866,
        155.70251042058095,
        155.21682159696746
    ],
    "stacks": [
        1.895162350154603,
        1.8923028021997437,
        1.8929957942633728
    ],
    "the-graph": [
        0.2947568371606927,
        0.2945539823954501,
        0.29438818980004844
    ],
    "bttc-bittorrent-chain": [
        1.15325518123693e-06,
        1.15262277272726e-06,
        1.15282538229248e-06
    ],
    "cheelee-cheelee": [
        20.740808722720306,
        20.74734617424799,
        20.748706764422167
    ],
    "VET": [
        0.0342648619606039,
        0.0341757644980644
    ],
    "STX": [
        1.96018090681332,
        1.94312681136669
    ],
    "FLR": [
        0.0280572218861115,
        0.0280389009629798
    ],
    "XMR": [
        155.295737980525,
        155.188147347795
    ],
    "SAGA": [
        2.827609212773917,
        2.81039661314113
    ],
    "AR": [
        43.18042703963509,
        42.9957677008812
    ],
    "ZETA": [
        1.34315063641458,
        1.33600332024875
    ],
    "BGB": [
        1.3705,
        1.3705
    ],
    "FLOKI": [
        0.00027295,
        0.00027004
    ],
    "ENS": [
        25.240111764798,
        25.2395917056361,
        25.1111574351559
    ],
    "PIXEL": [
        0.5075035299704171,
        0.5091358288893804,
        0.5094
    ],
    "FTM": [
        0.81494311061099,
        0.810825200275531,
        0.810846650526059
    ],
    "INJ": [
        25.0404918228681,
        25.0196575479058,
        24.9855406084722
    ],
    "MKR": [
        2585.82085335581,
        2591.765955158,
        2591.33333757779
    ],
    "ARKM": [
        2.4521,
        2.4459,
        2.4467
    ],
    "RUNE": [
        6.00173817944748,
        6.00203390018574,
        5.99645102948959
    ],
    "FET": [
        2.14598573676552,
        2.14322643848474,
        2.14059490621609
    ],
    "qnt-quant": [
        90.53913238124973,
        90.41162118716392,
        90.56099388624241
    ],
    "wld-worldcoin": [
        4.813479582929798,
        4.812152881613918,
        4.818222372158392
    ],
    "akt-akash-network": [
        4.440850658560252,
        4.437417479721627,
        4.4341692376858
    ],
    "neo-neo": [
        14.71979102598239,
        14.725429897044872,
        14.698015351871687
    ],
    "egld-elrond": [
        38.78618053601289,
        38.76295154471314,
        38.838634884315276
    ],
    "ron-ronin-token": [
        3.198845522391157,
        3.2003177698826755,
        3.197592599403427
    ],
    "sand-the-sandbox": [
        0.4540902536549193,
        0.4534161666548967,
        0.45280064588967445
    ],
    "wbnb-wrapped-bnb": [
        627.2735542507669,
        628.1728691979979,
        628.28923463209
    ],
    "rbn-ribbon-finance": [
        0.9757839169044804,
        0.9770494471857496,
        0.9771671114582041
    ],
    "ordi-ordinals": [
        47.94631311927619,
        47.980734498041116,
        47.961398630502735
    ],
    "mina-mina-protocol": [
        0.8635920574033584,
        0.8619834565535307,
        0.8632276337052139
    ],
    "kcs-kucoin-token": [
        10.09439797914368,
        10.0943912105789,
        10.075656365968053
    ],
    "pendle-pendle": [
        6.079686610918283,
        6.0873488827320426,
        6.0834122227743
    ],
    "xtz-tezos": [
        0.9288679185135089,
        0.9285518510217177,
        0.9277777322782543
    ],
    "sei-sei": [
        0.5049195151750638,
        0.5046520354648664,
        0.5040277771459338
    ],
    "xec-ecash": [
        4.660123599814687e-05,
        4.651975356912256e-05,
        4.647611752938158e-05
    ],
    "msol-marinade-staked-sol": [
        197.02589882681187,
        196.98815916027831,
        196.90304625028367
    ],
    "cfx-conflux-network": [
        0.22520671537298972,
        0.22437187106123205,
        0.22457692762520903
    ],
    "matic-network": [
        0.706688,
        0.706688,
        0.705649
    ],
    "pepe": [
        1.45e-05,
        1.45e-05,
        1.448e-05
    ],
    "litecoin": [
        82.95,
        82.95,
        82.9
    ],
    "leo-token": [
        6.0,
        6.0,
        5.99
    ],
    "okb": [
        46.61137954268193,
        46.61069190335451,
        46.60947839989601
    ],
    "first-digital-usd": [
        0.9993124262216088,
        0.9997161594017142,
        0.9997155759472323
    ],
    "arweave": [
        42.882031848865964,
        42.963675217095506,
        43.1107487874136
    ],
    "optimism-ethereum": [
        2.4088663507943675,
        2.4080828420137212,
        2.4085037202211486
    ],
    "bittensor": [
        379.733698654981,
        379.15985384786666,
        379.6586535233964
    ],
    "floki-inu": [
        0.00027093392924118655,
        0.0002717254493339645,
        0.0002710088713673098
    ],