{
    "bitcoin": [
        69290,
        69102,
        69083
    ],
    "ethereum": [
        3688.63,
        3675.53,
        3676.02
    ],
    "tether": [
        0.999413,
        0.998586,
        0.999534
    ],
    "binancecoin": [
        683.1,
        678.87,
        678.75
    ],
    "solana": [
        162.0,
        161.63,
        161.43
    ],
    "staked-ether": [
        3684.92,
        3676.98,
        3677.26
    ],
    "usd-coin": [
        0.999544,
        0.999165,
        0.999991
    ],
    "ripple": [
        0.49325,
        0.491943,
        0.494128
    ],
    "dogecoin": [
        0.148215,
        0.147763,
        0.147808
    ],
    "the-open-network": [
        7.24,
        7.2,
        7.23
    ],
    "cardano": [
        0.450218,
        0.447775,
        0.449247
    ],
    "shiba-inu": [
        2.361e-05,
        2.342e-05,
        2.346e-05
    ],
    "avalanche-2": [
        33.5,
        33.31,
        33.21
    ],
    "wrapped-bitcoin": [
        69352,
        69104,
        69119
    ],
    "chainlink": [
        16.33,
        16.24,
        16.24
    ],
    "tron": [
        0.112736,
        0.112513,
        0.112623
    ],
    "polkadot": [
        6.6,
        6.58,
        6.61
    ],
    "bitcoin-cash": [
        484.46,
        482.76,
        482.6
    ],
    "near": [
        6.72,
        6.69,
        6.7
    ],
    "uniswap": [
        9.79,
        9.77,
        9.76
    ],
    "internet-computer": [
        11.53,
        11.54,
        11.54
    ],
    "unus-sed-leo": [
        5.923810812706364,
        5.924793027850309
    ],
    "multi-collateral-dai": [
        1.0001541775823066,
        1.000069113199768
    ],
    "ethereum-classic": [
        26.571766666494675,
        26.635876915691053,
        26.65296384300906
    ],
    "aptos": [
        8.510740510551221,
        8.467768934367438,
        8.469944961110981
    ],
    "render": [
        9.526609734261434,
        9.451985863531783,
        9.458991969755491
    ],
    "hedera": [
        0.09362733507617232,
        0.09325228521046453,
        0.09344850367876192
    ],
    "kaspa": [
        0.16458645737407115,
        0.1640349937131984,
        0.16350177858256154
    ],
    "dogwifhat": [
        2.8194763308051303,
        2.7972373902407353,
        2.7971323789203395
    ],
    "cosmos": [
        8.030561248259747,
        8.013822776878868,
        7.998551036130046
    ],
    "immutable-x": [
        2.114089342848255,
        2.0973876008956718,
        2.0960896750080615
    ],
    "filecoin": [
        6.060829352668521,
        6.0603016967400505,
        6.0178785589012955
    ],
    "arbitrum": [
        0.97839521073312,
        0.9753222688881521,
        0.975347695521114
    ],
    "mantle": [
        0.9573165935393648,
        0.9549306082425856,
        0.9552497515800213
    ],
    "stellar": [
        0.099189584037363,
        0.09889819096631479,
        0.09878752908888123
    ],
    "cronos": [
        0.11171519288615082,
        0.1115851278704483,
        0.11146492144673492
    ],
    "monero": [
        159.0656261411637,
        158.24447208126432,
        157.0627546654877
    ],
    "stacks": [
        2.1833356046894496,
        2.169843940043838,
        2.158183668272664
    ],
    "the-graph": [
        0.27134244809617586,
        0.2710815665396223,
        0.2712284172954712
    ],
    "bttc-bittorrent-chain": [
        1.11996407521983e-06,
        1.12434856044128e-06,
        1.12226607051217e-06
    ],
    "cheelee-cheelee": [
        20.75594101287586,
        20.76642381190565,
        20.823673674536682
    ],
    "VET": [
        0.0342648619606039,
        0.0341757644980644
    ],
    "STX": [
        1.96018090681332,
        1.94312681136669
    ],
    "FLR": [
        0.0280572218861115,
        0.0280389009629798
    ],
    "XMR": [
        155.295737980525,
        155.188147347795
    ],
    "SAGA": [
        2.827609212773917,
        2.81039661314113
    ],
    "AR": [
        43.18042703963509,
        42.9957677008812
    ],
    "ZETA": [
        1.11698886903034,
        1.1142736398709,
        1.12400151652205
    ],
    "BGB": [
        1.1906,
        1.1906,
        1.1906
    ],
    "FLOKI": [
        0.00026691,
        0.00026701,
        0.00025869
    ],
    "ENS": [
        21.9603579324017,
        21.5723541485819,
        21.8269029095911
    ],
    "PIXEL": [
        0.43459,
        0.43326,
        0.43958
    ],
    "FTM": [
        0.714531929488794,
        0.711489019296564,
        0.716517358978877
    ],
    "INJ": [
        25.8086457389147,
        25.7996455630143,
        25.9201593958232
    ],
    "MKR": [
        2594.894715936144,
        2596.414635467978,
        2594.250306521202
    ],
    "ARKM": [
        2.626743482716449,
        2.628414754078233,
        2.629537862114028
    ],
    "RUNE": [
        5.63448366894316,
        5.60272259417605,
        5.59709702049126
    ],
    "FET": [
        1.81522293855874,
        1.81130571485818,
        1.82830287609195
    ],
    "qnt-quant": [
        86.62743982344018,
        85.75573060018563,
        85.75477653061662
    ],
    "wld-worldcoin": [
        4.326785372581749,
        4.296096059644909,
        4.254498490369705
    ],
    "akt-akash-network": [
        4.245478526237537,
        4.25584975069573,
        4.231077518925411
    ],
    "neo-neo": [
        14.235576640861083,
        14.111181220326907,
        14.118352087134632
    ],
    "egld-elrond": [
        36.720093700966686,
        36.56842842962449,
        36.40258955213739
    ],
    "ron-ronin-token": [
        2.9243490950404616,
        2.9132305458366874,
        2.917752711615906
    ],
    "sand-the-sandbox": [
        0.43373997194364905,
        0.43190511320275343,
        0.43147390622022547
    ],
    "wbnb-wrapped-bnb": [
        683.1236363063232,
        681.2000457762781,
        678.7635746207785
    ],
    "rbn-ribbon-finance": [
        0.9885661800071454,
        0.9879724354960426,
        0.980782160787907
    ],
    "ordi-ordinals": [
        62.09291343912357,
        62.099473141626135,
        62.26669803898842
    ],
    "mina-mina-protocol": [
        0.7991531300874803,
        0.79451924581348,
        0.7925412752985733
    ],
    "kcs-kucoin-token": [
        10.301168239422518,
        10.291192105785262,
        10.275503985488525
    ],
    "pendle-pendle": [
        5.920309844791598,
        5.9140184541053245,
        5.911927372558721
    ],
    "xtz-tezos": [
        0.8743944939415245,
        0.8668856452711327,
        0.8664547214079907
    ],
    "sei-sei": [
        0.5060091495840789,
        0.5045813814845989,
        0.4997578264964295
    ],
    "xec-ecash": [
        4.311883984961716e-05,
        4.309642963794039e-05,
        4.283477677969947e-05
    ],
    "msol-marinade-staked-sol": [
        194.03975435252784,
        193.6461680771757,
        192.91366659217383
    ],
    "cfx-conflux-network": [
        0.2272375731725614,
        0.2272375731725614,
        0.22709059873310986
    ],
    "matic-network": [
        0.662121,
        0.660095,
        0.660553
    ],
    "pepe": [
        1.285e-05,
        1.276e-05,
        1.275e-05
    ],
    "litecoin": [
        79.55,
        79.31,
        79.42
    ],
    "leo-token": [
        6.03,
        6.02,
        6.03
    ],
    "okb": [
        48.233731191327436,
        48.09593732763105,
        47.93449607201624
    ],
    "first-digital-usd": [
        1.0006585865248308,
        1.0005918174118433,
        1.0004975784510044
    ],
    "arweave": [
        38.73536561045238,
        38.97026221787464,
        38.74267275068154
    ],
    "optimism-ethereum": [
        2.239115392593013,
        2.2260961587949577,
        2.219577218218355
    ],
    "bittensor": [
        391.1304872270749,
        389.62516986050815,
        389.7325505510469
    ],