{
    "bitcoin": [
        71331,
        71331,
        71461
    ],
    "ethereum": [
        3842.18,
        3842.18,
        3845.36
    ],
    "tether": [
        0.9997,
        0.9997,
        0.999432
    ],
    "binancecoin": [
        715.74,
        715.74,
        713.82
    ],
    "solana": [
        173.23,
        173.23,
        173.21
    ],
    "staked-ether": [
        3839.88,
        3839.88,
        3841.0
    ],
    "usd-coin": [
        1.001,
        1.001,
        1.001
    ],
    "ripple": [
        0.527484,
        0.527484,
        0.527762
    ],
    "dogecoin": [
        0.163618,
        0.163618,
        0.163699
    ],
    "the-open-network": [
        7.36,
        7.36,
        7.35
    ],
    "cardano": [
        0.460363,
        0.460363,
        0.461509
    ],
    "shiba-inu": [
        2.567e-05,
        2.567e-05,
        2.565e-05
    ],
    "avalanche-2": [
        36.89,
        36.89,
        36.9
    ],
    "wrapped-bitcoin": [
        71344,
        71344,
        71433
    ],
    "chainlink": [
        17.43,
        17.43,
        17.47
    ],
    "tron": [
        0.114897,
        0.114897,
        0.114906
    ],
    "polkadot": [
        7.25,
        7.25,
        7.28
    ],
    "bitcoin-cash": [
        495.79,
        495.79,
        500.54
    ],
    "near": [
        7.5,
        7.5,
        7.52
    ],
    "uniswap": [
        10.73,
        10.73,
        10.72
    ],
    "internet-computer": [
        12.21,
        12.21,
        12.22
    ],
    "unus-sed-leo": [
        5.923810812706364,
        5.924793027850309
    ],
    "multi-collateral-dai": [
        1.0001541775823066,
        1.000069113199768
    ],
    "ethereum-classic": [
        29.387441989129655,
        29.460698955719895,
        29.423851669313404
    ],
    "aptos": [
        9.215496484281628,
        9.230711673412822,
        9.238537441999815
    ],
    "render": [
        10.683640611966887,
        10.699285974738133,
        10.697291863042958
    ],
    "hedera": [
        0.10307183653974587,
        0.10325101393897898,
        0.10313374404933197
    ],
    "kaspa": [
        0.18065648212597799,
        0.18157922169098928,
        0.1815971998340657
    ],
    "dogwifhat": [
        3.3514348507047123,
        3.3536732872671124,
        3.3604869148643486
    ],
    "cosmos": [
        8.675773506208538,
        8.743451969579096,
        8.744894763901302
    ],
    "immutable-x": [
        2.242966751520464,
        2.2479032130162517,
        2.2471662841470477
    ],
    "filecoin": [
        6.024034999109342,
        6.025184637812973,
        6.032266592354242
    ],
    "arbitrum": [
        1.1053138468649333,
        1.1068919780722433,
        1.1083369305695336
    ],
    "mantle": [
        1.035914450138121,
        1.0352500179660975,
        1.035904255037634
    ],
    "stellar": [
        0.10641486808695343,
        0.1066084007409048,
        0.10662796277487982
    ],
    "cronos": [
        0.11551667370972363,
        0.11585997544924596,
        0.1162174682239218
    ],
    "monero": [
        163.8053473007953,
        163.6286511561311,
        163.70070009232282
    ],
    "stacks": [
        2.279599178329116,
        2.2868734659444545,
        2.289792170624471
    ],
    "the-graph": [
        0.29749634764133953,
        0.297760815934487,
        0.2982212340343318
    ],
    "bttc-bittorrent-chain": [
        1.17496904239964e-06,
        1.17559722967335e-06,
        1.17541619041297e-06
    ],
    "cheelee-cheelee": [
        20.98568636956903,
        21.03688905893645,
        20.9671073295506
    ],
    "VET": [
        0.0342648619606039,
        0.0341757644980644
    ],
    "STX": [
        1.96018090681332,
        1.94312681136669
    ],
    "FLR": [
        0.0280572218861115,
        0.0280389009629798
    ],
    "XMR": [
        155.295737980525,
        155.188147347795
    ],
    "SAGA": [
        2.827609212773917,
        2.81039661314113
    ],
    "AR": [
        43.18042703963509,
        42.9957677008812
    ],
    "ZETA": [
        1.34315063641458,
        1.33600332024875
    ],
    "BGB": [
        1.2061,
        1.2061,
        1.1877
    ],
    "FLOKI": [
        0.00026691,
        0.00026701,
        0.00025869
    ],
    "ENS": [
        24.6458391697497,
        24.5583992460522,
        24.6583564482694
    ],
    "PIXEL": [
        0.49678,
        0.49709,
        0.49773
    ],
    "FTM": [
        0.813122254494612,
        0.814017225342486,
        0.814975057682819
    ],
    "INJ": [
        25.8086457389147,
        25.7996455630143,
        25.9201593958232
    ],
    "MKR": [
        2678.60835986045,
        2679.19881558213,
        2678.61942081851
    ],
    "ARKM": [
        2.626743482716449,
        2.628414754078233,
        2.629537862114028
    ],
    "RUNE": [
        6.13999451893926,
        6.13414148796238,
        6.13509219861138
    ],
    "FET": [
        2.10061869022331,
        2.09966838410109,
        2.09964236338285
    ],
    "qnt-quant": [
        90.60497591011284,
        90.6945411920495,
        90.71537786881628
    ],
    "wld-worldcoin": [
        4.9604489709926725,
        4.939303900688938,
        4.935730108948821
    ],
    "akt-akash-network": [
        4.556880057982267,
        4.5573808181723,
        4.5583974944391095
    ],
    "neo-neo": [
        15.141428800109638,
        15.16506203664756,
        15.158206979059646
    ],
    "egld-elrond": [
        39.6169274566296,
        39.77626632029478,
        39.74589889451616
    ],
    "ron-ronin-token": [
        3.141354883724842,
        3.149435850788426,
        3.145788412254275
    ],
    "sand-the-sandbox": [
        0.47838338877157444,
        0.4809450409929572,
        0.48263465921977433
    ],
    "wbnb-wrapped-bnb": [
        715.044224323283,
        715.712517250504,
        714.5030628498355
    ],
    "rbn-ribbon-finance": [
        0.9885661800071454,
        0.9879724354960426,
        0.980782160787907
    ],
    "ordi-ordinals": [
        57.27417697261111,
        57.55559241666966,
        57.45330134423321
    ],
    "mina-mina-protocol": [
        0.862350465299684,
        0.8642339620953152,
        0.8645074901301095
    ],
    "kcs-kucoin-token": [
        10.417893635695101,
        10.444566502513391,
        10.441015015045231
    ],
    "pendle-pendle": [
        5.948641637832927,
        5.956500687571768,
        5.962668217472814
    ],
    "xtz-tezos": [
        0.9411594059304118,
        0.9444817692565403,
        0.9461448848940311
    ],
    "sei-sei": [
        0.5237632329128965,
        0.5239895996697816,
        0.5231530545865146
    ],
    "xec-ecash": [
        4.685353729126343e-05,
        4.691454328947019e-05,
        4.693983462787597e-05
    ],
    "msol-marinade-staked-sol": [
        206.18813385316756,
        206.7399980997745,
        207.91901234540543
    ],
    "cfx-conflux-network": [
        0.23191406885310725,
        0.2327660219033291,
        0.23282716324243388
    ],
    "matic-network": [
        0.729895,
        0.729895,
        0.736436
    ],
    "pepe": [
        1.459e-05,
        1.459e-05,
        1.464e-05
    ],
    "litecoin": [
        85.39,
        85.39,
        85.52
    ],
    "leo-token": [
        6.03,
        6.02,
        6.02
    ],
    "okb": [
        48.909062214500054,
        48.963397938246544,
        49.00921967959476
    ],
    "first-digital-usd": [
        1.0008273158344458,
        1.0008374442453385,
        1.0007528431142623
    ],
    "arweave": [
        42.89077734731359,
        42.9386623488766,
        42.964943549691135
    ],
    "optimism-ethereum": [
        2.5066173005262753,
        2.510649083622561,
        2.5123913548451084
    ],
    "bittensor": [
        426.6868605773885,
        427.8942504054111,
        427.18908702523305
    ],