{
    "bitcoin": [
        69397,
        69397,
        69397
    ],
    "ethereum": [
        3688.28,
        3685.9,
        3685.9
    ],
    "tether": [
        0.999581,
        0.999735,
        0.999735
    ],
    "binancecoin": [
        682.95,
        681.99,
        681.99
    ],
    "solana": [
        162.75,
        162.51,
        162.51
    ],
    "staked-ether": [
        3686.46,
        3683.44,
        3683.44
    ],
    "usd-coin": [
        0.999947,
        0.999983,
        0.999983
    ],
    "ripple": [
        0.499059,
        0.499393,
        0.499393
    ],
    "dogecoin": [
        0.148197,
        0.148116,
        0.148116
    ],
    "the-open-network": [
        7.33,
        7.32,
        7.32
    ],
    "cardano": [
        0.446578,
        0.446153,
        0.446153
    ],
    "shiba-inu": [
        2.391e-05,
        2.388e-05,
        2.388e-05
    ],
    "avalanche-2": [
        33.61,
        33.44,
        33.44
    ],
    "wrapped-bitcoin": [
        69450,
        69467,
        69467
    ],
    "chainlink": [
        16.28,
        16.25,
        16.25
    ],
    "tron": [
        0.112874,
        0.112824,
        0.112824
    ],
    "polkadot": [
        6.64,
        6.62,
        6.62
    ],
    "bitcoin-cash": [
        481.87,
        482.26,
        482.26
    ],
    "near": [
        6.84,
        6.83,
        6.83
    ],
    "uniswap": [
        9.91,
        9.87,
        9.87
    ],
    "internet-computer": [
        11.54,
        11.55,
        11.55
    ],
    "unus-sed-leo": [
        5.923810812706364,
        5.924793027850309
    ],
    "multi-collateral-dai": [
        1.0001541775823066,
        1.000069113199768
    ],
    "ethereum-classic": [
        26.65296384300906,
        27.075332354856833,
        27.103483622948843
    ],
    "aptos": [
        8.536788031291255,
        8.51424729573828,
        8.512278186524627
    ],
    "render": [
        9.656201179694573,
        9.60627595358982,
        9.588744339685187
    ],
    "hedera": [
        0.09356546909035236,
        0.09335582524592123,
        0.09353958514832207
    ],
    "kaspa": [
        0.16517937970678645,
        0.16701831009597648,
        0.16660272720177252
    ],
    "dogwifhat": [
        2.8984398708279224,
        2.8619009338730987,
        2.8496808079990723
    ],
    "cosmos": [
        8.056075674747378,
        8.034714486381905,
        8.031565937761831
    ],
    "immutable-x": [
        2.0915748884317553,
        2.080151376324112,
        2.0852243462490025
    ],
    "filecoin": [
        6.37462989042079,
        6.344260756078768,
        6.351411936678548
    ],
    "arbitrum": [
        1.004045907241209,
        0.9993493368747135,
        1.0006451249534554
    ],
    "mantle": [
        0.9549857272030158,
        0.9548701496864888,
        0.9549384381743262
    ],
    "stellar": [
        0.09981364256435486,
        0.09966245444618357,
        0.09971959702476353
    ],
    "cronos": [
        0.11528502311416285,
        0.1143797233702591,
        0.11453444640272682
    ],
    "monero": [
        159.4749989633728,
        160.29890286753394,
        160.12064619869292
    ],
    "stacks": [
        2.25957744831434,
        2.250759000527615,
        2.2553559405127936
    ],
    "the-graph": [
        0.27194764546913147,
        0.27161705886644016,
        0.2716248725777087
    ],
    "bttc-bittorrent-chain": [
        1.12637455239365e-06,
        1.12336791054624e-06,
        1.1252727674e-06
    ],
    "cheelee-cheelee": [
        20.806835331535503,
        20.732268607573776,
        20.684188011546542
    ],
    "VET": [
        0.0342648619606039,
        0.0341757644980644
    ],
    "STX": [
        1.96018090681332,
        1.94312681136669
    ],
    "FLR": [
        0.0280572218861115,
        0.0280389009629798
    ],
    "XMR": [
        155.295737980525,
        155.188147347795
    ],
    "SAGA": [
        2.827609212773917,
        2.81039661314113
    ],
    "AR": [
        43.18042703963509,
        42.9957677008812
    ],
    "ZETA": [
        1.11698886903034,
        1.1142736398709,
        1.12400151652205
    ],
    "BGB": [
        1.1906,
        1.1906,
        1.1906
    ],
    "FLOKI": [
        0.00026691,
        0.00026701,
        0.00025869
    ],
    "ENS": [
        22.1307464803315,
        22.1500640594776,
        22.1966349607181
    ],
    "PIXEL": [
        0.44047,
        0.43979,
        0.43953
    ],
    "FTM": [
        0.727181607726047,
        0.727350834175042,
        0.728142868190523
    ],
    "INJ": [
        25.8086457389147,
        25.7996455630143,
        25.9201593958232
    ],
    "MKR": [
        2594.894715936144,
        2596.414635467978,
        2594.250306521202
    ],
    "ARKM": [
        2.626743482716449,
        2.628414754078233,
        2.629537862114028
    ],
    "RUNE": [
        5.53914057999396,
        5.49986217942203,
        5.50674991445724
    ],
    "FET": [
        1.84367861554056,
        1.84205657465927,
        1.83842732865746
    ],
    "qnt-quant": [
        86.07733957559451,
        85.6305118597998,
        85.57804283856521
    ],
    "wld-worldcoin": [
        4.494602263820706,
        4.47763587145249,
        4.4854217246830705
    ],
    "akt-akash-network": [
        4.225505727398503,
        4.210679896649337,
        4.210522900668396
    ],
    "neo-neo": [
        14.228369329561756,
        14.156764372999366,
        14.197261907265373
    ],
    "egld-elrond": [
        35.910355558926454,
        35.8838565230393,
        35.91649057940064
    ],
    "ron-ronin-token": [
        2.959990546636927,
        2.946312644800003,
        2.9459011849664494
    ],
    "sand-the-sandbox": [
        0.43675066674657403,
        0.43530356299284667,
        0.43565433769237627
    ],
    "wbnb-wrapped-bnb": [
        683.476977957127,
        682.099168845303,
        682.7812587096413
    ],
    "rbn-ribbon-finance": [
        0.9885661800071454,
        0.9879724354960426,
        0.980782160787907
    ],
    "ordi-ordinals": [
        59.4230881682179,
        59.06025328570673,
        59.171065765798524
    ],
    "mina-mina-protocol": [
        0.8011270237296417,
        0.798180742432307,
        0.7984182096404501
    ],
    "kcs-kucoin-token": [
        10.308210090869737,
        10.318904711254522,
        10.32289874715921
    ],
    "pendle-pendle": [
        5.5881945472881585,
        5.5686142481064085,
        5.572122117719491
    ],
    "xtz-tezos": [
        0.8757154976491007,
        0.8753097367316993,
        0.8754746763931777
    ],
    "sei-sei": [
        0.5349655216928783,
        0.5348563132793804,
        0.5321415164831728
    ],
    "xec-ecash": [
        4.357248010694997e-05,
        4.346014991332825e-05,
        4.33552748241696e-05
    ],
    "msol-marinade-staked-sol": [
        194.20178671425683,
        194.0764995999672,
        194.03530585825703
    ],
    "cfx-conflux-network": [
        0.2272375731725614,
        0.2272375731725614,
        0.22709059873310986
    ],
    "matic-network": [
        0.66678,
        0.665292,
        0.665292
    ],
    "pepe": [
        1.308e-05,
        1.3e-05,
        1.3e-05
    ],
    "litecoin": [
        80.3,
        80.27,
        80.27
    ],
    "leo-token": [
        5.99,
        5.99,
        5.99
    ],
    "okb": [
        48.5057365093132,
        48.391355877471184,
        48.341472802374966
    ],
    "first-digital-usd": [
        1.0003600984021712,
        1.000831154915145,
        1.0007428753912817
    ],
    "arweave": [
        39.15682959059858,
        39.2055739711917,
        39.15032264361367
    ],
    "optimism-ethereum": [
        2.266530799967071,
        2.2526633188162193,
        2.2562136673147686
    ],
    "bittensor": [
        395.4992865816639,
        396.12849651676663,
        394.61337393158055
    ],