{
    "bitcoin": [
        69361,
        69361,
        69331
    ],
    "ethereum": [
        3686.86,
        3686.86,
        3681.66
    ],
    "tether": [
        0.999512,
        0.999512,
        0.999362
    ],
    "binancecoin": [
        683.17,
        683.17,
        682.68
    ],
    "solana": [
        162.8,
        162.8,
        162.6
    ],
    "staked-ether": [
        3684.01,
        3684.01,
        3677.97
    ],
    "usd-coin": [
        0.999893,
        0.999893,
        0.999863
    ],
    "ripple": [
        0.499761,
        0.499761,
        0.499627
    ],
    "dogecoin": [
        0.148233,
        0.148233,
        0.148231
    ],
    "the-open-network": [
        7.23,
        7.23,
        7.26
    ],
    "cardano": [
        0.449641,
        0.449641,
        0.449976
    ],
    "shiba-inu": [
        2.371e-05,
        2.371e-05,
        2.373e-05
    ],
    "avalanche-2": [
        33.59,
        33.59,
        33.59
    ],
    "wrapped-bitcoin": [
        69365,
        69365,
        69315
    ],
    "chainlink": [
        16.34,
        16.34,
        16.33
    ],
    "tron": [
        0.11271,
        0.11271,
        0.112725
    ],
    "polkadot": [
        6.65,
        6.65,
        6.65
    ],
    "bitcoin-cash": [
        479.72,
        479.72,
        479.33
    ],
    "near": [
        6.85,
        6.85,
        6.87
    ],
    "uniswap": [
        9.82,
        9.82,
        9.8
    ],
    "internet-computer": [
        11.54,
        11.55,
        11.55
    ],
    "unus-sed-leo": [
        5.923810812706364,
        5.924793027850309
    ],
    "multi-collateral-dai": [
        1.0001541775823066,
        1.000069113199768
    ],
    "ethereum-classic": [
        26.571766666494675,
        26.635876915691053,
        26.65296384300906
    ],
    "aptos": [
        8.583179405110506,
        8.584152235156148,
        8.583284837027588
    ],
    "render": [
        9.588819830227488,
        9.60398465445916,
        9.595475573142812
    ],
    "hedera": [
        0.09428040075308336,
        0.0942973836316662,
        0.09428329689405357
    ],
    "kaspa": [
        0.16399041908424844,
        0.16401390102135405,
        0.16391874649032845
    ],
    "dogwifhat": [
        2.857158415878612,
        2.8484107131216834,
        2.849346680694137
    ],
    "cosmos": [
        8.09884525963462,
        8.102554892615542,
        8.106956928204777
    ],
    "immutable-x": [
        2.1139347236869024,
        2.1149210794797018,
        2.1118073997320312
    ],
    "filecoin": [
        6.204530206787901,
        6.168673116854862,
        6.146781309861719
    ],
    "arbitrum": [
        0.9979652248664616,
        0.9981926576527924,
        0.9987077415998903
    ],
    "mantle": [
        0.959880194749059,
        0.9596641577405945,
        0.9588855375563193
    ],
    "stellar": [
        0.10019709552521613,
        0.10018222060305053,
        0.10030842890349807
    ],
    "cronos": [
        0.11324979301509962,
        0.11324517574658768,
        0.11336549427429576
    ],
    "monero": [
        154.64570418957632,
        154.43107139292886,
        154.29118829979762
    ],
    "stacks": [
        2.164311242342943,
        2.1617429326835675,
        2.16317148407654
    ],
    "the-graph": [
        0.2731597221517606,
        0.2728741642109201,
        0.27257880256040357
    ],
    "bttc-bittorrent-chain": [
        1.11761743285728e-06,
        1.11868198359415e-06,
        1.11677430015735e-06
    ],
    "cheelee-cheelee": [
        20.77179831615987,
        20.73423520902201,
        20.728923047639867
    ],
    "VET": [
        0.0342648619606039,
        0.0341757644980644
    ],
    "STX": [
        1.96018090681332,
        1.94312681136669
    ],
    "FLR": [
        0.0280572218861115,
        0.0280389009629798
    ],
    "XMR": [
        155.295737980525,
        155.188147347795
    ],
    "SAGA": [
        2.827609212773917,
        2.81039661314113
    ],
    "AR": [
        43.18042703963509,
        42.9957677008812
    ],
    "ZETA": [
        1.11698886903034,
        1.1142736398709,
        1.12400151652205
    ],
    "BGB": [
        1.1906,
        1.1906,
        1.1906
    ],
    "FLOKI": [
        0.00026691,
        0.00026701,
        0.00025869
    ],
    "ENS": [
        21.8809928923254,
        21.842831882631,
        21.8520366056666
    ],
    "PIXEL": [
        0.44178,
        0.44301,
        0.44054
    ],
    "FTM": [
        0.722297268733195,
        0.72151974879662,
        0.722074640806665
    ],
    "INJ": [
        25.8086457389147,
        25.7996455630143,
        25.9201593958232
    ],
    "MKR": [
        2594.894715936144,
        2596.414635467978,
        2594.250306521202
    ],
    "ARKM": [
        2.626743482716449,
        2.628414754078233,
        2.629537862114028
    ],
    "RUNE": [
        5.60399608564965,
        5.59703337395947,
        5.59270052666441
    ],
    "FET": [
        1.83248383316638,
        1.83281740954685,
        1.83535893188064
    ],
    "qnt-quant": [
        86.24699262716997,
        86.18201046330006,
        86.26405475165711
    ],
    "wld-worldcoin": [
        4.382300027473633,
        4.411513890709267,
        4.425745474462577
    ],
    "akt-akash-network": [
        4.251376052390286,
        4.249491667478024,
        4.250851286554968
    ],
    "neo-neo": [
        14.182703739416075,
        14.163294689069172,
        14.138486326153767
    ],
    "egld-elrond": [
        36.11579030992762,
        36.18399491761318,
        36.19358279712775
    ],
    "ron-ronin-token": [
        2.94368779750721,
        2.942727808767435,
        2.936917630360193
    ],
    "sand-the-sandbox": [
        0.43708829896661133,
        0.437391052979335,
        0.4370499869281069
    ],
    "wbnb-wrapped-bnb": [
        684.3623070170182,
        683.827418715006,
        683.7784886952192
    ],
    "rbn-ribbon-finance": [
        0.9885661800071454,
        0.9879724354960426,
        0.980782160787907
    ],
    "ordi-ordinals": [
        62.09291343912357,
        62.099473141626135,
        62.26669803898842
    ],
    "mina-mina-protocol": [
        0.8055614006286701,
        0.8041182657620374,
        0.8052398768901264
    ],
    "kcs-kucoin-token": [
        10.359070500533239,
        10.35200580339398,
        10.348777201221965
    ],
    "pendle-pendle": [
        5.494227627630883,
        5.502817973190295,
        5.480977941098073
    ],
    "xtz-tezos": [
        0.8729313964292235,
        0.873266120303216,
        0.8750223262054986
    ],
    "sei-sei": [
        0.5197624619552798,
        0.5197624619552798,
        0.5178476497011276
    ],
    "xec-ecash": [
        4.34668583757443e-05,
        4.34866932037403e-05,
        4.339714128867326e-05
    ],
    "msol-marinade-staked-sol": [
        194.44211985989523,
        194.43248423138004,
        194.36574578714993
    ],
    "cfx-conflux-network": [
        0.2272375731725614,
        0.2272375731725614,
        0.22709059873310986
    ],
    "matic-network": [
        0.666982,
        0.666982,
        0.667176
    ],
    "pepe": [
        1.282e-05,
        1.282e-05,
        1.28e-05
    ],
    "litecoin": [
        80.02,
        80.02,
        80.08
    ],
    "leo-token": [
        6.01,
        6.01,
        6.01
    ],
    "okb": [
        48.23051761105441,
        48.225457973881916,
        48.16450252926867
    ],
    "first-digital-usd": [
        1.000363420008008,
        1.0003541036031882,
        1.0002190704316944
    ],
    "arweave": [
        38.73009838008334,
        38.78798995472456,
        38.815157722867966
    ],
    "optimism-ethereum": [
        2.262450013737149,
        2.263793658202038,
        2.2639289475950313
    ],
    "bittensor": [
        389.4412149145173,
        392.0580305197322,
        391.9581467470379
    ],