{
    "bitcoin": [
        70906,
        70906,
        70921
    ],
    "ethereum": [
        3846.07,
        3846.07,
        3846.24
    ],
    "tether": [
        0.999786,
        0.999786,
        1.0
    ],
    "binancecoin": [
        703.02,
        703.02,
        705.05
    ],
    "solana": [
        172.7,
        172.7,
        172.98
    ],
    "staked-ether": [
        3843.31,
        3843.31,
        3845.71
    ],
    "usd-coin": [
        0.999838,
        0.999838,
        1.0
    ],
    "ripple": [
        0.523613,
        0.523613,
        0.523691
    ],
    "dogecoin": [
        0.161824,
        0.161824,
        0.161892
    ],
    "the-open-network": [
        7.35,
        7.35,
        7.33
    ],
    "cardano": [
        0.457839,
        0.457839,
        0.458202
    ],
    "shiba-inu": [
        2.555e-05,
        2.555e-05,
        2.555e-05
    ],
    "avalanche-2": [
        36.4,
        36.4,
        36.53
    ],
    "wrapped-bitcoin": [
        70976,
        70976,
        70980
    ],
    "chainlink": [
        17.35,
        17.35,
        17.33
    ],
    "tron": [
        0.114778,
        0.114778,
        0.114803
    ],
    "polkadot": [
        7.17,
        7.17,
        7.18
    ],
    "bitcoin-cash": [
        492.51,
        492.51,
        491.92
    ],
    "near": [
        7.5,
        7.5,
        7.5
    ],
    "uniswap": [
        10.67,
        10.67,
        10.69
    ],
    "internet-computer": [
        12.13,
        12.13,
        12.12
    ],
    "unus-sed-leo": [
        5.923810812706364,
        5.924793027850309
    ],
    "multi-collateral-dai": [
        1.0001541775823066,
        1.000069113199768
    ],
    "ethereum-classic": [
        29.401794620839503,
        29.38879726777562,
        29.387441989129655
    ],
    "aptos": [
        9.140784606233161,
        9.139552943037936,
        9.140737312121185
    ],
    "render": [
        10.525693636255454,
        10.525946676237673,
        10.526595187309692
    ],
    "hedera": [
        0.1031527461347789,
        0.10314996209015687,
        0.10325380728853409
    ],
    "kaspa": [
        0.1788470250166372,
        0.1800044318776008,
        0.18117750092778753
    ],
    "dogwifhat": [
        3.320314493866781,
        3.3228394545484488,
        3.3194828474057796
    ],
    "cosmos": [
        8.624852280963877,
        8.622485794309808,
        8.619735608593565
    ],
    "immutable-x": [
        2.2721249895576,
        2.2777564674747954,
        2.2756970846830424
    ],
    "filecoin": [
        6.0287285072631605,
        6.025451395051252,
        6.0232701173615455
    ],
    "arbitrum": [
        1.1065953597603082,
        1.1056998499069826,
        1.1056362398345416
    ],
    "mantle": [
        1.0275060618731613,
        1.026939156833734,
        1.0284962683334613
    ],
    "stellar": [
        0.1061559913425325,
        0.10622466102629886,
        0.1062368653683162
    ],
    "cronos": [
        0.11570948249898211,
        0.11562359496222438,
        0.1157045326628823
    ],
    "monero": [
        163.33700699704016,
        163.31740795466254,
        163.15836262830626
    ],
    "stacks": [
        2.3673235761833156,
        2.366505172050147,
        2.3583297705110846
    ],
    "the-graph": [
        0.29887916781434914,
        0.29871310790606614,
        0.2983731658761507
    ],
    "bttc-bittorrent-chain": [
        1.16629177649787e-06,
        1.16782447662585e-06,
        1.1673234921606e-06
    ],
    "cheelee-cheelee": [
        20.981336402658705,
        20.9830270285072,
        20.98031229184789
    ],
    "VET": [
        0.0342648619606039,
        0.0341757644980644
    ],
    "STX": [
        1.96018090681332,
        1.94312681136669
    ],
    "FLR": [
        0.0280572218861115,
        0.0280389009629798
    ],
    "XMR": [
        155.295737980525,
        155.188147347795
    ],
    "SAGA": [
        2.827609212773917,
        2.81039661314113
    ],
    "AR": [
        43.18042703963509,
        42.9957677008812
    ],
    "ZETA": [
        1.34315063641458,
        1.33600332024875
    ],
    "BGB": [
        1.2052,
        1.2052,
        1.2052
    ],
    "FLOKI": [
        0.00026691,
        0.00026701,
        0.00025869
    ],
    "ENS": [
        24.7101154393055,
        24.7196889854623,
        24.7198992828475
    ],
    "PIXEL": [
        0.49544,
        0.49575,
        0.49721
    ],
    "FTM": [
        0.813122254494612,
        0.814017225342486,
        0.814975057682819
    ],
    "INJ": [
        25.8086457389147,
        25.7996455630143,
        25.9201593958232
    ],
    "MKR": [
        2678.60835986045,
        2679.19881558213,
        2678.61942081851
    ],
    "ARKM": [
        2.626743482716449,
        2.628414754078233,
        2.629537862114028
    ],
    "RUNE": [
        6.1145447730751,
        6.11517424131755,
        6.12711824402826
    ],
    "FET": [
        2.11200624460552,
        2.1082607720746,
        2.11505734929798
    ],
    "qnt-quant": [
        90.4539637272671,
        90.30991028133792,
        90.44239970243407
    ],
    "wld-worldcoin": [
        5.013363664148273,
        5.010650822235168,
        5.032186473847307
    ],
    "akt-akash-network": [
        4.5337920819440525,
        4.542684115955395,
        4.538005734186273
    ],
    "neo-neo": [
        15.055510201947714,
        15.055510201947714,
        15.062183091015017
    ],
    "egld-elrond": [
        39.64556878584532,
        39.574774491152915,
        39.63119449001634
    ],
    "ron-ronin-token": [
        3.1252580425530834,
        3.1218523918189494,
        3.129197798540216
    ],
    "sand-the-sandbox": [
        0.4645887506471714,
        0.46459381804131183,
        0.4645173931359614
    ],
    "wbnb-wrapped-bnb": [
        702.9186340159515,
        703.2194575748797,
        703.6901762565891
    ],
    "rbn-ribbon-finance": [
        0.9885661800071454,
        0.9879724354960426,
        0.980782160787907
    ],
    "ordi-ordinals": [
        57.449150675114,
        57.64298838811003,
        57.64652180310319
    ],
    "mina-mina-protocol": [
        0.8660524181054823,
        0.8634330727755255,
        0.8616588985206922
    ],
    "kcs-kucoin-token": [
        10.28104968789205,
        10.289857150663204,
        10.285567976981731
    ],
    "pendle-pendle": [
        6.050203856326879,
        6.046530630453674,
        6.043941624230162
    ],
    "xtz-tezos": [
        0.9407639718226682,
        0.9392779282434776,
        0.9402381146784026
    ],
    "sei-sei": [
        0.5171463184003365,
        0.5168032317589255,
        0.5174721019944825
    ],
    "xec-ecash": [
        4.704727528778219e-05,
        4.698403044049539e-05,
        4.697552428226385e-05
    ],
    "msol-marinade-staked-sol": [
        205.96202045649574,
        206.11396373773616,
        206.17158802984878
    ],
    "cfx-conflux-network": [
        0.2212985412578897,
        0.2216218147611572,
        0.2294484355944873
    ],
    "matic-network": [
        0.715142,
        0.715142,
        0.716002
    ],
    "pepe": [
        1.46e-05,
        1.46e-05,
        1.465e-05
    ],
    "litecoin": [
        85.18,
        85.18,
        85.19
    ],
    "leo-token": [
        6.03,
        6.02,
        6.02
    ],
    "okb": [
        48.61135011450683,
        48.76678967784553,
        48.821040049165475
    ],
    "first-digital-usd": [
        1.0009295432032628,
        1.000812437326603,
        1.0012137478851184
    ],
    "arweave": [
        43.22704571478747,
        43.19655660676727,
        43.175803654094395
    ],
    "optimism-ethereum": [
        2.4899822547121775,
        2.489883029200379,
        2.4900599068817604
    ],
    "bittensor": [
        412.2959848791122,
        413.46775784210234,
        413.18579875442725
    ],