{
    "bitcoin": [
        70852,
        70991,
        70991
    ],
    "ethereum": [
        3805.5,
        3808.27,
        3808.27
    ],
    "tether": [
        1.0,
        1.0,
        1.0
    ],
    "binancecoin": [
        700.78,
        698.92,
        698.92
    ],
    "solana": [
        172.78,
        172.69,
        172.69
    ],
    "staked-ether": [
        3805.36,
        3807.47,
        3807.47
    ],
    "usd-coin": [
        0.999927,
        1.0,
        1.0
    ],
    "ripple": [
        0.525413,
        0.52514,
        0.52514
    ],
    "dogecoin": [
        0.162797,
        0.16307,
        0.16307
    ],
    "the-open-network": [
        7.6,
        7.52,
        7.52
    ],
    "cardano": [
        0.462258,
        0.462144,
        0.462144
    ],
    "shiba-inu": [
        2.555e-05,
        2.568e-05,
        2.568e-05
    ],
    "avalanche-2": [
        36.35,
        36.28,
        36.28
    ],
    "wrapped-bitcoin": [
        70890,
        71034,
        71034
    ],
    "chainlink": [
        17.72,
        17.82,
        17.82
    ],
    "tron": [
        0.114544,
        0.114606,
        0.114606
    ],
    "polkadot": [
        7.21,
        7.21,
        7.21
    ],
    "bitcoin-cash": [
        479.61,
        480.32,
        480.32
    ],
    "near": [
        7.49,
        7.56,
        7.56
    ],
    "uniswap": [
        11.34,
        11.25,
        11.25
    ],
    "internet-computer": [
        12.36,
        12.37,
        12.37
    ],
    "unus-sed-leo": [
        5.923810812706364,
        5.924793027850309
    ],
    "multi-collateral-dai": [
        1.0001541775823066,
        1.000069113199768
    ],
    "ethereum-classic": [
        28.245398257432665,
        28.209715278628575,
        28.280479846943802
    ],
    "aptos": [
        9.228716593557078,
        9.22796827672983,
        9.214033662598288
    ],
    "render": [
        10.444065804983353,
        10.458794876473705,
        10.465452995910866
    ],
    "hedera": [
        0.10248407589397203,
        0.10241736369575721,
        0.10252611004036781
    ],
    "kaspa": [
        0.1765682963496073,
        0.17661803536987195,
        0.17641620819252848
    ],
    "dogwifhat": [
        3.4840985176190133,
        3.475652133907919,
        3.4749175335953164
    ],
    "cosmos": [
        8.539140553393695,
        8.537465297719507,
        8.528812038566175
    ],
    "immutable-x": [
        2.31326627912131,
        2.3163369023759324,
        2.3160599097477395
    ],
    "filecoin": [
        5.984562488961328,
        5.982101871596837,
        5.98126133416494
    ],
    "arbitrum": [
        1.1125168057509391,
        1.1147803296926078,
        1.112599564409138
    ],
    "mantle": [
        0.9702614704613357,
        0.9694203315055728,
        0.9684150809491779
    ],
    "stellar": [
        0.1063529019478383,
        0.10637910252091065,
        0.10639032241961353
    ],
    "cronos": [
        0.11284092736242782,
        0.11284842438016326,
        0.11276500138286176
    ],
    "monero": [
        160.6942224796744,
        160.80180078815008,
        160.45456836616592
    ],
    "stacks": [
        2.218675807390625,
        2.2272582398498324,
        2.22600598941402
    ],
    "the-graph": [
        0.29882770846021844,
        0.2995366131753615,
        0.2997560253403564
    ],
    "bttc-bittorrent-chain": [
        1.16305429173236e-06,
        1.1639075858987e-06,
        1.1649062137162e-06
    ],
    "cheelee-cheelee": [
        20.835202883416066,
        20.814933371790055,
        20.81773050418714
    ],
    "VET": [
        0.0342648619606039,
        0.0341757644980644
    ],
    "STX": [
        1.96018090681332,
        1.94312681136669
    ],
    "FLR": [
        0.0280572218861115,
        0.0280389009629798
    ],
    "XMR": [
        155.295737980525,
        155.188147347795
    ],
    "SAGA": [
        2.827609212773917,
        2.81039661314113
    ],
    "AR": [
        43.18042703963509,
        42.9957677008812
    ],
    "ZETA": [
        1.34315063641458,
        1.33600332024875
    ],
    "BGB": [
        1.3705,
        1.3705
    ],
    "FLOKI": [
        0.00026691,
        0.00026701,
        0.00025869
    ],
    "ENS": [
        25.0496028854518,
        25.0402057754611,
        25.0495732285718
    ],
    "PIXEL": [
        0.48491,
        0.48427,
        0.48554
    ],
    "FTM": [
        0.81494311061099,
        0.810825200275531,
        0.810846650526059
    ],
    "INJ": [
        25.406855154521,
        25.4624710427404,
        25.3725735907198
    ],
    "MKR": [
        2618.19713759826,
        2621.10444575862,
        2615.17302339551
    ],
    "ARKM": [
        2.4701,
        2.4832,
        2.4884
    ],
    "RUNE": [
        6.24844739593791,
        6.30174193376398,
        6.25681918759905
    ],
    "FET": [
        2.1724644961613,
        2.17437037722794,
        2.17903711755205
    ],
    "qnt-quant": [
        91.05274925826602,
        91.06767289152808,
        90.98287380794203
    ],
    "wld-worldcoin": [
        4.798146315120406,
        4.826109743059083,
        4.815543408795733
    ],
    "akt-akash-network": [
        4.463057187685908,
        4.447922140407792,
        4.448841199892692
    ],
    "neo-neo": [
        15.073295424439264,
        15.079557148424783,
        15.073314383117266
    ],
    "egld-elrond": [
        39.38218061709748,
        39.31119387592006,
        39.377664434296534
    ],
    "ron-ronin-token": [
        3.1062803209839775,
        3.1039926882108637,
        3.0941919412749272
    ],
    "sand-the-sandbox": [
        0.4645468057042559,
        0.4630281971837837,
        0.46289844425913573
    ],
    "wbnb-wrapped-bnb": [
        701.1937076579359,
        698.7012467695689,
        700.277180004553
    ],
    "rbn-ribbon-finance": [
        0.9885661800071454,
        0.9879724354960426,
        0.980782160787907
    ],
    "ordi-ordinals": [
        54.267201207956184,
        54.60212541850909,
        54.56014595214204
    ],
    "mina-mina-protocol": [
        0.8607398528086058,
        0.8568733690203655,
        0.8551062375325085
    ],
    "kcs-kucoin-token": [
        10.100874244871614,
        10.100583109663011,
        10.092678724365257
    ],
    "pendle-pendle": [
        6.076308439066822,
        6.0629839187752665,
        6.0667887304634975
    ],
    "xtz-tezos": [
        0.9489299410959067,
        0.9498369830444225,
        0.9484336792065414
    ],
    "sei-sei": [
        0.5240238710139838,
        0.5227290182176307,
        0.5221334254495608
    ],
    "xec-ecash": [
        4.730062221730888e-05,
        4.735216759414427e-05,
        4.732974165641584e-05
    ],
    "msol-marinade-staked-sol": [
        206.27845070417715,
        205.7409177584403,
        205.81195805795795
    ],
    "cfx-conflux-network": [
        0.2212985412578897,
        0.2216218147611572,
        0.2294484355944873
    ],
    "matic-network": [
        0.716632,
        0.716437,
        0.716437
    ],
    "pepe": [
        1.455e-05,
        1.453e-05,
        1.453e-05
    ],
    "litecoin": [
        83.85,
        83.84,
        83.84
    ],
    "leo-token": [
        5.96,
        5.96,
        5.96
    ],
    "okb": [
        48.91134881303137,
        49.17085453792513,
        49.309434140828365
    ],
    "first-digital-usd": [
        0.9999941648090538,
        0.9997748435784868,
        1.0004453071330095
    ],
    "arweave": [
        45.453876438958154,
        45.40975663219455,
        45.490477677145485
    ],
    "optimism-ethereum": [
        2.4878034630560886,
        2.489641204556581,
        2.485393411495868
    ],
    "bittensor": [
        404.33552867013674,
        405.1518956938118,
        404.94684131080487
    ],