{
    "bitcoin": [
        69139,
        69277,
        69277
    ],
    "ethereum": [
        3774.7,
        3774.74,
        3774.74
    ],
    "tether": [
        1.0,
        1.001,
        1.001
    ],
    "binancecoin": [
        621.66,
        622.3,
        622.3
    ],
    "solana": [
        164.57,
        165.31,
        165.31
    ],
    "staked-ether": [
        3770.73,
        3772.34,
        3772.34
    ],
    "usd-coin": [
        1.0,
        1.0,
        1.0
    ],
    "ripple": [
        0.520473,
        0.520538,
        0.520538
    ],
    "dogecoin": [
        0.160552,
        0.160639,
        0.160639
    ],
    "the-open-network": [
        6.64,
        6.66,
        6.66
    ],
    "cardano": [
        0.451509,
        0.451851,
        0.451851
    ],
    "shiba-inu": [
        2.466e-05,
        2.467e-05,
        2.467e-05
    ],
    "avalanche-2": [
        35.66,
        35.67,
        35.67
    ],
    "wrapped-bitcoin": [
        69077,
        69165,
        69165
    ],
    "chainlink": [
        17.67,
        17.66,
        17.66
    ],
    "tron": [
        0.113176,
        0.113318,
        0.113318
    ],
    "polkadot": [
        7.09,
        7.09,
        7.09
    ],
    "bitcoin-cash": [
        468.39,
        468.22,
        468.22
    ],
    "near": [
        7.29,
        7.3,
        7.3
    ],
    "uniswap": [
        9.59,
        9.6,
        9.6
    ],
    "internet-computer": [
        11.99,
        12.0,
        12.0
    ],
    "unus-sed-leo": [
        5.923810812706364,
        5.924793027850309
    ],
    "multi-collateral-dai": [
        1.0001541775823066,
        1.000069113199768
    ],
    "ethereum-classic": [
        29.24604814725347,
        29.20352121967086
    ],
    "aptos": [
        8.976134361638112,
        8.976310872079067,
        8.984592308978597
    ],
    "render": [
        9.995548023505581,
        10.018886895654934,
        10.028606206319596
    ],
    "hedera": [
        0.10193029144242471,
        0.10186883364267116,
        0.10186360818305096
    ],
    "kaspa": [
        0.158598604587751,
        0.15928900463177711,
        0.16122471974596372
    ],
    "dogwifhat": [
        3.3778435523737813,
        3.388603706928551,
        3.3907167394068587
    ],
    "cosmos": [
        8.390209549207023,
        8.402493742290723,
        8.413506379927973
    ],
    "immutable-x": [
        2.246160699516567,
        2.238530701954305,
        2.2411795254500966
    ],
    "filecoin": [
        5.802475163775299,
        5.805129128893077,
        5.811607175750527
    ],
    "arbitrum": [
        1.1155917699778126,
        1.1150073667012006,
        1.1161198034189896
    ],
    "mantle": [
        0.9653596342275665,
        0.9674105124926472,
        0.9673952535815797
    ],
    "stellar": [
        0.10606156157213294,
        0.10606856233574394,
        0.10622051498291359
    ],
    "cronos": [
        0.1101845159151803,
        0.11026206591961239,
        0.1102812745062221
    ],
    "monero": [
        154.35988363390862,
        154.5179805822598,
        154.43455711950025
    ],
    "stacks": [
        1.8994461950162396,
        1.90386169467613,
        1.904498666385118
    ],
    "the-graph": [
        0.2993534941217735,
        0.29927929982552653,
        0.2993948401885906
    ],
    "bttc-bittorrent-chain": [
        1.15223030809046e-06,
        1.1522160910624e-06,
        1.15189726642924e-06
    ],
    "cheelee-cheelee": [
        20.57020464759068,
        20.606716336513124,
        20.62111040549008
    ],
    "VET": [
        0.0342648619606039,
        0.0341757644980644
    ],
    "STX": [
        1.96018090681332,
        1.94312681136669
    ],
    "FLR": [
        0.0280572218861115,
        0.0280389009629798
    ],
    "XMR": [
        155.295737980525,
        155.188147347795
    ],
    "SAGA": [
        2.827609212773917,
        2.81039661314113
    ],
    "AR": [
        43.18042703963509,
        42.9957677008812
    ],
    "ZETA": [
        1.34315063641458,
        1.33600332024875
    ],
    "BGB": [
        1.3705,
        1.3705
    ],
    "FLOKI": [
        0.00027295,
        0.00027004
    ],
    "ENS": [
        25.3578400263063,
        25.3285252052238,
        25.3792626718371
    ],
    "PIXEL": [
        0.5048456534680248,
        0.5075035299704171,
        0.5091358288893804
    ],
    "FTM": [
        0.81494311061099,
        0.810825200275531,
        0.810846650526059
    ],
    "INJ": [
        25.4948089189,
        25.7628291130794,
        25.5160456891002
    ],
    "MKR": [
        2578.99809218854,
        2575.88433793201,
        2581.10065422467
    ],
    "ARKM": [
        2.4762,
        2.4806,
        2.4916
    ],
    "RUNE": [
        5.98490932521382,
        5.98513012533861,
        5.9879936918945
    ],
    "FET": [
        2.15082937325488,
        2.15380774821394,
        2.15831865041642
    ],
    "qnt-quant": [
        91.19557487198604,
        91.46471375902773,
        91.33816572674614
    ],
    "wld-worldcoin": [
        4.714907141544553,
        4.718869468834535,
        4.728741493342693
    ],
    "akt-akash-network": [
        4.488787712051693,
        4.494300905304258,
        4.493914628371941
    ],
    "neo-neo": [
        14.771279265485065,
        14.78385038915671,
        14.79969308968603
    ],
    "egld-elrond": [
        38.79351822239639,
        38.822175910113145,
        38.90174974018103
    ],
    "ron-ronin-token": [
        3.2302390513539043,
        3.237838451845485,
        3.2326603386843256
    ],
    "sand-the-sandbox": [
        0.45551487154971265,
        0.45550393700558467,
        0.45591123686874513
    ],
    "wbnb-wrapped-bnb": [
        621.6844170413918,
        622.2286016953404,
        622.5279257061292
    ],
    "rbn-ribbon-finance": [
        0.9834968526338513,
        0.9828974954578257,
        0.9843845823947126
    ],
    "ordi-ordinals": [
        46.45399273987121,
        46.47272757163738,
        46.61371261440575
    ],
    "mina-mina-protocol": [
        0.8688813151239204,
        0.8718740900336304,
        0.8701184334038456
    ],
    "kcs-kucoin-token": [
        10.07332908014025,
        10.068007099047716,
        10.047843105429012
    ],
    "pendle-pendle": [
        6.075712420712668,
        6.101372617946731,
        6.098105530431575
    ],
    "xtz-tezos": [
        0.9362997315762569,
        0.9378164060763359,
        0.9390765654033315
    ],
    "sei-sei": [
        0.5074748575531076,
        0.5075544616411792,
        0.5072373757509829
    ],
    "xec-ecash": [
        4.668967419111057e-05,
        4.654997897045544e-05,
        4.653589387117601e-05
    ],
    "msol-marinade-staked-sol": [
        196.08716044421547,
        195.95945115326177,
        197.0319652341161
    ],
    "cfx-conflux-network": [
        0.22198946535762423,
        0.22167067928097423,
        0.2215342585263152
    ],
    "matic-network": [
        0.701081,
        0.70209,
        0.70209
    ],
    "pepe": [
        1.491e-05,
        1.493e-05,
        1.493e-05
    ],
    "litecoin": [
        83.19,
        83.27,
        83.27
    ],
    "leo-token": [
        5.95,
        5.97,
        5.97
    ],
    "okb": [
        46.76278052163893,
        46.77418023073965,
        46.81217671969954
    ],
    "first-digital-usd": [
        1.0000200260119372,
        0.9997967865409992,
        0.9998855821570268
    ],
    "arweave": [
        43.12486047922561,
        43.17094882926255,
        43.23796011505292
    ],
    "optimism-ethereum": [
        2.4125309816453933,
        2.4142304127690646,
        2.418080457563763
    ],
    "bittensor": [
        379.38117884382564,
        378.347282265275,
        378.6370344520858
    ],
    "floki-inu": [
        0.0002732179386012506,
        0.00027433805434204627,
        0.00027626029609238224
    ],