{
    "bitcoin": [
        70542,
        70599,
        70599
    ],
    "ethereum": [
        3811.9,
        3814.53,
        3814.53
    ],
    "tether": [
        0.999908,
        1.0,
        1.0
    ],
    "binancecoin": [
        681.6,
        684.78,
        684.78
    ],
    "solana": [
        171.35,
        171.51,
        171.51
    ],
    "staked-ether": [
        3810.8,
        3813.09,
        3813.09
    ],
    "usd-coin": [
        1.0,
        1.001,
        1.001
    ],
    "ripple": [
        0.525094,
        0.525895,
        0.525895
    ],
    "dogecoin": [
        0.161381,
        0.161533,
        0.161533
    ],
    "the-open-network": [
        7.28,
        7.29,
        7.29
    ],
    "cardano": [
        0.461403,
        0.461298,
        0.461298
    ],
    "shiba-inu": [
        2.457e-05,
        2.465e-05,
        2.465e-05
    ],
    "avalanche-2": [
        36.04,
        36.08,
        36.08
    ],
    "wrapped-bitcoin": [
        70466,
        70547,
        70547
    ],
    "chainlink": [
        17.72,
        17.74,
        17.74
    ],
    "tron": [
        0.114579,
        0.114573,
        0.114573
    ],
    "polkadot": [
        7.19,
        7.19,
        7.19
    ],
    "bitcoin-cash": [
        477.42,
        476.21,
        476.21
    ],
    "near": [
        7.4,
        7.43,
        7.43
    ],
    "uniswap": [
        11.29,
        11.42,
        11.42
    ],
    "internet-computer": [
        12.28,
        12.31,
        12.31
    ],
    "unus-sed-leo": [
        5.923810812706364,
        5.924793027850309
    ],
    "multi-collateral-dai": [
        1.0001541775823066,
        1.000069113199768
    ],
    "ethereum-classic": [
        28.245398257432665,
        28.209715278628575,
        28.280479846943802
    ],
    "aptos": [
        9.137638719197145,
        9.146084748752006,
        9.153859643970659
    ],
    "render": [
        10.341096898224798,
        10.334942966887576,
        10.33626045266732
    ],
    "hedera": [
        0.10242647870449643,
        0.10244409151235788,
        0.10246143835974442
    ],
    "kaspa": [
        0.17980707551203043,
        0.1798740841092565,
        0.18001479588602337
    ],
    "dogwifhat": [
        3.3994930069826608,
        3.401671609128522,
        3.4020243936488344
    ],
    "cosmos": [
        8.512745595938359,
        8.517149325515044,
        8.533829806581826
    ],
    "immutable-x": [
        2.3045839448361627,
        2.3077278986974403,
        2.309338424153349
    ],
    "filecoin": [
        5.951795228838046,
        5.9548839238457285,
        5.962888342244992
    ],
    "arbitrum": [
        1.1050757387360086,
        1.1063520357863046,
        1.1075181747140788
    ],
    "mantle": [
        0.9654395450838172,
        0.9662611073659167,
        0.9672477455156476
    ],
    "stellar": [
        0.10633519551200855,
        0.1063496528585444,
        0.10644242953350648
    ],
    "cronos": [
        0.11126419743119312,
        0.11124019658499437,
        0.11128819085878407
    ],
    "monero": [
        159.83695963451123,
        159.95121300802788,
        159.97187838565466
    ],
    "stacks": [
        2.139533116188349,
        2.1478303354474098,
        2.15402541170412
    ],
    "the-graph": [
        0.299700377384891,
        0.29963071095552235,
        0.299782936343405
    ],
    "bttc-bittorrent-chain": [
        1.15222721228129e-06,
        1.15188075955053e-06,
        1.15238062589778e-06
    ],
    "cheelee-cheelee": [
        20.880640790289434,
        20.872160773406513,
        20.883730564335465
    ],
    "VET": [
        0.0342648619606039,
        0.0341757644980644
    ],
    "STX": [
        1.96018090681332,
        1.94312681136669
    ],
    "FLR": [
        0.0280572218861115,
        0.0280389009629798
    ],
    "XMR": [
        155.295737980525,
        155.188147347795
    ],
    "SAGA": [
        2.827609212773917,
        2.81039661314113
    ],
    "AR": [
        43.18042703963509,
        42.9957677008812
    ],
    "ZETA": [
        1.34315063641458,
        1.33600332024875
    ],
    "BGB": [
        1.3705,
        1.3705
    ],
    "FLOKI": [
        0.00026691,
        0.00026701,
        0.00025869
    ],
    "ENS": [
        25.010469078071,
        25.0591621452343,
        25.0296389155834
    ],
    "PIXEL": [
        0.48457,
        0.48486,
        0.48506
    ],
    "FTM": [
        0.81494311061099,
        0.810825200275531,
        0.810846650526059
    ],
    "INJ": [
        25.2805286010021,
        25.2684216825995,
        25.284098615477
    ],
    "MKR": [
        2618.19713759826,
        2621.10444575862,
        2615.17302339551
    ],
    "ARKM": [
        2.4701,
        2.4832,
        2.4884
    ],
    "RUNE": [
        6.18240666957401,
        6.18899183033091,
        6.196
    ],
    "FET": [
        2.12293332695818,
        2.12769500781503,
        2.12600309735174
    ],
    "qnt-quant": [
        91.3312873012603,
        91.3545182501535,
        91.29548905505213
    ],
    "wld-worldcoin": [
        4.83503601062452,
        4.83661365001813,
        4.838923301009388
    ],
    "akt-akash-network": [
        4.466830245943819,
        4.466410994819336,
        4.467305165283307
    ],
    "neo-neo": [
        15.022582718836972,
        15.033381940378884,
        15.04334729251268
    ],
    "egld-elrond": [
        39.091556209928406,
        39.14282889632951,
        39.26005092248553
    ],
    "ron-ronin-token": [
        3.0618603402652904,
        3.0619443954346868,
        3.0650063991774386
    ],
    "sand-the-sandbox": [
        0.46075144559037423,
        0.4613262178056306,
        0.46220863373790994
    ],
    "wbnb-wrapped-bnb": [
        681.4928295430909,
        682.5448419817822,
        685.9204161734705
    ],
    "rbn-ribbon-finance": [
        0.9885661800071454,
        0.9879724354960426,
        0.980782160787907
    ],
    "ordi-ordinals": [
        56.190015881274654,
        55.95096248294366,
        56.00339398654672
    ],
    "mina-mina-protocol": [
        0.8626720678198702,
        0.8622399887085781,
        0.8602091010265426
    ],
    "kcs-kucoin-token": [
        10.080727997796336,
        10.095368350110295,
        10.091152964669504
    ],
    "pendle-pendle": [
        6.14798841399771,
        6.142089427499217,
        6.145555735600484
    ],
    "xtz-tezos": [
        0.9500528612797043,
        0.9505991832759851,
        0.9509650515568491
    ],
    "sei-sei": [
        0.5228191828271407,
        0.5233141370078854,
        0.5236371870736776
    ],
    "xec-ecash": [
        4.710213604584762e-05,
        4.713735605720857e-05,
        4.716473515824262e-05
    ],
    "msol-marinade-staked-sol": [
        203.97750784827167,
        203.81980488683377,
        203.95337021512677
    ],
    "cfx-conflux-network": [
        0.2212836742468146,
        0.2212985412578897,
        0.2216218147611572
    ],
    "matic-network": [
        0.714379,
        0.715041,
        0.715041
    ],
    "pepe": [
        1.432e-05,
        1.432e-05,
        1.432e-05
    ],
    "litecoin": [
        83.55,
        83.54,
        83.54
    ],
    "leo-token": [
        5.96,
        5.95,
        5.95
    ],
    "okb": [
        48.25670608325216,
        48.25509120791525,
        48.27771483685196
    ],
    "first-digital-usd": [
        1.0003768999247986,
        1.0002676915266806,
        1.0000590898073416
    ],
    "arweave": [
        46.297332575048344,
        46.3415790721811,
        46.36892158093171
    ],
    "optimism-ethereum": [
        2.4745755642923375,
        2.476126694045873,
        2.479597812441078
    ],
    "bittensor": [
        398.6044396242009,
        398.00932900872925,
        397.90929525958313
    ],