{
    "bitcoin": [
        71169,
        71184,
        71184
    ],
    "ethereum": [
        3870.93,
        3870.95,
        3870.95
    ],
    "tether": [
        1.0,
        1.0,
        1.0
    ],
    "binancecoin": [
        697.78,
        696.99,
        696.99
    ],
    "solana": [
        174.21,
        174.18,
        174.18
    ],
    "staked-ether": [
        3869.64,
        3869.18,
        3869.18
    ],
    "usd-coin": [
        0.999989,
        0.999996,
        0.999996
    ],
    "ripple": [
        0.526332,
        0.52639,
        0.52639
    ],
    "dogecoin": [
        0.16335,
        0.163012,
        0.163012
    ],
    "the-open-network": [
        7.18,
        7.2,
        7.2
    ],
    "cardano": [
        0.460358,
        0.460223,
        0.460223
    ],
    "shiba-inu": [
        2.612e-05,
        2.607e-05,
        2.607e-05
    ],
    "avalanche-2": [
        36.51,
        36.48,
        36.48
    ],
    "wrapped-bitcoin": [
        71338,
        71280,
        71280
    ],
    "chainlink": [
        17.7,
        17.68,
        17.68
    ],
    "tron": [
        0.114206,
        0.114219,
        0.114219
    ],
    "polkadot": [
        7.24,
        7.23,
        7.23
    ],
    "bitcoin-cash": [
        499.28,
        498.45,
        498.45
    ],
    "near": [
        7.6,
        7.59,
        7.59
    ],
    "uniswap": [
        11.15,
        11.13,
        11.13
    ],
    "internet-computer": [
        12.26,
        12.26,
        12.26
    ],
    "unus-sed-leo": [
        5.923810812706364,
        5.924793027850309
    ],
    "multi-collateral-dai": [
        1.0001541775823066,
        1.000069113199768
    ],
    "ethereum-classic": [
        29.59241834823406,
        29.590961501851606,
        29.716644817092764
    ],
    "aptos": [
        9.261530651879,
        9.249454887132343,
        9.242913047530669
    ],
    "render": [
        10.822343180964703,
        10.743420600583542,
        10.7486730791834
    ],
    "hedera": [
        0.10479629833822068,
        0.10480436937075525,
        0.10473383833663155
    ],
    "kaspa": [
        0.1815513697278751,
        0.1821035366005537,
        0.1827617992351525
    ],
    "dogwifhat": [
        3.4392875403838747,
        3.4401537766426395,
        3.4194107932823328
    ],
    "cosmos": [
        8.676547565525919,
        8.66456875531135,
        8.6506555966079
    ],
    "immutable-x": [
        2.282511116849279,
        2.279108559676523,
        2.2944022370463464
    ],
    "filecoin": [
        6.025035553856924,
        6.025905662786172,
        6.020185490044187
    ],
    "arbitrum": [
        1.1202138529225816,
        1.1199756970722508,
        1.1190605408342613
    ],
    "mantle": [
        1.0493898913150266,
        1.0512785162164704,
        1.0530700451350694
    ],
    "stellar": [
        0.10673126807436545,
        0.10672853646838029,
        0.10664744750266607
    ],
    "cronos": [
        0.11818983181203298,
        0.11807721326757503,
        0.11826883292913593
    ],
    "monero": [
        163.71169789821892,
        163.79752182899955,
        163.62766364439926
    ],
    "stacks": [
        2.404905812687492,
        2.3940329950885904,
        2.393056954986492
    ],
    "the-graph": [
        0.3031938872445654,
        0.30317081129584594,
        0.3028471659155422
    ],
    "bttc-bittorrent-chain": [
        1.18483204657702e-06,
        1.18416697649742e-06,
        1.18519283472509e-06
    ],
    "cheelee-cheelee": [
        21.24831142540292,
        21.189974708441937,
        21.142217956028105
    ],
    "VET": [
        0.0342648619606039,
        0.0341757644980644
    ],
    "STX": [
        1.96018090681332,
        1.94312681136669
    ],
    "FLR": [
        0.0280572218861115,
        0.0280389009629798
    ],
    "XMR": [
        155.295737980525,
        155.188147347795
    ],
    "SAGA": [
        2.827609212773917,
        2.81039661314113
    ],
    "AR": [
        43.18042703963509,
        42.9957677008812
    ],
    "ZETA": [
        1.34315063641458,
        1.33600332024875
    ],
    "BGB": [
        1.3705,
        1.3705,
        1.3169
    ],
    "FLOKI": [
        0.00026691,
        0.00026701,
        0.00025869
    ],
    "ENS": [
        25.0903173460213,
        25.0807646618136,
        25.0599195808775
    ],
    "PIXEL": [
        0.51387,
        0.5138,
        0.51107
    ],
    "FTM": [
        0.81494311061099,
        0.810825200275531,
        0.810846650526059
    ],
    "INJ": [
        25.8086457389147,
        25.7996455630143,
        25.9201593958232
    ],
    "MKR": [
        2678.60835986045,
        2679.19881558213,
        2678.61942081851
    ],
    "ARKM": [
        2.626968316377951,
        2.626743482716449,
        2.628414754078233
    ],
    "RUNE": [
        6.22498868406029,
        6.22422643049824,
        6.21850656584923
    ],
    "FET": [
        2.15432562926214,
        2.15034364241071,
        2.15253235815722
    ],
    "qnt-quant": [
        90.97979062772231,
        91.06508660984565,
        90.90886175306679
    ],
    "wld-worldcoin": [
        4.919317393263152,
        4.9095573629340565,
        4.910213675047499
    ],
    "akt-akash-network": [
        4.669179487504927,
        4.65396046286523,
        4.651809865706213
    ],
    "neo-neo": [
        15.26603160914255,
        15.264282876943682,
        15.217730553559893
    ],
    "egld-elrond": [
        40.06038010247752,
        40.073982956207296,
        40.02381314807312
    ],
    "ron-ronin-token": [
        3.1825343135946316,
        3.170695994394989,
        3.1713087742720463
    ],
    "sand-the-sandbox": [
        0.4709539777796143,
        0.4700301218714225,
        0.46989345252659404
    ],
    "wbnb-wrapped-bnb": [
        698.6754704889898,
        697.7084443638554,
        697.1837181150944
    ],
    "rbn-ribbon-finance": [
        0.9885661800071454,
        0.9879724354960426,
        0.980782160787907
    ],
    "ordi-ordinals": [
        57.493461315987794,
        57.39137424581045,
        57.27103210534385
    ],
    "mina-mina-protocol": [
        0.8723498370400077,
        0.8715186993340259,
        0.8709479697050987
    ],
    "kcs-kucoin-token": [
        10.22853838591572,
        10.213003432148481,
        10.22180955601521
    ],
    "pendle-pendle": [
        6.2585533821754735,
        6.270707484522244,
        6.251084029425186
    ],
    "xtz-tezos": [
        0.9519221317770693,
        0.9521545790437888,
        0.9496381872785405
    ],
    "sei-sei": [
        0.5311502550958537,
        0.5285695046543799,
        0.5283690630955219
    ],
    "xec-ecash": [
        4.74266625137089e-05,
        4.738306255940438e-05,
        4.751795190756602e-05
    ],
    "msol-marinade-staked-sol": [
        207.3952243826367,
        207.36577948208088,
        207.24548827371785
    ],
    "cfx-conflux-network": [
        0.2212985412578897,
        0.2216218147611572,
        0.2294484355944873
    ],
    "matic-network": [
        0.724175,
        0.723581,
        0.723581
    ],
    "pepe": [
        1.498e-05,
        1.513e-05,
        1.513e-05
    ],
    "litecoin": [
        85.02,
        85.03,
        85.03
    ],
    "leo-token": [
        6.03,
        6.03,
        6.03
    ],
    "okb": [
        49.52799834703469,
        49.41940205329383,
        49.42288985005727
    ],
    "first-digital-usd": [
        1.0001439804379497,
        1.0000006692725654,
        0.9997183275500419
    ],
    "arweave": [
        43.77966593919118,
        43.76785645936844,
        43.71495389553278
    ],
    "optimism-ethereum": [
        2.508685915812588,
        2.5106514785306913,
        2.51007143380265
    ],
    "bittensor": [
        418.17539157584446,
        417.3717494745852,
        416.7661441025398
    ],