{
    "bitcoin": [
        71342,
        71342,
        71241
    ],
    "ethereum": [
        3859.42,
        3859.42,
        3878.31
    ],
    "tether": [
        1.001,
        1.001,
        0.999566
    ],
    "binancecoin": [
        691.87,
        691.87,
        691.25
    ],
    "solana": [
        173.32,
        173.32,
        173.11
    ],
    "staked-ether": [
        3863.06,
        3863.06,
        3882.2
    ],
    "usd-coin": [
        1.002,
        1.002,
        0.999766
    ],
    "ripple": [
        0.527532,
        0.527532,
        0.527664
    ],
    "dogecoin": [
        0.16334,
        0.16334,
        0.163558
    ],
    "the-open-network": [
        7.42,
        7.42,
        7.38
    ],
    "cardano": [
        0.462575,
        0.462575,
        0.463058
    ],
    "shiba-inu": [
        2.589e-05,
        2.589e-05,
        2.592e-05
    ],
    "avalanche-2": [
        36.68,
        36.68,
        36.71
    ],
    "wrapped-bitcoin": [
        71124,
        71124,
        71238
    ],
    "chainlink": [
        17.82,
        17.82,
        17.88
    ],
    "tron": [
        0.114805,
        0.114805,
        0.114704
    ],
    "polkadot": [
        7.26,
        7.26,
        7.27
    ],
    "bitcoin-cash": [
        490.36,
        490.36,
        496.79
    ],
    "near": [
        7.66,
        7.66,
        7.66
    ],
    "uniswap": [
        11.1,
        11.1,
        11.09
    ],
    "internet-computer": [
        12.4,
        12.4,
        12.4
    ],
    "unus-sed-leo": [
        5.923810812706364,
        5.924793027850309
    ],
    "multi-collateral-dai": [
        1.0001541775823066,
        1.000069113199768
    ],
    "ethereum-classic": [
        29.59241834823406,
        29.590961501851606,
        29.716644817092764
    ],
    "aptos": [
        9.290310860840172,
        9.317070325414582,
        9.353195514471496
    ],
    "render": [
        10.557184560883465,
        10.557616495952287,
        10.6053748845384
    ],
    "hedera": [
        0.10409714364381709,
        0.10433961798407133,
        0.10432238251395175
    ],
    "kaspa": [
        0.18080013846560955,
        0.1807212962823713,
        0.17819404570481764
    ],
    "dogwifhat": [
        3.446784627153188,
        3.4546696166564272,
        3.4477700702703746
    ],
    "cosmos": [
        8.699015613462675,
        8.70840034188487,
        8.71804377535928
    ],
    "immutable-x": [
        2.3109941502136073,
        2.314064294539373,
        2.3133113378969767
    ],
    "filecoin": [
        6.0705301610516464,
        6.081353751866517,
        6.088697146307734
    ],
    "arbitrum": [
        1.1272906079142253,
        1.1307519094719314,
        1.133950563230045
    ],
    "mantle": [
        1.0201057310611186,
        1.024293074829342,
        1.0278355937130557
    ],
    "stellar": [
        0.10733123152220596,
        0.1073894488672226,
        0.10734568463211275
    ],
    "cronos": [
        0.11847396598987794,
        0.11852551678047549,
        0.11835850748233853
    ],
    "monero": [
        163.71947195204896,
        163.7860365453389,
        164.10240717615028
    ],
    "stacks": [
        2.390642207423827,
        2.39459859995981,
        2.385247119977796
    ],
    "the-graph": [
        0.30339697717593644,
        0.30396375728305314,
        0.3040280956572589
    ],
    "bttc-bittorrent-chain": [
        1.16869328382257e-06,
        1.168906376364e-06,
        1.1703507360026e-06
    ],
    "cheelee-cheelee": [
        21.2761381185563,
        21.242565233488918,
        21.17659326265666
    ],
    "VET": [
        0.0342648619606039,
        0.0341757644980644
    ],
    "STX": [
        1.96018090681332,
        1.94312681136669
    ],
    "FLR": [
        0.0280572218861115,
        0.0280389009629798
    ],
    "XMR": [
        155.295737980525,
        155.188147347795
    ],
    "SAGA": [
        2.827609212773917,
        2.81039661314113
    ],
    "AR": [
        43.18042703963509,
        42.9957677008812
    ],
    "ZETA": [
        1.34315063641458,
        1.33600332024875
    ],
    "BGB": [
        1.3705,
        1.3705
    ],
    "FLOKI": [
        0.00026691,
        0.00026701,
        0.00025869
    ],
    "ENS": [
        25.4020752588208,
        25.5082770556872,
        25.5992320312224
    ],
    "PIXEL": [
        0.50368,
        0.5044,
        0.50082
    ],
    "FTM": [
        0.81494311061099,
        0.810825200275531,
        0.810846650526059
    ],
    "INJ": [
        25.8086457389147,
        25.7996455630143,
        25.9201593958232
    ],
    "MKR": [
        2677.51461017473,
        2683.04878395053,
        2681.75819904825
    ],
    "ARKM": [
        2.4701,
        2.4832,
        2.4884
    ],
    "RUNE": [
        6.24904469939635,
        6.25319952191607,
        6.29499622620619
    ],
    "FET": [
        2.15276432192752,
        2.15713971514483,
        2.15796609701492
    ],
    "qnt-quant": [
        90.88158444105233,
        90.75082141732621,
        91.15586594825538
    ],
    "wld-worldcoin": [
        4.937266070147651,
        4.936058451851633,
        4.938224953387462
    ],
    "akt-akash-network": [
        4.636726564888907,
        4.642229229409802,
        4.635690101394873
    ],
    "neo-neo": [
        15.30799459741935,
        15.314901935993795,
        15.334914343970322
    ],
    "egld-elrond": [
        39.90135791284653,
        40.03643191994598,
        39.990851998881496
    ],
    "ron-ronin-token": [
        3.1809877955526398,
        3.187286006526027,
        3.185113148354574
    ],
    "sand-the-sandbox": [
        0.4729238259500069,
        0.47324988577333393,
        0.47314942704025337
    ],
    "wbnb-wrapped-bnb": [
        690.8148920861539,
        691.5107629925322,
        692.3200820553856
    ],
    "rbn-ribbon-finance": [
        0.9885661800071454,
        0.9879724354960426,
        0.980782160787907
    ],
    "ordi-ordinals": [
        57.50660680225005,
        57.48939409195527,
        57.31294640775674
    ],
    "mina-mina-protocol": [
        0.8697193551477813,
        0.8700221297111613,
        0.8710772732887629
    ],
    "kcs-kucoin-token": [
        10.202359075579631,
        10.19584113178985,
        10.192028127805086
    ],
    "pendle-pendle": [
        6.172449938330241,
        6.186986622841733,
        6.209772933507408
    ],
    "xtz-tezos": [
        0.9547897847274466,
        0.9545826648191349,
        0.9584085320262268
    ],
    "sei-sei": [
        0.5307294588426985,
        0.5306885218707807,
        0.5297848792837188
    ],
    "xec-ecash": [
        4.750382483315739e-05,
        4.76993158644858e-05,
        4.775575679519839e-05
    ],
    "msol-marinade-staked-sol": [
        206.50005738883254,
        207.04257257549833,
        206.64846252891914
    ],
    "cfx-conflux-network": [
        0.2212985412578897,
        0.2216218147611572,
        0.2294484355944873
    ],
    "matic-network": [
        0.723349,
        0.723349,
        0.724376
    ],
    "pepe": [
        1.483e-05,
        1.483e-05,
        1.487e-05
    ],
    "litecoin": [
        84.9,
        84.9,
        84.95
    ],
    "leo-token": [
        6.03,
        6.03,
        6.03
    ],
    "okb": [
        48.67747706759048,
        48.73161854342131,
        48.72322736564298
    ],
    "first-digital-usd": [
        0.9999604526172607,
        1.0002199253854451,
        1.0000468770553832
    ],
    "arweave": [
        44.54485288839551,
        44.54969783059972,
        44.56721370593135
    ],
    "optimism-ethereum": [
        2.5282492590566386,
        2.534702618470176,
        2.5426668767016722
    ],
    "bittensor": [
        415.8627276588344,
        415.55479939591925,
        414.92838175718043
    ],