{
    "bitcoin": [
        71061,
        71061,
        71201
    ],
    "ethereum": [
        3848.19,
        3848.19,
        3848.66
    ],
    "tether": [
        1.0,
        1.0,
        1.0
    ],
    "binancecoin": [
        695.47,
        695.47,
        696.42
    ],
    "solana": [
        173.18,
        173.18,
        173.46
    ],
    "staked-ether": [
        3845.08,
        3845.08,
        3846.5
    ],
    "usd-coin": [
        0.999533,
        0.999533,
        1.0
    ],
    "ripple": [
        0.52662,
        0.52662,
        0.526107
    ],
    "dogecoin": [
        0.16356,
        0.16356,
        0.163282
    ],
    "the-open-network": [
        7.3,
        7.3,
        7.29
    ],
    "cardano": [
        0.461638,
        0.461638,
        0.461432
    ],
    "shiba-inu": [
        2.586e-05,
        2.586e-05,
        2.581e-05
    ],
    "avalanche-2": [
        36.55,
        36.55,
        36.5
    ],
    "wrapped-bitcoin": [
        71168,
        71168,
        71355
    ],
    "chainlink": [
        17.76,
        17.76,
        17.74
    ],
    "tron": [
        0.114565,
        0.114565,
        0.114662
    ],
    "polkadot": [
        7.25,
        7.25,
        7.25
    ],
    "bitcoin-cash": [
        494.39,
        494.39,
        493.29
    ],
    "near": [
        7.63,
        7.63,
        7.63
    ],
    "uniswap": [
        11.14,
        11.14,
        11.2
    ],
    "internet-computer": [
        12.35,
        12.35,
        12.33
    ],
    "unus-sed-leo": [
        5.923810812706364,
        5.924793027850309
    ],
    "multi-collateral-dai": [
        1.0001541775823066,
        1.000069113199768
    ],
    "ethereum-classic": [
        29.59241834823406,
        29.590961501851606,
        29.716644817092764
    ],
    "aptos": [
        9.31677889282138,
        9.31078498279561,
        9.308813304937292
    ],
    "render": [
        10.601996180403233,
        10.583224404462852,
        10.588093941339801
    ],
    "hedera": [
        0.10536306115008678,
        0.1052978711841211,
        0.10507116761685172
    ],
    "kaspa": [
        0.17861808845913654,
        0.17850729915470884,
        0.17971806841729493
    ],
    "dogwifhat": [
        3.4051511388618305,
        3.4057278382557756,
        3.398247747807328
    ],
    "cosmos": [
        8.686651027503123,
        8.682919926466097,
        8.664259358103546
    ],
    "immutable-x": [
        2.3031333042117708,
        2.300705887913576,
        2.291086712942686
    ],
    "filecoin": [
        6.064198088602356,
        6.055782930831298,
        6.044052534457266
    ],
    "arbitrum": [
        1.1249713946535758,
        1.1240285289289738,
        1.122625963746019
    ],
    "mantle": [
        1.0211281661171394,
        1.0220531948546596,
        1.0240797857447004
    ],
    "stellar": [
        0.10691730464600403,
        0.10685898562305532,
        0.10676684399824511
    ],
    "cronos": [
        0.11969666389370379,
        0.11958048767705678,
        0.11976148469025141
    ],
    "monero": [
        164.0012842232017,
        163.43327575087417,
        163.27655181206657
    ],
    "stacks": [
        2.3660218129045094,
        2.3668650632495876,
        2.3758552315053447
    ],
    "the-graph": [
        0.3030834528332131,
        0.30285843436478344,
        0.30289569732799565
    ],
    "bttc-bittorrent-chain": [
        1.19669595939392e-06,
        1.19681265225909e-06,
        1.19552950274494e-06
    ],
    "cheelee-cheelee": [
        21.249657074831457,
        21.294319414336833,
        21.23410234653574
    ],
    "VET": [
        0.0342648619606039,
        0.0341757644980644
    ],
    "STX": [
        1.96018090681332,
        1.94312681136669
    ],
    "FLR": [
        0.0280572218861115,
        0.0280389009629798
    ],
    "XMR": [
        155.295737980525,
        155.188147347795
    ],
    "SAGA": [
        2.827609212773917,
        2.81039661314113
    ],
    "AR": [
        43.18042703963509,
        42.9957677008812
    ],
    "ZETA": [
        1.34315063641458,
        1.33600332024875
    ],
    "BGB": [
        1.3705,
        1.3705
    ],
    "FLOKI": [
        0.00026691,
        0.00026701,
        0.00025869
    ],
    "ENS": [
        25.180170265155,
        25.1229958253673,
        25.0313418675591
    ],
    "PIXEL": [
        0.49935,
        0.49731,
        0.49675
    ],
    "FTM": [
        0.81494311061099,
        0.810825200275531,
        0.810846650526059
    ],
    "INJ": [
        25.8086457389147,
        25.7996455630143,
        25.9201593958232
    ],
    "MKR": [
        2665.01243349381,
        2662.1940383947,
        2662.88604008423
    ],
    "ARKM": [
        2.4701,
        2.4832,
        2.4884
    ],
    "RUNE": [
        6.26357658632842,
        6.26281328149456,
        6.24980933495111
    ],
    "FET": [
        2.15054167487198,
        2.14856696551243,
        2.14481603119076
    ],
    "qnt-quant": [
        90.91663856802326,
        90.85071240281502,
        90.93562346033274
    ],
    "wld-worldcoin": [
        4.915784638751715,
        4.909844552136017,
        4.905210170880756
    ],
    "akt-akash-network": [
        4.66723208889937,
        4.659976813008396,
        4.66105090098941
    ],
    "neo-neo": [
        15.308696336670785,
        15.315843897973295,
        15.301881836917586
    ],
    "egld-elrond": [
        40.325059728652455,
        40.29741415729974,
        40.314041062760424
    ],
    "ron-ronin-token": [
        3.1669955952023594,
        3.161043158624507,
        3.1663153781661895
    ],
    "sand-the-sandbox": [
        0.47190090106439486,
        0.4713756792299886,
        0.4703322454188347
    ],
    "wbnb-wrapped-bnb": [
        696.8702394870585,
        696.0918435286623,
        696.6467871668566
    ],
    "rbn-ribbon-finance": [
        0.9885661800071454,
        0.9879724354960426,
        0.980782160787907
    ],
    "ordi-ordinals": [
        58.16889243564161,
        58.026259568709115,
        58.017846255918776
    ],
    "mina-mina-protocol": [
        0.8703326451474865,
        0.8692719896690996,
        0.8711497821373637
    ],
    "kcs-kucoin-token": [
        10.208282876571698,
        10.22383986930995,
        10.214633806274875
    ],
    "pendle-pendle": [
        6.123069526145067,
        6.122572970452868,
        6.1148986476760205
    ],
    "xtz-tezos": [
        0.9592125860206341,
        0.9587519442045661,
        0.9583018429881276
    ],
    "sei-sei": [
        0.5278205539572929,
        0.5274790366751884,
        0.5264813520452568
    ],
    "xec-ecash": [
        4.779788793440853e-05,
        4.75156759682491e-05,
        4.754859087297231e-05
    ],
    "msol-marinade-staked-sol": [
        206.64252392222443,
        206.51621785140236,
        206.65445803890756
    ],
    "cfx-conflux-network": [
        0.2212985412578897,
        0.2216218147611572,
        0.2294484355944873
    ],
    "matic-network": [
        0.723835,
        0.723835,
        0.723103
    ],
    "pepe": [
        1.461e-05,
        1.461e-05,
        1.457e-05
    ],
    "litecoin": [
        84.84,
        84.84,
        85.03
    ],
    "leo-token": [
        6.03,
        6.03,
        6.03
    ],
    "okb": [
        48.689720337674395,
        48.67414616945778,
        48.62262126190103
    ],
    "first-digital-usd": [
        1.0000137906402493,
        0.9998338106509672,
        1.0000185654244675
    ],
    "arweave": [
        44.33242222327495,
        44.26331444257453,
        44.19591455991696
    ],
    "optimism-ethereum": [
        2.5233628565327475,
        2.5188732764675534,
        2.5120911761758165
    ],
    "bittensor": [
        420.39946278927056,
        419.9848470878395,
        419.5123319929493
    ],