{
    "bitcoin": [
        71044,
        70922,
        71142
    ],
    "ethereum": [
        3798.85,
        3794.08,
        3799.69
    ],
    "tether": [
        0.999891,
        0.998904,
        0.999369
    ],
    "binancecoin": [
        699.32,
        699.38,
        700.37
    ],
    "solana": [
        169.83,
        169.71,
        169.99
    ],
    "staked-ether": [
        3795.66,
        3793.08,
        3799.51
    ],
    "usd-coin": [
        1.0,
        0.999201,
        1.0
    ],
    "ripple": [
        0.524539,
        0.523266,
        0.523002
    ],
    "dogecoin": [
        0.160165,
        0.159768,
        0.159974
    ],
    "the-open-network": [
        7.55,
        7.54,
        7.53
    ],
    "cardano": [
        0.479382,
        0.478805,
        0.478885
    ],
    "shiba-inu": [
        2.503e-05,
        2.496e-05,
        2.502e-05
    ],
    "avalanche-2": [
        36.22,
        36.18,
        36.26
    ],
    "wrapped-bitcoin": [
        71195,
        71048,
        71190
    ],
    "chainlink": [
        17.59,
        17.57,
        17.54
    ],
    "tron": [
        0.115018,
        0.114814,
        0.114941
    ],
    "polkadot": [
        7.21,
        7.2,
        7.19
    ],
    "bitcoin-cash": [
        511.58,
        512.18,
        513.57
    ],
    "near": [
        7.31,
        7.29,
        7.28
    ],
    "uniswap": [
        10.46,
        10.39,
        10.41
    ],
    "internet-computer": [
        12.68,
        12.66,
        12.61
    ],
    "unus-sed-leo": [
        5.923810812706364,
        5.924793027850309
    ],
    "multi-collateral-dai": [
        1.0001541775823066,
        1.000069113199768
    ],
    "ethereum-classic": [
        29.387441989129655,
        29.460698955719895,
        29.423851669313404
    ],
    "aptos": [
        9.320616064511169,
        9.319501244474147,
        9.308899329982745
    ],
    "render": [
        10.282246556017453,
        10.24830386455232,
        10.230387188105162
    ],
    "hedera": [
        0.10055911675629153,
        0.10053962414607123,
        0.10017013875722548
    ],
    "kaspa": [
        0.17165223168017377,
        0.1716904858137285,
        0.17188254339402076
    ],
    "dogwifhat": [
        3.180085598704042,
        3.1639503081715983,
        3.17671404791419
    ],
    "cosmos": [
        8.639041781572038,
        8.646906852527522,
        8.638353024979818
    ],
    "immutable-x": [
        2.265999323300253,
        2.257453686447549,
        2.259134339276285
    ],
    "filecoin": [
        6.682438236330134,
        6.680192854841055,
        6.710464407953259
    ],
    "arbitrum": [
        1.0942886970745147,
        1.0928804247379011,
        1.0928833851385429
    ],
    "mantle": [
        1.0102679643692765,
        1.0100596262795336,
        1.009719234779427
    ],
    "stellar": [
        0.10605511947701042,
        0.10604652684398597,
        0.1059126859716515
    ],
    "cronos": [
        0.11776137550583467,
        0.11804690189979199,
        0.11766330784476887
    ],
    "monero": [
        163.67692473122634,
        163.29227828367928,
        163.42481214817607
    ],
    "stacks": [
        2.358420939014435,
        2.352003277374245,
        2.3516600841294237
    ],
    "the-graph": [
        0.2957943949570457,
        0.2952316431347155,
        0.29405275367761263
    ],
    "bttc-bittorrent-chain": [
        1.17578902741193e-06,
        1.17499383098141e-06,
        1.17727656795566e-06
    ],
    "cheelee-cheelee": [
        21.278288790617125,
        21.27929659320025,
        21.167860390120985
    ],
    "VET": [
        0.0342648619606039,
        0.0341757644980644
    ],
    "STX": [
        1.96018090681332,
        1.94312681136669
    ],
    "FLR": [
        0.0280572218861115,
        0.0280389009629798
    ],
    "XMR": [
        155.295737980525,
        155.188147347795
    ],
    "SAGA": [
        2.827609212773917,
        2.81039661314113
    ],
    "AR": [
        43.18042703963509,
        42.9957677008812
    ],
    "ZETA": [
        1.24240267283791,
        1.24570613429196,
        1.24690898829529
    ],
    "BGB": [
        1.1906,
        1.1906,
        1.1906
    ],
    "FLOKI": [
        0.00026691,
        0.00026701,
        0.00025869
    ],
    "ENS": [
        24.1794650319893,
        24.1420302209071,
        24.1900575435571
    ],
    "PIXEL": [
        0.48973,
        0.49184,
        0.49446
    ],
    "FTM": [
        0.806479533698492,
        0.803021610310486,
        0.803688396269601
    ],
    "INJ": [
        25.8086457389147,
        25.7996455630143,
        25.9201593958232
    ],
    "MKR": [
        2594.894715936144,
        2596.414635467978,
        2594.250306521202
    ],
    "ARKM": [
        2.626743482716449,
        2.628414754078233,
        2.629537862114028
    ],
    "RUNE": [
        6.17321487917282,
        6.17337478715349,
        6.19039315563686
    ],
    "FET": [
        2.00167176555992,
        1.98400687291435,
        1.98398888168933
    ],
    "qnt-quant": [
        89.80306400895516,
        89.86674674187557,
        89.82951230571081
    ],
    "wld-worldcoin": [
        4.940543843708952,
        4.947733439642128,
        4.932293996649082
    ],
    "akt-akash-network": [
        4.494189360258681,
        4.500192464355648,
        4.480875580851337
    ],
    "neo-neo": [
        15.047992689023037,
        15.029269598872906,
        14.984659495630275
    ],
    "egld-elrond": [
        39.80472310756424,
        39.7351722268071,
        39.694714900819264
    ],
    "ron-ronin-token": [
        3.070688489633097,
        3.0649457201315826,
        3.0630989751144044
    ],
    "sand-the-sandbox": [
        0.47875990363275023,
        0.4773807921910386,
        0.4790415161008286
    ],
    "wbnb-wrapped-bnb": [
        698.4649144277013,
        699.7281630052039,
        699.8248915573982
    ],
    "rbn-ribbon-finance": [
        0.9885661800071454,
        0.9879724354960426,
        0.980782160787907
    ],
    "ordi-ordinals": [
        62.09291343912357,
        62.099473141626135,
        62.26669803898842
    ],
    "mina-mina-protocol": [
        0.8876604434768199,
        0.8870553630748973,
        0.8847708029326369
    ],
    "kcs-kucoin-token": [
        10.42028992750703,
        10.422029602291369,
        10.40804005324869
    ],
    "pendle-pendle": [
        5.920309844791598,
        5.9140184541053245,
        5.911927372558721
    ],
    "xtz-tezos": [
        0.945863977682088,
        0.9440070630457651,
        0.9437746522958984
    ],
    "sei-sei": [
        0.5568246245156234,
        0.5593860467627567,
        0.5555451623993013
    ],
    "xec-ecash": [
        4.685761164136255e-05,
        4.685764251505914e-05,
        4.692842735823136e-05
    ],
    "msol-marinade-staked-sol": [
        203.3505903617208,
        203.27634722379904,
        203.23694125280167
    ],
    "cfx-conflux-network": [
        0.22997764964750791,
        0.22985028781532996,
        0.22926555364320605
    ],
    "matic-network": [
        0.715378,
        0.713324,
        0.71439
    ],
    "pepe": [
        1.41e-05,
        1.406e-05,
        1.4e-05
    ],
    "litecoin": [
        83.54,
        83.45,
        83.63
    ],
    "leo-token": [
        5.99,
        5.99,
        5.99
    ],
    "okb": [
        49.065894798432495,
        49.11790151049072,
        49.26292543389852
    ],
    "first-digital-usd": [
        1.0006032400265652,
        0.9999860517649608,
        1.0002519173311621
    ],
    "arweave": [
        41.14164225555286,
        40.700564178209625,
        40.568459520153404
    ],
    "optimism-ethereum": [
        2.5245698779678074,
        2.5214256083901487,
        2.5236679508770368
    ],
    "bittensor": [
        424.2314048653308,
        423.2932129796881,
        418.8829883987037
    ],