{
    "bitcoin": [
        71153,
        71153,
        71058
    ],
    "ethereum": [
        3862.45,
        3862.45,
        3859.16
    ],
    "tether": [
        0.999416,
        0.999416,
        0.999447
    ],
    "binancecoin": [
        697.8,
        697.8,
        693.17
    ],
    "solana": [
        173.67,
        173.67,
        172.99
    ],
    "staked-ether": [
        3862.97,
        3862.97,
        3857.47
    ],
    "usd-coin": [
        0.999068,
        0.999068,
        0.999044
    ],
    "ripple": [
        0.52666,
        0.52666,
        0.526216
    ],
    "dogecoin": [
        0.163536,
        0.163536,
        0.163386
    ],
    "the-open-network": [
        7.44,
        7.44,
        7.43
    ],
    "cardano": [
        0.461767,
        0.461767,
        0.460893
    ],
    "shiba-inu": [
        2.594e-05,
        2.594e-05,
        2.595e-05
    ],
    "avalanche-2": [
        36.72,
        36.72,
        36.66
    ],
    "wrapped-bitcoin": [
        71178,
        71178,
        71070
    ],
    "chainlink": [
        17.91,
        17.91,
        17.85
    ],
    "tron": [
        0.114478,
        0.114478,
        0.114623
    ],
    "polkadot": [
        7.26,
        7.26,
        7.25
    ],
    "bitcoin-cash": [
        487.46,
        487.46,
        487.17
    ],
    "near": [
        7.63,
        7.63,
        7.63
    ],
    "uniswap": [
        11.17,
        11.17,
        11.17
    ],
    "internet-computer": [
        12.41,
        12.41,
        12.4
    ],
    "unus-sed-leo": [
        5.923810812706364,
        5.924793027850309
    ],
    "multi-collateral-dai": [
        1.0001541775823066,
        1.000069113199768
    ],
    "ethereum-classic": [
        29.59241834823406,
        29.590961501851606,
        29.716644817092764
    ],
    "aptos": [
        9.304629380887315,
        9.296387007005448,
        9.292251451016858
    ],
    "render": [
        10.559591477379783,
        10.525996413535422,
        10.53429358408637
    ],
    "hedera": [
        0.10411951994661629,
        0.1040593719885739,
        0.10389601713126065
    ],
    "kaspa": [
        0.1818667403641239,
        0.18193949246087893,
        0.1815150532686707
    ],
    "dogwifhat": [
        3.4306419788328233,
        3.4518595083822254,
        3.44993075437865
    ],
    "cosmos": [
        8.719393139512443,
        8.714543179557104,
        8.711644771383002
    ],
    "immutable-x": [
        2.31542626404516,
        2.3115357496020916,
        2.3045936219018697
    ],
    "filecoin": [
        6.062989730542779,
        6.059922173469582,
        6.049740196634568
    ],
    "arbitrum": [
        1.1348232764564852,
        1.1320160594895448,
        1.1314254725183703
    ],
    "mantle": [
        1.0107486003912622,
        1.0131704578741112,
        1.012967654304106
    ],
    "stellar": [
        0.10708353335205759,
        0.10705713976333732,
        0.1070996118308247
    ],
    "cronos": [
        0.1182245385378666,
        0.11806299831470399,
        0.11807379055947524
    ],
    "monero": [
        163.48384484074873,
        163.7096616998642,
        164.237701730887
    ],
    "stacks": [
        2.368548815066305,
        2.385433376175914,
        2.394871472016368
    ],
    "the-graph": [
        0.30447193787237825,
        0.30428581640814484,
        0.30390758949981644
    ],
    "bttc-bittorrent-chain": [
        1.16809693585746e-06,
        1.16768529334278e-06,
        1.16757118005937e-06
    ],
    "cheelee-cheelee": [
        21.277407175853163,
        21.311214919815697,
        21.32238317939146
    ],
    "VET": [
        0.0342648619606039,
        0.0341757644980644
    ],
    "STX": [
        1.96018090681332,
        1.94312681136669
    ],
    "FLR": [
        0.0280572218861115,
        0.0280389009629798
    ],
    "XMR": [
        155.295737980525,
        155.188147347795
    ],
    "SAGA": [
        2.827609212773917,
        2.81039661314113
    ],
    "AR": [
        43.18042703963509,
        42.9957677008812
    ],
    "ZETA": [
        1.34315063641458,
        1.33600332024875
    ],
    "BGB": [
        1.3705,
        1.3705
    ],
    "FLOKI": [
        0.00026691,
        0.00026701,
        0.00025869
    ],
    "ENS": [
        25.3727471397472,
        25.4898140351727,
        25.3828690729516
    ],
    "PIXEL": [
        0.49997,
        0.4985,
        0.50002
    ],
    "FTM": [
        0.81494311061099,
        0.810825200275531,
        0.810846650526059
    ],
    "INJ": [
        25.8086457389147,
        25.7996455630143,
        25.9201593958232
    ],
    "MKR": [
        2687.2468001009,
        2689.01212824351,
        2689.20594694974
    ],
    "ARKM": [
        2.4701,
        2.4832,
        2.4884
    ],
    "RUNE": [
        6.28976340125653,
        6.26812690459595,
        6.26802951753695
    ],
    "FET": [
        2.14712612512212,
        2.14893614709851,
        2.14567717100816
    ],
    "qnt-quant": [
        91.01858830370001,
        91.00941459606918,
        90.84642704623747
    ],
    "wld-worldcoin": [
        4.943497986100512,
        4.926007951333932,
        4.919219629836955
    ],
    "akt-akash-network": [
        4.641458284275706,
        4.644316750636566,
        4.656311569034701
    ],
    "neo-neo": [
        15.322173009399918,
        15.287977925245798,
        15.314776088502063
    ],
    "egld-elrond": [
        39.911564894939985,
        39.8451497820328,
        39.85680663447538
    ],
    "ron-ronin-token": [
        3.1873113242648268,
        3.1763991367619915,
        3.177669806649755
    ],
    "sand-the-sandbox": [
        0.46995632050687025,
        0.4703632971691961,
        0.47052010460649696
    ],
    "wbnb-wrapped-bnb": [
        699.4439168942962,
        696.4766177379204,
        693.5109188900608
    ],
    "rbn-ribbon-finance": [
        0.9885661800071454,
        0.9879724354960426,
        0.980782160787907
    ],
    "ordi-ordinals": [
        56.38105151645326,
        56.26935509440894,
        56.55262767607416
    ],
    "mina-mina-protocol": [
        0.8695698836760919,
        0.8677958587759792,
        0.8686320946984676
    ],
    "kcs-kucoin-token": [
        10.183713295541846,
        10.173904956213107,
        10.194695134507187
    ],
    "pendle-pendle": [
        6.19519909347841,
        6.179083665457728,
        6.189949572629902
    ],
    "xtz-tezos": [
        0.9584053674956485,
        0.9557029035375799,
        0.9558123316186045
    ],
    "sei-sei": [
        0.5276916652871972,
        0.5276130335074585,
        0.5266299232606375
    ],
    "xec-ecash": [
        4.768170446329345e-05,
        4.767510634542499e-05,
        4.767510634542499e-05
    ],
    "msol-marinade-staked-sol": [
        207.92219112721878,
        207.54262074145666,
        207.398398294326
    ],
    "cfx-conflux-network": [
        0.2212985412578897,
        0.2216218147611572,
        0.2294484355944873
    ],
    "matic-network": [
        0.722005,
        0.722005,
        0.72055
    ],
    "pepe": [
        1.454e-05,
        1.454e-05,
        1.468e-05
    ],
    "litecoin": [
        84.77,
        84.77,
        84.78
    ],
    "leo-token": [
        6.02,
        6.02,
        6.02
    ],
    "okb": [
        48.76834137609465,
        48.74503290361958,
        48.70915209286645
    ],
    "first-digital-usd": [
        1.0002930837769302,
        0.9999395249886966,
        1.0000998936338994
    ],
    "arweave": [
        44.561856922536336,
        44.662743722615836,
        44.69314092335968
    ],
    "optimism-ethereum": [
        2.5377088958233247,
        2.532095986166414,
        2.532525267727235
    ],
    "bittensor": [
        413.9525494171807,
        413.48375434532073,
        413.79286365270406
    ],