{
    "bitcoin": [
        70919,
        70906,
        70906
    ],
    "ethereum": [
        3845.72,
        3846.07,
        3846.07
    ],
    "tether": [
        0.999838,
        0.999786,
        0.999786
    ],
    "binancecoin": [
        704.0,
        703.02,
        703.02
    ],
    "solana": [
        172.47,
        172.7,
        172.7
    ],
    "staked-ether": [
        3844.37,
        3843.31,
        3843.31
    ],
    "usd-coin": [
        0.999942,
        0.999838,
        0.999838
    ],
    "ripple": [
        0.524289,
        0.523613,
        0.523613
    ],
    "dogecoin": [
        0.161717,
        0.161824,
        0.161824
    ],
    "the-open-network": [
        7.34,
        7.35,
        7.35
    ],
    "cardano": [
        0.458185,
        0.457839,
        0.457839
    ],
    "shiba-inu": [
        2.552e-05,
        2.555e-05,
        2.555e-05
    ],
    "avalanche-2": [
        36.36,
        36.4,
        36.4
    ],
    "wrapped-bitcoin": [
        70994,
        70976,
        70976
    ],
    "chainlink": [
        17.36,
        17.35,
        17.35
    ],
    "tron": [
        0.114753,
        0.114778,
        0.114778
    ],
    "polkadot": [
        7.18,
        7.17,
        7.17
    ],
    "bitcoin-cash": [
        492.5,
        492.51,
        492.51
    ],
    "near": [
        7.5,
        7.5,
        7.5
    ],
    "uniswap": [
        10.7,
        10.67,
        10.67
    ],
    "internet-computer": [
        12.14,
        12.13,
        12.13
    ],
    "unus-sed-leo": [
        5.923810812706364,
        5.924793027850309
    ],
    "multi-collateral-dai": [
        1.0001541775823066,
        1.000069113199768
    ],
    "ethereum-classic": [
        29.40221676554755,
        29.401794620839503,
        29.38879726777562
    ],
    "aptos": [
        9.15140518425219,
        9.140784606233161,
        9.139552943037936
    ],
    "render": [
        10.529477336486558,
        10.525693636255454,
        10.525946676237673
    ],
    "hedera": [
        0.10314691604555065,
        0.1031527461347789,
        0.10314996209015687
    ],
    "kaspa": [
        0.1788470250166372,
        0.1800044318776008,
        0.18117750092778753
    ],
    "dogwifhat": [
        3.3171294355107515,
        3.320314493866781,
        3.3228394545484488
    ],
    "cosmos": [
        8.625567132912893,
        8.624852280963877,
        8.622485794309808
    ],
    "immutable-x": [
        2.2727929386198378,
        2.2721249895576,
        2.2777564674747954
    ],
    "filecoin": [
        6.027504355282486,
        6.0287285072631605,
        6.025451395051252
    ],
    "arbitrum": [
        1.1073914723060398,
        1.1065953597603082,
        1.1056998499069826
    ],
    "mantle": [
        1.029236858767886,
        1.0275060618731613,
        1.026939156833734
    ],
    "stellar": [
        0.10622026737666118,
        0.1061559913425325,
        0.10622466102629886
    ],
    "cronos": [
        0.11570033920905193,
        0.11570948249898211,
        0.11562359496222438
    ],
    "monero": [
        163.98365866331937,
        163.33700699704016,
        163.31740795466254
    ],
    "stacks": [
        2.372383790111294,
        2.3673235761833156,
        2.366505172050147
    ],
    "the-graph": [
        0.2987632208888048,
        0.29887916781434914,
        0.29871310790606614
    ],
    "bttc-bittorrent-chain": [
        1.16712797698626e-06,
        1.16629177649787e-06,
        1.16782447662585e-06
    ],
    "cheelee-cheelee": [
        20.969875286790266,
        20.981336402658705,
        20.9830270285072
    ],
    "VET": [
        0.0342648619606039,
        0.0341757644980644
    ],
    "STX": [
        1.96018090681332,
        1.94312681136669
    ],
    "FLR": [
        0.0280572218861115,
        0.0280389009629798
    ],
    "XMR": [
        155.295737980525,
        155.188147347795
    ],
    "SAGA": [
        2.827609212773917,
        2.81039661314113
    ],
    "AR": [
        43.18042703963509,
        42.9957677008812
    ],
    "ZETA": [
        1.34315063641458,
        1.33600332024875
    ],
    "BGB": [
        1.2052,
        1.2052,
        1.2052
    ],
    "FLOKI": [
        0.00026691,
        0.00026701,
        0.00025869
    ],
    "ENS": [
        24.7104730550675,
        24.7101154393055,
        24.7196889854623
    ],
    "PIXEL": [
        0.4962,
        0.49544,
        0.49575
    ],
    "FTM": [
        0.813122254494612,
        0.814017225342486,
        0.814975057682819
    ],
    "INJ": [
        25.8086457389147,
        25.7996455630143,
        25.9201593958232
    ],
    "MKR": [
        2678.60835986045,
        2679.19881558213,
        2678.61942081851
    ],
    "ARKM": [
        2.626743482716449,
        2.628414754078233,
        2.629537862114028
    ],
    "RUNE": [
        6.11502840643668,
        6.1145447730751,
        6.11517424131755
    ],
    "FET": [
        2.11346382976336,
        2.11200624460552,
        2.1082607720746
    ],
    "qnt-quant": [
        90.40470465454376,
        90.4539637272671,
        90.30991028133792
    ],
    "wld-worldcoin": [
        5.040821989128071,
        5.013363664148273,
        5.010650822235168
    ],
    "akt-akash-network": [
        4.530849367153128,
        4.5337920819440525,
        4.542684115955395
    ],
    "neo-neo": [
        15.078793961112995,
        15.055510201947714,
        15.055510201947714
    ],
    "egld-elrond": [
        39.622345775904485,
        39.64556878584532,
        39.574774491152915
    ],
    "ron-ronin-token": [
        3.1362233481826554,
        3.1252580425530834,
        3.1218523918189494
    ],
    "sand-the-sandbox": [
        0.4647317835315201,
        0.4645887506471714,
        0.46459381804131183
    ],
    "wbnb-wrapped-bnb": [
        704.7838194457473,
        702.9186340159515,
        703.2194575748797
    ],
    "rbn-ribbon-finance": [
        0.9885661800071454,
        0.9879724354960426,
        0.980782160787907
    ],
    "ordi-ordinals": [
        57.42580105786316,
        57.449150675114,
        57.64298838811003
    ],
    "mina-mina-protocol": [
        0.8664309398734467,
        0.8660524181054823,
        0.8634330727755255
    ],
    "kcs-kucoin-token": [
        10.292821929421578,
        10.28104968789205,
        10.289857150663204
    ],
    "pendle-pendle": [
        6.062607321321751,
        6.050203856326879,
        6.046530630453674
    ],
    "xtz-tezos": [
        0.9407639718226682,
        0.9392779282434776,
        0.9402381146784026
    ],
    "sei-sei": [
        0.5179910928654365,
        0.5171463184003365,
        0.5168032317589255
    ],
    "xec-ecash": [
        4.705244297752964e-05,
        4.704727528778219e-05,
        4.698403044049539e-05
    ],
    "msol-marinade-staked-sol": [
        206.1613582303496,
        205.96202045649574,
        206.11396373773616
    ],
    "cfx-conflux-network": [
        0.2212985412578897,
        0.2216218147611572,
        0.2294484355944873
    ],
    "matic-network": [
        0.71501,
        0.715142,
        0.715142
    ],
    "pepe": [
        1.458e-05,
        1.46e-05,
        1.46e-05
    ],
    "litecoin": [
        85.09,
        85.18,
        85.18
    ],
    "leo-token": [
        6.03,
        6.02,
        6.02
    ],
    "okb": [
        48.63184776255633,
        48.61135011450683,
        48.76678967784553
    ],
    "first-digital-usd": [
        1.001091214693452,
        1.0009295432032628,
        1.000812437326603
    ],
    "arweave": [
        43.207290766177614,
        43.22704571478747,
        43.19655660676727
    ],
    "optimism-ethereum": [
        2.4898597099283797,
        2.4899822547121775,
        2.489883029200379
    ],
    "bittensor": [
        412.3237114673538,
        412.2959848791122,
        413.46775784210234
    ],