{
    "bitcoin": [
        71741,
        71679,
        71679
    ],
    "ethereum": [
        3822.39,
        3816.74,
        3816.74
    ],
    "tether": [
        1.0,
        1.0,
        1.0
    ],
    "binancecoin": [
        705.05,
        705.28,
        705.28
    ],
    "solana": [
        175.45,
        175.11,
        175.11
    ],
    "staked-ether": [
        3819.66,
        3813.37,
        3813.37
    ],
    "usd-coin": [
        1.001,
        1.0,
        1.0
    ],
    "ripple": [
        0.530091,
        0.529881,
        0.529881
    ],
    "dogecoin": [
        0.163853,
        0.163656,
        0.163656
    ],
    "the-open-network": [
        7.38,
        7.41,
        7.41
    ],
    "cardano": [
        0.462536,
        0.462006,
        0.462006
    ],
    "shiba-inu": [
        2.605e-05,
        2.601e-05,
        2.601e-05
    ],
    "avalanche-2": [
        36.66,
        36.7,
        36.7
    ],
    "wrapped-bitcoin": [
        71642,
        71625,
        71625
    ],
    "chainlink": [
        17.77,
        17.79,
        17.79
    ],
    "tron": [
        0.114488,
        0.114521,
        0.114521
    ],
    "polkadot": [
        7.25,
        7.25,
        7.25
    ],
    "bitcoin-cash": [
        484.91,
        484.67,
        484.67
    ],
    "near": [
        7.64,
        7.61,
        7.61
    ],
    "uniswap": [
        11.12,
        11.11,
        11.11
    ],
    "internet-computer": [
        12.38,
        12.36,
        12.36
    ],
    "unus-sed-leo": [
        5.923810812706364,
        5.924793027850309
    ],
    "multi-collateral-dai": [
        1.0001541775823066,
        1.000069113199768
    ],
    "ethereum-classic": [
        29.687279998684318,
        29.675156657317626,
        29.639579777863602
    ],
    "aptos": [
        9.32406683076342,
        9.324598359470286,
        9.319363637499224
    ],
    "render": [
        10.579374326725818,
        10.589311593423924,
        10.576654066100785
    ],
    "hedera": [
        0.1037248101064275,
        0.10352175813675984,
        0.10359998432600116
    ],
    "kaspa": [
        0.18249765270131532,
        0.18197967368124957,
        0.18220137460192434
    ],
    "dogwifhat": [
        3.4618436195454176,
        3.470551195286694,
        3.4625967281489505
    ],
    "cosmos": [
        8.687150465052081,
        8.694763999573201,
        8.682256851627487
    ],
    "immutable-x": [
        2.3230664103188383,
        2.321787629492803,
        2.3204310813661535
    ],
    "filecoin": [
        6.0491790271738966,
        6.060271997768956,
        6.056017164411743
    ],
    "arbitrum": [
        1.1204607370396016,
        1.119790163229739,
        1.1188285807125549
    ],
    "mantle": [
        0.9939783395905742,
        0.9962778855235995,
        0.9950638020966968
    ],
    "stellar": [
        0.10711135853172081,
        0.1070747389913666,
        0.10699885832544155
    ],
    "cronos": [
        0.1179125864174267,
        0.11788406728661933,
        0.11786238976656833
    ],
    "monero": [
        164.56327187345926,
        164.11560526743213,
        164.19367292643773
    ],
    "stacks": [
        2.323709903429074,
        2.380317654962794,
        2.406557516188061
    ],
    "the-graph": [
        0.30408743370183955,
        0.3041819639484461,
        0.3034851503881689
    ],
    "bttc-bittorrent-chain": [
        1.16698990979429e-06,
        1.16755001346892e-06,
        1.16808728742471e-06
    ],
    "cheelee-cheelee": [
        21.174809798585635,
        21.237879450218138,
        21.24185002751258
    ],
    "VET": [
        0.0342648619606039,
        0.0341757644980644
    ],
    "STX": [
        1.96018090681332,
        1.94312681136669
    ],
    "FLR": [
        0.0280572218861115,
        0.0280389009629798
    ],
    "XMR": [
        155.295737980525,
        155.188147347795
    ],
    "SAGA": [
        2.827609212773917,
        2.81039661314113
    ],
    "AR": [
        43.18042703963509,
        42.9957677008812
    ],
    "ZETA": [
        1.34315063641458,
        1.33600332024875
    ],
    "BGB": [
        1.3705,
        1.3705
    ],
    "FLOKI": [
        0.00026691,
        0.00026701,
        0.00025869
    ],
    "ENS": [
        24.555349538066,
        24.6220887445174,
        24.5707358800706
    ],
    "PIXEL": [
        0.50885,
        0.50629,
        0.50385
    ],
    "FTM": [
        0.81494311061099,
        0.810825200275531,
        0.810846650526059
    ],
    "INJ": [
        25.8086457389147,
        25.7996455630143,
        25.9201593958232
    ],
    "MKR": [
        2646.61559260119,
        2673.55044979273,
        2668.46599171435
    ],
    "ARKM": [
        2.4701,
        2.4832,
        2.4884
    ],
    "RUNE": [
        6.29909069569557,
        6.29370374205619,
        6.29377658364087
    ],
    "FET": [
        2.17529754157936,
        2.16525208330412,
        2.16497172103875
    ],
    "qnt-quant": [
        90.65973106519426,
        90.6433918699255,
        90.78830671777645
    ],
    "wld-worldcoin": [
        4.962729563701958,
        4.990166510071112,
        4.98450984728779
    ],
    "akt-akash-network": [
        4.636486269688205,
        4.624152379872205,
        4.623523235533766
    ],
    "neo-neo": [
        15.34259893916513,
        15.334985180800494,
        15.296561832118158
    ],
    "egld-elrond": [
        39.83026856241806,
        39.95847739853684,
        39.845792194389375
    ],
    "ron-ronin-token": [
        3.192811048823288,
        3.179884055778018,
        3.1716580474210754
    ],
    "sand-the-sandbox": [
        0.4751199668566573,
        0.4756454810927138,
        0.4745020909604481
    ],
    "wbnb-wrapped-bnb": [
        703.7975929668289,
        704.7214663580825,
        704.2328632900527
    ],
    "rbn-ribbon-finance": [
        0.9885661800071454,
        0.9879724354960426,
        0.980782160787907
    ],
    "ordi-ordinals": [
        56.430315107522965,
        57.13275989504589,
        57.7634434166948
    ],
    "mina-mina-protocol": [
        0.8729698837397584,
        0.8723385066165714,
        0.8712513107714867
    ],
    "kcs-kucoin-token": [
        10.113952565580766,
        10.130834306699214,
        10.133099786629579
    ],
    "pendle-pendle": [
        6.109978361845565,
        6.104842200054988,
        6.086736846073553
    ],
    "xtz-tezos": [
        0.9545296758655597,
        0.9596080270188245,
        0.9576834467678608
    ],
    "sei-sei": [
        0.530044084704234,
        0.5304765539053375,
        0.5285151131492849
    ],
    "xec-ecash": [
        4.755463352237033e-05,
        4.760418380118066e-05,
        4.759988557606738e-05
    ],
    "msol-marinade-staked-sol": [
        208.59086657827,
        208.53858636530057,
        208.37183578168327
    ],
    "cfx-conflux-network": [
        0.2212985412578897,
        0.2216218147611572,
        0.2294484355944873
    ],
    "matic-network": [
        0.719625,
        0.718703,
        0.718703
    ],
    "pepe": [
        1.437e-05,
        1.439e-05,
        1.439e-05
    ],
    "litecoin": [
        84.74,
        84.73,
        84.73
    ],
    "leo-token": [
        6.01,
        6.02,
        6.02
    ],
    "okb": [
        48.777536786159246,
        48.69466221563715,
        48.67679214913647
    ],
    "first-digital-usd": [
        1.0000664094817706,
        1.0001577315040175,
        0.9997398883758717
    ],
    "arweave": [
        44.76320822513503,
        44.89259209633782,
        44.984178936002024
    ],
    "optimism-ethereum": [
        2.519370914466262,
        2.516525547589438,
        2.50361112693116
    ],
    "bittensor": [
        421.73399651708024,
        421.58624363811873,
        418.9355074308493
    ],