{
    "bitcoin": [
        70463,
        70632,
        70731
    ],
    "ethereum": [
        3814.44,
        3816.44,
        3816.17
    ],
    "tether": [
        1.0,
        1.0,
        1.0
    ],
    "binancecoin": [
        671.32,
        674.62,
        677.56
    ],
    "solana": [
        169.65,
        169.81,
        170.41
    ],
    "staked-ether": [
        3812.45,
        3811.67,
        3814.91
    ],
    "usd-coin": [
        1.0,
        1.001,
        1.0
    ],
    "ripple": [
        0.524616,
        0.525545,
        0.525496
    ],
    "dogecoin": [
        0.160484,
        0.160773,
        0.160903
    ],
    "the-open-network": [
        7.18,
        7.25,
        7.25
    ],
    "cardano": [
        0.46037,
        0.46095,
        0.461663
    ],
    "shiba-inu": [
        2.432e-05,
        2.442e-05,
        2.451e-05
    ],
    "avalanche-2": [
        35.84,
        35.9,
        35.95
    ],
    "wrapped-bitcoin": [
        70589,
        70653,
        70732
    ],
    "chainlink": [
        17.63,
        17.66,
        17.68
    ],
    "tron": [
        0.114264,
        0.114309,
        0.114318
    ],
    "polkadot": [
        7.19,
        7.2,
        7.2
    ],
    "bitcoin-cash": [
        476.35,
        477.75,
        477.55
    ],
    "near": [
        7.38,
        7.39,
        7.39
    ],
    "uniswap": [
        11.75,
        11.58,
        11.33
    ],
    "internet-computer": [
        12.23,
        12.23,
        12.25
    ],
    "unus-sed-leo": [
        5.923810812706364,
        5.924793027850309
    ],
    "multi-collateral-dai": [
        1.0001541775823066,
        1.000069113199768
    ],
    "ethereum-classic": [
        28.245398257432665,
        28.209715278628575,
        28.280479846943802
    ],
    "aptos": [
        9.106653913710117,
        9.115434461174377,
        9.125860312875812
    ],
    "render": [
        10.305813858022809,
        10.301087565956056,
        10.346094454220957
    ],
    "hedera": [
        0.10178085138136685,
        0.10195842772313932,
        0.10204339499945334
    ],
    "kaspa": [
        0.1794690614282394,
        0.17930850825606623,
        0.18004929692098284
    ],
    "dogwifhat": [
        3.373540282561788,
        3.373556983892958,
        3.377694419442444
    ],
    "cosmos": [
        8.527277084544163,
        8.528807573168336,
        8.516784473330212
    ],
    "immutable-x": [
        2.296942817943469,
        2.295364749713536,
        2.2974328454843627
    ],
    "filecoin": [
        5.942678383498282,
        5.944543626478354,
        5.942136387148737
    ],
    "arbitrum": [
        1.101880996351735,
        1.1023050463681694,
        1.1027877398833064
    ],
    "mantle": [
        0.9646893154068399,
        0.9636109495344886,
        0.9679712151909233
    ],
    "stellar": [
        0.10662305723059458,
        0.10655950003957744,
        0.106387379300076
    ],
    "cronos": [
        0.11049350214168732,
        0.11062693378133472,
        0.11092600711664936
    ],
    "monero": [
        159.79257847378634,
        159.68956435652672,
        159.5648403430789
    ],
    "stacks": [
        2.1104389695103096,
        2.113063699147171,
        2.1207287829482717
    ],
    "the-graph": [
        0.3006054588791002,
        0.2999812722345077,
        0.2999917849020826
    ],
    "bttc-bittorrent-chain": [
        1.14930417656957e-06,
        1.14961996912547e-06,
        1.15093109795956e-06
    ],
    "cheelee-cheelee": [
        20.81767975415879,
        20.848362928319844,
        20.842567342835608
    ],
    "VET": [
        0.0342648619606039,
        0.0341757644980644
    ],
    "STX": [
        1.96018090681332,
        1.94312681136669
    ],
    "FLR": [
        0.0280572218861115,
        0.0280389009629798
    ],
    "XMR": [
        155.295737980525,
        155.188147347795
    ],
    "SAGA": [
        2.827609212773917,
        2.81039661314113
    ],
    "AR": [
        43.18042703963509,
        42.9957677008812
    ],
    "ZETA": [
        1.34315063641458,
        1.33600332024875
    ],
    "BGB": [
        1.3705,
        1.3705
    ],
    "FLOKI": [
        0.00026691,
        0.00026701,
        0.00025869
    ],
    "ENS": [
        25.1196076223444,
        25.108858333903,
        25.0179749355057
    ],
    "PIXEL": [
        0.48629,
        0.48577,
        0.48445
    ],
    "FTM": [
        0.81494311061099,
        0.810825200275531,
        0.810846650526059
    ],
    "INJ": [
        25.1503585258051,
        25.1391417049156,
        25.1806740593638
    ],
    "MKR": [
        2618.19713759826,
        2621.10444575862,
        2615.17302339551
    ],
    "ARKM": [
        2.4701,
        2.4832,
        2.4884
    ],
    "RUNE": [
        6.16568409675865,
        6.16609363400067,
        6.16750672542194
    ],
    "FET": [
        2.10609608455488,
        2.10707677673807,
        2.10968242574267
    ],
    "qnt-quant": [
        91.63524104316153,
        91.6919484952142,
        91.75009823003278
    ],
    "wld-worldcoin": [
        4.808130202625264,
        4.804600967175045,
        4.815963783998867
    ],
    "akt-akash-network": [
        4.431343524198681,
        4.436590611559468,
        4.446897769345489
    ],
    "neo-neo": [
        15.015629744088468,
        15.022637756979458,
        15.029921249347051
    ],
    "egld-elrond": [
        39.19881689936592,
        39.12831533625169,
        39.064564546886444
    ],
    "ron-ronin-token": [
        3.0608021988581657,
        3.0627304224616223,
        3.0641624013767728
    ],
    "sand-the-sandbox": [
        0.46241611920685965,
        0.4629208459301794,
        0.4618616751781183
    ],
    "wbnb-wrapped-bnb": [
        671.5456800745377,
        673.8509304421634,
        675.5939693716284
    ],
    "rbn-ribbon-finance": [
        0.9885661800071454,
        0.9879724354960426,
        0.980782160787907
    ],
    "ordi-ordinals": [
        56.49880627102658,
        55.854462823373524,
        56.0372150416265
    ],
    "mina-mina-protocol": [
        0.8439506387620236,
        0.8456237802849147,
        0.8436702148387152
    ],
    "kcs-kucoin-token": [
        10.073134237692585,
        10.087557820946628,
        10.092475298388077
    ],
    "pendle-pendle": [
        6.17925295097148,
        6.18687686566611,
        6.176797645590345
    ],
    "xtz-tezos": [
        0.9480307288700752,
        0.9479587984519907,
        0.9471947551529198
    ],
    "sei-sei": [
        0.5218349034199594,
        0.5220893372310617,
        0.522379191165103
    ],
    "xec-ecash": [
        4.670259141664294e-05,
        4.675050636470111e-05,
        4.678528567544664e-05
    ],
    "msol-marinade-staked-sol": [
        202.06762700378698,
        202.37131278164728,
        202.68220241892948
    ],
    "cfx-conflux-network": [
        0.2212836742468146,
        0.2212985412578897,
        0.2216218147611572
    ],
    "matic-network": [
        0.712382,
        0.714363,
        0.713677
    ],
    "pepe": [
        1.408e-05,
        1.413e-05,
        1.422e-05
    ],
    "litecoin": [
        83.38,
        83.43,
        83.37
    ],
    "leo-token": [
        5.95,
        5.95,
        5.95
    ],
    "okb": [
        48.1136006677346,
        48.12286075831819,
        48.16068219315312
    ],
    "first-digital-usd": [
        1.0005136865284179,
        1.0001774630930858,
        1.0002776532810653
    ],
    "arweave": [
        46.07406462744265,
        46.04863502235072,
        46.04493681716984
    ],
    "optimism-ethereum": [
        2.4630844833012477,
        2.4632737429607245,
        2.4637861848343428
    ],
    "bittensor": [
        394.7737481901642,
        394.9432801660407,
        396.2966172968124
    ],