{
    "bitcoin": [
        71024,
        71024,
        71519
    ],
    "ethereum": [
        3831.86,
        3831.86,
        3852.67
    ],
    "tether": [
        0.999294,
        0.999294,
        1.001
    ],
    "binancecoin": [
        708.59,
        708.59,
        715.4
    ],
    "solana": [
        172.65,
        172.65,
        173.61
    ],
    "staked-ether": [
        3830.28,
        3830.28,
        3849.41
    ],
    "usd-coin": [
        0.999646,
        0.999646,
        1.002
    ],
    "ripple": [
        0.525345,
        0.525345,
        0.528104
    ],
    "dogecoin": [
        0.162439,
        0.162439,
        0.163813
    ],
    "the-open-network": [
        7.3,
        7.3,
        7.35
    ],
    "cardano": [
        0.458497,
        0.458497,
        0.461686
    ],
    "shiba-inu": [
        2.559e-05,
        2.559e-05,
        2.577e-05
    ],
    "avalanche-2": [
        36.66,
        36.66,
        36.9
    ],
    "wrapped-bitcoin": [
        71172,
        71172,
        71471
    ],
    "chainlink": [
        17.33,
        17.33,
        17.45
    ],
    "tron": [
        0.114848,
        0.114848,
        0.115267
    ],
    "polkadot": [
        7.2,
        7.2,
        7.25
    ],
    "bitcoin-cash": [
        494.03,
        494.03,
        496.8
    ],
    "near": [
        7.49,
        7.49,
        7.54
    ],
    "uniswap": [
        10.76,
        10.76,
        10.78
    ],
    "internet-computer": [
        12.16,
        12.16,
        12.19
    ],
    "unus-sed-leo": [
        5.923810812706364,
        5.924793027850309
    ],
    "multi-collateral-dai": [
        1.0001541775823066,
        1.000069113199768
    ],
    "ethereum-classic": [
        29.387441989129655,
        29.460698955719895,
        29.423851669313404
    ],
    "aptos": [
        9.186689726188089,
        9.197686453343229,
        9.22419384909209
    ],
    "render": [
        10.608271698235848,
        10.621191209092203,
        10.64294977057751
    ],
    "hedera": [
        0.10291490510258852,
        0.1030736390252845,
        0.10334562195198274
    ],
    "kaspa": [
        0.17700438820100262,
        0.1770114172082373,
        0.17677286713484724
    ],
    "dogwifhat": [
        3.351932921797606,
        3.3543386682430736,
        3.36253003247079
    ],
    "cosmos": [
        8.609300714545858,
        8.621381652647129,
        8.641519106967069
    ],
    "immutable-x": [
        2.2515995559812194,
        2.2508119359123855,
        2.251429518957861
    ],
    "filecoin": [
        6.0188090344080365,
        6.024804341924844,
        6.033925139850527
    ],
    "arbitrum": [
        1.1052471274167632,
        1.1070351285144522,
        1.1085852256991127
    ],
    "mantle": [
        1.0311506446284477,
        1.0323069646696732,
        1.03213763206662
    ],
    "stellar": [
        0.10627084603239059,
        0.10634177114888409,
        0.10649818388610242
    ],
    "cronos": [
        0.11487213505539778,
        0.1150122751779128,
        0.11523327781985408
    ],
    "monero": [
        163.549341740448,
        163.55436831612843,
        163.69796596825717
    ],
    "stacks": [
        2.317678472761916,
        2.2915368043149766,
        2.284860180932207
    ],
    "the-graph": [
        0.29555708442356504,
        0.29622226588904665,
        0.2965580997067225
    ],
    "bttc-bittorrent-chain": [
        1.16791290315045e-06,
        1.16835858727573e-06,
        1.17290600300393e-06
    ],
    "cheelee-cheelee": [
        20.99065033851383,
        20.99435107800045,
        20.943585381185258
    ],
    "VET": [
        0.0342648619606039,
        0.0341757644980644
    ],
    "STX": [
        1.96018090681332,
        1.94312681136669
    ],
    "FLR": [
        0.0280572218861115,
        0.0280389009629798
    ],
    "XMR": [
        155.295737980525,
        155.188147347795
    ],
    "SAGA": [
        2.827609212773917,
        2.81039661314113
    ],
    "AR": [
        43.18042703963509,
        42.9957677008812
    ],
    "ZETA": [
        1.34315063641458,
        1.33600332024875
    ],
    "BGB": [
        1.2061,
        1.2061,
        1.2061
    ],
    "FLOKI": [
        0.00026691,
        0.00026701,
        0.00025869
    ],
    "ENS": [
        24.9400409436692,
        24.8904525829296,
        24.9102954745826
    ],
    "PIXEL": [
        0.49513,
        0.49711,
        0.50098
    ],
    "FTM": [
        0.813122254494612,
        0.814017225342486,
        0.814975057682819
    ],
    "INJ": [
        25.8086457389147,
        25.7996455630143,
        25.9201593958232
    ],
    "MKR": [
        2678.60835986045,
        2679.19881558213,
        2678.61942081851
    ],
    "ARKM": [
        2.626743482716449,
        2.628414754078233,
        2.629537862114028
    ],
    "RUNE": [
        6.09206892940326,
        6.09285035991159,
        6.12487150797274
    ],
    "FET": [
        2.09886935895505,
        2.10280348504404,
        2.10749700753121
    ],
    "qnt-quant": [
        90.40042706988105,
        90.32061746876992,
        90.43093181554065
    ],
    "wld-worldcoin": [
        4.992538111670807,
        4.997480785656308,
        4.995943195138728
    ],
    "akt-akash-network": [
        4.559307549020673,
        4.553417119374469,
        4.558344690057978
    ],
    "neo-neo": [
        15.074640680897321,
        15.109171424200728,
        15.120918492285515
    ],
    "egld-elrond": [
        39.63468177697069,
        39.73123920933632,
        39.749447270347716
    ],
    "ron-ronin-token": [
        3.1347120911505892,
        3.129833652217542,
        3.149879029908787
    ],
    "sand-the-sandbox": [
        0.4696458802854819,
        0.47341047176041956,
        0.49078318013438776
    ],
    "wbnb-wrapped-bnb": [
        709.0350568326976,
        711.2157371484717,
        713.1076677366307
    ],
    "rbn-ribbon-finance": [
        0.9885661800071454,
        0.9879724354960426,
        0.980782160787907
    ],
    "ordi-ordinals": [
        57.53335999652686,
        57.531990391512345,
        57.47804851140454
    ],
    "mina-mina-protocol": [
        0.8629931140615812,
        0.8648480971864758,
        0.8682382523529781
    ],
    "kcs-kucoin-token": [
        10.38305682717563,
        10.372482111235522,
        10.393519588903455
    ],
    "pendle-pendle": [
        5.933493412101717,
        5.948641637832927,
        5.956500687571768
    ],
    "xtz-tezos": [
        0.9412045301754662,
        0.9416849802472882,
        0.9454691477789614
    ],
    "sei-sei": [
        0.5175457923219839,
        0.5181472585830867,
        0.5212763536887083
    ],
    "xec-ecash": [
        4.685353729126343e-05,
        4.691454328947019e-05,
        4.693983462787597e-05
    ],
    "msol-marinade-staked-sol": [
        205.99335486890462,
        206.10020639209478,
        206.4457854997117
    ],
    "cfx-conflux-network": [
        0.22990415677835865,
        0.23086279290488063,
        0.2319704453016206
    ],
    "matic-network": [
        0.721558,
        0.721558,
        0.727003
    ],
    "pepe": [
        1.463e-05,
        1.463e-05,
        1.47e-05
    ],
    "litecoin": [
        84.94,
        84.94,
        85.5
    ],
    "leo-token": [
        6.03,
        6.02,
        6.02
    ],
    "okb": [
        48.68644168104882,
        48.88015205366479,
        48.83273234260264
    ],
    "first-digital-usd": [
        1.0009280072193514,
        1.0009983687505897,
        1.0012570655343982
    ],
    "arweave": [
        42.83347671954487,
        42.86827488558879,
        42.90223886793853
    ],
    "optimism-ethereum": [
        2.4887016928679637,
        2.4941197286186636,
        2.5008254498254505
    ],
    "bittensor": [
        415.30332975614107,
        417.2721940982312,
        419.4319243507038
    ],