{
    "bitcoin": [
        69220,
        69233,
        69233
    ],
    "ethereum": [
        3775.93,
        3775.65,
        3775.65
    ],
    "tether": [
        1.001,
        0.999021,
        0.999021
    ],
    "binancecoin": [
        629.24,
        630.26,
        630.26
    ],
    "solana": [
        166.36,
        166.24,
        166.24
    ],
    "staked-ether": [
        3773.11,
        3774.0,
        3774.0
    ],
    "usd-coin": [
        1.001,
        0.999657,
        0.999657
    ],
    "ripple": [
        0.520911,
        0.521377,
        0.521377
    ],
    "dogecoin": [
        0.1593,
        0.159362,
        0.159362
    ],
    "the-open-network": [
        6.77,
        6.79,
        6.79
    ],
    "cardano": [
        0.460482,
        0.460639,
        0.460639
    ],
    "shiba-inu": [
        2.436e-05,
        2.438e-05,
        2.438e-05
    ],
    "avalanche-2": [
        34.95,
        34.85,
        34.85
    ],
    "wrapped-bitcoin": [
        69207,
        69262,
        69262
    ],
    "chainlink": [
        17.58,
        17.64,
        17.64
    ],
    "tron": [
        0.114111,
        0.113976,
        0.113976
    ],
    "polkadot": [
        7.02,
        7.02,
        7.02
    ],
    "bitcoin-cash": [
        463.94,
        464.12,
        464.12
    ],
    "near": [
        7.1,
        7.1,
        7.1
    ],
    "uniswap": [
        9.53,
        9.54,
        9.54
    ],
    "internet-computer": [
        12.0,
        12.1,
        12.1
    ],
    "unus-sed-leo": [
        5.923810812706364,
        5.924793027850309
    ],
    "multi-collateral-dai": [
        1.0001541775823066,
        1.000069113199768
    ],
    "ethereum-classic": [
        29.24604814725347,
        29.20352121967086
    ],
    "aptos": [
        8.983133953535747,
        9.00922323802864,
        8.991772555907689
    ],
    "render": [
        10.048495796824778,
        10.077999336995912,
        10.143731544572788
    ],
    "hedera": [
        0.10089264760914025,
        0.10104264149684604,
        0.10093880218631576
    ],
    "kaspa": [
        0.17181555245477162,
        0.16982161647984506,
        0.1696577347479824
    ],
    "dogwifhat": [
        3.3107751414880457,
        3.3107875812483636,
        3.309920544229459
    ],
    "cosmos": [
        8.358807056244148,
        8.373991134592726,
        8.368519916348449
    ],
    "immutable-x": [
        2.270041002099197,
        2.277321154366723,
        2.273426818770703
    ],
    "filecoin": [
        5.7982360640320225,
        5.804503544914538,
        5.794238473896319
    ],
    "arbitrum": [
        1.1060213346039331,
        1.1090148609935047,
        1.1074989591313051
    ],
    "mantle": [
        0.9584477599328988,
        0.9608604063851764,
        0.9600305765436871
    ],
    "stellar": [
        0.10548071848591109,
        0.10559786849639817,
        0.10527662075777891
    ],
    "cronos": [
        0.10816330171562344,
        0.10844362473980165,
        0.10866862278083048
    ],
    "monero": [
        157.74927888635494,
        157.6479592645807,
        158.01583040379404
    ],
    "stacks": [
        1.9416024505950606,
        1.9469986536036015,
        1.9422751085591585
    ],
    "the-graph": [
        0.2949537591904533,
        0.29581580580115335,
        0.29519380536917067
    ],
    "bttc-bittorrent-chain": [
        1.14814286118461e-06,
        1.14755150488786e-06,
        1.14551815791016e-06
    ],
    "cheelee-cheelee": [
        20.655571635337633,
        20.633951125245662,
        20.66319852624627
    ],
    "VET": [
        0.0342648619606039,
        0.0341757644980644
    ],
    "STX": [
        1.96018090681332,
        1.94312681136669
    ],
    "FLR": [
        0.0280572218861115,
        0.0280389009629798
    ],
    "XMR": [
        155.295737980525,
        155.188147347795
    ],
    "SAGA": [
        2.827609212773917,
        2.81039661314113
    ],
    "AR": [
        43.18042703963509,
        42.9957677008812
    ],
    "ZETA": [
        1.34315063641458,
        1.33600332024875
    ],
    "BGB": [
        1.3705,
        1.3705
    ],
    "FLOKI": [
        0.00027295,
        0.00027004
    ],
    "ENS": [
        25.0486202762611,
        25.0109534451589,
        24.9810571673192
    ],
    "PIXEL": [
        0.5075035299704171,
        0.5091358288893804,
        0.5094
    ],
    "FTM": [
        0.81494311061099,
        0.810825200275531,
        0.810846650526059
    ],
    "INJ": [
        25.0568231859811,
        25.1171381853017,
        25.0821710898285
    ],
    "MKR": [
        2591.33333757779,
        2568.06953013984,
        2572.53851737616
    ],
    "ARKM": [
        2.4683,
        2.457007497809287,
        2.466236568321252
    ],
    "RUNE": [
        6.01753861986541,
        6.02922411179902,
        6.02696120868494
    ],
    "FET": [
        2.14599343356661,
        2.14170047173206,
        2.14007657776756
    ],
    "qnt-quant": [
        90.98569365157434,
        91.23903545466827,
        91.14482132029998
    ],
    "wld-worldcoin": [
        4.841248273278914,
        4.840087505579004,
        4.818876147798395
    ],
    "akt-akash-network": [
        4.369167669742135,
        4.388494755664351,
        4.39287964611766
    ],
    "neo-neo": [
        14.663125315157796,
        14.742285293041455,
        14.733419151136896
    ],
    "egld-elrond": [
        38.82333251403258,
        38.842980285869956,
        38.87793735597108
    ],
    "ron-ronin-token": [
        3.1704442870605516,
        3.1783203172200922,
        3.1891373863321197
    ],
    "sand-the-sandbox": [
        0.4533098585248696,
        0.4553466928927178,
        0.4543901477237858
    ],
    "wbnb-wrapped-bnb": [
        628.3433397536933,
        629.3080098492351,
        630.333351332024
    ],
    "rbn-ribbon-finance": [
        1.013629557673927,
        1.005220137070084,
        1.0003889437685825
    ],
    "ordi-ordinals": [
        47.19922381885716,
        47.439307860717875,
        47.339363118428864
    ],
    "mina-mina-protocol": [
        0.8714423612288598,
        0.8808704753088793,
        0.8720787724253558
    ],
    "kcs-kucoin-token": [
        10.084540398521916,
        10.078247897485392,
        10.089231061156513
    ],
    "pendle-pendle": [
        6.1368910178469225,
        6.200878559268045,
        6.186403084137827
    ],
    "xtz-tezos": [
        0.9237316595320981,
        0.9240664416329492,
        0.9228995980803252
    ],
    "sei-sei": [
        0.5087465295280915,
        0.5126753651435447,
        0.5116830492533366
    ],
    "xec-ecash": [
        4.614261264155666e-05,
        4.618649627821267e-05,
        4.617206551308281e-05
    ],
    "msol-marinade-staked-sol": [
        197.93879937895122,
        198.10534068142755,
        197.99173783403597
    ],
    "cfx-conflux-network": [
        0.22470677561815997,
        0.22556062507690178,
        0.22447081060179241
    ],
    "matic-network": [
        0.708248,
        0.70742,
        0.70742
    ],
    "pepe": [
        1.452e-05,
        1.453e-05,
        1.453e-05
    ],
    "litecoin": [
        82.93,
        82.96,
        82.96
    ],
    "leo-token": [
        6.01,
        6.02,
        6.02
    ],
    "okb": [
        46.59985400173612,
        46.696838918248254,
        46.70408481787416
    ],
    "first-digital-usd": [
        0.9998460529565328,
        0.9998148068943431,
        0.999793264454178
    ],
    "arweave": [
        42.98446257793803,
        42.966463284744904,
        42.979041074097644
    ],
    "optimism-ethereum": [
        2.418292637301415,
        2.426083113435638,
        2.421343537492207
    ],
    "bittensor": [
        383.4827566824646,
        383.79012283614503,
        382.9749543351141
    ],