{
    "bitcoin": [
        70907,
        70907,
        70937
    ],
    "ethereum": [
        3800.66,
        3800.66,
        3805.38
    ],
    "tether": [
        0.999635,
        0.999635,
        0.999526
    ],
    "binancecoin": [
        700.19,
        700.19,
        699.34
    ],
    "solana": [
        172.57,
        172.57,
        172.58
    ],
    "staked-ether": [
        3799.42,
        3799.42,
        3803.31
    ],
    "usd-coin": [
        0.999939,
        0.999939,
        1.0
    ],
    "ripple": [
        0.528798,
        0.528798,
        0.529246
    ],
    "dogecoin": [
        0.163032,
        0.163032,
        0.162906
    ],
    "the-open-network": [
        7.41,
        7.41,
        7.39
    ],
    "cardano": [
        0.460428,
        0.460428,
        0.460731
    ],
    "shiba-inu": [
        2.588e-05,
        2.588e-05,
        2.583e-05
    ],
    "avalanche-2": [
        36.45,
        36.45,
        36.46
    ],
    "wrapped-bitcoin": [
        70869,
        70869,
        70877
    ],
    "chainlink": [
        17.9,
        17.9,
        17.88
    ],
    "tron": [
        0.114014,
        0.114014,
        0.114004
    ],
    "polkadot": [
        7.21,
        7.21,
        7.21
    ],
    "bitcoin-cash": [
        482.98,
        482.98,
        482.31
    ],
    "near": [
        7.55,
        7.55,
        7.55
    ],
    "uniswap": [
        11.07,
        11.07,
        11.09
    ],
    "internet-computer": [
        12.46,
        12.46,
        12.43
    ],
    "unus-sed-leo": [
        5.923810812706364,
        5.924793027850309
    ],
    "multi-collateral-dai": [
        1.0001541775823066,
        1.000069113199768
    ],
    "ethereum-classic": [
        29.50265118047561,
        29.48757841131762,
        29.48976424362772
    ],
    "aptos": [
        9.229940547537801,
        9.234171185502417,
        9.2373287355742
    ],
    "render": [
        10.47554593415259,
        10.489459108357897,
        10.502474307182139
    ],
    "hedera": [
        0.10305780533173751,
        0.1030279138877161,
        0.10317531928152229
    ],
    "kaspa": [
        0.18249765270131532,
        0.18197967368124957,
        0.18220137460192434
    ],
    "dogwifhat": [
        3.454793822947573,
        3.447266999722656,
        3.447387341239928
    ],
    "cosmos": [
        8.589947694106312,
        8.581174514487124,
        8.582881937484338
    ],
    "immutable-x": [
        2.284170795645142,
        2.286412816229032,
        2.292260223660207
    ],
    "filecoin": [
        6.042557325986885,
        6.032532964114804,
        6.0351227767923294
    ],
    "arbitrum": [
        1.1084619365687958,
        1.1078936990166948,
        1.108148412226286
    ],
    "mantle": [
        0.9775564710290284,
        0.974735645656612,
        0.9773914725550042
    ],
    "stellar": [
        0.10679202214121455,
        0.10687864951379232,
        0.10690218764994502
    ],
    "cronos": [
        0.11383075520883884,
        0.11400742306092196,
        0.11425348239614053
    ],
    "monero": [
        162.25183183162363,
        162.30489992576656,
        162.4074300798605
    ],
    "stacks": [
        2.205807529450824,
        2.2015706706423677,
        2.218108414969325
    ],
    "the-graph": [
        0.3029030833747523,
        0.3030997528119065,
        0.3025642842775936
    ],
    "bttc-bittorrent-chain": [
        1.15905531616315e-06,
        1.16078867848149e-06,
        1.15974419671437e-06
    ],
    "cheelee-cheelee": [
        21.154301924954613,
        21.181730651276215,
        21.161574587788078
    ],
    "VET": [
        0.0342648619606039,
        0.0341757644980644
    ],
    "STX": [
        1.96018090681332,
        1.94312681136669
    ],
    "FLR": [
        0.0280572218861115,
        0.0280389009629798
    ],
    "XMR": [
        155.295737980525,
        155.188147347795
    ],
    "SAGA": [
        2.827609212773917,
        2.81039661314113
    ],
    "AR": [
        43.18042703963509,
        42.9957677008812
    ],
    "ZETA": [
        1.34315063641458,
        1.33600332024875
    ],
    "BGB": [
        1.3705,
        1.3705
    ],
    "FLOKI": [
        0.00026691,
        0.00026701,
        0.00025869
    ],
    "ENS": [
        24.8893368966681,
        24.9000594659236,
        24.9099398161338
    ],
    "PIXEL": [
        0.50553,
        0.50682,
        0.50614
    ],
    "FTM": [
        0.81494311061099,
        0.810825200275531,
        0.810846650526059
    ],
    "INJ": [
        25.8086457389147,
        25.7996455630143,
        25.9201593958232
    ],
    "MKR": [
        2658.89260369574,
        2655.56278151193,
        2646.61559260119
    ],
    "ARKM": [
        2.4701,
        2.4832,
        2.4884
    ],
    "RUNE": [
        6.25072798138392,
        6.24491097376949,
        6.24597465975288
    ],
    "FET": [
        2.18253958565286,
        2.17444901243874,
        2.17543856560743
    ],
    "qnt-quant": [
        91.1258767216776,
        91.09085193356262,
        91.11591622856845
    ],
    "wld-worldcoin": [
        4.913390753589722,
        4.900622386828033,
        4.8958782610007425
    ],
    "akt-akash-network": [
        4.463489157500232,
        4.463025428437026,
        4.466676307600943
    ],
    "neo-neo": [
        15.197895604233826,
        15.222329572225204,
        15.202395923925545
    ],
    "egld-elrond": [
        39.59045804897338,
        39.57824047273622,
        39.572632303881555
    ],
    "ron-ronin-token": [
        3.116984940067269,
        3.1205161433890884,
        3.12025854091116
    ],
    "sand-the-sandbox": [
        0.4652084278324458,
        0.4662583818074381,
        0.466193209133694
    ],
    "wbnb-wrapped-bnb": [
        700.8377081706587,
        699.3894350041008,
        699.0786578989042
    ],
    "rbn-ribbon-finance": [
        0.9885661800071454,
        0.9879724354960426,
        0.980782160787907
    ],
    "ordi-ordinals": [
        56.38889433771093,
        56.89214623991327,
        57.21400645109787
    ],
    "mina-mina-protocol": [
        0.8708426296760571,
        0.8722495830035103,
        0.8715111289867563
    ],
    "kcs-kucoin-token": [
        10.103238549775396,
        10.086684386726699,
        10.100737696426398
    ],
    "pendle-pendle": [
        6.090888626561141,
        6.089185069755166,
        6.10220419089959
    ],
    "xtz-tezos": [
        0.9549312482189506,
        0.9563856345953338,
        0.9561577641552844
    ],
    "sei-sei": [
        0.5208853780099644,
        0.5204541693204406,
        0.521162878785266
    ],
    "xec-ecash": [
        4.723396662640952e-05,
        4.726317613547711e-05,
        4.722267267300391e-05
    ],
    "msol-marinade-staked-sol": [
        206.09287529828612,
        206.08216316054438,
        205.85054871095056
    ],
    "cfx-conflux-network": [
        0.2212985412578897,
        0.2216218147611572,
        0.2294484355944873
    ],
    "matic-network": [
        0.714063,
        0.714063,
        0.714704
    ],
    "pepe": [
        1.444e-05,
        1.444e-05,
        1.443e-05
    ],
    "litecoin": [
        84.29,
        84.29,
        84.23
    ],
    "leo-token": [
        5.93,
        5.93,
        5.93
    ],
    "okb": [
        48.824538697536774,
        48.826807948111735,
        48.83050317228282
    ],
    "first-digital-usd": [
        0.9994747242694096,
        0.9994606379198581,
        0.9993069231111523
    ],
    "arweave": [
        45.409751451875316,
        45.05224960168475,
        44.99455205359145
    ],
    "optimism-ethereum": [
        2.510751937245413,
        2.5115579958600884,
        2.51425650334142
    ],
    "bittensor": [
        409.603276397453,
        410.162026812133,
        410.4819179503513
    ],