{
    "bitcoin": [
        70921,
        71117,
        70972
    ],
    "ethereum": [
        3846.24,
        3854.5,
        3848.7
    ],
    "tether": [
        1.0,
        1.001,
        0.999996
    ],
    "binancecoin": [
        705.05,
        707.19,
        705.64
    ],
    "solana": [
        172.98,
        173.34,
        172.98
    ],
    "staked-ether": [
        3845.71,
        3851.79,
        3846.55
    ],
    "usd-coin": [
        1.0,
        1.001,
        0.999943
    ],
    "ripple": [
        0.523691,
        0.524709,
        0.523841
    ],
    "dogecoin": [
        0.161892,
        0.162408,
        0.162059
    ],
    "the-open-network": [
        7.33,
        7.35,
        7.34
    ],
    "cardano": [
        0.458202,
        0.459504,
        0.45859
    ],
    "shiba-inu": [
        2.555e-05,
        2.564e-05,
        2.558e-05
    ],
    "avalanche-2": [
        36.53,
        36.82,
        36.71
    ],
    "wrapped-bitcoin": [
        70980,
        71104,
        71037
    ],
    "chainlink": [
        17.33,
        17.39,
        17.35
    ],
    "tron": [
        0.114803,
        0.114903,
        0.114715
    ],
    "polkadot": [
        7.18,
        7.2,
        7.2
    ],
    "bitcoin-cash": [
        491.92,
        493.48,
        492.02
    ],
    "near": [
        7.5,
        7.53,
        7.5
    ],
    "uniswap": [
        10.69,
        10.71,
        10.68
    ],
    "internet-computer": [
        12.12,
        12.18,
        12.16
    ],
    "unus-sed-leo": [
        5.923810812706364,
        5.924793027850309
    ],
    "multi-collateral-dai": [
        1.0001541775823066,
        1.000069113199768
    ],
    "ethereum-classic": [
        29.38879726777562,
        29.387441989129655,
        29.460698955719895
    ],
    "aptos": [
        9.140737312121185,
        9.157213992227216,
        9.153320149127683
    ],
    "render": [
        10.526595187309692,
        10.559824393288164,
        10.562983013474925
    ],
    "hedera": [
        0.10325380728853409,
        0.10352605742973182,
        0.10374391951658239
    ],
    "kaspa": [
        0.1800044318776008,
        0.18117750092778753,
        0.1813607960720939
    ],
    "dogwifhat": [
        3.3194828474057796,
        3.3266555374638855,
        3.320021777120197
    ],
    "cosmos": [
        8.619735608593565,
        8.631537197355204,
        8.626215924424047
    ],
    "immutable-x": [
        2.2756970846830424,
        2.2773639226109053,
        2.271945308506692
    ],
    "filecoin": [
        6.0232701173615455,
        6.042529994686203,
        6.0560765480884395
    ],
    "arbitrum": [
        1.1056362398345416,
        1.1075586003849736,
        1.1069897731122558
    ],
    "mantle": [
        1.0284962683334613,
        1.0312173231507977,
        1.0301138635971943
    ],
    "stellar": [
        0.1062368653683162,
        0.1063306293300442,
        0.10634588799552973
    ],
    "cronos": [
        0.1157045326628823,
        0.11569991930762255,
        0.11568003762578491
    ],
    "monero": [
        163.15836262830626,
        163.31074589120183,
        163.31201280643313
    ],
    "stacks": [
        2.3583297705110846,
        2.362539196247641,
        2.3683384498879
    ],
    "the-graph": [
        0.2983731658761507,
        0.29935361080656747,
        0.2989629551839442
    ],
    "bttc-bittorrent-chain": [
        1.1673234921606e-06,
        1.16487539015445e-06,
        1.16674123350986e-06
    ],
    "cheelee-cheelee": [
        20.98031229184789,
        20.907834172737022,
        20.929854661967347
    ],
    "VET": [
        0.0342648619606039,
        0.0341757644980644
    ],
    "STX": [
        1.96018090681332,
        1.94312681136669
    ],
    "FLR": [
        0.0280572218861115,
        0.0280389009629798
    ],
    "XMR": [
        155.295737980525,
        155.188147347795
    ],
    "SAGA": [
        2.827609212773917,
        2.81039661314113
    ],
    "AR": [
        43.18042703963509,
        42.9957677008812
    ],
    "ZETA": [
        1.34315063641458,
        1.33600332024875
    ],
    "BGB": [
        1.2052,
        1.2052,
        1.2052
    ],
    "FLOKI": [
        0.00026691,
        0.00026701,
        0.00025869
    ],
    "ENS": [
        24.7198992828475,
        24.9080782050105,
        24.9209522860403
    ],
    "PIXEL": [
        0.49721,
        0.49737,
        0.49551
    ],
    "FTM": [
        0.813122254494612,
        0.814017225342486,
        0.814975057682819
    ],
    "INJ": [
        25.8086457389147,
        25.7996455630143,
        25.9201593958232
    ],
    "MKR": [
        2678.60835986045,
        2679.19881558213,
        2678.61942081851
    ],
    "ARKM": [
        2.626743482716449,
        2.628414754078233,
        2.629537862114028
    ],
    "RUNE": [
        6.12711824402826,
        6.1363689522959,
        6.12679041846682
    ],
    "FET": [
        2.11505734929798,
        2.12356080216832,
        2.11449930132483
    ],
    "qnt-quant": [
        90.44239970243407,
        90.3593925668614,
        90.4893478358143
    ],
    "wld-worldcoin": [
        5.032186473847307,
        5.018783894520173,
        5.046454994496689
    ],
    "akt-akash-network": [
        4.538005734186273,
        4.533816941405179,
        4.533321517803436
    ],
    "neo-neo": [
        15.062183091015017,
        15.069969608723948,
        15.093560598303773
    ],
    "egld-elrond": [
        39.63119449001634,
        39.69800017830595,
        39.61630430870555
    ],
    "ron-ronin-token": [
        3.129197798540216,
        3.1220484901319403,
        3.132735456858317
    ],
    "sand-the-sandbox": [
        0.4645173931359614,
        0.46506401076027254,
        0.46623944890125046
    ],
    "wbnb-wrapped-bnb": [
        703.6901762565891,
        704.911125954703,
        706.3598904406541
    ],
    "rbn-ribbon-finance": [
        0.9885661800071454,
        0.9879724354960426,
        0.980782160787907
    ],
    "ordi-ordinals": [
        57.64652180310319,
        57.70649708349997,
        58.119822151918434
    ],
    "mina-mina-protocol": [
        0.8616588985206922,
        0.8624127758373082,
        0.8646253846525156
    ],
    "kcs-kucoin-token": [
        10.285567976981731,
        10.307050676311013,
        10.309389739410209
    ],
    "pendle-pendle": [
        6.043941624230162,
        6.0401511743222605,
        6.057697861553072
    ],
    "xtz-tezos": [
        0.9402381146784026,
        0.9418887991662624,
        0.9422521281341047
    ],
    "sei-sei": [
        0.5174721019944825,
        0.5198532170225073,
        0.5183697686617587
    ],
    "xec-ecash": [
        4.704727528778219e-05,
        4.698403044049539e-05,
        4.697552428226385e-05
    ],
    "msol-marinade-staked-sol": [
        206.17158802984878,
        205.84368886474988,
        206.2049665714088
    ],
    "cfx-conflux-network": [
        0.2212985412578897,
        0.2216218147611572,
        0.2294484355944873
    ],
    "matic-network": [
        0.716002,
        0.717826,
        0.716397
    ],
    "pepe": [
        1.465e-05,
        1.472e-05,
        1.468e-05
    ],
    "litecoin": [
        85.19,
        85.36,
        85.14
    ],
    "leo-token": [
        6.03,
        6.02,
        6.02
    ],
    "okb": [
        48.821040049165475,
        48.79742886726064,
        48.78861500213879
    ],
    "first-digital-usd": [
        1.0012137478851184,
        1.0011001274848006,
        1.0010816735642256
    ],
    "arweave": [
        43.175803654094395,
        43.14677561190774,
        43.23096889503075
    ],
    "optimism-ethereum": [
        2.4900599068817604,
        2.4971146173307055,
        2.493467875571962
    ],
    "bittensor": [
        413.18579875442725,
        413.9967156309803,
        414.6480221084815
    ],