{
    "bitcoin": [
        71126,
        71108,
        71108
    ],
    "ethereum": [
        3813.14,
        3810.99,
        3810.99
    ],
    "tether": [
        0.999678,
        0.999996,
        0.999996
    ],
    "binancecoin": [
        705.65,
        706.72,
        706.72
    ],
    "solana": [
        171.28,
        171.41,
        171.41
    ],
    "staked-ether": [
        3812.65,
        3809.03,
        3809.03
    ],
    "usd-coin": [
        0.999864,
        0.999814,
        0.999814
    ],
    "ripple": [
        0.522535,
        0.523058,
        0.523058
    ],
    "dogecoin": [
        0.16134,
        0.161333,
        0.161333
    ],
    "the-open-network": [
        7.69,
        7.72,
        7.72
    ],
    "cardano": [
        0.458758,
        0.459775,
        0.459775
    ],
    "shiba-inu": [
        2.522e-05,
        2.524e-05,
        2.524e-05
    ],
    "avalanche-2": [
        35.8,
        35.86,
        35.86
    ],
    "wrapped-bitcoin": [
        71100,
        71069,
        71069
    ],
    "chainlink": [
        17.47,
        17.43,
        17.43
    ],
    "tron": [
        0.113808,
        0.113856,
        0.113856
    ],
    "polkadot": [
        7.12,
        7.14,
        7.14
    ],
    "bitcoin-cash": [
        500.64,
        501.94,
        501.94
    ],
    "near": [
        7.35,
        7.35,
        7.35
    ],
    "uniswap": [
        10.67,
        10.7,
        10.7
    ],
    "internet-computer": [
        12.06,
        12.05,
        12.05
    ],
    "unus-sed-leo": [
        5.923810812706364,
        5.924793027850309
    ],
    "multi-collateral-dai": [
        1.0001541775823066,
        1.000069113199768
    ],
    "ethereum-classic": [
        29.387441989129655,
        29.460698955719895,
        29.423851669313404
    ],
    "aptos": [
        9.127751275390409,
        9.151650424041758,
        9.15098484137564
    ],
    "render": [
        10.372693647853428,
        10.370722834140462,
        10.384909710615927
    ],
    "hedera": [
        0.10124799309143362,
        0.10116338914795484,
        0.10117780406618347
    ],
    "kaspa": [
        0.1736129963536689,
        0.17326484771124506,
        0.1736238679595624
    ],
    "dogwifhat": [
        3.275382938712768,
        3.2661304132181836,
        3.2673499182664343
    ],
    "cosmos": [
        8.613462996098797,
        8.609725290175874,
        8.61012199199289
    ],
    "immutable-x": [
        2.2619953994466693,
        2.2560951471078448,
        2.2548778554027487
    ],
    "filecoin": [
        5.936481505347199,
        5.931725574417187,
        5.932069600536464
    ],
    "arbitrum": [
        1.0898185128011777,
        1.0905831702130946,
        1.0910928311961907
    ],
    "mantle": [
        1.0225726612304291,
        1.022711208327304,
        1.0220792981151638
    ],
    "stellar": [
        0.10577661023094759,
        0.10573434638190392,
        0.1057448801705153
    ],
    "cronos": [
        0.11433959374826767,
        0.1143497565003306,
        0.11443493009315334
    ],
    "monero": [
        166.84617966599816,
        166.79074614532274,
        166.8946474525062
    ],
    "stacks": [
        2.373591054289855,
        2.3759983545573395,
        2.3665978566691366
    ],
    "the-graph": [
        0.2940976376267059,
        0.2940985840696102,
        0.2942835075413967
    ],
    "bttc-bittorrent-chain": [
        1.16090560521002e-06,
        1.1616230076286e-06,
        1.15917400721526e-06
    ],
    "cheelee-cheelee": [
        21.264485918773328,
        21.247952633625314,
        21.243376097471355
    ],
    "VET": [
        0.0342648619606039,
        0.0341757644980644
    ],
    "STX": [
        1.96018090681332,
        1.94312681136669
    ],
    "FLR": [
        0.0280572218861115,
        0.0280389009629798
    ],
    "XMR": [
        155.295737980525,
        155.188147347795
    ],
    "SAGA": [
        2.827609212773917,
        2.81039661314113
    ],
    "AR": [
        43.18042703963509,
        42.9957677008812
    ],
    "ZETA": [
        1.22988208366352,
        1.23250889339322,
        1.23341199405814
    ],
    "BGB": [
        1.2225,
        1.2225,
        1.2225
    ],
    "FLOKI": [
        0.00026691,
        0.00026701,
        0.00025869
    ],
    "ENS": [
        23.9198798057253,
        23.8898244982155,
        23.8999764927062
    ],
    "PIXEL": [
        0.49893,
        0.49862,
        0.49693
    ],
    "FTM": [
        0.806479533698492,
        0.803021610310486,
        0.803688396269601
    ],
    "INJ": [
        25.8086457389147,
        25.7996455630143,
        25.9201593958232
    ],
    "MKR": [
        2607.917386974566,
        2607.882496556608,
        2609.583939564379
    ],
    "ARKM": [
        2.626743482716449,
        2.628414754078233,
        2.629537862114028
    ],
    "RUNE": [
        6.05805723555498,
        6.05810222987067,
        6.05858974929736
    ],
    "FET": [
        2.03721272963926,
        2.03555612999464,
        2.03967753170042
    ],
    "qnt-quant": [
        90.0942012095789,
        90.00656489896829,
        90.11625565517377
    ],
    "wld-worldcoin": [
        4.923916032333617,
        4.9316985953323655,
        4.923204041586424
    ],
    "akt-akash-network": [
        4.515086577948914,
        4.519759348714069,
        4.5205886016504495
    ],
    "neo-neo": [
        14.976794226175114,
        14.99898444148994,
        14.99898444148994
    ],
    "egld-elrond": [
        39.00322185896405,
        39.05129002706872,
        39.065319331162925
    ],
    "ron-ronin-token": [
        3.10271316162414,
        3.0958641205065285,
        3.1023472566864743
    ],
    "sand-the-sandbox": [
        0.4702862395695832,
        0.469717911275018,
        0.4696742099487526
    ],
    "wbnb-wrapped-bnb": [
        706.7987182963622,
        708.1205951893843,
        707.885723873267
    ],
    "rbn-ribbon-finance": [
        0.9885661800071454,
        0.9879724354960426,
        0.980782160787907
    ],
    "ordi-ordinals": [
        59.52972295433975,
        61.33747661601033,
        61.36280367361481
    ],
    "mina-mina-protocol": [
        0.842664201569877,
        0.8437796436568828,
        0.8436324946775097
    ],
    "kcs-kucoin-token": [
        10.337654701263114,
        10.344058724913461,
        10.3330126004707
    ],
    "pendle-pendle": [
        5.939171507579344,
        5.935332137678522,
        5.925640518137995
    ],
    "xtz-tezos": [
        0.9323182587990673,
        0.9341879945353995,
        0.9372722390149161
    ],
    "sei-sei": [
        0.5165736099897237,
        0.5173874403168646,
        0.5182715471843663
    ],
    "xec-ecash": [
        4.685353729126343e-05,
        4.691454328947019e-05,
        4.693983462787597e-05
    ],
    "msol-marinade-staked-sol": [
        204.54747939880315,
        204.48270672446165,
        204.3362248093371
    ],
    "cfx-conflux-network": [
        0.23106107656939356,
        0.23176363661270497,
        0.2314266541280297
    ],
    "matic-network": [
        0.722132,
        0.72309,
        0.72309
    ],
    "pepe": [
        1.441e-05,
        1.441e-05,
        1.441e-05
    ],
    "litecoin": [
        84.17,
        84.3,
        84.3
    ],
    "leo-token": [
        5.99,
        5.99,
        5.99
    ],
    "okb": [
        49.10827595046432,
        49.04883027675174,
        49.04646643839058
    ],
    "first-digital-usd": [
        1.001537301670883,
        1.0010869797618047,
        1.0010278516230322
    ],
    "arweave": [
        41.819528177745724,
        41.645252151349275,
        41.62994455808122
    ],
    "optimism-ethereum": [
        2.4810056730169836,
        2.4819328517060577,
        2.483980338887802
    ],
    "bittensor": [
        422.96548099832535,
        422.1825017810784,
        421.0727775467468
    ],