{
    "bitcoin": [
        70955,
        70955,
        71342
    ],
    "ethereum": [
        3845.74,
        3845.74,
        3859.42
    ],
    "tether": [
        0.999971,
        0.999971,
        1.001
    ],
    "binancecoin": [
        689.63,
        689.63,
        691.87
    ],
    "solana": [
        172.71,
        172.71,
        173.32
    ],
    "staked-ether": [
        3844.86,
        3844.86,
        3863.06
    ],
    "usd-coin": [
        1.0,
        1.0,
        1.002
    ],
    "ripple": [
        0.526204,
        0.526204,
        0.527532
    ],
    "dogecoin": [
        0.162845,
        0.162845,
        0.16334
    ],
    "the-open-network": [
        7.4,
        7.4,
        7.42
    ],
    "cardano": [
        0.460501,
        0.460501,
        0.462575
    ],
    "shiba-inu": [
        2.581e-05,
        2.581e-05,
        2.589e-05
    ],
    "avalanche-2": [
        36.58,
        36.58,
        36.68
    ],
    "wrapped-bitcoin": [
        70958,
        70958,
        71124
    ],
    "chainlink": [
        17.76,
        17.76,
        17.82
    ],
    "tron": [
        0.114573,
        0.114573,
        0.114805
    ],
    "polkadot": [
        7.22,
        7.22,
        7.26
    ],
    "bitcoin-cash": [
        489.03,
        489.03,
        490.36
    ],
    "near": [
        7.62,
        7.62,
        7.66
    ],
    "uniswap": [
        11.09,
        11.09,
        11.1
    ],
    "internet-computer": [
        12.36,
        12.36,
        12.4
    ],
    "unus-sed-leo": [
        5.923810812706364,
        5.924793027850309
    ],
    "multi-collateral-dai": [
        1.0001541775823066,
        1.000069113199768
    ],
    "ethereum-classic": [
        29.59241834823406,
        29.590961501851606,
        29.716644817092764
    ],
    "aptos": [
        9.268205129217748,
        9.285621600346841,
        9.290310860840172
    ],
    "render": [
        10.536495121296817,
        10.543629451526117,
        10.557184560883465
    ],
    "hedera": [
        0.10357638124164759,
        0.10388680065738469,
        0.10409714364381709
    ],
    "kaspa": [
        0.18138509350722012,
        0.18094137943830174,
        0.18080013846560955
    ],
    "dogwifhat": [
        3.4223682556173842,
        3.4382147541462804,
        3.446784627153188
    ],
    "cosmos": [
        8.68769206087434,
        8.694510425555595,
        8.699015613462675
    ],
    "immutable-x": [
        2.306454465343082,
        2.310124063547124,
        2.3109941502136073
    ],
    "filecoin": [
        6.061523267413353,
        6.067090462566466,
        6.0705301610516464
    ],
    "arbitrum": [
        1.1239664816754227,
        1.125455726078985,
        1.1272906079142253
    ],
    "mantle": [
        1.0130936336492808,
        1.01711827023153,
        1.0201057310611186
    ],
    "stellar": [
        0.10714347176419337,
        0.10724655894812442,
        0.10733123152220596
    ],
    "cronos": [
        0.1182050019061694,
        0.11846468461245586,
        0.11847396598987794
    ],
    "monero": [
        164.9685755158219,
        163.6397385994213,
        163.71947195204896
    ],
    "stacks": [
        2.3825691874005326,
        2.3923237286177446,
        2.390642207423827
    ],
    "the-graph": [
        0.30254943600525946,
        0.30285421627814907,
        0.30339697717593644
    ],
    "bttc-bittorrent-chain": [
        1.1687692738092e-06,
        1.1678745270978e-06,
        1.16869328382257e-06
    ],
    "cheelee-cheelee": [
        21.18507280704461,
        21.23655291942093,
        21.2761381185563
    ],
    "VET": [
        0.0342648619606039,
        0.0341757644980644
    ],
    "STX": [
        1.96018090681332,
        1.94312681136669
    ],
    "FLR": [
        0.0280572218861115,
        0.0280389009629798
    ],
    "XMR": [
        155.295737980525,
        155.188147347795
    ],
    "SAGA": [
        2.827609212773917,
        2.81039661314113
    ],
    "AR": [
        43.18042703963509,
        42.9957677008812
    ],
    "ZETA": [
        1.34315063641458,
        1.33600332024875
    ],
    "BGB": [
        1.3705,
        1.3705
    ],
    "FLOKI": [
        0.00026691,
        0.00026701,
        0.00025869
    ],
    "ENS": [
        25.3969673507213,
        25.4478937245519,
        25.4020752588208
    ],
    "PIXEL": [
        0.50432,
        0.50471,
        0.50368
    ],
    "FTM": [
        0.81494311061099,
        0.810825200275531,
        0.810846650526059
    ],
    "INJ": [
        25.8086457389147,
        25.7996455630143,
        25.9201593958232
    ],
    "MKR": [
        2673.72921759729,
        2675.79661689031,
        2677.51461017473
    ],
    "ARKM": [
        2.4701,
        2.4832,
        2.4884
    ],
    "RUNE": [
        6.24841808485523,
        6.2488687487435,
        6.24904469939635
    ],
    "FET": [
        2.1479118782187,
        2.15496265734355,
        2.15276432192752
    ],
    "qnt-quant": [
        90.74792518250341,
        90.84538591295238,
        90.88158444105233
    ],
    "wld-worldcoin": [
        4.91397129385042,
        4.92256446456179,
        4.937266070147651
    ],
    "akt-akash-network": [
        4.645663952091127,
        4.64730104884877,
        4.636726564888907
    ],
    "neo-neo": [
        15.283307349269302,
        15.311901641521139,
        15.30799459741935
    ],
    "egld-elrond": [
        39.7274438927204,
        39.84042453293865,
        39.90135791284653
    ],
    "ron-ronin-token": [
        3.172731853923927,
        3.186008886522317,
        3.1809877955526398
    ],
    "sand-the-sandbox": [
        0.4729888772961769,
        0.4728558986904584,
        0.4729238259500069
    ],
    "wbnb-wrapped-bnb": [
        690.9998003659513,
        690.6091414486966,
        690.8148920861539
    ],
    "rbn-ribbon-finance": [
        0.9885661800071454,
        0.9879724354960426,
        0.980782160787907
    ],
    "ordi-ordinals": [
        57.777757773865815,
        57.71533105789493,
        57.50660680225005
    ],
    "mina-mina-protocol": [
        0.8663124638479811,
        0.8670206153229367,
        0.8697193551477813
    ],
    "kcs-kucoin-token": [
        10.196320772014223,
        10.206987051390541,
        10.202359075579631
    ],
    "pendle-pendle": [
        6.151687953345358,
        6.156832860367044,
        6.172449938330241
    ],
    "xtz-tezos": [
        0.9535446765699904,
        0.9558557602658762,
        0.9547897847274466
    ],
    "sei-sei": [
        0.524931986164148,
        0.5253357915557273,
        0.5307294588426985
    ],
    "xec-ecash": [
        4.761030578530686e-05,
        4.750382483315739e-05,
        4.76993158644858e-05
    ],
    "msol-marinade-staked-sol": [
        206.38352653956628,
        206.2838297872667,
        206.50005738883254
    ],
    "cfx-conflux-network": [
        0.2212985412578897,
        0.2216218147611572,
        0.2294484355944873
    ],
    "matic-network": [
        0.720431,
        0.720431,
        0.723349
    ],
    "pepe": [
        1.462e-05,
        1.462e-05,
        1.483e-05
    ],
    "litecoin": [
        84.64,
        84.64,
        84.9
    ],
    "leo-token": [
        6.03,
        6.03,
        6.03
    ],
    "okb": [
        48.65298223636889,
        48.68156071092909,
        48.67747706759048
    ],
    "first-digital-usd": [
        1.00037607223125,
        1.0001866962664776,
        0.9999604526172607
    ],
    "arweave": [
        44.389006336463375,
        44.49496812379821,
        44.54485288839551
    ],
    "optimism-ethereum": [
        2.5238614660492455,
        2.5258867300430725,
        2.5282492590566386
    ],
    "bittensor": [
        413.9658291195151,
        415.1111048017201,
        415.8627276588344
    ],