{
    "bitcoin": [
        71243,
        71056,
        71039
    ],
    "ethereum": [
        3812.08,
        3795.43,
        3790.62
    ],
    "tether": [
        1.0,
        0.999523,
        1.0
    ],
    "binancecoin": [
        699.21,
        696.87,
        700.58
    ],
    "solana": [
        173.37,
        172.87,
        172.91
    ],
    "staked-ether": [
        3810.49,
        3790.69,
        3787.84
    ],
    "usd-coin": [
        1.0,
        0.999764,
        1.0
    ],
    "ripple": [
        0.525641,
        0.524794,
        0.525236
    ],
    "dogecoin": [
        0.163178,
        0.162642,
        0.162574
    ],
    "the-open-network": [
        7.54,
        7.46,
        7.46
    ],
    "cardano": [
        0.46213,
        0.461226,
        0.461046
    ],
    "shiba-inu": [
        2.586e-05,
        2.569e-05,
        2.556e-05
    ],
    "avalanche-2": [
        36.28,
        36.16,
        36.13
    ],
    "wrapped-bitcoin": [
        71190,
        71156,
        70957
    ],
    "chainlink": [
        17.88,
        17.83,
        17.88
    ],
    "tron": [
        0.114793,
        0.114508,
        0.114228
    ],
    "polkadot": [
        7.22,
        7.2,
        7.19
    ],
    "bitcoin-cash": [
        482.21,
        482.27,
        482.53
    ],
    "near": [
        7.6,
        7.56,
        7.55
    ],
    "uniswap": [
        11.22,
        11.12,
        11.2
    ],
    "internet-computer": [
        12.37,
        12.35,
        12.35
    ],
    "unus-sed-leo": [
        5.923810812706364,
        5.924793027850309
    ],
    "multi-collateral-dai": [
        1.0001541775823066,
        1.000069113199768
    ],
    "ethereum-classic": [
        28.245398257432665,
        28.209715278628575,
        28.280479846943802
    ],
    "aptos": [
        9.224871391049268,
        9.190099923426565,
        9.18798128835533
    ],
    "render": [
        10.507741020744056,
        10.50006354764925,
        10.528619533843651
    ],
    "hedera": [
        0.10262838533042377,
        0.10250231618426374,
        0.10255827329610023
    ],
    "kaspa": [
        0.17673640445359948,
        0.17758762329552255,
        0.17775038018166162
    ],
    "dogwifhat": [
        3.4987575811659846,
        3.459489828166915,
        3.454358929873048
    ],
    "cosmos": [
        8.534738754289345,
        8.508451727362011,
        8.50785559419961
    ],
    "immutable-x": [
        2.31108357834894,
        2.3070942461377193,
        2.3126213256186485
    ],
    "filecoin": [
        5.9909385148161824,
        5.971396379558569,
        5.9793807195461985
    ],
    "arbitrum": [
        1.1151711020418762,
        1.1118554539821306,
        1.111939351299673
    ],
    "mantle": [
        0.9688364733865348,
        0.9642237565077976,
        0.9658250791181565
    ],
    "stellar": [
        0.10651974620653128,
        0.10631776775620037,
        0.10638171420842128
    ],
    "cronos": [
        0.1128608587259048,
        0.11231820495274743,
        0.11233340966677367
    ],
    "monero": [
        160.38431433343564,
        160.97152809999866,
        161.18066597978142
    ],
    "stacks": [
        2.215244751168392,
        2.2148801562141442,
        2.227849371636878
    ],
    "the-graph": [
        0.2999726413613614,
        0.29893556914261277,
        0.2997041299338527
    ],
    "bttc-bittorrent-chain": [
        1.16468645883681e-06,
        1.16401760007621e-06,
        1.16528910519585e-06
    ],
    "cheelee-cheelee": [
        20.84099567425875,
        20.845400089788452,
        20.843965938542166
    ],
    "VET": [
        0.0342648619606039,
        0.0341757644980644
    ],
    "STX": [
        1.96018090681332,
        1.94312681136669
    ],
    "FLR": [
        0.0280572218861115,
        0.0280389009629798
    ],
    "XMR": [
        155.295737980525,
        155.188147347795
    ],
    "SAGA": [
        2.827609212773917,
        2.81039661314113
    ],
    "AR": [
        43.18042703963509,
        42.9957677008812
    ],
    "ZETA": [
        1.34315063641458,
        1.33600332024875
    ],
    "BGB": [
        1.3705,
        1.3705
    ],
    "FLOKI": [
        0.00026691,
        0.00026701,
        0.00025869
    ],
    "ENS": [
        24.9999907251049,
        24.9500723121038,
        24.9200217557638
    ],
    "PIXEL": [
        0.4846,
        0.48826,
        0.48878
    ],
    "FTM": [
        0.81494311061099,
        0.810825200275531,
        0.810846650526059
    ],
    "INJ": [
        25.8425000586962,
        25.6054697234221,
        25.6860532004444
    ],
    "MKR": [
        2618.19713759826,
        2621.10444575862,
        2615.17302339551
    ],
    "ARKM": [
        2.4701,
        2.4832,
        2.4884
    ],
    "RUNE": [
        6.24844739593791,
        6.30174193376398,
        6.25681918759905
    ],
    "FET": [
        2.17616095224993,
        2.16754883209498,
        2.1822192523537
    ],
    "qnt-quant": [
        91.13844275260061,
        90.86133452782532,
        91.03019162764429
    ],
    "wld-worldcoin": [
        4.838097589690178,
        4.827986041093476,
        4.827881188294032
    ],
    "akt-akash-network": [
        4.454018237699272,
        4.435800127639184,
        4.4404763582937425
    ],
    "neo-neo": [
        15.054315115444133,
        15.09101615105327,
        15.035548367896729
    ],
    "egld-elrond": [
        39.329570765016946,
        39.20387134646745,
        39.163417169984086
    ],
    "ron-ronin-token": [
        3.0923911371067097,
        3.0956455941302394,
        3.0950802527687107
    ],
    "sand-the-sandbox": [
        0.46231334536153673,
        0.46144526445089407,
        0.4614125015596247
    ],
    "wbnb-wrapped-bnb": [
        698.3979071600495,
        697.3460859294979,
        701.0560006949095
    ],
    "rbn-ribbon-finance": [
        0.9885661800071454,
        0.9879724354960426,
        0.980782160787907
    ],
    "ordi-ordinals": [
        54.726999468304065,
        54.72302526679921,
        54.727754626245684
    ],
    "mina-mina-protocol": [
        0.8571986621999753,
        0.8552260939334366,
        0.8526379429588273
    ],
    "kcs-kucoin-token": [
        10.092493188466095,
        10.096106648859344,
        10.091459757450378
    ],
    "pendle-pendle": [
        6.077128769776342,
        6.069012674787445,
        6.076012712049854
    ],
    "xtz-tezos": [
        0.949516479543011,
        0.9507120655776883,
        0.9484939219737597
    ],
    "sei-sei": [
        0.5242163032884586,
        0.5222222959979161,
        0.5202807643750708
    ],
    "xec-ecash": [
        4.738482421912836e-05,
        4.731102752512283e-05,
        4.721718954615125e-05
    ],
    "msol-marinade-staked-sol": [
        206.0041387472789,
        205.86151968795062,
        205.97549038013278
    ],
    "cfx-conflux-network": [
        0.2212985412578897,
        0.2216218147611572,
        0.2294484355944873
    ],
    "matic-network": [
        0.716664,
        0.715364,
        0.715111
    ],
    "pepe": [
        1.455e-05,
        1.448e-05,
        1.447e-05
    ],
    "litecoin": [
        83.97,
        83.86,
        83.87
    ],
    "leo-token": [
        5.96,
        5.96,
        5.96
    ],
    "okb": [
        49.3705425229832,
        48.96710599271862,
        49.03656315291637
    ],
    "first-digital-usd": [
        1.0000637460592292,
        0.9998095860487715,
        1.000320655240752
    ],
    "arweave": [
        45.57039994703895,
        45.52037546786038,
        46.16149484076299
    ],
    "optimism-ethereum": [
        2.4887361953242513,
        2.4804419196789107,
        2.4801579768237123
    ],
    "bittensor": [
        406.6395328099463,
        406.7838217925746,
        408.44648342283983
    ],