{
    "bitcoin": [
        71143,
        71333,
        71333
    ],
    "ethereum": [
        3797.8,
        3806.17,
        3806.17
    ],
    "tether": [
        0.999415,
        0.999937,
        0.999937
    ],
    "binancecoin": [
        705.9,
        708.09,
        708.09
    ],
    "solana": [
        170.69,
        171.4,
        171.4
    ],
    "staked-ether": [
        3797.0,
        3802.07,
        3802.07
    ],
    "usd-coin": [
        0.999577,
        1.001,
        1.001
    ],
    "ripple": [
        0.525021,
        0.525806,
        0.525806
    ],
    "dogecoin": [
        0.15979,
        0.160322,
        0.160322
    ],
    "the-open-network": [
        7.44,
        7.47,
        7.47
    ],
    "cardano": [
        0.478299,
        0.480628,
        0.480628
    ],
    "shiba-inu": [
        2.5e-05,
        2.508e-05,
        2.508e-05
    ],
    "avalanche-2": [
        36.04,
        36.29,
        36.29
    ],
    "wrapped-bitcoin": [
        71126,
        71273,
        71273
    ],
    "chainlink": [
        17.41,
        17.51,
        17.51
    ],
    "tron": [
        0.114304,
        0.114598,
        0.114598
    ],
    "polkadot": [
        7.14,
        7.19,
        7.19
    ],
    "bitcoin-cash": [
        512.83,
        516.1,
        516.1
    ],
    "near": [
        7.31,
        7.37,
        7.37
    ],
    "uniswap": [
        10.39,
        10.44,
        10.44
    ],
    "internet-computer": [
        12.55,
        12.65,
        12.65
    ],
    "unus-sed-leo": [
        5.923810812706364,
        5.924793027850309
    ],
    "multi-collateral-dai": [
        1.0001541775823066,
        1.000069113199768
    ],
    "ethereum-classic": [
        29.387441989129655,
        29.460698955719895,
        29.423851669313404
    ],
    "aptos": [
        9.174415903094035,
        9.260766374763206,
        9.266500425161304
    ],
    "render": [
        10.274395118312361,
        10.322246821037977,
        10.332042339936104
    ],
    "hedera": [
        0.10076134795704626,
        0.10112579041586425,
        0.10121895049865097
    ],
    "kaspa": [
        0.17439017819232477,
        0.17305964596775456,
        0.17328099376245765
    ],
    "dogwifhat": [
        3.2366210456760043,
        3.2433799365740117,
        3.243300094137009
    ],
    "cosmos": [
        8.562356059108597,
        8.601301947393706,
        8.617280168636393
    ],
    "immutable-x": [
        2.2346393149274784,
        2.23854220579401,
        2.2440510898619155
    ],
    "filecoin": [
        6.450648820796952,
        6.493472564336271,
        6.508326197114695
    ],
    "arbitrum": [
        1.0847232089107515,
        1.091276637640991,
        1.0924309068361535
    ],
    "mantle": [
        1.0091078918103524,
        1.0103180030197634,
        1.0102644974630899
    ],
    "stellar": [
        0.10623802140486252,
        0.10642895105239045,
        0.10639880546757313
    ],
    "cronos": [
        0.11639928799655448,
        0.11630866730093616,
        0.1165566567162356
    ],
    "monero": [
        169.4845949646543,
        168.0768429104389,
        168.27259358529557
    ],
    "stacks": [
        2.4155954722875794,
        2.457234686291429,
        2.4711899613949515
    ],
    "the-graph": [
        0.2921564079823746,
        0.294468148789959,
        0.2940783743028178
    ],
    "bttc-bittorrent-chain": [
        1.16733526726078e-06,
        1.16823010253352e-06,
        1.16724241016174e-06
    ],
    "cheelee-cheelee": [
        21.171773029236586,
        21.151739009370274,
        21.147791556733264
    ],
    "VET": [
        0.0342648619606039,
        0.0341757644980644
    ],
    "STX": [
        1.96018090681332,
        1.94312681136669
    ],
    "FLR": [
        0.0280572218861115,
        0.0280389009629798
    ],
    "XMR": [
        155.295737980525,
        155.188147347795
    ],
    "SAGA": [
        2.827609212773917,
        2.81039661314113
    ],
    "AR": [
        43.18042703963509,
        42.9957677008812
    ],
    "ZETA": [
        1.24240267283791,
        1.24570613429196,
        1.24690898829529
    ],
    "BGB": [
        1.1906,
        1.1906,
        1.1906
    ],
    "FLOKI": [
        0.00026691,
        0.00026701,
        0.00025869
    ],
    "ENS": [
        24.0737539760376,
        24.2834324737039,
        24.2170583345544
    ],
    "PIXEL": [
        0.4855,
        0.48769,
        0.48565
    ],
    "FTM": [
        0.806479533698492,
        0.803021610310486,
        0.803688396269601
    ],
    "INJ": [
        25.8086457389147,
        25.7996455630143,
        25.9201593958232
    ],
    "MKR": [
        2585.526980891681,
        2596.938976013624,
        2597.191557732568
    ],
    "ARKM": [
        2.626743482716449,
        2.628414754078233,
        2.629537862114028
    ],
    "RUNE": [
        6.17321487917282,
        6.17337478715349,
        6.19039315563686
    ],
    "FET": [
        2.00688680668869,
        2.0226790510913,
        2.01834383998768
    ],
    "qnt-quant": [
        89.44814571991748,
        89.80909897120355,
        89.69836958223725
    ],
    "wld-worldcoin": [
        4.891750023579424,
        4.924112771961906,
        4.925965797456487
    ],
    "akt-akash-network": [
        4.465584638545502,
        4.474382000560627,
        4.475949605509711
    ],
    "neo-neo": [
        15.043019441113122,
        15.049719360151672,
        15.111028194222794
    ],
    "egld-elrond": [
        39.330218850037696,
        39.49378290573838,
        39.55734334554885
    ],
    "ron-ronin-token": [
        3.0578240434362196,
        3.063905315451367,
        3.0701712218828177
    ],
    "sand-the-sandbox": [
        0.4667211235529501,
        0.4693716458529471,
        0.4705424005127326
    ],
    "wbnb-wrapped-bnb": [
        706.8998854706025,
        707.084349540604,
        706.8655066704185
    ],
    "rbn-ribbon-finance": [
        0.9885661800071454,
        0.9879724354960426,
        0.980782160787907
    ],
    "ordi-ordinals": [
        61.448234644197434,
        61.483053657553924,
        61.81069049734637
    ],
    "mina-mina-protocol": [
        0.8561622563249518,
        0.8656267730424289,
        0.8709013691034484
    ],
    "kcs-kucoin-token": [
        10.40475838676746,
        10.432764692533848,
        10.43058073370988
    ],
    "pendle-pendle": [
        5.920309844791598,
        5.9140184541053245,
        5.911927372558721
    ],
    "xtz-tezos": [
        0.9446022281997609,
        0.9470742740547937,
        0.9479178165269428
    ],
    "sei-sei": [
        0.548372826470601,
        0.5601817687129355,
        0.5569577609166989
    ],
    "xec-ecash": [
        4.722919525157138e-05,
        4.727271559010145e-05,
        4.736507368650696e-05
    ],
    "msol-marinade-staked-sol": [
        203.87212684518016,
        204.3800169428315,
        204.6588452980682
    ],
    "cfx-conflux-network": [
        0.22606529970632103,
        0.22784504580840484,
        0.22763561393028048
    ],
    "matic-network": [
        0.711863,
        0.714636,
        0.714636
    ],
    "pepe": [
        1.398e-05,
        1.402e-05,
        1.402e-05
    ],
    "litecoin": [
        83.93,
        84.07,
        84.07
    ],
    "leo-token": [
        5.99,
        5.99,
        5.99
    ],
    "okb": [
        49.90231261964576,
        50.063440623619464,
        50.14135275441498
    ],
    "first-digital-usd": [
        1.0002137287996664,
        1.0006387647835815,
        1.0007111869862122
    ],
    "arweave": [
        41.516898552175114,
        41.731724708563405,
        41.741623757478116
    ],
    "optimism-ethereum": [
        2.497157639103262,
        2.5088844990818737,
        2.510886816560711
    ],
    "bittensor": [
        422.0707036046399,
        428.4674415001322,
        427.38032869040103
    ],