{
    "bitcoin": [
        71075,
        71174,
        71174
    ],
    "ethereum": [
        3807.38,
        3811.9,
        3811.9
    ],
    "tether": [
        1.001,
        1.0,
        1.0
    ],
    "binancecoin": [
        708.24,
        708.81,
        708.81
    ],
    "solana": [
        173.99,
        174.0,
        174.0
    ],
    "staked-ether": [
        3805.51,
        3808.83,
        3808.83
    ],
    "usd-coin": [
        1.0,
        1.0,
        1.0
    ],
    "ripple": [
        0.526012,
        0.526682,
        0.526682
    ],
    "dogecoin": [
        0.163987,
        0.164395,
        0.164395
    ],
    "the-open-network": [
        7.36,
        7.41,
        7.41
    ],
    "cardano": [
        0.463151,
        0.463579,
        0.463579
    ],
    "shiba-inu": [
        2.578e-05,
        2.574e-05,
        2.574e-05
    ],
    "avalanche-2": [
        36.47,
        36.47,
        36.47
    ],
    "wrapped-bitcoin": [
        71063,
        71045,
        71045
    ],
    "chainlink": [
        18.04,
        18.02,
        18.02
    ],
    "tron": [
        0.113905,
        0.113933,
        0.113933
    ],
    "polkadot": [
        7.26,
        7.26,
        7.26
    ],
    "bitcoin-cash": [
        484.5,
        484.69,
        484.69
    ],
    "near": [
        7.66,
        7.63,
        7.63
    ],
    "uniswap": [
        11.3,
        11.27,
        11.27
    ],
    "internet-computer": [
        12.54,
        12.53,
        12.53
    ],
    "unus-sed-leo": [
        5.923810812706364,
        5.924793027850309
    ],
    "multi-collateral-dai": [
        1.0001541775823066,
        1.000069113199768
    ],
    "ethereum-classic": [
        28.245398257432665,
        28.209715278628575,
        28.280479846943802
    ],
    "aptos": [
        9.292527985273585,
        9.298746175338653,
        9.292185575084407
    ],
    "render": [
        10.70277628370775,
        10.759953557404552,
        10.696874865851065
    ],
    "hedera": [
        0.1037555564095685,
        0.10412723213825385,
        0.10429872198306163
    ],
    "kaspa": [
        0.180040831945704,
        0.17847126924882356,
        0.17955556732849978
    ],
    "dogwifhat": [
        3.511511304604508,
        3.5090024835366043,
        3.5167912157862236
    ],
    "cosmos": [
        8.585133513838672,
        8.589069943528193,
        8.588914777755463
    ],
    "immutable-x": [
        2.316956050665535,
        2.31662315104485,
        2.312936426646947
    ],
    "filecoin": [
        6.02808137591766,
        6.0184060393912056,
        6.020064068087822
    ],
    "arbitrum": [
        1.1219128878707616,
        1.122096884881584,
        1.1225787105760152
    ],
    "mantle": [
        0.9710504273214066,
        0.9761354240548359,
        0.9743309179961962
    ],
    "stellar": [
        0.10671138855461201,
        0.10681468341919792,
        0.10674125429087548
    ],
    "cronos": [
        0.11335450639170129,
        0.11336961759376883,
        0.11328425944036376
    ],
    "monero": [
        160.84287321896264,
        160.7188996851155,
        161.13181101204407
    ],
    "stacks": [
        2.2579609496037816,
        2.2638422244844976,
        2.265417808034261
    ],
    "the-graph": [
        0.30192868506853165,
        0.30271228907626335,
        0.30238185363397835
    ],
    "bttc-bittorrent-chain": [
        1.16506473145773e-06,
        1.16330296614158e-06,
        1.16694766372554e-06
    ],
    "cheelee-cheelee": [
        20.94274758817088,
        20.940036799537136,
        20.925372471799562
    ],
    "VET": [
        0.0342648619606039,
        0.0341757644980644
    ],
    "STX": [
        1.96018090681332,
        1.94312681136669
    ],
    "FLR": [
        0.0280572218861115,
        0.0280389009629798
    ],
    "XMR": [
        155.295737980525,
        155.188147347795
    ],
    "SAGA": [
        2.827609212773917,
        2.81039661314113
    ],
    "AR": [
        43.18042703963509,
        42.9957677008812
    ],
    "ZETA": [
        1.34315063641458,
        1.33600332024875
    ],
    "BGB": [
        1.3705,
        1.3705
    ],
    "FLOKI": [
        0.00026691,
        0.00026701,
        0.00025869
    ],
    "ENS": [
        25.1089684737951,
        25.0805693733831,
        25.1386862550273
    ],
    "PIXEL": [
        0.49541,
        0.49347,
        0.4923593666915348
    ],
    "FTM": [
        0.81494311061099,
        0.810825200275531,
        0.810846650526059
    ],
    "INJ": [
        25.8086457389147,
        25.7996455630143,
        25.9201593958232
    ],
    "MKR": [
        2657.45779916069,
        2650.60574342053,
        2652.56979839449
    ],
    "ARKM": [
        2.4701,
        2.4832,
        2.4884
    ],
    "RUNE": [
        6.30174193376398,
        6.25681918759905,
        6.30179725641171
    ],
    "FET": [
        2.20345168273401,
        2.20679676305007,
        2.20414683305187
    ],
    "qnt-quant": [
        90.07887855931335,
        90.78860957678137,
        90.57426807597031
    ],
    "wld-worldcoin": [
        4.903946394424739,
        4.940066466746993,
        4.926406616849772
    ],
    "akt-akash-network": [
        4.477857262416182,
        4.47824094262314,
        4.479679433459176
    ],
    "neo-neo": [
        15.19035850299316,
        15.249642864174907,
        15.249036226026623
    ],
    "egld-elrond": [
        39.77424515804898,
        39.8617003445775,
        39.84726228735536
    ],
    "ron-ronin-token": [
        3.1166128206824495,
        3.1235454110378438,
        3.1284343510926154
    ],
    "sand-the-sandbox": [
        0.46767898824741055,
        0.46784392937053054,
        0.4670489475132694
    ],
    "wbnb-wrapped-bnb": [
        708.0513745148218,
        707.7302623038222,
        705.9035335388077
    ],
    "rbn-ribbon-finance": [
        0.9885661800071454,
        0.9879724354960426,
        0.980782160787907
    ],
    "ordi-ordinals": [
        56.42235173119279,
        57.02440429171765,
        57.234986850041366
    ],
    "mina-mina-protocol": [
        0.8632316418572288,
        0.8616548112723722,
        0.863109450669492
    ],
    "kcs-kucoin-token": [
        10.134477659457396,
        10.123967315952468,
        10.120501325810482
    ],
    "pendle-pendle": [
        6.142620767075651,
        6.144210953884651,
        6.1376884259488005
    ],
    "xtz-tezos": [
        0.9541297924461734,
        0.9553890250260835,
        0.9583157136669018
    ],
    "sei-sei": [
        0.5281274959321021,
        0.5272936160193016,
        0.526109837381876
    ],
    "xec-ecash": [
        4.748780848076443e-05,
        4.756886618399116e-05,
        4.757399381683863e-05
    ],
    "msol-marinade-staked-sol": [
        207.02844313843272,
        207.15484303355063,
        206.7473036608318
    ],
    "cfx-conflux-network": [
        0.2212985412578897,
        0.2216218147611572,
        0.2294484355944873
    ],
    "matic-network": [
        0.719033,
        0.719482,
        0.719482
    ],
    "pepe": [
        1.45e-05,
        1.458e-05,
        1.458e-05
    ],
    "litecoin": [
        84.06,
        84.06,
        84.06
    ],
    "leo-token": [
        5.95,
        5.94,
        5.94
    ],
    "okb": [
        49.50664736717546,
        49.57886660994144,
        49.49855800543191
    ],
    "first-digital-usd": [
        0.9998216870369303,
        0.9999074543794723,
        1.0000745371283888
    ],
    "arweave": [
        45.925234018618966,
        45.82156533137939,
        45.778717017303116
    ],
    "optimism-ethereum": [
        2.5188976017429057,
        2.527343675604251,
        2.52875227477081
    ],
    "bittensor": [
        405.5851230552908,
        405.5460737431018,
        406.1902533609305
    ],