{
    "bitcoin": [
        70900,
        70900,
        70822
    ],
    "ethereum": [
        3854.01,
        3854.01,
        3850.15
    ],
    "tether": [
        1.0,
        1.0,
        0.999613
    ],
    "binancecoin": [
        697.47,
        697.47,
        698.31
    ],
    "solana": [
        172.6,
        172.6,
        172.38
    ],
    "staked-ether": [
        3851.02,
        3851.02,
        3849.95
    ],
    "usd-coin": [
        0.999909,
        0.999909,
        0.999751
    ],
    "ripple": [
        0.525213,
        0.525213,
        0.52446
    ],
    "dogecoin": [
        0.161951,
        0.161951,
        0.161885
    ],
    "the-open-network": [
        7.22,
        7.22,
        7.2
    ],
    "cardano": [
        0.458952,
        0.458952,
        0.458541
    ],
    "shiba-inu": [
        2.566e-05,
        2.566e-05,
        2.57e-05
    ],
    "avalanche-2": [
        36.25,
        36.25,
        36.18
    ],
    "wrapped-bitcoin": [
        71037,
        71037,
        70884
    ],
    "chainlink": [
        17.4,
        17.4,
        17.39
    ],
    "tron": [
        0.114022,
        0.114022,
        0.114106
    ],
    "polkadot": [
        7.18,
        7.18,
        7.17
    ],
    "bitcoin-cash": [
        498.1,
        498.1,
        497.07
    ],
    "near": [
        7.53,
        7.53,
        7.52
    ],
    "uniswap": [
        10.64,
        10.64,
        10.66
    ],
    "internet-computer": [
        12.2,
        12.2,
        12.23
    ],
    "unus-sed-leo": [
        5.923810812706364,
        5.924793027850309
    ],
    "multi-collateral-dai": [
        1.0001541775823066,
        1.000069113199768
    ],
    "ethereum-classic": [
        29.716644817092764,
        29.578625278891007,
        29.55891134388079
    ],
    "aptos": [
        9.188315990159854,
        9.187381532722004,
        9.183708935529117
    ],
    "render": [
        10.625472692030524,
        10.641480097388461,
        10.627489002275258
    ],
    "hedera": [
        0.10344054450728694,
        0.10344177776218512,
        0.10337031249128086
    ],
    "kaspa": [
        0.18089213528751702,
        0.18075476316128838,
        0.18066573647513662
    ],
    "dogwifhat": [
        3.3743812100391977,
        3.3728758127828495,
        3.366614881060421
    ],
    "cosmos": [
        8.622050987894605,
        8.628258909997866,
        8.629948926460058
    ],
    "immutable-x": [
        2.263694186486898,
        2.262863050976299,
        2.2619815653623276
    ],
    "filecoin": [
        6.01492024330832,
        6.016634709065925,
        6.008871730461962
    ],
    "arbitrum": [
        1.1110584034226516,
        1.1099461132413597,
        1.1102093756854046
    ],
    "mantle": [
        1.0498275927400622,
        1.0501808057239934,
        1.0487128120216722
    ],
    "stellar": [
        0.10624340074962065,
        0.10624102890299247,
        0.1061680753037243
    ],
    "cronos": [
        0.1167567995898552,
        0.11672691540817667,
        0.1165198304722806
    ],
    "monero": [
        163.95376465738525,
        163.95172509755648,
        163.97280932877152
    ],
    "stacks": [
        2.370237806612981,
        2.3728015257547597,
        2.377126593671657
    ],
    "the-graph": [
        0.3001583180841083,
        0.3002363576114937,
        0.2999134833172325
    ],
    "bttc-bittorrent-chain": [
        1.17516020005883e-06,
        1.17545834676156e-06,
        1.17520218255531e-06
    ],
    "cheelee-cheelee": [
        21.10179671766561,
        21.063548119043688,
        21.048636401028702
    ],
    "VET": [
        0.0342648619606039,
        0.0341757644980644
    ],
    "STX": [
        1.96018090681332,
        1.94312681136669
    ],
    "FLR": [
        0.0280572218861115,
        0.0280389009629798
    ],
    "XMR": [
        155.295737980525,
        155.188147347795
    ],
    "SAGA": [
        2.827609212773917,
        2.81039661314113
    ],
    "AR": [
        43.18042703963509,
        42.9957677008812
    ],
    "ZETA": [
        1.34315063641458,
        1.33600332024875
    ],
    "BGB": [
        1.3705,
        1.3705,
        1.3169
    ],
    "FLOKI": [
        0.00026691,
        0.00026701,
        0.00025869
    ],
    "ENS": [
        24.890023101095,
        24.8704845814282,
        24.8898751370039
    ],
    "PIXEL": [
        0.50238,
        0.5008,
        0.50149
    ],
    "FTM": [
        0.817537398898483,
        0.817527097179911,
        0.816944868991596
    ],
    "INJ": [
        25.8086457389147,
        25.7996455630143,
        25.9201593958232
    ],
    "MKR": [
        2678.60835986045,
        2679.19881558213,
        2678.61942081851
    ],
    "ARKM": [
        2.626743482716449,
        2.628414754078233,
        2.629537862114028
    ],
    "RUNE": [
        6.16329275204614,
        6.16790504636924,
        6.16741390200895
    ],
    "FET": [
        2.12340495242179,
        2.12251271587272,
        2.1217829240184
    ],
    "qnt-quant": [
        90.61720119446996,
        90.64026145415039,
        90.65475125363868
    ],
    "wld-worldcoin": [
        4.939854803471233,
        4.936198804162397,
        4.953309440494245
    ],
    "akt-akash-network": [
        4.598971851022272,
        4.599720162678861,
        4.595799529014363
    ],
    "neo-neo": [
        15.120861905588669,
        15.115334476035049,
        15.124824113038258
    ],
    "egld-elrond": [
        39.63363392054137,
        39.59580008744588,
        39.65975435306553
    ],
    "ron-ronin-token": [
        3.140356214782127,
        3.150501129531076,
        3.136913887976787
    ],
    "sand-the-sandbox": [
        0.4671666259655436,
        0.4668719478876841,
        0.46706292716405345
    ],
    "wbnb-wrapped-bnb": [
        696.5277692140651,
        697.6429448075543,
        698.3093506066685
    ],
    "rbn-ribbon-finance": [
        0.9885661800071454,
        0.9879724354960426,
        0.980782160787907
    ],
    "ordi-ordinals": [
        55.86712896466091,
        55.8847678851231,
        55.80198312148811
    ],
    "mina-mina-protocol": [
        0.8666374195627817,
        0.8661368327021809,
        0.866826708353194
    ],
    "kcs-kucoin-token": [
        10.183908380556234,
        10.204653266575502,
        10.203845303709139
    ],
    "pendle-pendle": [
        6.138901638687874,
        6.157738444690768,
        6.147441746554826
    ],
    "xtz-tezos": [
        0.9429268638987984,
        0.9422087282646397,
        0.9424668481906165
    ],
    "sei-sei": [
        0.5179262342781497,
        0.5187012469441399,
        0.5189305377207906
    ],
    "xec-ecash": [
        4.707782745386568e-05,
        4.691036988428342e-05,
        4.711434869328694e-05
    ],
    "msol-marinade-staked-sol": [
        205.60267243805305,
        205.63523351048164,
        205.3526992460081
    ],
    "cfx-conflux-network": [
        0.2212985412578897,
        0.2216218147611572,
        0.2294484355944873
    ],
    "matic-network": [
        0.719246,
        0.719246,
        0.718949
    ],
    "pepe": [
        1.475e-05,
        1.475e-05,
        1.473e-05
    ],
    "litecoin": [
        84.83,
        84.83,
        84.74
    ],
    "leo-token": [
        6.03,
        6.03,
        6.03
    ],
    "okb": [
        48.985958823358594,
        48.99586356484256,
        48.9783739842811
    ],
    "first-digital-usd": [
        1.0004632538722422,
        1.0004062620952237,
        1.000543734668641
    ],
    "arweave": [
        43.393995337005315,
        43.444659699843136,
        43.41607173100147
    ],
    "optimism-ethereum": [
        2.4903517928049608,
        2.4895813156401894,
        2.488503416006924
    ],
    "bittensor": [
        410.94235262984733,
        411.4090640164656,
        411.29474374679756
    ],