{
    "bitcoin": [
        70782,
        70782,
        70852
    ],
    "ethereum": [
        3806.82,
        3806.82,
        3805.5
    ],
    "tether": [
        0.999442,
        0.999442,
        1.0
    ],
    "binancecoin": [
        700.76,
        700.76,
        700.78
    ],
    "solana": [
        173.18,
        173.18,
        172.78
    ],
    "staked-ether": [
        3807.39,
        3807.39,
        3805.36
    ],
    "usd-coin": [
        0.999852,
        0.999852,
        0.999927
    ],
    "ripple": [
        0.52571,
        0.52571,
        0.525413
    ],
    "dogecoin": [
        0.162841,
        0.162841,
        0.162797
    ],
    "the-open-network": [
        7.66,
        7.66,
        7.6
    ],
    "cardano": [
        0.462441,
        0.462441,
        0.462258
    ],
    "shiba-inu": [
        2.551e-05,
        2.551e-05,
        2.555e-05
    ],
    "avalanche-2": [
        36.15,
        36.15,
        36.35
    ],
    "wrapped-bitcoin": [
        70853,
        70853,
        70890
    ],
    "chainlink": [
        17.71,
        17.71,
        17.72
    ],
    "tron": [
        0.114499,
        0.114499,
        0.114544
    ],
    "polkadot": [
        7.21,
        7.21,
        7.21
    ],
    "bitcoin-cash": [
        479.3,
        479.3,
        479.61
    ],
    "near": [
        7.5,
        7.5,
        7.49
    ],
    "uniswap": [
        11.31,
        11.31,
        11.34
    ],
    "internet-computer": [
        12.37,
        12.37,
        12.36
    ],
    "unus-sed-leo": [
        5.923810812706364,
        5.924793027850309
    ],
    "multi-collateral-dai": [
        1.0001541775823066,
        1.000069113199768
    ],
    "ethereum-classic": [
        28.245398257432665,
        28.209715278628575,
        28.280479846943802
    ],
    "aptos": [
        9.198103548070621,
        9.204032248162894,
        9.228716593557078
    ],
    "render": [
        10.421385492749978,
        10.477471544568344,
        10.444065804983353
    ],
    "hedera": [
        0.10244506394131754,
        0.10246184588361691,
        0.10248407589397203
    ],
    "kaspa": [
        0.1778438101839056,
        0.17786637732186927,
        0.1765682963496073
    ],
    "dogwifhat": [
        3.5321732047908365,
        3.5149155962752863,
        3.4840985176190133
    ],
    "cosmos": [
        8.54236405084021,
        8.544699133018646,
        8.539140553393695
    ],
    "immutable-x": [
        2.312223829344082,
        2.3129388162238405,
        2.31326627912131
    ],
    "filecoin": [
        5.989429466229091,
        5.991125663689096,
        5.984562488961328
    ],
    "arbitrum": [
        1.114253432370469,
        1.1135641411059696,
        1.1125168057509391
    ],
    "mantle": [
        0.968936477561745,
        0.9694935559240581,
        0.9702614704613357
    ],
    "stellar": [
        0.10630455951588813,
        0.1063155170559616,
        0.1063529019478383
    ],
    "cronos": [
        0.11280117343108688,
        0.1128380232982726,
        0.11284092736242782
    ],
    "monero": [
        160.36076177295084,
        160.43707097096325,
        160.6942224796744
    ],
    "stacks": [
        2.191236278723121,
        2.203284561068243,
        2.218675807390625
    ],
    "the-graph": [
        0.2992051147564544,
        0.2993738974078454,
        0.29882770846021844
    ],
    "bttc-bittorrent-chain": [
        1.16208147637258e-06,
        1.16419522807772e-06,
        1.16305429173236e-06
    ],
    "cheelee-cheelee": [
        20.84482274669664,
        20.840952635976052,
        20.835202883416066
    ],
    "VET": [
        0.0342648619606039,
        0.0341757644980644
    ],
    "STX": [
        1.96018090681332,
        1.94312681136669
    ],
    "FLR": [
        0.0280572218861115,
        0.0280389009629798
    ],
    "XMR": [
        155.295737980525,
        155.188147347795
    ],
    "SAGA": [
        2.827609212773917,
        2.81039661314113
    ],
    "AR": [
        43.18042703963509,
        42.9957677008812
    ],
    "ZETA": [
        1.34315063641458,
        1.33600332024875
    ],
    "BGB": [
        1.3705,
        1.3705
    ],
    "FLOKI": [
        0.00026691,
        0.00026701,
        0.00025869
    ],
    "ENS": [
        24.9514120748494,
        24.9702205616613,
        25.0496028854518
    ],
    "PIXEL": [
        0.48563,
        0.48513,
        0.48491
    ],
    "FTM": [
        0.81494311061099,
        0.810825200275531,
        0.810846650526059
    ],
    "INJ": [
        25.406855154521,
        25.4624710427404,
        25.3725735907198
    ],
    "MKR": [
        2618.19713759826,
        2621.10444575862,
        2615.17302339551
    ],
    "ARKM": [
        2.4701,
        2.4832,
        2.4884
    ],
    "RUNE": [
        6.196,
        6.24844739593791,
        6.30174193376398
    ],
    "FET": [
        2.16268830220513,
        2.16820995164408,
        2.1724644961613
    ],
    "qnt-quant": [
        91.01089049265333,
        91.04165717800166,
        91.05274925826602
    ],
    "wld-worldcoin": [
        4.800431805907084,
        4.811572468929646,
        4.798146315120406
    ],
    "akt-akash-network": [
        4.466494577004898,
        4.4645103673570485,
        4.463057187685908
    ],
    "neo-neo": [
        15.04891684477002,
        15.055974258260477,
        15.073295424439264
    ],
    "egld-elrond": [
        39.38450467166174,
        39.44374720054836,
        39.38218061709748
    ],
    "ron-ronin-token": [
        3.103679254560486,
        3.106876809641919,
        3.1062803209839775
    ],
    "sand-the-sandbox": [
        0.4637467341324189,
        0.46338582989444094,
        0.4645468057042559
    ],
    "wbnb-wrapped-bnb": [
        700.2029428014821,
        701.8468676333703,
        701.1937076579359
    ],
    "rbn-ribbon-finance": [
        0.9885661800071454,
        0.9879724354960426,
        0.980782160787907
    ],
    "ordi-ordinals": [
        54.03181295801955,
        54.28507787812585,
        54.267201207956184
    ],
    "mina-mina-protocol": [
        0.8583573028448687,
        0.859201147437851,
        0.8607398528086058
    ],
    "kcs-kucoin-token": [
        10.079016685067852,
        10.085606235236746,
        10.100874244871614
    ],
    "pendle-pendle": [
        6.100166635815735,
        6.085958045062972,
        6.076308439066822
    ],
    "xtz-tezos": [
        0.950844369168158,
        0.9491223163959083,
        0.9489299410959067
    ],
    "sei-sei": [
        0.5205800322926831,
        0.5207089351830139,
        0.5240238710139838
    ],
    "xec-ecash": [
        4.738753917274239e-05,
        4.739029958160963e-05,
        4.730062221730888e-05
    ],
    "msol-marinade-staked-sol": [
        206.38254453567407,
        206.4511680270954,
        206.27845070417715
    ],
    "cfx-conflux-network": [
        0.2212985412578897,
        0.2216218147611572,
        0.2294484355944873
    ],
    "matic-network": [
        0.715771,
        0.715771,
        0.716632
    ],
    "pepe": [
        1.464e-05,
        1.464e-05,
        1.455e-05
    ],
    "litecoin": [
        83.8,
        83.8,
        83.85
    ],
    "leo-token": [
        5.95,
        5.95,
        5.96
    ],
    "okb": [
        48.845591598266886,
        48.74556526695909,
        48.91134881303137
    ],
    "first-digital-usd": [
        1.0001969643827933,
        1.0000311662467294,
        0.9999941648090538
    ],
    "arweave": [
        45.47564260023455,
        45.49278396536603,
        45.453876438958154
    ],
    "optimism-ethereum": [
        2.491046607207092,
        2.4907793953641657,
        2.4878034630560886
    ],
    "bittensor": [
        402.35324863371073,
        403.0919284885598,
        404.33552867013674
    ],