{
    "bitcoin": [
        71458,
        71458,
        71547
    ],
    "ethereum": [
        3813.98,
        3813.98,
        3823.24
    ],
    "tether": [
        0.999763,
        0.999763,
        0.999459
    ],
    "binancecoin": [
        701.92,
        701.92,
        703.46
    ],
    "solana": [
        171.35,
        171.35,
        171.79
    ],
    "staked-ether": [
        3813.89,
        3813.89,
        3821.67
    ],
    "usd-coin": [
        1.001,
        1.001,
        1.0
    ],
    "ripple": [
        0.526864,
        0.526864,
        0.526868
    ],
    "dogecoin": [
        0.160256,
        0.160256,
        0.160713
    ],
    "the-open-network": [
        7.5,
        7.5,
        7.5
    ],
    "cardano": [
        0.484902,
        0.484902,
        0.48426
    ],
    "shiba-inu": [
        2.514e-05,
        2.514e-05,
        2.528e-05
    ],
    "avalanche-2": [
        36.07,
        36.07,
        36.19
    ],
    "wrapped-bitcoin": [
        71396,
        71396,
        71502
    ],
    "chainlink": [
        17.56,
        17.56,
        17.57
    ],
    "tron": [
        0.114432,
        0.114432,
        0.114546
    ],
    "polkadot": [
        7.23,
        7.23,
        7.24
    ],
    "bitcoin-cash": [
        514.39,
        514.39,
        515.87
    ],
    "near": [
        7.35,
        7.35,
        7.39
    ],
    "uniswap": [
        10.47,
        10.47,
        10.51
    ],
    "internet-computer": [
        12.81,
        12.81,
        12.94
    ],
    "unus-sed-leo": [
        5.923810812706364,
        5.924793027850309
    ],
    "multi-collateral-dai": [
        1.0001541775823066,
        1.000069113199768
    ],
    "ethereum-classic": [
        29.387441989129655,
        29.460698955719895,
        29.423851669313404
    ],
    "aptos": [
        9.227387550467064,
        9.252144861634765,
        9.240439754398794
    ],
    "render": [
        10.358878660766687,
        10.380785450756887,
        10.388771281368806
    ],
    "hedera": [
        0.10106035448238376,
        0.10127071488472152,
        0.10140870913602935
    ],
    "kaspa": [
        0.17251642447746487,
        0.17301137014043438,
        0.17316260613568005
    ],
    "dogwifhat": [
        3.252555035925758,
        3.2673702641393527,
        3.276862210898031
    ],
    "cosmos": [
        8.578373064502097,
        8.576317029509022,
        8.591168239449393
    ],
    "immutable-x": [
        2.238016778297366,
        2.242351962537532,
        2.2438451099301284
    ],
    "filecoin": [
        6.361578247223786,
        6.338138005700886,
        6.378530792932975
    ],
    "arbitrum": [
        1.0947096076992822,
        1.0967998672164925,
        1.0972503728547283
    ],
    "mantle": [
        1.016112577207994,
        1.0173720586396453,
        1.0190855566957004
    ],
    "stellar": [
        0.10626178320857581,
        0.10623431738894315,
        0.10628790911501891
    ],
    "cronos": [
        0.11561818098250361,
        0.11581611413088586,
        0.11594551990800518
    ],
    "monero": [
        172.74000625758185,
        172.87532761746496,
        173.2334721001223
    ],
    "stacks": [
        2.44815073094483,
        2.4666216693954506,
        2.4714258501933917
    ],
    "the-graph": [
        0.29325048002969173,
        0.2941885446901029,
        0.2946314956670529
    ],
    "bttc-bittorrent-chain": [
        1.17260207081251e-06,
        1.17276652998888e-06,
        1.17293198418979e-06
    ],
    "cheelee-cheelee": [
        21.223367595483516,
        21.242329927278405,
        21.254001626996963
    ],
    "VET": [
        0.0342648619606039,
        0.0341757644980644
    ],
    "STX": [
        1.96018090681332,
        1.94312681136669
    ],
    "FLR": [
        0.0280572218861115,
        0.0280389009629798
    ],
    "XMR": [
        155.295737980525,
        155.188147347795
    ],
    "SAGA": [
        2.827609212773917,
        2.81039661314113
    ],
    "AR": [
        43.18042703963509,
        42.9957677008812
    ],
    "ZETA": [
        1.24240267283791,
        1.24570613429196,
        1.24690898829529
    ],
    "BGB": [
        1.2225,
        1.2225,
        1.2225
    ],
    "FLOKI": [
        0.00026691,
        0.00026701,
        0.00025869
    ],
    "ENS": [
        24.0090489193787,
        24.0100372712603,
        24.0867731080268
    ],
    "PIXEL": [
        0.49563,
        0.49518,
        0.49661
    ],
    "FTM": [
        0.806479533698492,
        0.803021610310486,
        0.803688396269601
    ],
    "INJ": [
        25.8086457389147,
        25.7996455630143,
        25.9201593958232
    ],
    "MKR": [
        2603.593926501383,
        2606.884334328854,
        2610.304806439841
    ],
    "ARKM": [
        2.626743482716449,
        2.628414754078233,
        2.629537862114028
    ],
    "RUNE": [
        6.17321487917282,
        6.17337478715349,
        6.19039315563686
    ],
    "FET": [
        2.02729442520255,
        2.02851658717685,
        2.0354733489792
    ],
    "qnt-quant": [
        90.08557587526431,
        90.00612422093255,
        90.21358258297934
    ],
    "wld-worldcoin": [
        4.899889793572219,
        4.899889793572219,
        4.912273392312382
    ],
    "akt-akash-network": [
        4.459166165945098,
        4.457577997519427,
        4.461396197978305
    ],
    "neo-neo": [
        15.18375444943759,
        15.195026887347433,
        15.195026887347433
    ],
    "egld-elrond": [
        39.45252609110055,
        39.61668959706939,
        39.67207271587895
    ],
    "ron-ronin-token": [
        3.0606904864043933,
        3.0616911511850406,
        3.0697522462138505
    ],
    "sand-the-sandbox": [
        0.47031662489192705,
        0.4712337656729984,
        0.4722361727874115
    ],
    "wbnb-wrapped-bnb": [
        701.7832713533368,
        702.5243987864841,
        702.9481827213136
    ],
    "rbn-ribbon-finance": [
        0.9885661800071454,
        0.9879724354960426,
        0.980782160787907
    ],
    "ordi-ordinals": [
        61.448234644197434,
        61.483053657553924,
        61.81069049734637
    ],
    "mina-mina-protocol": [
        0.857886259236054,
        0.8616306105514541,
        0.862090602539494
    ],
    "kcs-kucoin-token": [
        10.365917104626645,
        10.357404924818649,
        10.38406084629855
    ],
    "pendle-pendle": [
        5.920309844791598,
        5.9140184541053245,
        5.911927372558721
    ],
    "xtz-tezos": [
        0.9455496235666399,
        0.9458333769845386,
        0.9480996080209859
    ],
    "sei-sei": [
        0.5408787401017563,
        0.5428058687239761,
        0.543357258567289
    ],
    "xec-ecash": [
        4.690292821450824e-05,
        4.728992362658176e-05,
        4.712506719284628e-05
    ],
    "msol-marinade-staked-sol": [
        203.99440529429208,
        204.56432391860167,
        205.19605966583578
    ],
    "cfx-conflux-network": [
        0.22991406371091092,
        0.2308241116345619,
        0.23104927738743758
    ],
    "matic-network": [
        0.716104,
        0.716104,
        0.718322
    ],
    "pepe": [
        1.426e-05,
        1.426e-05,
        1.432e-05
    ],
    "litecoin": [
        84.17,
        84.17,
        84.16
    ],
    "leo-token": [
        5.99,
        5.99,
        5.99
    ],
    "okb": [
        49.88133226646701,
        49.88200098344382,
        49.89791545638422
    ],
    "first-digital-usd": [
        1.0008402133061347,
        1.0009148497866331,
        1.0010556656621605
    ],
    "arweave": [
        41.81224465130355,
        41.87080918381961,
        41.926691658638255
    ],
    "optimism-ethereum": [
        2.5125389855143365,
        2.517311552159298,
        2.5230586724910493
    ],
    "bittensor": [
        428.1753960951941,
        427.12525351488364,
        427.407827334139
    ],