{
    "bitcoin": [
        71127,
        71241,
        71154
    ],
    "ethereum": [
        3864.78,
        3868.58,
        3873.26
    ],
    "tether": [
        1.0,
        1.001,
        1.0
    ],
    "binancecoin": [
        700.77,
        700.27,
        698.3
    ],
    "solana": [
        173.85,
        174.13,
        174.07
    ],
    "staked-ether": [
        3863.3,
        3868.23,
        3870.98
    ],
    "usd-coin": [
        0.999984,
        1.001,
        1.0
    ],
    "ripple": [
        0.525599,
        0.525782,
        0.526822
    ],
    "dogecoin": [
        0.163125,
        0.163143,
        0.163196
    ],
    "the-open-network": [
        7.18,
        7.14,
        7.13
    ],
    "cardano": [
        0.461542,
        0.461301,
        0.461143
    ],
    "shiba-inu": [
        2.587e-05,
        2.59e-05,
        2.586e-05
    ],
    "avalanche-2": [
        36.58,
        36.59,
        36.53
    ],
    "wrapped-bitcoin": [
        71199,
        71294,
        71376
    ],
    "chainlink": [
        17.71,
        17.73,
        17.73
    ],
    "tron": [
        0.114716,
        0.114619,
        0.114133
    ],
    "polkadot": [
        7.25,
        7.25,
        7.25
    ],
    "bitcoin-cash": [
        497.81,
        500.2,
        500.65
    ],
    "near": [
        7.63,
        7.63,
        7.63
    ],
    "uniswap": [
        11.2,
        11.21,
        11.21
    ],
    "internet-computer": [
        12.32,
        12.29,
        12.28
    ],
    "unus-sed-leo": [
        5.923810812706364,
        5.924793027850309
    ],
    "multi-collateral-dai": [
        1.0001541775823066,
        1.000069113199768
    ],
    "ethereum-classic": [
        29.59241834823406,
        29.590961501851606,
        29.716644817092764
    ],
    "aptos": [
        9.28529596523345,
        9.269612660676758,
        9.267359414879827
    ],
    "render": [
        10.819375424839883,
        10.80227629708211,
        10.851507547196714
    ],
    "hedera": [
        0.1048788155184197,
        0.104877971283861,
        0.10489358087068337
    ],
    "kaspa": [
        0.18153831845108942,
        0.1825779603134031,
        0.18061969450684678
    ],
    "dogwifhat": [
        3.403258745942673,
        3.4149047139127107,
        3.445394947410833
    ],
    "cosmos": [
        8.684150375323668,
        8.66682017442676,
        8.671122641554826
    ],
    "immutable-x": [
        2.2782350865469585,
        2.2841569444119916,
        2.284198770680601
    ],
    "filecoin": [
        6.054066830912631,
        6.034221740077767,
        6.03533751422063
    ],
    "arbitrum": [
        1.1216545771892572,
        1.1206222370568866,
        1.1228214924327917
    ],
    "mantle": [
        1.0428414334283405,
        1.047084873821397,
        1.0486449751762021
    ],
    "stellar": [
        0.10684220571173837,
        0.10662118562437081,
        0.10683842585025816
    ],
    "cronos": [
        0.11885338421217195,
        0.11874622274749765,
        0.1182895964109703
    ],
    "monero": [
        163.8289026696209,
        163.91336507663826,
        163.8475105200483
    ],
    "stacks": [
        2.445866637725124,
        2.4286182011494755,
        2.4325219553957
    ],
    "the-graph": [
        0.3038282816314857,
        0.3038899530001183,
        0.3041868000953717
    ],
    "bttc-bittorrent-chain": [
        1.18327560767529e-06,
        1.18603158416141e-06,
        1.18352217883719e-06
    ],
    "cheelee-cheelee": [
        21.202169021215504,
        21.199958424068548,
        21.15065701168482
    ],
    "VET": [
        0.0342648619606039,
        0.0341757644980644
    ],
    "STX": [
        1.96018090681332,
        1.94312681136669
    ],
    "FLR": [
        0.0280572218861115,
        0.0280389009629798
    ],
    "XMR": [
        155.295737980525,
        155.188147347795
    ],
    "SAGA": [
        2.827609212773917,
        2.81039661314113
    ],
    "AR": [
        43.18042703963509,
        42.9957677008812
    ],
    "ZETA": [
        1.34315063641458,
        1.33600332024875
    ],
    "BGB": [
        1.3705,
        1.3705
    ],
    "FLOKI": [
        0.00026691,
        0.00026701,
        0.00025869
    ],
    "ENS": [
        25.5467211259928,
        25.369996401524,
        25.4591445109301
    ],
    "PIXEL": [
        0.50959,
        0.510602882549318,
        0.51237
    ],
    "FTM": [
        0.81494311061099,
        0.810825200275531,
        0.810846650526059
    ],
    "INJ": [
        25.8086457389147,
        25.7996455630143,
        25.9201593958232
    ],
    "MKR": [
        2678.60835986045,
        2679.19881558213,
        2678.61942081851
    ],
    "ARKM": [
        2.4701,
        2.4832,
        2.4884
    ],
    "RUNE": [
        6.24528541396674,
        6.2529506966487,
        6.25124582868127
    ],
    "FET": [
        2.15938628772883,
        2.15409417559142,
        2.15970559029817
    ],
    "qnt-quant": [
        91.08506778560809,
        91.12363322046582,
        91.03007717351149
    ],
    "wld-worldcoin": [
        4.91558351394775,
        4.910690349838353,
        4.926457005991243
    ],
    "akt-akash-network": [
        4.689671657105436,
        4.691695325492752,
        4.69899799600398
    ],
    "neo-neo": [
        15.313632144755484,
        15.270013812022249,
        15.29312615654293
    ],
    "egld-elrond": [
        40.113431704242316,
        40.01242709101385,
        40.12448760762402
    ],
    "ron-ronin-token": [
        3.1693450771122498,
        3.175371135345778,
        3.179226316219507
    ],
    "sand-the-sandbox": [
        0.4703346169173542,
        0.4704014689642115,
        0.47033042189836544
    ],
    "wbnb-wrapped-bnb": [
        700.6631839412502,
        700.200797936089,
        698.835661035788
    ],
    "rbn-ribbon-finance": [
        0.9885661800071454,
        0.9879724354960426,
        0.980782160787907
    ],
    "ordi-ordinals": [
        57.824126322008546,
        57.73897653630112,
        58.051354972918034
    ],
    "mina-mina-protocol": [
        0.8760105132414665,
        0.876072086595451,
        0.8745718125615604
    ],
    "kcs-kucoin-token": [
        10.20442421054307,
        10.213815937518948,
        10.216701594617076
    ],
    "pendle-pendle": [
        6.241792584121504,
        6.243479008299269,
        6.268220388016371
    ],
    "xtz-tezos": [
        0.9577017834519916,
        0.9564584171559033,
        0.9543967502935536
    ],
    "sei-sei": [
        0.5301490171782353,
        0.5306145372094175,
        0.5324058045755633
    ],
    "xec-ecash": [
        4.755551485738348e-05,
        4.753769921964931e-05,
        4.76331356235358e-05
    ],
    "msol-marinade-staked-sol": [
        207.0933883457297,
        207.1767668772886,
        207.55714496578625
    ],
    "cfx-conflux-network": [
        0.2212985412578897,
        0.2216218147611572,
        0.2294484355944873
    ],
    "matic-network": [
        0.725623,
        0.726799,
        0.725638
    ],
    "pepe": [
        1.456e-05,
        1.469e-05,
        1.491e-05
    ],
    "litecoin": [
        85.01,
        85.03,
        84.95
    ],
    "leo-token": [
        6.03,
        6.03,
        6.03
    ],
    "okb": [
        48.835702770320445,
        48.833684037110345,
        48.86212057143289
    ],
    "first-digital-usd": [
        0.9997765592256791,
        0.9999682598030322,
        1.0000197926477548
    ],
    "arweave": [
        43.910671309809885,
        43.80002235793722,
        43.67686731767919
    ],
    "optimism-ethereum": [
        2.5225024669318477,
        2.5233275139841065,
        2.5276300783039827
    ],
    "bittensor": [
        417.19128205502795,
        417.95540027900046,
        418.79313011434186
    ],