{
    "bitcoin": [
        70729,
        70729,
        70765
    ],
    "ethereum": [
        3807.95,
        3807.95,
        3812.42
    ],
    "tether": [
        0.999463,
        0.999463,
        0.999404
    ],
    "binancecoin": [
        709.83,
        709.83,
        709.42
    ],
    "solana": [
        170.45,
        170.45,
        170.55
    ],
    "staked-ether": [
        3808.12,
        3808.12,
        3811.4
    ],
    "usd-coin": [
        0.999467,
        0.999467,
        0.999824
    ],
    "ripple": [
        0.521463,
        0.521463,
        0.521729
    ],
    "dogecoin": [
        0.160284,
        0.160284,
        0.160233
    ],
    "the-open-network": [
        7.51,
        7.51,
        7.52
    ],
    "cardano": [
        0.457811,
        0.457811,
        0.458106
    ],
    "shiba-inu": [
        2.527e-05,
        2.527e-05,
        2.527e-05
    ],
    "avalanche-2": [
        35.96,
        35.96,
        35.94
    ],
    "wrapped-bitcoin": [
        70887,
        70887,
        70871
    ],
    "chainlink": [
        17.29,
        17.29,
        17.27
    ],
    "tron": [
        0.11471,
        0.11471,
        0.114688
    ],
    "polkadot": [
        7.14,
        7.14,
        7.14
    ],
    "bitcoin-cash": [
        495.22,
        495.22,
        495.81
    ],
    "near": [
        7.33,
        7.33,
        7.34
    ],
    "uniswap": [
        10.63,
        10.63,
        10.62
    ],
    "internet-computer": [
        12.07,
        12.07,
        12.09
    ],
    "unus-sed-leo": [
        5.923810812706364,
        5.924793027850309
    ],
    "multi-collateral-dai": [
        1.0001541775823066,
        1.000069113199768
    ],
    "ethereum-classic": [
        29.387441989129655,
        29.460698955719895,
        29.423851669313404
    ],
    "aptos": [
        9.105826594491797,
        9.10663945606224,
        9.106522664311932
    ],
    "render": [
        10.396670420836031,
        10.385642357158808,
        10.395041714833503
    ],
    "hedera": [
        0.10153822454642517,
        0.10154153294921195,
        0.10149131535889971
    ],
    "kaspa": [
        0.17126560810359234,
        0.17121329939427707,
        0.17141168545052848
    ],
    "dogwifhat": [
        3.238238403920459,
        3.2328485714495265,
        3.2352664141956784
    ],
    "cosmos": [
        8.609974592358386,
        8.618031282263612,
        8.619531525521289
    ],
    "immutable-x": [
        2.2349333656423154,
        2.2376670287214253,
        2.240723085094814
    ],
    "filecoin": [
        5.947521665963611,
        5.947546962550534,
        5.9473363069751155
    ],
    "arbitrum": [
        1.0893500574299553,
        1.0893549941352954,
        1.0893092881292707
    ],
    "mantle": [
        1.0373379864793555,
        1.0378142623279558,
        1.0375604519669086
    ],
    "stellar": [
        0.10531785198498587,
        0.10539522621573733,
        0.10538636263992131
    ],
    "cronos": [
        0.11384810554297584,
        0.11383626604373184,
        0.1138850783923874
    ],
    "monero": [
        166.0971528073363,
        165.9635414843946,
        165.3947003672698
    ],
    "stacks": [
        2.304784345542623,
        2.3004645090720284,
        2.297115380121219
    ],
    "the-graph": [
        0.2939575486555296,
        0.2940790546800296,
        0.29402837033525897
    ],
    "bttc-bittorrent-chain": [
        1.16229668723409e-06,
        1.16221194496906e-06,
        1.16373678952222e-06
    ],
    "cheelee-cheelee": [
        21.120852416987177,
        21.164112246476265,
        21.15745852814845
    ],
    "VET": [
        0.0342648619606039,
        0.0341757644980644
    ],
    "STX": [
        1.96018090681332,
        1.94312681136669
    ],
    "FLR": [
        0.0280572218861115,
        0.0280389009629798
    ],
    "XMR": [
        155.295737980525,
        155.188147347795
    ],
    "SAGA": [
        2.827609212773917,
        2.81039661314113
    ],
    "AR": [
        43.18042703963509,
        42.9957677008812
    ],
    "ZETA": [
        1.34315063641458,
        1.33600332024875
    ],
    "BGB": [
        1.2136,
        1.2136,
        1.2136
    ],
    "FLOKI": [
        0.00026691,
        0.00026701,
        0.00025869
    ],
    "ENS": [
        24.0484565047971,
        24.0588742793224,
        24.0591642097564
    ],
    "PIXEL": [
        0.4897907168055881,
        0.48914,
        0.48972
    ],
    "FTM": [
        0.805664506540809,
        0.806677935219851,
        0.807308732998261
    ],
    "INJ": [
        25.8086457389147,
        25.7996455630143,
        25.9201593958232
    ],
    "MKR": [
        2617.269139126714,
        2616.352767202066,
        2623.124115757666
    ],
    "ARKM": [
        2.626743482716449,
        2.628414754078233,
        2.629537862114028
    ],
    "RUNE": [
        6.01729883431917,
        6.01739062721394,
        6.01755757793683
    ],
    "FET": [
        2.0497210455612,
        2.04934643789219,
        2.04991295297893
    ],
    "qnt-quant": [
        89.61455535119843,
        89.80526617497463,
        89.80830485643628
    ],
    "wld-worldcoin": [
        4.80905327667715,
        4.813859705149222,
        4.81625451029278
    ],
    "akt-akash-network": [
        4.500658111103989,
        4.499393901070157,
        4.499153793745072
    ],
    "neo-neo": [
        14.926329375396904,
        14.950618021941352,
        14.932558590691134
    ],
    "egld-elrond": [
        38.892196357482526,
        38.98230958100245,
        38.983711069094554
    ],
    "ron-ronin-token": [
        3.083057996919303,
        3.0871036878125055,
        3.084065163706904
    ],
    "sand-the-sandbox": [
        0.4728496764647964,
        0.4736127355987913,
        0.47372559706660855
    ],
    "wbnb-wrapped-bnb": [
        709.8177301251673,
        709.8177301251673,
        709.9667768472691
    ],
    "rbn-ribbon-finance": [
        0.9885661800071454,
        0.9879724354960426,
        0.980782160787907
    ],
    "ordi-ordinals": [
        57.90995893761785,
        57.74762347883438,
        57.86426848523335
    ],
    "mina-mina-protocol": [
        0.8423477300305687,
        0.8427836334625483,
        0.8425794022589671
    ],
    "kcs-kucoin-token": [
        10.393163454200039,
        10.394173108923711,
        10.395799961227251
    ],
    "pendle-pendle": [
        5.942028883195945,
        5.939601157645706,
        5.942722769092104
    ],
    "xtz-tezos": [
        0.9393866977888393,
        0.9415110585444155,
        0.9394904033562561
    ],
    "sei-sei": [
        0.5120220767409871,
        0.5115967219590993,
        0.5102479075094462
    ],
    "xec-ecash": [
        4.685353729126343e-05,
        4.691454328947019e-05,
        4.693983462787597e-05
    ],
    "msol-marinade-staked-sol": [
        203.42114244313865,
        202.6581536969366,
        202.88261290210022
    ],
    "cfx-conflux-network": [
        0.2340564440801552,
        0.23425292800671538,
        0.2341643902450786
    ],
    "matic-network": [
        0.725519,
        0.725519,
        0.725776
    ],
    "pepe": [
        1.438e-05,
        1.438e-05,
        1.44e-05
    ],
    "litecoin": [
        84.2,
        84.2,
        84.21
    ],
    "leo-token": [
        5.99,
        5.99,
        5.99
    ],
    "okb": [
        48.776038147830945,
        48.78868046166089,
        48.78612448567664
    ],
    "first-digital-usd": [
        1.0009340005432965,
        1.0011564652292915,
        1.0010403277118198
    ],
    "arweave": [
        41.764499040247514,
        41.83189684833731,
        41.914190852620415
    ],
    "optimism-ethereum": [
        2.483621940253228,
        2.4846698700326795,
        2.4841723217285594
    ],
    "bittensor": [
        424.4446563855075,
        423.3178454204511,
        422.9601993772307
    ],