{
    "bitcoin": [
        71636,
        70834,
        71143
    ],
    "ethereum": [
        3821.04,
        3785.75,
        3797.8
    ],
    "tether": [
        0.998516,
        0.999415,
        0.999415
    ],
    "binancecoin": [
        703.05,
        701.0,
        705.9
    ],
    "solana": [
        172.0,
        169.94,
        170.69
    ],
    "staked-ether": [
        3824.28,
        3785.56,
        3797.0
    ],
    "usd-coin": [
        0.998487,
        0.999375,
        0.999577
    ],
    "ripple": [
        0.526169,
        0.524016,
        0.525021
    ],
    "dogecoin": [
        0.161083,
        0.159328,
        0.15979
    ],
    "the-open-network": [
        7.45,
        7.38,
        7.44
    ],
    "cardano": [
        0.484545,
        0.477551,
        0.478299
    ],
    "shiba-inu": [
        2.524e-05,
        2.491e-05,
        2.5e-05
    ],
    "avalanche-2": [
        36.39,
        35.9,
        36.04
    ],
    "wrapped-bitcoin": [
        71745,
        70932,
        71126
    ],
    "chainlink": [
        17.55,
        17.38,
        17.41
    ],
    "tron": [
        0.114446,
        0.114101,
        0.114304
    ],
    "polkadot": [
        7.23,
        7.11,
        7.14
    ],
    "bitcoin-cash": [
        516.98,
        511.21,
        512.83
    ],
    "near": [
        7.4,
        7.29,
        7.31
    ],
    "uniswap": [
        10.55,
        10.34,
        10.39
    ],
    "internet-computer": [
        12.66,
        12.49,
        12.55
    ],
    "unus-sed-leo": [
        5.923810812706364,
        5.924793027850309
    ],
    "multi-collateral-dai": [
        1.0001541775823066,
        1.000069113199768
    ],
    "ethereum-classic": [
        29.387441989129655,
        29.460698955719895,
        29.423851669313404
    ],
    "aptos": [
        9.217553061896295,
        9.133622947046495,
        9.174415903094035
    ],
    "render": [
        10.414324455510663,
        10.248093924351878,
        10.274395118312361
    ],
    "hedera": [
        0.10130283045494255,
        0.10034749032218053,
        0.10076134795704626
    ],
    "kaspa": [
        0.17452518814788182,
        0.17394530181942974,
        0.17439017819232477
    ],
    "dogwifhat": [
        3.2741305540233108,
        3.219383766338352,
        3.2366210456760043
    ],
    "cosmos": [
        8.622591119426854,
        8.531927384948652,
        8.562356059108597
    ],
    "immutable-x": [
        2.2519283353769524,
        2.22870749794075,
        2.2346393149274784
    ],
    "filecoin": [
        6.395017288220719,
        6.3689303803099895,
        6.450648820796952
    ],
    "arbitrum": [
        1.0982529339025604,
        1.0834525394739754,
        1.0847232089107515
    ],
    "mantle": [
        1.019568124338765,
        1.0084076510830704,
        1.0091078918103524
    ],
    "stellar": [
        0.10645963578147616,
        0.105806126847338,
        0.10623802140486252
    ],
    "cronos": [
        0.11650977788639269,
        0.11595757558110749,
        0.11639928799655448
    ],
    "monero": [
        170.59477671853085,
        170.01965492570602,
        169.4845949646543
    ],
    "stacks": [
        2.489700218759116,
        2.3969995111977926,
        2.4155954722875794
    ],
    "the-graph": [
        0.29506180111929525,
        0.2912336878649345,
        0.2921564079823746
    ],
    "bttc-bittorrent-chain": [
        1.17630810057765e-06,
        1.16532112071728e-06,
        1.16733526726078e-06
    ],
    "cheelee-cheelee": [
        21.403628556862174,
        21.252258548491696,
        21.171773029236586
    ],
    "VET": [
        0.0342648619606039,
        0.0341757644980644
    ],
    "STX": [
        1.96018090681332,
        1.94312681136669
    ],
    "FLR": [
        0.0280572218861115,
        0.0280389009629798
    ],
    "XMR": [
        155.295737980525,
        155.188147347795
    ],
    "SAGA": [
        2.827609212773917,
        2.81039661314113
    ],
    "AR": [
        43.18042703963509,
        42.9957677008812
    ],
    "ZETA": [
        1.24240267283791,
        1.24570613429196,
        1.24690898829529
    ],
    "BGB": [
        1.2225,
        1.1858,
        1.1906
    ],
    "FLOKI": [
        0.00026691,
        0.00026701,
        0.00025869
    ],
    "ENS": [
        24.4546814933062,
        24.0269997327039,
        24.0737539760376
    ],
    "PIXEL": [
        0.49205,
        0.48155,
        0.4855
    ],
    "FTM": [
        0.806479533698492,
        0.803021610310486,
        0.803688396269601
    ],
    "INJ": [
        25.8086457389147,
        25.7996455630143,
        25.9201593958232
    ],
    "MKR": [
        2602.61935743211,
        2580.025760508473,
        2585.526980891681
    ],
    "ARKM": [
        2.626743482716449,
        2.628414754078233,
        2.629537862114028
    ],
    "RUNE": [
        6.17321487917282,
        6.17337478715349,
        6.19039315563686
    ],
    "FET": [
        2.02557459132641,
        1.99562434614565,
        2.00688680668869
    ],
    "qnt-quant": [
        90.05707853204696,
        89.07301924409178,
        89.44814571991748
    ],
    "wld-worldcoin": [
        4.908078249772882,
        4.8701132888963095,
        4.891750023579424
    ],
    "akt-akash-network": [
        4.481849610934028,
        4.459995572740332,
        4.465584638545502
    ],
    "neo-neo": [
        15.204210617447679,
        14.906295278149868,
        15.043019441113122
    ],
    "egld-elrond": [
        39.5915143189807,
        39.14861676197761,
        39.330218850037696
    ],
    "ron-ronin-token": [
        3.0824610771081375,
        3.0519408738475073,
        3.0578240434362196
    ],
    "sand-the-sandbox": [
        0.4708748504411146,
        0.46455973387487587,
        0.4667211235529501
    ],
    "wbnb-wrapped-bnb": [
        704.5801195838493,
        701.0721313680598,
        706.8998854706025
    ],
    "rbn-ribbon-finance": [
        0.9885661800071454,
        0.9879724354960426,
        0.980782160787907
    ],
    "ordi-ordinals": [
        61.448234644197434,
        61.483053657553924,
        61.81069049734637
    ],
    "mina-mina-protocol": [
        0.8614334825988427,
        0.8511688613014068,
        0.8561622563249518
    ],
    "kcs-kucoin-token": [
        10.42755550061166,
        10.388094787183954,
        10.40475838676746
    ],
    "pendle-pendle": [
        5.920309844791598,
        5.9140184541053245,
        5.911927372558721
    ],
    "xtz-tezos": [
        0.9496249784213848,
        0.9397326303963464,
        0.9446022281997609
    ],
    "sei-sei": [
        0.5491051745780711,
        0.5441845119068952,
        0.548372826470601
    ],
    "xec-ecash": [
        4.756578169286588e-05,
        4.701698420011414e-05,
        4.722919525157138e-05
    ],
    "msol-marinade-staked-sol": [
        205.05448950733236,
        203.20898664464292,
        203.87212684518016
    ],
    "cfx-conflux-network": [
        0.22918696759996754,
        0.2259090993682764,
        0.22606529970632103
    ],
    "matic-network": [
        0.717691,
        0.710256,
        0.711863
    ],
    "pepe": [
        1.426e-05,
        1.382e-05,
        1.398e-05
    ],
    "litecoin": [
        84.32,
        83.41,
        83.93
    ],
    "leo-token": [
        5.99,
        5.99,
        5.99
    ],
    "okb": [
        49.96201111923747,
        49.71540361802719,
        49.90231261964576
    ],
    "first-digital-usd": [
        1.001315803745966,
        1.00165262272379,
        1.0002137287996664
    ],
    "arweave": [
        41.97481748517773,
        41.465785872843185,
        41.516898552175114
    ],
    "optimism-ethereum": [
        2.5196961447652297,
        2.4877252547455213,
        2.497157639103262
    ],
    "bittensor": [
        426.28996756176485,
        421.2138388341014,
        422.0707036046399
    ],