{
    "bitcoin": [
        71679,
        71679,
        71469
    ],
    "ethereum": [
        3816.74,
        3816.74,
        3802.33
    ],
    "tether": [
        1.0,
        1.0,
        0.999676
    ],
    "binancecoin": [
        705.28,
        705.28,
        700.4
    ],
    "solana": [
        175.11,
        175.11,
        174.22
    ],
    "staked-ether": [
        3813.37,
        3813.37,
        3803.91
    ],
    "usd-coin": [
        1.0,
        1.0,
        0.999195
    ],
    "ripple": [
        0.529881,
        0.529881,
        0.528494
    ],
    "dogecoin": [
        0.163656,
        0.163656,
        0.1629
    ],
    "the-open-network": [
        7.41,
        7.41,
        7.4
    ],
    "cardano": [
        0.462006,
        0.462006,
        0.460756
    ],
    "shiba-inu": [
        2.601e-05,
        2.601e-05,
        2.578e-05
    ],
    "avalanche-2": [
        36.7,
        36.7,
        36.7
    ],
    "wrapped-bitcoin": [
        71625,
        71625,
        71510
    ],
    "chainlink": [
        17.79,
        17.79,
        17.72
    ],
    "tron": [
        0.114521,
        0.114521,
        0.114534
    ],
    "polkadot": [
        7.25,
        7.25,
        7.23
    ],
    "bitcoin-cash": [
        484.67,
        484.67,
        483.73
    ],
    "near": [
        7.61,
        7.61,
        7.58
    ],
    "uniswap": [
        11.11,
        11.11,
        11.09
    ],
    "internet-computer": [
        12.36,
        12.36,
        12.32
    ],
    "unus-sed-leo": [
        5.923810812706364,
        5.924793027850309
    ],
    "multi-collateral-dai": [
        1.0001541775823066,
        1.000069113199768
    ],
    "ethereum-classic": [
        29.675156657317626,
        29.639579777863602,
        29.607456626099133
    ],
    "aptos": [
        9.324598359470286,
        9.319363637499224,
        9.30786793005475
    ],
    "render": [
        10.589311593423924,
        10.576654066100785,
        10.547394168176545
    ],
    "hedera": [
        0.10352175813675984,
        0.10359998432600116,
        0.10356370343978798
    ],
    "kaspa": [
        0.18249765270131532,
        0.18197967368124957,
        0.18220137460192434
    ],
    "dogwifhat": [
        3.470551195286694,
        3.4625967281489505,
        3.439725719259987
    ],
    "cosmos": [
        8.694763999573201,
        8.682256851627487,
        8.668551019765
    ],
    "immutable-x": [
        2.321787629492803,
        2.3204310813661535,
        2.319331721973573
    ],
    "filecoin": [
        6.060271997768956,
        6.056017164411743,
        6.040507366713766
    ],
    "arbitrum": [
        1.119790163229739,
        1.1188285807125549,
        1.1181185298184906
    ],
    "mantle": [
        0.9962778855235995,
        0.9950638020966968,
        0.9944846225115556
    ],
    "stellar": [
        0.1070747389913666,
        0.10699885832544155,
        0.10688572052026517
    ],
    "cronos": [
        0.11788406728661933,
        0.11786238976656833,
        0.11743575415720402
    ],
    "monero": [
        164.11560526743213,
        164.19367292643773,
        164.49940935092744
    ],
    "stacks": [
        2.380317654962794,
        2.406557516188061,
        2.378542872001735
    ],
    "the-graph": [
        0.3041819639484461,
        0.3034851503881689,
        0.30301982984332043
    ],
    "bttc-bittorrent-chain": [
        1.16755001346892e-06,
        1.16808728742471e-06,
        1.16655267356005e-06
    ],
    "cheelee-cheelee": [
        21.237879450218138,
        21.24185002751258,
        21.221481143252863
    ],
    "VET": [
        0.0342648619606039,
        0.0341757644980644
    ],
    "STX": [
        1.96018090681332,
        1.94312681136669
    ],
    "FLR": [
        0.0280572218861115,
        0.0280389009629798
    ],
    "XMR": [
        155.295737980525,
        155.188147347795
    ],
    "SAGA": [
        2.827609212773917,
        2.81039661314113
    ],
    "AR": [
        43.18042703963509,
        42.9957677008812
    ],
    "ZETA": [
        1.34315063641458,
        1.33600332024875
    ],
    "BGB": [
        1.3705,
        1.3705
    ],
    "FLOKI": [
        0.00026691,
        0.00026701,
        0.00025869
    ],
    "ENS": [
        24.6220887445174,
        24.5707358800706,
        24.5679738024132
    ],
    "PIXEL": [
        0.50629,
        0.50385,
        0.50152
    ],
    "FTM": [
        0.81494311061099,
        0.810825200275531,
        0.810846650526059
    ],
    "INJ": [
        25.8086457389147,
        25.7996455630143,
        25.9201593958232
    ],
    "MKR": [
        2673.55044979273,
        2668.46599171435,
        2662.35935173294
    ],
    "ARKM": [
        2.4701,
        2.4832,
        2.4884
    ],
    "RUNE": [
        6.29370374205619,
        6.29377658364087,
        6.25702908874258
    ],
    "FET": [
        2.16525208330412,
        2.16497172103875,
        2.15491864705645
    ],
    "qnt-quant": [
        90.6433918699255,
        90.78830671777645,
        90.65178597062024
    ],
    "wld-worldcoin": [
        4.990166510071112,
        4.98450984728779,
        4.97960892857136
    ],
    "akt-akash-network": [
        4.624152379872205,
        4.623523235533766,
        4.628955258780505
    ],
    "neo-neo": [
        15.334985180800494,
        15.296561832118158,
        15.301343691671589
    ],
    "egld-elrond": [
        39.95847739853684,
        39.845792194389375,
        39.890167330531455
    ],
    "ron-ronin-token": [
        3.179884055778018,
        3.1716580474210754,
        3.160397820395741
    ],
    "sand-the-sandbox": [
        0.4756454810927138,
        0.4745020909604481,
        0.47291723687932147
    ],
    "wbnb-wrapped-bnb": [
        704.7214663580825,
        704.2328632900527,
        704.634240092484
    ],
    "rbn-ribbon-finance": [
        0.9885661800071454,
        0.9879724354960426,
        0.980782160787907
    ],
    "ordi-ordinals": [
        57.13275989504589,
        57.7634434166948,
        57.45766258201301
    ],
    "mina-mina-protocol": [
        0.8723385066165714,
        0.8712513107714867,
        0.8702971688713017
    ],
    "kcs-kucoin-token": [
        10.130834306699214,
        10.133099786629579,
        10.125774641321472
    ],
    "pendle-pendle": [
        6.104842200054988,
        6.086736846073553,
        6.1027636457558225
    ],
    "xtz-tezos": [
        0.9596080270188245,
        0.9576834467678608,
        0.9565919601141976
    ],
    "sei-sei": [
        0.5304765539053375,
        0.5285151131492849,
        0.527260322127295
    ],
    "xec-ecash": [
        4.760418380118066e-05,
        4.759988557606738e-05,
        4.757044549762124e-05
    ],
    "msol-marinade-staked-sol": [
        208.53858636530057,
        208.37183578168327,
        208.37167599394618
    ],
    "cfx-conflux-network": [
        0.2212985412578897,
        0.2216218147611572,
        0.2294484355944873
    ],
    "matic-network": [
        0.718703,
        0.718703,
        0.715916
    ],
    "pepe": [
        1.439e-05,
        1.439e-05,
        1.431e-05
    ],
    "litecoin": [
        84.73,
        84.73,
        84.6
    ],
    "leo-token": [
        6.02,
        6.02,
        6.01
    ],
    "okb": [
        48.69466221563715,
        48.67679214913647,
        48.60373328074262
    ],
    "first-digital-usd": [
        1.0001577315040175,
        0.9997398883758717,
        1.0001093809037729
    ],
    "arweave": [
        44.89259209633782,
        44.984178936002024,
        44.89928223234927
    ],
    "optimism-ethereum": [
        2.516525547589438,
        2.50361112693116,
        2.498027163289621
    ],
    "bittensor": [
        421.58624363811873,
        418.9355074308493,
        418.3683705470147
    ],