{
    "bitcoin": [
        68865,
        69041,
        69041
    ],
    "ethereum": [
        3765.47,
        3774.82,
        3774.82
    ],
    "tether": [
        0.999648,
        0.999756,
        0.999756
    ],
    "binancecoin": [
        627.85,
        629.54,
        629.54
    ],
    "solana": [
        165.1,
        165.5,
        165.5
    ],
    "staked-ether": [
        3765.91,
        3771.68,
        3771.68
    ],
    "usd-coin": [
        0.998817,
        0.999758,
        0.999758
    ],
    "ripple": [
        0.518988,
        0.523133,
        0.523133
    ],
    "dogecoin": [
        0.157923,
        0.158187,
        0.158187
    ],
    "the-open-network": [
        6.77,
        6.8,
        6.8
    ],
    "cardano": [
        0.454896,
        0.456023,
        0.456023
    ],
    "shiba-inu": [
        2.377e-05,
        2.389e-05,
        2.389e-05
    ],
    "avalanche-2": [
        34.72,
        34.87,
        34.87
    ],
    "wrapped-bitcoin": [
        68926,
        69094,
        69094
    ],
    "chainlink": [
        17.6,
        17.67,
        17.67
    ],
    "tron": [
        0.113101,
        0.113325,
        0.113325
    ],
    "polkadot": [
        6.98,
        7.02,
        7.02
    ],
    "bitcoin-cash": [
        466.94,
        467.9,
        467.9
    ],
    "near": [
        7.09,
        7.11,
        7.11
    ],
    "uniswap": [
        9.48,
        9.51,
        9.51
    ],
    "internet-computer": [
        12.09,
        12.12,
        12.12
    ],
    "unus-sed-leo": [
        5.923810812706364,
        5.924793027850309
    ],
    "multi-collateral-dai": [
        1.0001541775823066,
        1.000069113199768
    ],
    "ethereum-classic": [
        28.405498645224643,
        28.4280347615256,
        28.41667840420823
    ],
    "aptos": [
        8.847999568658459,
        8.899666803494902,
        8.888894247213443
    ],
    "render": [
        10.08679169925608,
        10.138361019640172,
        10.123899583914456
    ],
    "hedera": [
        0.10056755302651664,
        0.10142308265563511,
        0.1011358458577206
    ],
    "kaspa": [
        0.1749001485040954,
        0.17564676986106906,
        0.17545327727692198
    ],
    "dogwifhat": [
        3.255180906150461,
        3.2652573414046455,
        3.2557246055809377
    ],
    "cosmos": [
        8.325485421288272,
        8.369132183768402,
        8.369814783650957
    ],
    "immutable-x": [
        2.2684671331094592,
        2.2837866809652843,
        2.2840826166548824
    ],
    "filecoin": [
        5.761899782894036,
        5.794593653010289,
        5.789333235922576
    ],
    "arbitrum": [
        1.091691908060529,
        1.0992346164130975,
        1.095187884478395
    ],
    "mantle": [
        0.9625011067786001,
        0.9606477390366337,
        0.9598575118171225
    ],
    "stellar": [
        0.1044839999031775,
        0.10506424348942557,
        0.10498309598579449
    ],
    "cronos": [
        0.1069672021981031,
        0.10667805011162941,
        0.10652536044460413
    ],
    "monero": [
        155.99159216363438,
        156.16218757377945,
        155.9960179121252
    ],
    "stacks": [
        1.9845348377059382,
        1.9997803590638976,
        1.9929776715986622
    ],
    "the-graph": [
        0.2918631832022062,
        0.2935827047857842,
        0.2936542575673351
    ],
    "bttc-bittorrent-chain": [
        1.13267546561581e-06,
        1.12980429577225e-06,
        1.12935404652473e-06
    ],
    "cheelee-cheelee": [
        20.472645213741,
        20.444497402516916,
        20.40998603802273
    ],
    "VET": [
        0.0342648619606039,
        0.0341757644980644
    ],
    "STX": [
        1.96018090681332,
        1.94312681136669
    ],
    "FLR": [
        0.0280572218861115,
        0.0280389009629798
    ],
    "XMR": [
        155.295737980525,
        155.188147347795
    ],
    "SAGA": [
        2.827609212773917,
        2.81039661314113
    ],
    "AR": [
        43.18042703963509,
        42.9957677008812
    ],
    "ZETA": [
        1.34315063641458,
        1.33600332024875
    ],
    "BGB": [
        1.3705,
        1.3705
    ],
    "FLOKI": [
        0.00026691,
        0.00026701,
        0.00025869
    ],
    "ENS": [
        24.9500451245335,
        25.0800414318482,
        25.0297481872787
    ],
    "PIXEL": [
        0.5075035299704171,
        0.5091358288893804,
        0.5094
    ],
    "FTM": [
        0.81494311061099,
        0.810825200275531,
        0.810846650526059
    ],
    "INJ": [
        24.9043355531597,
        24.917681425629,
        24.7789399069881
    ],
    "MKR": [
        2572.53851737616,
        2576.69979805102,
        2579.92939086964
    ],
    "ARKM": [
        2.4692,
        2.4707,
        2.4697
    ],
    "RUNE": [
        6.00598444949928,
        6.0176644882749,
        6.01839676777602
    ],
    "FET": [
        2.11594964585261,
        2.12295451660631,
        2.12096339479727
    ],
    "qnt-quant": [
        91.35199712903604,
        91.44025058333469,
        91.44387774653757
    ],
    "wld-worldcoin": [
        4.747078433001679,
        4.762591776344318,
        4.759552353608531
    ],
    "akt-akash-network": [
        4.445410904012757,
        4.336062859009731,
        4.330224584480217
    ],
    "neo-neo": [
        14.71482602592723,
        14.803425805678001,
        14.786792772377083
    ],
    "egld-elrond": [
        38.59073675725537,
        38.88180824124773,
        38.86091523133385
    ],
    "ron-ronin-token": [
        3.1165602224779385,
        3.1444658396681886,
        3.135998334224305
    ],
    "sand-the-sandbox": [
        0.4509503685702846,
        0.4526828298868235,
        0.4526268841354553
    ],
    "wbnb-wrapped-bnb": [
        628.9328144988837,
        630.051483282442,
        629.759905046732
    ],
    "rbn-ribbon-finance": [
        0.9885661800071454,
        0.9879724354960426,
        0.980782160787907
    ],
    "ordi-ordinals": [
        47.907511099810726,
        48.246288827697875,
        47.80744501919685
    ],
    "mina-mina-protocol": [
        0.8565753812026452,
        0.856678154122592,
        0.8549541229723298
    ],
    "kcs-kucoin-token": [
        10.052081241775783,
        10.06028447941443,
        10.054156334431074
    ],
    "pendle-pendle": [
        6.133860841381212,
        6.189740803071958,
        6.179167336821896
    ],
    "xtz-tezos": [
        0.9269128514285602,
        0.9337781355385139,
        0.9315934282482715
    ],
    "sei-sei": [
        0.5048554444500484,
        0.5092009440571809,
        0.5074028905347111
    ],
    "xec-ecash": [
        4.549931649108835e-05,
        4.566742805809827e-05,
        4.566384526393692e-05
    ],
    "msol-marinade-staked-sol": [
        196.72155247175672,
        197.4365742921018,
        197.24892265757487
    ],
    "cfx-conflux-network": [
        0.21810232040281544,
        0.21972543503120234,
        0.21913992260872173
    ],
    "matic-network": [
        0.699705,
        0.703455,
        0.703455
    ],
    "pepe": [
        1.406e-05,
        1.422e-05,
        1.422e-05
    ],
    "litecoin": [
        81.84,
        82.08,
        82.08
    ],
    "leo-token": [
        6.01,
        6.03,
        6.03
    ],
    "okb": [
        46.95047871988298,
        47.00521202660235,
        46.971715395907545
    ],
    "first-digital-usd": [
        0.9998515865423213,
        0.9998574543154952,
        0.9994187630229643
    ],
    "arweave": [
        43.432002930734704,
        43.89253596805372,
        43.95702749680364
    ],
    "optimism-ethereum": [
        2.4108700818405566,
        2.4223941033940064,
        2.41934285822533
    ],
    "bittensor": [
        382.63052225697254,
        382.5853486857173,
        381.91595679727976
    ],