{
    "bitcoin": [
        69356,
        69406,
        69397
    ],
    "ethereum": [
        3680.8,
        3688.94,
        3688.28
    ],
    "tether": [
        0.999691,
        0.999833,
        0.999581
    ],
    "binancecoin": [
        682.2,
        682.12,
        682.95
    ],
    "solana": [
        162.15,
        162.67,
        162.75
    ],
    "staked-ether": [
        3678.88,
        3685.2,
        3686.46
    ],
    "usd-coin": [
        1.0,
        1.0,
        0.999947
    ],
    "ripple": [
        0.497171,
        0.499529,
        0.499059
    ],
    "dogecoin": [
        0.147786,
        0.148344,
        0.148197
    ],
    "the-open-network": [
        7.23,
        7.28,
        7.33
    ],
    "cardano": [
        0.444232,
        0.446404,
        0.446578
    ],
    "shiba-inu": [
        2.367e-05,
        2.403e-05,
        2.391e-05
    ],
    "avalanche-2": [
        33.36,
        33.6,
        33.61
    ],
    "wrapped-bitcoin": [
        69389,
        69453,
        69450
    ],
    "chainlink": [
        16.23,
        16.32,
        16.28
    ],
    "tron": [
        0.112627,
        0.112739,
        0.112874
    ],
    "polkadot": [
        6.62,
        6.66,
        6.64
    ],
    "bitcoin-cash": [
        472.28,
        480.6,
        481.87
    ],
    "near": [
        6.82,
        6.85,
        6.84
    ],
    "uniswap": [
        9.82,
        9.88,
        9.91
    ],
    "internet-computer": [
        11.54,
        11.55,
        11.55
    ],
    "unus-sed-leo": [
        5.923810812706364,
        5.924793027850309
    ],
    "multi-collateral-dai": [
        1.0001541775823066,
        1.000069113199768
    ],
    "ethereum-classic": [
        26.65296384300906,
        27.075332354856833,
        27.103483622948843
    ],
    "aptos": [
        8.495458527473106,
        8.561505128782029,
        8.536788031291255
    ],
    "render": [
        9.531872806572219,
        9.700804938156308,
        9.656201179694573
    ],
    "hedera": [
        0.09351014734280974,
        0.09389182260036062,
        0.09356546909035236
    ],
    "kaspa": [
        0.16292742316082617,
        0.16302330025129014,
        0.16517937970678645
    ],
    "dogwifhat": [
        2.881812487887016,
        2.920244210738224,
        2.8984398708279224
    ],
    "cosmos": [
        8.047829203795013,
        8.078989674042292,
        8.056075674747378
    ],
    "immutable-x": [
        2.089968562998203,
        2.1031588366744085,
        2.0915748884317553
    ],
    "filecoin": [
        6.094565481098094,
        6.247521136363107,
        6.37462989042079
    ],
    "arbitrum": [
        0.998179231970997,
        1.0058130054879697,
        1.004045907241209
    ],
    "mantle": [
        0.9541252258643397,
        0.9545297524610601,
        0.9549857272030158
    ],
    "stellar": [
        0.09954370050115909,
        0.09978856687954041,
        0.09981364256435486
    ],
    "cronos": [
        0.11279377979241866,
        0.11331075389938373,
        0.11528502311416285
    ],
    "monero": [
        155.91348979542087,
        159.48417106006886,
        159.4749989633728
    ],
    "stacks": [
        2.150221973136988,
        2.229966495284281,
        2.25957744831434
    ],
    "the-graph": [
        0.26998368558683333,
        0.2722559786469722,
        0.27194764546913147
    ],
    "bttc-bittorrent-chain": [
        1.11994092544879e-06,
        1.12818598706736e-06,
        1.12637455239365e-06
    ],
    "cheelee-cheelee": [
        20.742056827056512,
        20.726633295181866,
        20.806835331535503
    ],
    "VET": [
        0.0342648619606039,
        0.0341757644980644
    ],
    "STX": [
        1.96018090681332,
        1.94312681136669
    ],
    "FLR": [
        0.0280572218861115,
        0.0280389009629798
    ],
    "XMR": [
        155.295737980525,
        155.188147347795
    ],
    "SAGA": [
        2.827609212773917,
        2.81039661314113
    ],
    "AR": [
        43.18042703963509,
        42.9957677008812
    ],
    "ZETA": [
        1.11698886903034,
        1.1142736398709,
        1.12400151652205
    ],
    "BGB": [
        1.1906,
        1.1906,
        1.1906
    ],
    "FLOKI": [
        0.00026691,
        0.00026701,
        0.00025869
    ],
    "ENS": [
        21.7883413094773,
        22.0803495335318,
        22.1307464803315
    ],
    "PIXEL": [
        0.43863,
        0.44238,
        0.44047
    ],
    "FTM": [
        0.719596143201928,
        0.726740267340463,
        0.727181607726047
    ],
    "INJ": [
        25.8086457389147,
        25.7996455630143,
        25.9201593958232
    ],
    "MKR": [
        2594.894715936144,
        2596.414635467978,
        2594.250306521202
    ],
    "ARKM": [
        2.626743482716449,
        2.628414754078233,
        2.629537862114028
    ],
    "RUNE": [
        5.52429472589968,
        5.5500502991733,
        5.53914057999396
    ],
    "FET": [
        1.84047690638734,
        1.85689997345264,
        1.84367861554056
    ],
    "qnt-quant": [
        86.09511272703234,
        86.54643897054015,
        86.07733957559451
    ],
    "wld-worldcoin": [
        4.4123668744615125,
        4.479192632006811,
        4.494602263820706
    ],
    "akt-akash-network": [
        4.24680823616233,
        4.209641933054569,
        4.225505727398503
    ],
    "neo-neo": [
        14.089772686065377,
        14.183748066433122,
        14.228369329561756
    ],
    "egld-elrond": [
        35.76880316843906,
        35.94950453442113,
        35.910355558926454
    ],
    "ron-ronin-token": [
        2.9375785563728614,
        2.959323642342023,
        2.959990546636927
    ],
    "sand-the-sandbox": [
        0.4317886648016484,
        0.4362826688083412,
        0.43675066674657403
    ],
    "wbnb-wrapped-bnb": [
        681.6627624812364,
        681.5327367907603,
        683.476977957127
    ],
    "rbn-ribbon-finance": [
        0.9885661800071454,
        0.9879724354960426,
        0.980782160787907
    ],
    "ordi-ordinals": [
        62.26669803898842,
        60.528038735528014,
        59.4230881682179
    ],
    "mina-mina-protocol": [
        0.7943335895868167,
        0.8005047549878305,
        0.8011270237296417
    ],
    "kcs-kucoin-token": [
        10.307226513284977,
        10.284368672208391,
        10.308210090869737
    ],
    "pendle-pendle": [
        5.5346195851089055,
        5.566192152090414,
        5.5881945472881585
    ],
    "xtz-tezos": [
        0.8708613353598139,
        0.8770081223227039,
        0.8757154976491007
    ],
    "sei-sei": [
        0.539058068644152,
        0.5323474223097239,
        0.5349655216928783
    ],
    "xec-ecash": [
        4.339714128867326e-05,
        4.357248010694997e-05,
        4.346014991332825e-05
    ],
    "msol-marinade-staked-sol": [
        193.92465452652542,
        193.95560948773002,
        194.20178671425683
    ],
    "cfx-conflux-network": [
        0.2272375731725614,
        0.2272375731725614,
        0.22709059873310986
    ],
    "matic-network": [
        0.664208,
        0.667505,
        0.66678
    ],
    "pepe": [
        1.286e-05,
        1.309e-05,
        1.308e-05
    ],
    "litecoin": [
        79.94,
        80.3,
        80.3
    ],
    "leo-token": [
        6.01,
        5.99,
        5.99
    ],
    "okb": [
        48.21342143088895,
        48.510986565551526,
        48.5057365093132
    ],
    "first-digital-usd": [
        1.0001567481030198,
        1.00043358324674,
        1.0003600984021712
    ],
    "arweave": [
        38.965807612688494,
        39.36048218590251,
        39.15682959059858
    ],
    "optimism-ethereum": [
        2.240871729805933,
        2.2632010789765533,
        2.266530799967071
    ],
    "bittensor": [
        395.93957988509044,
        396.9539599922421,
        395.4992865816639
    ],