{
    "bitcoin": [
        70696,
        70696,
        70696
    ],
    "ethereum": [
        3796.32,
        3796.32,
        3796.32
    ],
    "tether": [
        0.999306,
        0.999306,
        0.999306
    ],
    "binancecoin": [
        703.63,
        703.63,
        703.63
    ],
    "solana": [
        170.13,
        170.13,
        170.13
    ],
    "staked-ether": [
        3795.97,
        3795.97,
        3795.97
    ],
    "usd-coin": [
        0.999469,
        0.999469,
        0.999469
    ],
    "ripple": [
        0.520142,
        0.520142,
        0.520142
    ],
    "dogecoin": [
        0.160347,
        0.160347,
        0.160347
    ],
    "the-open-network": [
        7.36,
        7.36,
        7.36
    ],
    "cardano": [
        0.455363,
        0.455363,
        0.455363
    ],
    "shiba-inu": [
        2.528e-05,
        2.528e-05,
        2.528e-05
    ],
    "avalanche-2": [
        36.04,
        36.04,
        36.04
    ],
    "wrapped-bitcoin": [
        70845,
        70845,
        70845
    ],
    "chainlink": [
        17.36,
        17.36,
        17.36
    ],
    "tron": [
        0.114658,
        0.114658,
        0.114658
    ],
    "polkadot": [
        7.12,
        7.12,
        7.12
    ],
    "bitcoin-cash": [
        497.25,
        497.25,
        497.25
    ],
    "near": [
        7.31,
        7.31,
        7.31
    ],
    "uniswap": [
        10.6,
        10.6,
        10.6
    ],
    "internet-computer": [
        12.08,
        12.08,
        12.08
    ],
    "unus-sed-leo": [
        5.923810812706364,
        5.924793027850309
    ],
    "multi-collateral-dai": [
        1.0001541775823066,
        1.000069113199768
    ],
    "ethereum-classic": [
        29.387441989129655,
        29.460698955719895,
        29.423851669313404
    ],
    "aptos": [
        9.071618414583382,
        9.085658899543553,
        9.0871001825565
    ],
    "render": [
        10.418590721109119,
        10.393860000457208,
        10.409980162291614
    ],
    "hedera": [
        0.10118767061908027,
        0.10151799085635926,
        0.10159319812671411
    ],
    "kaspa": [
        0.1734561232857141,
        0.172462122009712,
        0.17233966973734566
    ],
    "dogwifhat": [
        3.2697271434676094,
        3.2644265235318857,
        3.261679142612513
    ],
    "cosmos": [
        8.588868180146449,
        8.590321396255556,
        8.600921585415913
    ],
    "immutable-x": [
        2.209511854964381,
        2.208861648647784,
        2.2112927255760484
    ],
    "filecoin": [
        5.928184255454297,
        5.929068894126844,
        5.928885150093599
    ],
    "arbitrum": [
        1.089081353140809,
        1.088392761884899,
        1.0886162148305991
    ],
    "mantle": [
        1.0365626165127793,
        1.0366368914431867,
        1.036803821697225
    ],
    "stellar": [
        0.10523372097124269,
        0.10517262519538936,
        0.10516373279110915
    ],
    "cronos": [
        0.11244691268867808,
        0.11251168180246464,
        0.11253073014905421
    ],
    "monero": [
        164.80470759329714,
        164.67892004195545,
        164.93306091353972
    ],
    "stacks": [
        2.3148069463487397,
        2.324478003521143,
        2.3227680325208833
    ],
    "the-graph": [
        0.2927753026430625,
        0.2932299339039879,
        0.2932070850199966
    ],
    "bttc-bittorrent-chain": [
        1.16176977288812e-06,
        1.16064571555764e-06,
        1.16262825607171e-06
    ],
    "cheelee-cheelee": [
        21.09858231100709,
        21.054613378165048,
        21.07536334126074
    ],
    "VET": [
        0.0342648619606039,
        0.0341757644980644
    ],
    "STX": [
        1.96018090681332,
        1.94312681136669
    ],
    "FLR": [
        0.0280572218861115,
        0.0280389009629798
    ],
    "XMR": [
        155.295737980525,
        155.188147347795
    ],
    "SAGA": [
        2.827609212773917,
        2.81039661314113
    ],
    "AR": [
        43.18042703963509,
        42.9957677008812
    ],
    "ZETA": [
        1.34315063641458,
        1.33600332024875
    ],
    "BGB": [
        1.21,
        1.21,
        1.21
    ],
    "FLOKI": [
        0.00026691,
        0.00026701,
        0.00025869
    ],
    "ENS": [
        24.0593234834389,
        24.0583157051456,
        24.0975655004851
    ],
    "PIXEL": [
        0.48998,
        0.49024,
        0.49028
    ],
    "FTM": [
        0.801134376518028,
        0.803459569887883,
        0.803617033582706
    ],
    "INJ": [
        25.8086457389147,
        25.7996455630143,
        25.9201593958232
    ],
    "MKR": [
        2603.764646830637,
        2607.966977020812,
        2605.557480659932
    ],
    "ARKM": [
        2.626743482716449,
        2.628414754078233,
        2.629537862114028
    ],
    "RUNE": [
        6.01802229702477,
        6.01028574027434,
        6.01026964328134
    ],
    "FET": [
        2.04346854313891,
        2.04583167665612,
        2.04692880317717
    ],
    "qnt-quant": [
        89.29053894679737,
        89.18068230068229,
        89.13372395655473
    ],
    "wld-worldcoin": [
        4.814079408272829,
        4.814422029194047,
        4.822435062075421
    ],
    "akt-akash-network": [
        4.470370146744559,
        4.468367975951689,
        4.474857452066158
    ],
    "neo-neo": [
        14.830700665764436,
        14.868243904780188,
        14.88468853681578
    ],
    "egld-elrond": [
        38.96699840842494,
        38.98290098749674,
        38.94201123994472
    ],
    "ron-ronin-token": [
        3.0963801290851447,
        3.0904214423246494,
        3.0886295543726856
    ],
    "sand-the-sandbox": [
        0.46904329354182994,
        0.46965454118937755,
        0.4706699185414987
    ],
    "wbnb-wrapped-bnb": [
        704.3355929795232,
        704.3999365010438,
        704.8109168875397
    ],
    "rbn-ribbon-finance": [
        0.9885661800071454,
        0.9879724354960426,
        0.980782160787907
    ],
    "ordi-ordinals": [
        57.39556586811013,
        57.36050199195604,
        57.53236935329396
    ],
    "mina-mina-protocol": [
        0.8393937148267467,
        0.8424536393039356,
        0.8428693075904964
    ],
    "kcs-kucoin-token": [
        10.347008123366567,
        10.349959743358282,
        10.354547505085211
    ],
    "pendle-pendle": [
        5.969710669117777,
        5.973319183905758,
        5.965864001061488
    ],
    "xtz-tezos": [
        0.938373763146032,
        0.93794983991074,
        0.9388110382647855
    ],
    "sei-sei": [
        0.5120220767409871,
        0.5115967219590993,
        0.5102479075094462
    ],
    "xec-ecash": [
        4.685353729126343e-05,
        4.691454328947019e-05,
        4.693983462787597e-05
    ],
    "msol-marinade-staked-sol": [
        202.92286595142852,
        202.81535554114038,
        202.93607424987576
    ],
    "cfx-conflux-network": [
        0.2298903031275866,
        0.22991122493042945,
        0.2309353516811811
    ],
    "matic-network": [
        0.726032,
        0.726032,
        0.726032
    ],
    "pepe": [
        1.441e-05,
        1.441e-05,
        1.441e-05
    ],
    "litecoin": [
        84.59,
        84.59,
        84.59
    ],
    "leo-token": [
        5.99,
        5.99,
        5.99
    ],
    "okb": [
        48.73878368989448,
        48.7295224254026,
        48.717200159188856
    ],
    "first-digital-usd": [
        1.0007900276068011,
        1.0008822430337339,
        1.0009461323081819
    ],
    "arweave": [
        41.92707119592816,
        41.90885569383812,
        41.87934402031472
    ],
    "optimism-ethereum": [
        2.4756371211258594,
        2.4749474497774093,
        2.474300615860842
    ],
    "bittensor": [
        425.06939926703194,
        424.9216985953579,
        425.82287549532754
    ],