{
    "bitcoin": [
        70835,
        70696,
        70696
    ],
    "ethereum": [
        3800.63,
        3796.32,
        3796.32
    ],
    "tether": [
        1.0,
        0.999306,
        0.999306
    ],
    "binancecoin": [
        705.23,
        703.63,
        703.63
    ],
    "solana": [
        170.69,
        170.13,
        170.13
    ],
    "staked-ether": [
        3796.83,
        3795.97,
        3795.97
    ],
    "usd-coin": [
        1.0,
        0.999469,
        0.999469
    ],
    "ripple": [
        0.52081,
        0.520142,
        0.520142
    ],
    "dogecoin": [
        0.160873,
        0.160347,
        0.160347
    ],
    "the-open-network": [
        7.38,
        7.36,
        7.36
    ],
    "cardano": [
        0.456636,
        0.455363,
        0.455363
    ],
    "shiba-inu": [
        2.536e-05,
        2.528e-05,
        2.528e-05
    ],
    "avalanche-2": [
        36.15,
        36.04,
        36.04
    ],
    "wrapped-bitcoin": [
        70940,
        70845,
        70845
    ],
    "chainlink": [
        17.38,
        17.36,
        17.36
    ],
    "tron": [
        0.114712,
        0.114658,
        0.114658
    ],
    "polkadot": [
        7.13,
        7.12,
        7.12
    ],
    "bitcoin-cash": [
        495.02,
        497.25,
        497.25
    ],
    "near": [
        7.34,
        7.31,
        7.31
    ],
    "uniswap": [
        10.62,
        10.6,
        10.6
    ],
    "internet-computer": [
        12.09,
        12.08,
        12.08
    ],
    "unus-sed-leo": [
        5.923810812706364,
        5.924793027850309
    ],
    "multi-collateral-dai": [
        1.0001541775823066,
        1.000069113199768
    ],
    "ethereum-classic": [
        29.387441989129655,
        29.460698955719895,
        29.423851669313404
    ],
    "aptos": [
        9.078858912444215,
        9.071618414583382,
        9.085658899543553
    ],
    "render": [
        10.424108034486585,
        10.418590721109119,
        10.393860000457208
    ],
    "hedera": [
        0.10116089279502347,
        0.10118767061908027,
        0.10151799085635926
    ],
    "kaspa": [
        0.17360255699477334,
        0.1734561232857141,
        0.172462122009712
    ],
    "dogwifhat": [
        3.27871426088153,
        3.2697271434676094,
        3.2644265235318857
    ],
    "cosmos": [
        8.587261295621184,
        8.588868180146449,
        8.590321396255556
    ],
    "immutable-x": [
        2.2109133071550113,
        2.209511854964381,
        2.208861648647784
    ],
    "filecoin": [
        5.936906865186624,
        5.928184255454297,
        5.929068894126844
    ],
    "arbitrum": [
        1.0897561785511123,
        1.089081353140809,
        1.088392761884899
    ],
    "mantle": [
        1.0371600200485551,
        1.0365626165127793,
        1.0366368914431867
    ],
    "stellar": [
        0.10526313069413912,
        0.10523372097124269,
        0.10517262519538936
    ],
    "cronos": [
        0.11247912792614068,
        0.11244691268867808,
        0.11251168180246464
    ],
    "monero": [
        164.82601808914416,
        164.80470759329714,
        164.67892004195545
    ],
    "stacks": [
        2.3161792519977813,
        2.3148069463487397,
        2.324478003521143
    ],
    "the-graph": [
        0.29303396960369743,
        0.2927753026430625,
        0.2932299339039879
    ],
    "bttc-bittorrent-chain": [
        1.16074165720481e-06,
        1.16176977288812e-06,
        1.16064571555764e-06
    ],
    "cheelee-cheelee": [
        21.18019897893406,
        21.09858231100709,
        21.054613378165048
    ],
    "VET": [
        0.0342648619606039,
        0.0341757644980644
    ],
    "STX": [
        1.96018090681332,
        1.94312681136669
    ],
    "FLR": [
        0.0280572218861115,
        0.0280389009629798
    ],
    "XMR": [
        155.295737980525,
        155.188147347795
    ],
    "SAGA": [
        2.827609212773917,
        2.81039661314113
    ],
    "AR": [
        43.18042703963509,
        42.9957677008812
    ],
    "ZETA": [
        1.34315063641458,
        1.33600332024875
    ],
    "BGB": [
        1.21,
        1.21,
        1.21
    ],
    "FLOKI": [
        0.00026691,
        0.00026701,
        0.00025869
    ],
    "ENS": [
        24.0873294792084,
        24.0593234834389,
        24.0583157051456
    ],
    "PIXEL": [
        0.48947,
        0.48998,
        0.49024
    ],
    "FTM": [
        0.802655740820738,
        0.801134376518028,
        0.803459569887883
    ],
    "INJ": [
        25.8086457389147,
        25.7996455630143,
        25.9201593958232
    ],
    "MKR": [
        2603.764646830637,
        2607.966977020812,
        2605.557480659932
    ],
    "ARKM": [
        2.626743482716449,
        2.628414754078233,
        2.629537862114028
    ],
    "RUNE": [
        6.03456702732535,
        6.01802229702477,
        6.01028574027434
    ],
    "FET": [
        2.04526473366355,
        2.04346854313891,
        2.04583167665612
    ],
    "qnt-quant": [
        89.09954329374334,
        89.29053894679737,
        89.18068230068229
    ],
    "wld-worldcoin": [
        4.8008876200515935,
        4.814079408272829,
        4.814422029194047
    ],
    "akt-akash-network": [
        4.474434808053693,
        4.470370146744559,
        4.468367975951689
    ],
    "neo-neo": [
        14.84135371352707,
        14.830700665764436,
        14.868243904780188
    ],
    "egld-elrond": [
        38.93717885450776,
        38.96699840842494,
        38.98290098749674
    ],
    "ron-ronin-token": [
        3.094725196634867,
        3.0963801290851447,
        3.0904214423246494
    ],
    "sand-the-sandbox": [
        0.4704910884684974,
        0.46904329354182994,
        0.46965454118937755
    ],
    "wbnb-wrapped-bnb": [
        704.6394581411995,
        704.3355929795232,
        704.3999365010438
    ],
    "rbn-ribbon-finance": [
        0.9885661800071454,
        0.9879724354960426,
        0.980782160787907
    ],
    "ordi-ordinals": [
        57.53049507055125,
        57.39556586811013,
        57.36050199195604
    ],
    "mina-mina-protocol": [
        0.8403662357285915,
        0.8393937148267467,
        0.8424536393039356
    ],
    "kcs-kucoin-token": [
        10.346744635410312,
        10.347008123366567,
        10.349959743358282
    ],
    "pendle-pendle": [
        5.959919564627718,
        5.969710669117777,
        5.973319183905758
    ],
    "xtz-tezos": [
        0.938097771461632,
        0.938373763146032,
        0.93794983991074
    ],
    "sei-sei": [
        0.5120220767409871,
        0.5115967219590993,
        0.5102479075094462
    ],
    "xec-ecash": [
        4.685353729126343e-05,
        4.691454328947019e-05,
        4.693983462787597e-05
    ],
    "msol-marinade-staked-sol": [
        203.96783322446865,
        202.92286595142852,
        202.81535554114038
    ],
    "cfx-conflux-network": [
        0.23053670355213657,
        0.2298903031275866,
        0.22991122493042945
    ],
    "matic-network": [
        0.72898,
        0.726032,
        0.726032
    ],
    "pepe": [
        1.444e-05,
        1.441e-05,
        1.441e-05
    ],
    "litecoin": [
        84.91,
        84.59,
        84.59
    ],
    "leo-token": [
        5.99,
        5.99,
        5.99
    ],
    "okb": [
        48.737290149404764,
        48.73878368989448,
        48.7295224254026
    ],
    "first-digital-usd": [
        1.0011004073121585,
        1.0007900276068011,
        1.0008822430337339
    ],
    "arweave": [
        41.991540285700886,
        41.92707119592816,
        41.90885569383812
    ],
    "optimism-ethereum": [
        2.4765106070582847,
        2.4756371211258594,
        2.4749474497774093
    ],
    "bittensor": [
        425.52836920589704,
        425.06939926703194,
        424.9216985953579
    ],