{
    "bitcoin": [
        69333,
        69333,
        69382
    ],
    "ethereum": [
        3783.06,
        3783.06,
        3782.86
    ],
    "tether": [
        1.001,
        1.001,
        0.999612
    ],
    "binancecoin": [
        623.98,
        623.98,
        624.81
    ],
    "solana": [
        165.57,
        165.57,
        166.03
    ],
    "staked-ether": [
        3781.92,
        3781.92,
        3782.65
    ],
    "usd-coin": [
        1.001,
        1.001,
        1.0
    ],
    "ripple": [
        0.519983,
        0.519983,
        0.519396
    ],
    "dogecoin": [
        0.160267,
        0.160267,
        0.160512
    ],
    "the-open-network": [
        6.69,
        6.69,
        6.68
    ],
    "cardano": [
        0.452347,
        0.452347,
        0.453448
    ],
    "shiba-inu": [
        2.469e-05,
        2.469e-05,
        2.474e-05
    ],
    "avalanche-2": [
        35.64,
        35.64,
        35.69
    ],
    "wrapped-bitcoin": [
        69291,
        69291,
        69372
    ],
    "chainlink": [
        17.66,
        17.66,
        17.74
    ],
    "tron": [
        0.113473,
        0.113473,
        0.113514
    ],
    "polkadot": [
        7.11,
        7.11,
        7.13
    ],
    "bitcoin-cash": [
        468.37,
        468.37,
        468.31
    ],
    "near": [
        7.28,
        7.28,
        7.28
    ],
    "uniswap": [
        9.64,
        9.64,
        9.62
    ],
    "internet-computer": [
        12.01,
        12.01,
        12.05
    ],
    "unus-sed-leo": [
        5.923810812706364,
        5.924793027850309
    ],
    "multi-collateral-dai": [
        1.0001541775823066,
        1.000069113199768
    ],
    "ethereum-classic": [
        29.24604814725347,
        29.20352121967086
    ],
    "aptos": [
        8.992600136711147,
        8.982041115151304,
        8.9975844698491
    ],
    "render": [
        10.030680582853766,
        10.030090274863829,
        10.02659220621624
    ],
    "hedera": [
        0.10185322153558368,
        0.10176316371143136,
        0.10187209107287766
    ],
    "kaspa": [
        0.16709646156477367,
        0.16770460015996966,
        0.16751978375299878
    ],
    "dogwifhat": [
        3.4090289675025547,
        3.406634067070941,
        3.4288116868032574
    ],
    "cosmos": [
        8.432637971003533,
        8.429739211925607,
        8.434089643820874
    ],
    "immutable-x": [
        2.242500049731128,
        2.2450856693779375,
        2.2458562391607346
    ],
    "filecoin": [
        5.816468574309712,
        5.813816448652444,
        5.815031409989207
    ],
    "arbitrum": [
        1.1208970785147183,
        1.1196240541668185,
        1.1192048114047566
    ],
    "mantle": [
        0.9685489197418221,
        0.967910476750741,
        0.9677748254551409
    ],
    "stellar": [
        0.10618800094335791,
        0.10621299685079753,
        0.10624204041050814
    ],
    "cronos": [
        0.10992942925157574,
        0.10996953809474068,
        0.10996713789996126
    ],
    "monero": [
        151.89437830280784,
        151.94778838386387,
        151.82461365160424
    ],
    "stacks": [
        1.921942784521608,
        1.9239710650399888,
        1.9233955575748112
    ],
    "the-graph": [
        0.29847459785039626,
        0.29802234658525506,
        0.2983196802705903
    ],
    "bttc-bittorrent-chain": [
        1.15889289087597e-06,
        1.15675555902094e-06,
        1.15853890005701e-06
    ],
    "cheelee-cheelee": [
        20.675486906159943,
        20.669414858999097,
        20.696808920061304
    ],
    "VET": [
        0.0342648619606039,
        0.0341757644980644
    ],
    "STX": [
        1.96018090681332,
        1.94312681136669
    ],
    "FLR": [
        0.0280572218861115,
        0.0280389009629798
    ],
    "XMR": [
        155.295737980525,
        155.188147347795
    ],
    "SAGA": [
        2.827609212773917,
        2.81039661314113
    ],
    "AR": [
        43.18042703963509,
        42.9957677008812
    ],
    "ZETA": [
        1.34315063641458,
        1.33600332024875
    ],
    "BGB": [
        1.3705,
        1.3705
    ],
    "FLOKI": [
        0.00027295,
        0.00027004
    ],
    "ENS": [
        25.3792626718371,
        25.3896416651676,
        25.4502553369825
    ],
    "PIXEL": [
        0.5048456534680248,
        0.5075035299704171,
        0.5091358288893804
    ],
    "FTM": [
        0.81494311061099,
        0.810825200275531,
        0.810846650526059
    ],
    "INJ": [
        25.5073407918225,
        25.5011956225503,
        25.4585608635893
    ],
    "MKR": [
        2579.06702558911,
        2579.10408266148,
        2579.06426240576
    ],
    "ARKM": [
        2.494587472487386,
        2.4954,
        2.4943
    ],
    "RUNE": [
        6.03,
        6.03150654546054,
        6.03116492159077
    ],
    "FET": [
        2.15932863766602,
        2.16158164381527,
        2.16151858562287
    ],
    "qnt-quant": [
        91.24680365543968,
        91.22591295241446,
        91.1473709501159
    ],
    "wld-worldcoin": [
        4.75793191315385,
        4.758661371809782,
        4.758128566451372
    ],
    "akt-akash-network": [
        4.490718741989411,
        4.488668986627795,
        4.484416222960185
    ],
    "neo-neo": [
        14.818677518525032,
        14.829177677251687,
        14.835407531424304
    ],
    "egld-elrond": [
        39.049447024275324,
        39.096886639615064,
        39.10600125558237
    ],
    "ron-ronin-token": [
        3.243339125792223,
        3.2456312895240087,
        3.25437162303392
    ],
    "sand-the-sandbox": [
        0.4557665217016541,
        0.4569566917263802,
        0.45598999558456216
    ],
    "wbnb-wrapped-bnb": [
        623.9309870615757,
        624.3253412172933,
        624.6345368789746
    ],
    "rbn-ribbon-finance": [
        0.9826241836237312,
        0.9819753771790269,
        0.9815991107781139
    ],
    "ordi-ordinals": [
        46.966287309135716,
        47.06991743459772,
        47.0349115051404
    ],
    "mina-mina-protocol": [
        0.8760455848642196,
        0.8756647826148786,
        0.8784651319017945
    ],
    "kcs-kucoin-token": [
        10.049390293088107,
        10.044487633454022,
        10.060860376207145
    ],
    "pendle-pendle": [
        6.140040589388386,
        6.127172710869021,
        6.15775737369908
    ],
    "xtz-tezos": [
        0.9356100921203495,
        0.9348343430548648,
        0.9350332512582168
    ],
    "sei-sei": [
        0.5074051324250275,
        0.5064108168471784,
        0.5063739242295023
    ],
    "xec-ecash": [
        4.66537559913442e-05,
        4.683643089690514e-05,
        4.68614073353008e-05
    ],
    "msol-marinade-staked-sol": [
        197.30658925913409,
        197.25645279343055,
        197.4919788071509
    ],
    "cfx-conflux-network": [
        0.22170532142155652,
        0.22101760440123894,
        0.22168268238358732
    ],
    "matic-network": [
        0.704121,
        0.704121,
        0.705132
    ],
    "pepe": [
        1.493e-05,
        1.493e-05,
        1.49e-05
    ],
    "litecoin": [
        83.29,
        83.29,
        83.28
    ],
    "leo-token": [
        5.97,
        5.97,
        5.96
    ],
    "okb": [
        46.761510824738785,
        46.77345260041154,
        46.75037530811303
    ],
    "first-digital-usd": [
        0.9996101455990188,
        0.9998371712491736,
        0.9996152873109366
    ],
    "arweave": [
        43.44244686540727,
        43.32500969679059,
        43.33934577576013
    ],
    "optimism-ethereum": [
        2.4206979418026906,
        2.41954530622504,
        2.42114072108405
    ],
    "bittensor": [
        378.26464397520533,
        377.55634664548467,
        377.58758509125
    ],