{
    "bitcoin": [
        68766,
        68766,
        68590
    ],
    "ethereum": [
        3757.3,
        3757.3,
        3746.29
    ],
    "tether": [
        1.0,
        1.0,
        1.0
    ],
    "binancecoin": [
        628.41,
        628.41,
        625.75
    ],
    "solana": [
        164.9,
        164.9,
        164.5
    ],
    "staked-ether": [
        3754.09,
        3754.09,
        3744.8
    ],
    "usd-coin": [
        1.0,
        1.0,
        1.0
    ],
    "ripple": [
        0.520255,
        0.520255,
        0.520516
    ],
    "dogecoin": [
        0.157551,
        0.157551,
        0.157211
    ],
    "the-open-network": [
        6.88,
        6.88,
        6.88
    ],
    "cardano": [
        0.454084,
        0.454084,
        0.453067
    ],
    "shiba-inu": [
        2.379e-05,
        2.379e-05,
        2.37e-05
    ],
    "avalanche-2": [
        34.72,
        34.72,
        34.59
    ],
    "wrapped-bitcoin": [
        68768,
        68768,
        68638
    ],
    "chainlink": [
        17.57,
        17.57,
        17.51
    ],
    "tron": [
        0.11327,
        0.11327,
        0.113191
    ],
    "polkadot": [
        6.98,
        6.98,
        6.95
    ],
    "bitcoin-cash": [
        467.14,
        467.14,
        466.81
    ],
    "near": [
        7.09,
        7.09,
        7.07
    ],
    "uniswap": [
        9.47,
        9.47,
        9.42
    ],
    "internet-computer": [
        12.06,
        12.06,
        12.04
    ],
    "unus-sed-leo": [
        5.923810812706364,
        5.924793027850309
    ],
    "multi-collateral-dai": [
        1.0001541775823066,
        1.000069113199768
    ],
    "ethereum-classic": [
        28.27596062525895,
        28.245398257432665,
        28.209715278628575
    ],
    "aptos": [
        8.838684086513574,
        8.830383532368131,
        8.818076353611112
    ],
    "render": [
        10.023715489310067,
        10.002983214848182,
        9.99609808296683
    ],
    "hedera": [
        0.1003527020376559,
        0.1001736550592793,
        0.1001269697427474
    ],
    "kaspa": [
        0.1749001485040954,
        0.17564676986106906,
        0.17545327727692198
    ],
    "dogwifhat": [
        3.219385950227061,
        3.2153833492687167,
        3.2071323288631994
    ],
    "cosmos": [
        8.323478341204492,
        8.310506782375382,
        8.303908685231026
    ],
    "immutable-x": [
        2.256273393907695,
        2.253301782088145,
        2.2508552289760497
    ],
    "filecoin": [
        5.736118665636463,
        5.730137935296858,
        5.720253689497292
    ],
    "arbitrum": [
        1.0843054495116862,
        1.081454831915103,
        1.0782506492866302
    ],
    "mantle": [
        0.9552360244581948,
        0.9527847431454608,
        0.951023585437176
    ],
    "stellar": [
        0.10438009697075311,
        0.10425489964651931,
        0.1041943525005836
    ],
    "cronos": [
        0.10547586628080874,
        0.1052544303633729,
        0.10596480764843061
    ],
    "monero": [
        156.01189612274996,
        156.50642975855254,
        155.85164126497688
    ],
    "stacks": [
        1.9503113746513976,
        1.9453929761844235,
        1.9443468438361087
    ],
    "the-graph": [
        0.2915298088694327,
        0.2909347996435414,
        0.29056057447056477
    ],
    "bttc-bittorrent-chain": [
        1.13026896640191e-06,
        1.12992900415402e-06,
        1.12821313004155e-06
    ],
    "cheelee-cheelee": [
        20.395295014304427,
        20.4070742840949,
        20.41245017273199
    ],
    "VET": [
        0.0342648619606039,
        0.0341757644980644
    ],
    "STX": [
        1.96018090681332,
        1.94312681136669
    ],
    "FLR": [
        0.0280572218861115,
        0.0280389009629798
    ],
    "XMR": [
        155.295737980525,
        155.188147347795
    ],
    "SAGA": [
        2.827609212773917,
        2.81039661314113
    ],
    "AR": [
        43.18042703963509,
        42.9957677008812
    ],
    "ZETA": [
        1.34315063641458,
        1.33600332024875
    ],
    "BGB": [
        1.3705,
        1.3705
    ],
    "FLOKI": [
        0.00026691,
        0.00026701,
        0.00025869
    ],
    "ENS": [
        24.8501395105315,
        24.8010262943202,
        24.7716036325303
    ],
    "PIXEL": [
        0.5075035299704171,
        0.5091358288893804,
        0.5094
    ],
    "FTM": [
        0.81494311061099,
        0.810825200275531,
        0.810846650526059
    ],
    "INJ": [
        24.2561659430522,
        24.2614175902,
        24.2338274460196
    ],
    "MKR": [
        2579.92939086964,
        2565.97797413587,
        2566.42637836626
    ],
    "ARKM": [
        2.4311,
        2.427,
        2.4259
    ],
    "RUNE": [
        5.97789290972796,
        5.96544239580508,
        5.96761780713681
    ],
    "FET": [
        2.09091092290782,
        2.08400591562514,
        2.08136879039298
    ],
    "qnt-quant": [
        90.73565642914636,
        90.65939084811674,
        90.63594419839485
    ],
    "wld-worldcoin": [
        4.711823006104314,
        4.718579382070897,
        4.712538995810638
    ],
    "akt-akash-network": [
        4.308727558873098,
        4.306411244386329,
        4.312686902035894
    ],
    "neo-neo": [
        14.722146008184275,
        14.739992400475888,
        14.704405482213613
    ],
    "egld-elrond": [
        38.73109669930124,
        38.71304130157945,
        38.71488548444052
    ],
    "ron-ronin-token": [
        3.124716147294708,
        3.1071489110621755,
        3.1059582968016484
    ],
    "sand-the-sandbox": [
        0.4481355965931937,
        0.44741624657032125,
        0.44796582489822706
    ],
    "wbnb-wrapped-bnb": [
        628.7847531817536,
        627.51024887155,
        627.312319042787
    ],
    "rbn-ribbon-finance": [
        0.9885661800071454,
        0.9879724354960426,
        0.980782160787907
    ],
    "ordi-ordinals": [
        47.55972994788394,
        47.57437543970263,
        47.51964894703508
    ],
    "mina-mina-protocol": [
        0.8471970269067755,
        0.8436556758244704,
        0.8413921239582159
    ],
    "kcs-kucoin-token": [
        10.039562186379314,
        10.058402199838287,
        10.034469095649992
    ],
    "pendle-pendle": [
        6.172489237469881,
        6.144683401908864,
        6.11126095027586
    ],
    "xtz-tezos": [
        0.9281196478758482,
        0.9266425486272335,
        0.9270648879287148
    ],
    "sei-sei": [
        0.5038692718608762,
        0.5026469312144526,
        0.49952945811723914
    ],
    "xec-ecash": [
        4.553992734199346e-05,
        4.554568766392384e-05,
        4.533294950379168e-05
    ],
    "msol-marinade-staked-sol": [
        196.22180701359127,
        196.12191274143618,
        195.94396123868242
    ],
    "cfx-conflux-network": [
        0.21692909055657633,
        0.21729882219032942,
        0.21647421665496966
    ],
    "matic-network": [
        0.700654,
        0.700654,
        0.698027
    ],
    "pepe": [
        1.417e-05,
        1.417e-05,
        1.411e-05
    ],
    "litecoin": [
        81.43,
        81.43,
        81.22
    ],
    "leo-token": [
        6.04,
        6.04,
        6.03
    ],
    "okb": [
        47.097678777491105,
        47.09258101136958,
        47.17160758541308
    ],
    "first-digital-usd": [
        0.999969841752717,
        0.9999138977670375,
        0.9997605908225577
    ],
    "arweave": [
        44.34519292578219,
        44.35459062505671,
        44.116854579215435
    ],
    "optimism-ethereum": [
        2.4047095915708874,
        2.399468202935255,
        2.3989138589927372
    ],
    "bittensor": [
        380.54982364977997,
        380.0413237000239,
        380.24393656846763
    ],