{
    "bitcoin": [
        71342,
        71237,
        71313
    ],
    "ethereum": [
        3824.19,
        3814.68,
        3816.68
    ],
    "tether": [
        0.999992,
        0.999945,
        0.999974
    ],
    "binancecoin": [
        708.55,
        705.88,
        706.5
    ],
    "solana": [
        172.37,
        171.93,
        172.12
    ],
    "staked-ether": [
        3820.52,
        3813.61,
        3814.46
    ],
    "usd-coin": [
        0.999749,
        0.999926,
        1.0
    ],
    "ripple": [
        0.524585,
        0.524413,
        0.52478
    ],
    "dogecoin": [
        0.16203,
        0.161621,
        0.161711
    ],
    "the-open-network": [
        7.66,
        7.66,
        7.68
    ],
    "cardano": [
        0.462796,
        0.460878,
        0.461453
    ],
    "shiba-inu": [
        2.542e-05,
        2.533e-05,
        2.533e-05
    ],
    "avalanche-2": [
        36.04,
        36.03,
        36.06
    ],
    "wrapped-bitcoin": [
        71376,
        71238,
        71305
    ],
    "chainlink": [
        17.52,
        17.52,
        17.55
    ],
    "tron": [
        0.113949,
        0.114036,
        0.114021
    ],
    "polkadot": [
        7.19,
        7.17,
        7.18
    ],
    "bitcoin-cash": [
        516.87,
        517.89,
        516.77
    ],
    "near": [
        7.42,
        7.39,
        7.43
    ],
    "uniswap": [
        10.72,
        10.68,
        10.71
    ],
    "internet-computer": [
        12.04,
        12.03,
        12.04
    ],
    "unus-sed-leo": [
        5.923810812706364,
        5.924793027850309
    ],
    "multi-collateral-dai": [
        1.0001541775823066,
        1.000069113199768
    ],
    "ethereum-classic": [
        29.387441989129655,
        29.460698955719895,
        29.423851669313404
    ],
    "aptos": [
        9.18148478113623,
        9.163065119631268,
        9.165953606361061
    ],
    "render": [
        10.445148386854747,
        10.407489162782513,
        10.43259600601921
    ],
    "hedera": [
        0.10173824433627122,
        0.10135400637357592,
        0.10132195035304599
    ],
    "kaspa": [
        0.17168194397744585,
        0.17173217121140685,
        0.1728634971899199
    ],
    "dogwifhat": [
        3.2877681207198326,
        3.279568242445942,
        3.280688561419603
    ],
    "cosmos": [
        8.648769487210648,
        8.651909439948799,
        8.652445098817175
    ],
    "immutable-x": [
        2.2535791064542914,
        2.2529638136238854,
        2.2478999582865034
    ],
    "filecoin": [
        5.973770815491942,
        5.976637379036812,
        6.000221343237288
    ],
    "arbitrum": [
        1.0961824832724025,
        1.094718774067088,
        1.0946268915389186
    ],
    "mantle": [
        1.0258205565217562,
        1.025122726023979,
        1.0255930620889573
    ],
    "stellar": [
        0.10604582132492434,
        0.10594613233038723,
        0.1059219095424729
    ],
    "cronos": [
        0.11460111048086496,
        0.11477812650852356,
        0.11474418095512799
    ],
    "monero": [
        168.22260506754364,
        171.15684930668036,
        171.31940222382366
    ],
    "stacks": [
        2.3704583012440574,
        2.398473746112001,
        2.3926910007853657
    ],
    "the-graph": [
        0.29538512906334274,
        0.29522372111883066,
        0.29474512257416124
    ],
    "bttc-bittorrent-chain": [
        1.16536678943626e-06,
        1.16557513492254e-06,
        1.16526629144384e-06
    ],
    "cheelee-cheelee": [
        21.282399319896506,
        21.22271310593899,
        21.302212115660442
    ],
    "VET": [
        0.0342648619606039,
        0.0341757644980644
    ],
    "STX": [
        1.96018090681332,
        1.94312681136669
    ],
    "FLR": [
        0.0280572218861115,
        0.0280389009629798
    ],
    "XMR": [
        155.295737980525,
        155.188147347795
    ],
    "SAGA": [
        2.827609212773917,
        2.81039661314113
    ],
    "AR": [
        43.18042703963509,
        42.9957677008812
    ],
    "ZETA": [
        1.22988208366352,
        1.23250889339322,
        1.23341199405814
    ],
    "BGB": [
        1.2225,
        1.2225,
        1.2225
    ],
    "FLOKI": [
        0.00026691,
        0.00026701,
        0.00025869
    ],
    "ENS": [
        23.9401969474517,
        23.9205221654304,
        23.9494527142712
    ],
    "PIXEL": [
        0.49779,
        0.49594,
        0.4955
    ],
    "FTM": [
        0.806479533698492,
        0.803021610310486,
        0.803688396269601
    ],
    "INJ": [
        25.8086457389147,
        25.7996455630143,
        25.9201593958232
    ],
    "MKR": [
        2606.853562778067,
        2607.660152326096,
        2606.282414282635
    ],
    "ARKM": [
        2.626743482716449,
        2.628414754078233,
        2.629537862114028
    ],
    "RUNE": [
        6.089149396708,
        6.09121360799836,
        6.09829892434899
    ],
    "FET": [
        2.04838181372092,
        2.04226692345129,
        2.0411790266325
    ],
    "qnt-quant": [
        90.52916574325359,
        90.38831578819448,
        90.50431878131745
    ],
    "wld-worldcoin": [
        4.934457543140074,
        4.91477436216261,
        4.914325772858386
    ],
    "akt-akash-network": [
        4.510758833866958,
        4.502027757918076,
        4.5053579996178925
    ],
    "neo-neo": [
        15.140449915792518,
        15.11652810967503,
        15.128944296920503
    ],
    "egld-elrond": [
        39.24054149610375,
        39.32809715147749,
        39.311974907549704
    ],
    "ron-ronin-token": [
        3.0958370655385155,
        3.086096936837192,
        3.082101725362473
    ],
    "sand-the-sandbox": [
        0.4722955661044424,
        0.47306278473262087,
        0.4716286597955463
    ],
    "wbnb-wrapped-bnb": [
        709.3104825161852,
        707.7390368517114,
        705.9638882413592
    ],
    "rbn-ribbon-finance": [
        0.9885661800071454,
        0.9879724354960426,
        0.980782160787907
    ],
    "ordi-ordinals": [
        59.52972295433975,
        61.33747661601033,
        61.36280367361481
    ],
    "mina-mina-protocol": [
        0.845011897373379,
        0.8439043862416337,
        0.8462492524646281
    ],
    "kcs-kucoin-token": [
        10.36455673216541,
        10.350851355216538,
        10.368133057093567
    ],
    "pendle-pendle": [
        5.960038852646536,
        5.962168463958034,
        5.943225000538904
    ],
    "xtz-tezos": [
        0.9450842343378044,
        0.942779189730406,
        0.941879733328482
    ],
    "sei-sei": [
        0.5247480149066678,
        0.527062023483633,
        0.5358425845378249
    ],
    "xec-ecash": [
        4.685353729126343e-05,
        4.691454328947019e-05,
        4.693983462787597e-05
    ],
    "msol-marinade-staked-sol": [
        205.1143634289577,
        205.04643722856173,
        205.05400544292007
    ],
    "cfx-conflux-network": [
        0.23188655796108498,
        0.23254171101591506,
        0.23096137867515587
    ],
    "matic-network": [
        0.725798,
        0.723305,
        0.723265
    ],
    "pepe": [
        1.442e-05,
        1.442e-05,
        1.444e-05
    ],
    "litecoin": [
        84.58,
        84.24,
        84.28
    ],
    "leo-token": [
        5.99,
        5.99,
        5.99
    ],
    "okb": [
        49.35986305821737,
        49.513546898377314,
        49.602670546763555
    ],
    "first-digital-usd": [
        1.001187345702012,
        1.001202937408113,
        1.001098219321618
    ],
    "arweave": [
        42.04431717408135,
        42.18627539377139,
        42.32552746977024
    ],
    "optimism-ethereum": [
        2.51064179560843,
        2.5116724473393837,
        2.5044660260156673
    ],
    "bittensor": [
        423.2601380114628,
        423.36657305329925,
        423.1679349531007
    ],