{
    "bitcoin": [
        69124,
        69304,
        69304
    ],
    "ethereum": [
        3679.21,
        3688.9,
        3688.9
    ],
    "tether": [
        0.999726,
        0.999615,
        0.999615
    ],
    "binancecoin": [
        681.49,
        683.9,
        683.9
    ],
    "solana": [
        162.37,
        162.63,
        162.63
    ],
    "staked-ether": [
        3678.11,
        3687.96,
        3687.96
    ],
    "usd-coin": [
        0.999634,
        1.0,
        1.0
    ],
    "ripple": [
        0.497382,
        0.499576,
        0.499576
    ],
    "dogecoin": [
        0.148448,
        0.149136,
        0.149136
    ],
    "the-open-network": [
        7.2,
        7.21,
        7.21
    ],
    "cardano": [
        0.450416,
        0.450613,
        0.450613
    ],
    "shiba-inu": [
        2.357e-05,
        2.36e-05,
        2.36e-05
    ],
    "avalanche-2": [
        33.51,
        33.51,
        33.51
    ],
    "wrapped-bitcoin": [
        69137,
        69316,
        69316
    ],
    "chainlink": [
        16.32,
        16.31,
        16.31
    ],
    "tron": [
        0.112609,
        0.112559,
        0.112559
    ],
    "polkadot": [
        6.65,
        6.62,
        6.62
    ],
    "bitcoin-cash": [
        482.37,
        482.36,
        482.36
    ],
    "near": [
        6.76,
        6.79,
        6.79
    ],
    "uniswap": [
        9.8,
        9.76,
        9.76
    ],
    "internet-computer": [
        11.54,
        11.55,
        11.55
    ],
    "unus-sed-leo": [
        5.923810812706364,
        5.924793027850309
    ],
    "multi-collateral-dai": [
        1.0001541775823066,
        1.000069113199768
    ],
    "ethereum-classic": [
        26.571766666494675,
        26.635876915691053,
        26.65296384300906
    ],
    "aptos": [
        8.531451915703029,
        8.565836708558072,
        8.563329773626656
    ],
    "render": [
        9.565215634485059,
        9.580218802160038,
        9.577091296774363
    ],
    "hedera": [
        0.09461469772763659,
        0.09400796399964398,
        0.09422011118863859
    ],
    "kaspa": [
        0.1633533276357087,
        0.16498475911303048,
        0.16525243828098782
    ],
    "dogwifhat": [
        2.7985886622305602,
        2.8150205755179036,
        2.82961865787582
    ],
    "cosmos": [
        8.089508958905814,
        8.070411819552042,
        8.092287224573864
    ],
    "immutable-x": [
        2.1161642419285682,
        2.108542542574502,
        2.109387699998163
    ],
    "filecoin": [
        6.062434485271025,
        6.053020149898614,
        6.020097896247777
    ],
    "arbitrum": [
        0.9903839442310167,
        0.9915887604359941,
        0.9921830155842813
    ],
    "mantle": [
        0.9584362185196486,
        0.9600849638885968,
        0.9613040209013441
    ],
    "stellar": [
        0.09974461890906466,
        0.09985756649735078,
        0.09987277138711356
    ],
    "cronos": [
        0.11171799868584995,
        0.11190924608575187,
        0.11195141124049954
    ],
    "monero": [
        156.9981754834171,
        157.33148546566508,
        157.84500782184386
    ],
    "stacks": [
        2.1707234109390674,
        2.1713573666414434,
        2.170836926304619
    ],
    "the-graph": [
        0.27415605545258465,
        0.2731411395724835,
        0.27267554374030256
    ],
    "bttc-bittorrent-chain": [
        1.11943329161624e-06,
        1.1220516986988e-06,
        1.12858965010166e-06
    ],
    "cheelee-cheelee": [
        20.84046296714171,
        20.74012502510653,
        20.773804069670476
    ],
    "VET": [
        0.0342648619606039,
        0.0341757644980644
    ],
    "STX": [
        1.96018090681332,
        1.94312681136669
    ],
    "FLR": [
        0.0280572218861115,
        0.0280389009629798
    ],
    "XMR": [
        155.295737980525,
        155.188147347795
    ],
    "SAGA": [
        2.827609212773917,
        2.81039661314113
    ],
    "AR": [
        43.18042703963509,
        42.9957677008812
    ],
    "ZETA": [
        1.11698886903034,
        1.1142736398709,
        1.12400151652205
    ],
    "BGB": [
        1.1906,
        1.1906,
        1.1906
    ],
    "FLOKI": [
        0.00026691,
        0.00026701,
        0.00025869
    ],
    "ENS": [
        21.8396889847473,
        21.9602841608782,
        21.9607729342523
    ],
    "PIXEL": [
        0.43962,
        0.43891,
        0.44008
    ],
    "FTM": [
        0.717283708740123,
        0.719597504470836,
        0.719967267555984
    ],
    "INJ": [
        25.8086457389147,
        25.7996455630143,
        25.9201593958232
    ],
    "MKR": [
        2594.894715936144,
        2596.414635467978,
        2594.250306521202
    ],
    "ARKM": [
        2.626743482716449,
        2.628414754078233,
        2.629537862114028
    ],
    "RUNE": [
        5.60473457298906,
        5.62019103836885,
        5.6204221328717
    ],
    "FET": [
        1.84422470781819,
        1.84214353661794,
        1.84663411264777
    ],
    "qnt-quant": [
        85.8557121233706,
        85.98425670037129,
        85.98737187994989
    ],
    "wld-worldcoin": [
        4.345397025708895,
        4.351145565426326,
        4.356451015850136
    ],
    "akt-akash-network": [
        4.235374668237801,
        4.246989453158074,
        4.233493511972887
    ],
    "neo-neo": [
        14.215174484620091,
        14.12187947813253,
        14.182383498629665
    ],
    "egld-elrond": [
        36.60286811494852,
        36.34637690870357,
        36.39064488437857
    ],
    "ron-ronin-token": [
        2.9258556198406915,
        2.919559339785088,
        2.918195049141394
    ],
    "sand-the-sandbox": [
        0.43775168463016667,
        0.4357416269962624,
        0.4357021964988504
    ],
    "wbnb-wrapped-bnb": [
        682.6290155056859,
        683.5298368035104,
        682.9343241915594
    ],
    "rbn-ribbon-finance": [
        0.9885661800071454,
        0.9879724354960426,
        0.980782160787907
    ],
    "ordi-ordinals": [
        62.09291343912357,
        62.099473141626135,
        62.26669803898842
    ],
    "mina-mina-protocol": [
        0.8014266928714991,
        0.8028878410600719,
        0.8034601379457338
    ],
    "kcs-kucoin-token": [
        10.258350263819212,
        10.33361941929121,
        10.332654015553693
    ],
    "pendle-pendle": [
        5.920309844791598,
        5.9140184541053245,
        5.911927372558721
    ],
    "xtz-tezos": [
        0.8761650353110579,
        0.8741937012872864,
        0.8739191804707144
    ],
    "sei-sei": [
        0.5115803669917592,
        0.5073038345872997,
        0.5054955460888889
    ],
    "xec-ecash": [
        4.379838988875873e-05,
        4.377440118694574e-05,
        4.350130025389726e-05
    ],
    "msol-marinade-staked-sol": [
        194.1926683893841,
        193.98969217111096,
        194.26406193036684
    ],
    "cfx-conflux-network": [
        0.2272375731725614,
        0.2272375731725614,
        0.22709059873310986
    ],
    "matic-network": [
        0.665038,
        0.664964,
        0.664964
    ],
    "pepe": [
        1.275e-05,
        1.281e-05,
        1.281e-05
    ],
    "litecoin": [
        79.84,
        79.96,
        79.96
    ],
    "leo-token": [
        6.02,
        6.01,
        6.01
    ],
    "okb": [
        48.087507359932786,
        48.13445477526154,
        48.08264582878482
    ],
    "first-digital-usd": [
        1.0006629070167132,
        1.001090219300974,
        1.0005166392703593
    ],
    "arweave": [
        38.907996205686466,
        38.93070741787089,
        38.88541132166557
    ],
    "optimism-ethereum": [
        2.2469807916416586,
        2.2460616301387737,
        2.24976457695383
    ],
    "bittensor": [
        394.82615051890093,
        388.9889496525931,
        388.42941469877695
    ],