{
    "bitcoin": [
        70835,
        70835,
        70835
    ],
    "ethereum": [
        3800.63,
        3800.63,
        3800.63
    ],
    "tether": [
        1.0,
        1.0,
        1.0
    ],
    "binancecoin": [
        705.23,
        705.23,
        705.23
    ],
    "solana": [
        170.69,
        170.69,
        170.69
    ],
    "staked-ether": [
        3796.83,
        3796.83,
        3796.83
    ],
    "usd-coin": [
        1.0,
        1.0,
        1.0
    ],
    "ripple": [
        0.52081,
        0.52081,
        0.52081
    ],
    "dogecoin": [
        0.160873,
        0.160873,
        0.160873
    ],
    "the-open-network": [
        7.38,
        7.38,
        7.38
    ],
    "cardano": [
        0.456636,
        0.456636,
        0.456636
    ],
    "shiba-inu": [
        2.536e-05,
        2.536e-05,
        2.536e-05
    ],
    "avalanche-2": [
        36.15,
        36.15,
        36.15
    ],
    "wrapped-bitcoin": [
        70940,
        70940,
        70940
    ],
    "chainlink": [
        17.38,
        17.38,
        17.38
    ],
    "tron": [
        0.114712,
        0.114712,
        0.114712
    ],
    "polkadot": [
        7.13,
        7.13,
        7.13
    ],
    "bitcoin-cash": [
        495.02,
        495.02,
        495.02
    ],
    "near": [
        7.34,
        7.34,
        7.34
    ],
    "uniswap": [
        10.62,
        10.62,
        10.62
    ],
    "internet-computer": [
        12.09,
        12.09,
        12.09
    ],
    "unus-sed-leo": [
        5.923810812706364,
        5.924793027850309
    ],
    "multi-collateral-dai": [
        1.0001541775823066,
        1.000069113199768
    ],
    "ethereum-classic": [
        29.387441989129655,
        29.460698955719895,
        29.423851669313404
    ],
    "aptos": [
        9.083323925203507,
        9.067509779889553,
        9.078858912444215
    ],
    "render": [
        10.457087371713076,
        10.423939771186662,
        10.424108034486585
    ],
    "hedera": [
        0.10130926148894388,
        0.1011352428738433,
        0.10116089279502347
    ],
    "kaspa": [
        0.17413613206063772,
        0.17345628983885128,
        0.17360255699477334
    ],
    "dogwifhat": [
        3.2900688202910344,
        3.275136462049778,
        3.27871426088153
    ],
    "cosmos": [
        8.602818125122388,
        8.579649902017374,
        8.587261295621184
    ],
    "immutable-x": [
        2.2170909822605447,
        2.2095771136755533,
        2.2109133071550113
    ],
    "filecoin": [
        5.934836444733165,
        5.9300539417537355,
        5.936906865186624
    ],
    "arbitrum": [
        1.0907252496650433,
        1.0893965795943634,
        1.0897561785511123
    ],
    "mantle": [
        1.0384292160500508,
        1.0371182308444604,
        1.0371600200485551
    ],
    "stellar": [
        0.10530984906541326,
        0.10524319184037562,
        0.10526313069413912
    ],
    "cronos": [
        0.11250710025797366,
        0.11245748673773387,
        0.11247912792614068
    ],
    "monero": [
        164.70248468724722,
        164.7303886539909,
        164.82601808914416
    ],
    "stacks": [
        2.313496096543596,
        2.3067287312867415,
        2.3161792519977813
    ],
    "the-graph": [
        0.29360153294206964,
        0.2929291715534403,
        0.29303396960369743
    ],
    "bttc-bittorrent-chain": [
        1.16759197952492e-06,
        1.1644082588246e-06,
        1.16074165720481e-06
    ],
    "cheelee-cheelee": [
        21.10290241011016,
        21.157974058676835,
        21.18019897893406
    ],
    "VET": [
        0.0342648619606039,
        0.0341757644980644
    ],
    "STX": [
        1.96018090681332,
        1.94312681136669
    ],
    "FLR": [
        0.0280572218861115,
        0.0280389009629798
    ],
    "XMR": [
        155.295737980525,
        155.188147347795
    ],
    "SAGA": [
        2.827609212773917,
        2.81039661314113
    ],
    "AR": [
        43.18042703963509,
        42.9957677008812
    ],
    "ZETA": [
        1.34315063641458,
        1.33600332024875
    ],
    "BGB": [
        1.1918,
        1.21,
        1.21
    ],
    "FLOKI": [
        0.00026691,
        0.00026701,
        0.00025869
    ],
    "ENS": [
        23.9900184357117,
        23.9708769405332,
        24.0873294792084
    ],
    "PIXEL": [
        0.48977,
        0.48902,
        0.48947
    ],
    "FTM": [
        0.80315977761363,
        0.802655740820738,
        0.801134376518028
    ],
    "INJ": [
        25.8086457389147,
        25.7996455630143,
        25.9201593958232
    ],
    "MKR": [
        2611.337745218549,
        2603.764646830637,
        2607.966977020812
    ],
    "ARKM": [
        2.626743482716449,
        2.628414754078233,
        2.629537862114028
    ],
    "RUNE": [
        6.03487988418294,
        6.03447151927175,
        6.03456702732535
    ],
    "FET": [
        2.05016570121104,
        2.04355225962668,
        2.04526473366355
    ],
    "qnt-quant": [
        89.41308625150091,
        89.14806806208887,
        89.09954329374334
    ],
    "wld-worldcoin": [
        4.8269960488925765,
        4.819562332826227,
        4.8008876200515935
    ],
    "akt-akash-network": [
        4.479425405511284,
        4.47292804396523,
        4.474434808053693
    ],
    "neo-neo": [
        14.89139003938924,
        14.869044968122537,
        14.84135371352707
    ],
    "egld-elrond": [
        39.13219453363593,
        39.04910821263763,
        38.93717885450776
    ],
    "ron-ronin-token": [
        3.1007294447086573,
        3.101182903834158,
        3.094725196634867
    ],
    "sand-the-sandbox": [
        0.47220688672938,
        0.47193969924580664,
        0.4704910884684974
    ],
    "wbnb-wrapped-bnb": [
        705.3803110394957,
        705.1452503485348,
        704.6394581411995
    ],
    "rbn-ribbon-finance": [
        0.9885661800071454,
        0.9879724354960426,
        0.980782160787907
    ],
    "ordi-ordinals": [
        57.55306931177949,
        57.65487877463872,
        57.53049507055125
    ],
    "mina-mina-protocol": [
        0.8454937832914731,
        0.8427196179671046,
        0.8403662357285915
    ],
    "kcs-kucoin-token": [
        10.344292092422007,
        10.340316554602436,
        10.346744635410312
    ],
    "pendle-pendle": [
        5.963022884968255,
        5.95826830788422,
        5.959919564627718
    ],
    "xtz-tezos": [
        0.9415313519620906,
        0.9383602176237117,
        0.938097771461632
    ],
    "sei-sei": [
        0.5120220767409871,
        0.5115967219590993,
        0.5102479075094462
    ],
    "xec-ecash": [
        4.685353729126343e-05,
        4.691454328947019e-05,
        4.693983462787597e-05
    ],
    "msol-marinade-staked-sol": [
        203.18890688355313,
        202.90980332774,
        203.96783322446865
    ],
    "cfx-conflux-network": [
        0.2314832964725936,
        0.23003205327149445,
        0.23053670355213657
    ],
    "matic-network": [
        0.72898,
        0.72898,
        0.72898
    ],
    "pepe": [
        1.444e-05,
        1.444e-05,
        1.444e-05
    ],
    "litecoin": [
        84.91,
        84.91,
        84.91
    ],
    "leo-token": [
        5.99,
        5.99,
        5.99
    ],
    "okb": [
        48.779547280221934,
        48.761327874635505,
        48.737290149404764
    ],
    "first-digital-usd": [
        1.000846088892122,
        1.0007807655103562,
        1.0011004073121585
    ],
    "arweave": [
        41.88423105656251,
        41.80567756963207,
        41.991540285700886
    ],
    "optimism-ethereum": [
        2.47937428849022,
        2.476341194808389,
        2.4765106070582847
    ],
    "bittensor": [
        425.79546503653455,
        424.1479222795262,
        425.52836920589704
    ],