{
    "bitcoin": [
        70973,
        70973,
        70868
    ],
    "ethereum": [
        3803.63,
        3803.63,
        3794.26
    ],
    "tether": [
        1.0,
        1.0,
        0.999338
    ],
    "binancecoin": [
        697.42,
        697.42,
        696.1
    ],
    "solana": [
        173.51,
        173.51,
        173.33
    ],
    "staked-ether": [
        3801.01,
        3801.01,
        3793.96
    ],
    "usd-coin": [
        0.99972,
        0.99972,
        0.999413
    ],
    "ripple": [
        0.528782,
        0.528782,
        0.527649
    ],
    "dogecoin": [
        0.16318,
        0.16318,
        0.162858
    ],
    "the-open-network": [
        7.45,
        7.45,
        7.47
    ],
    "cardano": [
        0.461153,
        0.461153,
        0.460283
    ],
    "shiba-inu": [
        2.616e-05,
        2.616e-05,
        2.603e-05
    ],
    "avalanche-2": [
        36.41,
        36.41,
        36.28
    ],
    "wrapped-bitcoin": [
        70965,
        70965,
        70936
    ],
    "chainlink": [
        17.84,
        17.84,
        17.86
    ],
    "tron": [
        0.114007,
        0.114007,
        0.113932
    ],
    "polkadot": [
        7.22,
        7.22,
        7.2
    ],
    "bitcoin-cash": [
        484.17,
        484.17,
        483.9
    ],
    "near": [
        7.54,
        7.54,
        7.5
    ],
    "uniswap": [
        11.12,
        11.12,
        11.08
    ],
    "internet-computer": [
        12.44,
        12.44,
        12.42
    ],
    "unus-sed-leo": [
        5.923810812706364,
        5.924793027850309
    ],
    "multi-collateral-dai": [
        1.0001541775823066,
        1.000069113199768
    ],
    "ethereum-classic": [
        28.245398257432665,
        28.209715278628575,
        28.280479846943802
    ],
    "aptos": [
        9.255456742133898,
        9.251798949176237,
        9.241378765609547
    ],
    "render": [
        10.513810999661683,
        10.500496979708773,
        10.465965918407086
    ],
    "hedera": [
        0.10324960115561096,
        0.1031637322028564,
        0.10308115577569371
    ],
    "kaspa": [
        0.180761837194103,
        0.18075507703949825,
        0.18120027003005768
    ],
    "dogwifhat": [
        3.5434435779973223,
        3.5136689351093477,
        3.505882499745269
    ],
    "cosmos": [
        8.576967282291797,
        8.570235976309585,
        8.561711024668256
    ],
    "immutable-x": [
        2.289948920982294,
        2.291528468755522,
        2.290940800231222
    ],
    "filecoin": [
        5.9884053900754255,
        5.981428583596509,
        5.987502173248749
    ],
    "arbitrum": [
        1.1203369812564103,
        1.1203161149078877,
        1.1184253258566086
    ],
    "mantle": [
        0.9722989975169243,
        0.9722688243848957,
        0.9689462115306623
    ],
    "stellar": [
        0.1067267274487695,
        0.10673186781853197,
        0.106720896354694
    ],
    "cronos": [
        0.11326324100461965,
        0.11328123590100701,
        0.11311898413669325
    ],
    "monero": [
        163.5977404492909,
        163.57352836154774,
        163.26908028896818
    ],
    "stacks": [
        2.230623558431266,
        2.2305049564112753,
        2.2300800869428308
    ],
    "the-graph": [
        0.30100435190300195,
        0.3009737158676247,
        0.300715017514143
    ],
    "bttc-bittorrent-chain": [
        1.16773894368247e-06,
        1.16648878135138e-06,
        1.16399978274405e-06
    ],
    "cheelee-cheelee": [
        21.08359725562267,
        21.027879946324592,
        21.01755746102723
    ],
    "VET": [
        0.0342648619606039,
        0.0341757644980644
    ],
    "STX": [
        1.96018090681332,
        1.94312681136669
    ],
    "FLR": [
        0.0280572218861115,
        0.0280389009629798
    ],
    "XMR": [
        155.295737980525,
        155.188147347795
    ],
    "SAGA": [
        2.827609212773917,
        2.81039661314113
    ],
    "AR": [
        43.18042703963509,
        42.9957677008812
    ],
    "ZETA": [
        1.34315063641458,
        1.33600332024875
    ],
    "BGB": [
        1.3705,
        1.3705
    ],
    "FLOKI": [
        0.00026691,
        0.00026701,
        0.00025869
    ],
    "ENS": [
        24.9680191346728,
        24.9035682032599,
        24.8237697619182
    ],
    "PIXEL": [
        0.49553,
        0.49521,
        0.49323
    ],
    "FTM": [
        0.81494311061099,
        0.810825200275531,
        0.810846650526059
    ],
    "INJ": [
        25.8086457389147,
        25.7996455630143,
        25.9201593958232
    ],
    "MKR": [
        2658.89260369574,
        2655.56278151193,
        2646.61559260119
    ],
    "ARKM": [
        2.4701,
        2.4832,
        2.4884
    ],
    "RUNE": [
        6.30174193376398,
        6.25681918759905,
        6.30179725641171
    ],
    "FET": [
        2.16631963469214,
        2.16139645269967,
        2.15490417889181
    ],
    "qnt-quant": [
        90.82387607084776,
        90.77628982296689,
        90.53312399408313
    ],
    "wld-worldcoin": [
        4.887967441967047,
        4.884202627525087,
        4.887464055019127
    ],
    "akt-akash-network": [
        4.532927214755367,
        4.519282923110775,
        4.525525047095676
    ],
    "neo-neo": [
        15.16348965118182,
        15.17496034786044,
        15.170019689273147
    ],
    "egld-elrond": [
        40.04637061508092,
        39.82688063715101,
        39.84257778038704
    ],
    "ron-ronin-token": [
        3.1053221666123485,
        3.100094786931037,
        3.0994957029759607
    ],
    "sand-the-sandbox": [
        0.46392457746495946,
        0.46458260632292947,
        0.462809738295111
    ],
    "wbnb-wrapped-bnb": [
        698.8132676343116,
        698.4818862404737,
        696.6012826289235
    ],
    "rbn-ribbon-finance": [
        0.9885661800071454,
        0.9879724354960426,
        0.980782160787907
    ],
    "ordi-ordinals": [
        57.10001981333397,
        57.027484368728956,
        56.95152634075875
    ],
    "mina-mina-protocol": [
        0.8590613697754657,
        0.8573088592146693,
        0.8581827419904893
    ],
    "kcs-kucoin-token": [
        10.13842636745684,
        10.133520292976751,
        10.140300790489103
    ],
    "pendle-pendle": [
        6.101947555620972,
        6.085058277332737,
        6.09304089186707
    ],
    "xtz-tezos": [
        0.9514582004241351,
        0.9516058248880903,
        0.9501252070655197
    ],
    "sei-sei": [
        0.5216256985734707,
        0.5216429599058013,
        0.5210958647233599
    ],
    "xec-ecash": [
        4.741062198562232e-05,
        4.739652055068064e-05,
        4.736592484684997e-05
    ],
    "msol-marinade-staked-sol": [
        206.28484975273673,
        206.37071715057272,
        206.4188589947503
    ],
    "cfx-conflux-network": [
        0.2212985412578897,
        0.2216218147611572,
        0.2294484355944873
    ],
    "matic-network": [
        0.715439,
        0.715439,
        0.713724
    ],
    "pepe": [
        1.459e-05,
        1.459e-05,
        1.452e-05
    ],
    "litecoin": [
        84.14,
        84.14,
        84.34
    ],
    "leo-token": [
        5.95,
        5.95,
        5.95
    ],
    "okb": [
        49.251176752473675,
        49.23332645288407,
        49.36097515483304
    ],
    "first-digital-usd": [
        1.0000766557574716,
        0.9998013351988665,
        0.9997773512278167
    ],
    "arweave": [
        45.065238422701164,
        44.97429305936124,
        44.84814374233949
    ],
    "optimism-ethereum": [
        2.5172642080427194,
        2.5180420247955686,
        2.5175402143136028
    ],
    "bittensor": [
        403.430442391644,
        401.74023812777256,
        402.3267098925133
    ],