{
    "bitcoin": [
        70814,
        70814,
        70535
    ],
    "ethereum": [
        3817.24,
        3817.24,
        3813.88
    ],
    "tether": [
        0.999595,
        0.999595,
        0.99891
    ],
    "binancecoin": [
        662.75,
        662.75,
        666.26
    ],
    "solana": [
        169.27,
        169.27,
        168.67
    ],
    "staked-ether": [
        3814.9,
        3814.9,
        3813.82
    ],
    "usd-coin": [
        1.0,
        1.0,
        0.998526
    ],
    "ripple": [
        0.528046,
        0.528046,
        0.527481
    ],
    "dogecoin": [
        0.161176,
        0.161176,
        0.160553
    ],
    "the-open-network": [
        6.94,
        6.94,
        6.96
    ],
    "cardano": [
        0.461202,
        0.461202,
        0.460416
    ],
    "shiba-inu": [
        2.447e-05,
        2.447e-05,
        2.434e-05
    ],
    "avalanche-2": [
        35.74,
        35.74,
        35.81
    ],
    "wrapped-bitcoin": [
        70765,
        70765,
        70538
    ],
    "chainlink": [
        17.8,
        17.8,
        17.76
    ],
    "tron": [
        0.114224,
        0.114224,
        0.11399
    ],
    "polkadot": [
        7.17,
        7.17,
        7.15
    ],
    "bitcoin-cash": [
        478.6,
        478.6,
        477.23
    ],
    "near": [
        7.46,
        7.46,
        7.38
    ],
    "uniswap": [
        10.32,
        10.32,
        10.43
    ],
    "internet-computer": [
        12.28,
        12.28,
        12.24
    ],
    "unus-sed-leo": [
        5.923810812706364,
        5.924793027850309
    ],
    "multi-collateral-dai": [
        1.0001541775823066,
        1.000069113199768
    ],
    "ethereum-classic": [
        28.245398257432665,
        28.209715278628575,
        28.280479846943802
    ],
    "aptos": [
        9.088869327937951,
        9.116656437809635,
        9.150527058384553
    ],
    "render": [
        10.385514990832556,
        10.390430068755053,
        10.382755896373398
    ],
    "hedera": [
        0.10185006250876859,
        0.10172514566454675,
        0.10182895788833383
    ],
    "kaspa": [
        0.1795569776838639,
        0.1793643494145317,
        0.18000243510542716
    ],
    "dogwifhat": [
        3.432141505132763,
        3.429514854903764,
        3.40858235695874
    ],
    "cosmos": [
        8.500735024061855,
        8.500461000659937,
        8.49257307734787
    ],
    "immutable-x": [
        2.320868586602861,
        2.3173201146733358,
        2.3087164337578723
    ],
    "filecoin": [
        5.920980593286966,
        5.923536012512038,
        5.919607902121969
    ],
    "arbitrum": [
        1.1067028893003468,
        1.1039613477628754,
        1.104481689867027
    ],
    "mantle": [
        0.96837720516001,
        0.9701255116098058,
        0.9733969340486335
    ],
    "stellar": [
        0.106678625291503,
        0.10664952503425136,
        0.10647205522392479
    ],
    "cronos": [
        0.10853122424398991,
        0.10895282431270087,
        0.10878894361311497
    ],
    "monero": [
        158.6235806442856,
        158.67910607250255,
        158.19715662097775
    ],
    "stacks": [
        2.0962567068505655,
        2.0878502857705965,
        2.0737131541590927
    ],
    "the-graph": [
        0.30054911302646,
        0.3000813177403302,
        0.2998900868193989
    ],
    "bttc-bittorrent-chain": [
        1.15270493112196e-06,
        1.15435636138626e-06,
        1.15270935263964e-06
    ],
    "cheelee-cheelee": [
        20.598247632893006,
        20.615628242894502,
        20.624919534452474
    ],
    "VET": [
        0.0342648619606039,
        0.0341757644980644
    ],
    "STX": [
        1.96018090681332,
        1.94312681136669
    ],
    "FLR": [
        0.0280572218861115,
        0.0280389009629798
    ],
    "XMR": [
        155.295737980525,
        155.188147347795
    ],
    "SAGA": [
        2.827609212773917,
        2.81039661314113
    ],
    "AR": [
        43.18042703963509,
        42.9957677008812
    ],
    "ZETA": [
        1.34315063641458,
        1.33600332024875
    ],
    "BGB": [
        1.3705,
        1.3705
    ],
    "FLOKI": [
        0.00026691,
        0.00026701,
        0.00025869
    ],
    "ENS": [
        25.2430160556126,
        25.2785658257422,
        25.4066860217835
    ],
    "PIXEL": [
        0.49085,
        0.49014,
        0.49096
    ],
    "FTM": [
        0.81494311061099,
        0.810825200275531,
        0.810846650526059
    ],
    "INJ": [
        25.512247537519,
        25.5142567051893,
        25.4723318535192
    ],
    "MKR": [
        2590.63019281697,
        2587.20372172934,
        2594.185177378
    ],
    "ARKM": [
        2.4701,
        2.4832,
        2.4884
    ],
    "RUNE": [
        6.17470504592002,
        6.18708032023869,
        6.18316291789175
    ],
    "FET": [
        2.12365601711269,
        2.12498084458254,
        2.12514646461678
    ],
    "qnt-quant": [
        91.17441576943496,
        91.25887209551452,
        91.03390178417669
    ],
    "wld-worldcoin": [
        4.786902407546978,
        4.7751752410909445,
        4.7710348091517565
    ],
    "akt-akash-network": [
        4.481226623233914,
        4.490188510284842,
        4.5054849280333915
    ],
    "neo-neo": [
        15.003378490749913,
        15.004702484719605,
        14.998771252855896
    ],
    "egld-elrond": [
        39.441675482570766,
        39.43334273456685,
        39.34501159968205
    ],
    "ron-ronin-token": [
        3.0961353420834965,
        3.0990408607994455,
        3.0971554815614857
    ],
    "sand-the-sandbox": [
        0.4603688719318284,
        0.4601325155094417,
        0.457827464527613
    ],
    "wbnb-wrapped-bnb": [
        663.1402626294989,
        662.948215954693,
        665.1692472117049
    ],
    "rbn-ribbon-finance": [
        0.9885661800071454,
        0.9879724354960426,
        0.980782160787907
    ],
    "ordi-ordinals": [
        53.70074521919335,
        53.76998358066353,
        53.83417017726913
    ],
    "mina-mina-protocol": [
        0.8497895401785842,
        0.8497077159545874,
        0.8486008189220803
    ],
    "kcs-kucoin-token": [
        10.081725710545584,
        10.069494589340946,
        10.091971275103147
    ],
    "pendle-pendle": [
        6.287223223046369,
        6.2701661326928235,
        6.278397069853166
    ],
    "xtz-tezos": [
        0.943296651782966,
        0.9446836244506054,
        0.9455949812140982
    ],
    "sei-sei": [
        0.525486509432259,
        0.5235496603701586,
        0.5228684903264255
    ],
    "xec-ecash": [
        4.669045643851963e-05,
        4.661630416627987e-05,
        4.655129319096164e-05
    ],
    "msol-marinade-staked-sol": [
        201.81671523498824,
        202.12779340579164,
        201.23744346948268
    ],
    "cfx-conflux-network": [
        0.22061992145879977,
        0.2203899502345216,
        0.22087957233667133
    ],
    "matic-network": [
        0.713407,
        0.713407,
        0.712102
    ],
    "pepe": [
        1.465e-05,
        1.465e-05,
        1.454e-05
    ],
    "litecoin": [
        82.92,
        82.92,
        82.89
    ],
    "leo-token": [
        5.94,
        5.94,
        5.94
    ],
    "okb": [
        47.628652023845724,
        48.75339245330842,
        48.81344100464524
    ],
    "first-digital-usd": [
        1.0003054611346105,
        1.000464279105485,
        1.0004350361486642
    ],
    "arweave": [
        45.350138387061904,
        45.32514743398625,
        45.43493498832257
    ],
    "optimism-ethereum": [
        2.44757642197695,
        2.444784014983902,
        2.4444880667662336
    ],
    "bittensor": [
        397.1994597382824,
        396.63940421840675,
        395.06447274461976
    ],