{
    "bitcoin": [
        71313,
        71313,
        71219
    ],
    "ethereum": [
        3816.68,
        3816.68,
        3814.47
    ],
    "tether": [
        0.999974,
        0.999974,
        0.999553
    ],
    "binancecoin": [
        706.5,
        706.5,
        707.0
    ],
    "solana": [
        172.12,
        172.12,
        171.88
    ],
    "staked-ether": [
        3814.46,
        3814.46,
        3813.58
    ],
    "usd-coin": [
        1.0,
        1.0,
        1.0
    ],
    "ripple": [
        0.52478,
        0.52478,
        0.523824
    ],
    "dogecoin": [
        0.161711,
        0.161711,
        0.161517
    ],
    "the-open-network": [
        7.68,
        7.68,
        7.68
    ],
    "cardano": [
        0.461453,
        0.461453,
        0.461652
    ],
    "shiba-inu": [
        2.533e-05,
        2.533e-05,
        2.53e-05
    ],
    "avalanche-2": [
        36.06,
        36.06,
        35.97
    ],
    "wrapped-bitcoin": [
        71305,
        71305,
        71199
    ],
    "chainlink": [
        17.55,
        17.55,
        17.54
    ],
    "tron": [
        0.114021,
        0.114021,
        0.113952
    ],
    "polkadot": [
        7.18,
        7.18,
        7.18
    ],
    "bitcoin-cash": [
        516.77,
        516.77,
        512.95
    ],
    "near": [
        7.43,
        7.43,
        7.42
    ],
    "uniswap": [
        10.71,
        10.71,
        10.69
    ],
    "internet-computer": [
        12.04,
        12.04,
        12.04
    ],
    "unus-sed-leo": [
        5.923810812706364,
        5.924793027850309
    ],
    "multi-collateral-dai": [
        1.0001541775823066,
        1.000069113199768
    ],
    "ethereum-classic": [
        29.387441989129655,
        29.460698955719895,
        29.423851669313404
    ],
    "aptos": [
        9.165953606361061,
        9.177916496438828,
        9.165853343016538
    ],
    "render": [
        10.43259600601921,
        10.42349627848152,
        10.411339664864956
    ],
    "hedera": [
        0.10132195035304599,
        0.10114016340611484,
        0.10097637414559296
    ],
    "kaspa": [
        0.1728634971899199,
        0.17248238669598442,
        0.17217658769881727
    ],
    "dogwifhat": [
        3.280688561419603,
        3.272208322955755,
        3.2707164246655855
    ],
    "cosmos": [
        8.652445098817175,
        8.649306978604372,
        8.651212127275926
    ],
    "immutable-x": [
        2.2478999582865034,
        2.247354165632177,
        2.2463977184526627
    ],
    "filecoin": [
        6.000221343237288,
        5.9954165709042915,
        5.9949802460491375
    ],
    "arbitrum": [
        1.0946268915389186,
        1.0937239375774228,
        1.092585468545528
    ],
    "mantle": [
        1.0255930620889573,
        1.0251401334391488,
        1.0243975345039316
    ],
    "stellar": [
        0.1059219095424729,
        0.10593026177114925,
        0.1058977357113313
    ],
    "cronos": [
        0.11474418095512799,
        0.11465671624585144,
        0.11445544526356223
    ],
    "monero": [
        171.31940222382366,
        171.18841548316982,
        170.1723732461139
    ],
    "stacks": [
        2.3926910007853657,
        2.3809915575025205,
        2.3766810535104104
    ],
    "the-graph": [
        0.29474512257416124,
        0.2943809387624488,
        0.2941701891898559
    ],
    "bttc-bittorrent-chain": [
        1.16526629144384e-06,
        1.16484623729656e-06,
        1.1648143487433e-06
    ],
    "cheelee-cheelee": [
        21.302212115660442,
        21.262830620856914,
        21.265267417342468
    ],
    "VET": [
        0.0342648619606039,
        0.0341757644980644
    ],
    "STX": [
        1.96018090681332,
        1.94312681136669
    ],
    "FLR": [
        0.0280572218861115,
        0.0280389009629798
    ],
    "XMR": [
        155.295737980525,
        155.188147347795
    ],
    "SAGA": [
        2.827609212773917,
        2.81039661314113
    ],
    "AR": [
        43.18042703963509,
        42.9957677008812
    ],
    "ZETA": [
        1.22988208366352,
        1.23250889339322,
        1.23341199405814
    ],
    "BGB": [
        1.2225,
        1.2225,
        1.2225
    ],
    "FLOKI": [
        0.00026691,
        0.00026701,
        0.00025869
    ],
    "ENS": [
        23.9494527142712,
        23.9496224506961,
        23.9696788895224
    ],
    "PIXEL": [
        0.4955,
        0.49391,
        0.49477
    ],
    "FTM": [
        0.806479533698492,
        0.803021610310486,
        0.803688396269601
    ],
    "INJ": [
        25.8086457389147,
        25.7996455630143,
        25.9201593958232
    ],
    "MKR": [
        2606.282414282635,
        2604.855409435478,
        2605.384196988144
    ],
    "ARKM": [
        2.626743482716449,
        2.628414754078233,
        2.629537862114028
    ],
    "RUNE": [
        6.09829892434899,
        6.09629576647451,
        6.09745206198067
    ],
    "FET": [
        2.0411790266325,
        2.03703077147376,
        2.03342052570153
    ],
    "qnt-quant": [
        90.50431878131745,
        90.51925571529084,
        90.40728640595412
    ],
    "wld-worldcoin": [
        4.914325772858386,
        4.909224744308658,
        4.900047221418725
    ],
    "akt-akash-network": [
        4.5053579996178925,
        4.504745864338088,
        4.50599023450898
    ],
    "neo-neo": [
        15.128944296920503,
        15.142099562214925,
        15.096938120892093
    ],
    "egld-elrond": [
        39.311974907549704,
        39.34978300229841,
        39.29193399821303
    ],
    "ron-ronin-token": [
        3.082101725362473,
        3.088264284775882,
        3.077737252514427
    ],
    "sand-the-sandbox": [
        0.4716286597955463,
        0.47138451388924946,
        0.4711974669976819
    ],
    "wbnb-wrapped-bnb": [
        705.9638882413592,
        707.1264322346254,
        706.7795338258262
    ],
    "rbn-ribbon-finance": [
        0.9885661800071454,
        0.9879724354960426,
        0.980782160787907
    ],
    "ordi-ordinals": [
        59.52972295433975,
        61.33747661601033,
        61.36280367361481
    ],
    "mina-mina-protocol": [
        0.8462492524646281,
        0.846905467347365,
        0.8466300936923601
    ],
    "kcs-kucoin-token": [
        10.368133057093567,
        10.35625864042183,
        10.375952509101204
    ],
    "pendle-pendle": [
        5.943225000538904,
        5.957545232247382,
        5.950448752243206
    ],
    "xtz-tezos": [
        0.9450842343378044,
        0.942779189730406,
        0.941879733328482
    ],
    "sei-sei": [
        0.5358425845378249,
        0.5363334300888094,
        0.5321617622835485
    ],
    "xec-ecash": [
        4.685353729126343e-05,
        4.691454328947019e-05,
        4.693983462787597e-05
    ],
    "msol-marinade-staked-sol": [
        205.05400544292007,
        205.33479145750024,
        204.9233597907449
    ],
    "cfx-conflux-network": [
        0.23096137867515587,
        0.23042161810163755,
        0.23043989836184997
    ],
    "matic-network": [
        0.723265,
        0.723265,
        0.722523
    ],
    "pepe": [
        1.444e-05,
        1.444e-05,
        1.441e-05
    ],
    "litecoin": [
        84.28,
        84.28,
        84.24
    ],
    "leo-token": [
        5.99,
        5.99,
        5.99
    ],
    "okb": [
        49.602670546763555,
        49.614795652862256,
        49.60075016041949
    ],
    "first-digital-usd": [
        1.001098219321618,
        1.0006760289667638,
        1.0011246387401125
    ],
    "arweave": [
        42.32552746977024,
        42.270898679794996,
        42.21368676842557
    ],
    "optimism-ethereum": [
        2.5044660260156673,
        2.502491704095614,
        2.5011459839417314
    ],
    "bittensor": [
        423.1679349531007,
        422.8566887193471,
        422.8975006064795
    ],