{
    "bitcoin": [
        70954,
        70954,
        70921
    ],
    "ethereum": [
        3850.86,
        3850.86,
        3847.15
    ],
    "tether": [
        1.0,
        1.0,
        0.999696
    ],
    "binancecoin": [
        705.05,
        705.05,
        707.71
    ],
    "solana": [
        172.94,
        172.94,
        172.67
    ],
    "staked-ether": [
        3849.0,
        3849.0,
        3845.06
    ],
    "usd-coin": [
        0.99989,
        0.99989,
        0.999903
    ],
    "ripple": [
        0.524185,
        0.524185,
        0.523607
    ],
    "dogecoin": [
        0.162188,
        0.162188,
        0.161952
    ],
    "the-open-network": [
        7.37,
        7.37,
        7.35
    ],
    "cardano": [
        0.458494,
        0.458494,
        0.458214
    ],
    "shiba-inu": [
        2.562e-05,
        2.562e-05,
        2.561e-05
    ],
    "avalanche-2": [
        36.59,
        36.59,
        36.63
    ],
    "wrapped-bitcoin": [
        71017,
        71017,
        70999
    ],
    "chainlink": [
        17.38,
        17.38,
        17.38
    ],
    "tron": [
        0.114747,
        0.114747,
        0.114691
    ],
    "polkadot": [
        7.2,
        7.2,
        7.2
    ],
    "bitcoin-cash": [
        492.03,
        492.03,
        492.09
    ],
    "near": [
        7.49,
        7.49,
        7.49
    ],
    "uniswap": [
        10.67,
        10.67,
        10.64
    ],
    "internet-computer": [
        12.15,
        12.15,
        12.13
    ],
    "unus-sed-leo": [
        5.923810812706364,
        5.924793027850309
    ],
    "multi-collateral-dai": [
        1.0001541775823066,
        1.000069113199768
    ],
    "ethereum-classic": [
        29.38879726777562,
        29.387441989129655,
        29.460698955719895
    ],
    "aptos": [
        9.168098689627087,
        9.183685870180344,
        9.176124525115698
    ],
    "render": [
        10.581039279021642,
        10.582775194409194,
        10.58133420860847
    ],
    "hedera": [
        0.10366133015670992,
        0.10373092623170123,
        0.10356787042877953
    ],
    "kaspa": [
        0.1810330576297782,
        0.1811204228992723,
        0.18114803787595096
    ],
    "dogwifhat": [
        3.3281320993877195,
        3.330492123772508,
        3.3302864527298617
    ],
    "cosmos": [
        8.622804802778544,
        8.63181733328223,
        8.623877403083991
    ],
    "immutable-x": [
        2.2717319271409484,
        2.2703526219816856,
        2.2713410289574854
    ],
    "filecoin": [
        6.078653312645651,
        6.070931807130293,
        6.062277769092999
    ],
    "arbitrum": [
        1.1078070431098046,
        1.1077570758642423,
        1.1076556464155642
    ],
    "mantle": [
        1.0339332897794609,
        1.0347231329130238,
        1.035024252022669
    ],
    "stellar": [
        0.1062578841627116,
        0.10625555392362702,
        0.10621303970145253
    ],
    "cronos": [
        0.11537564667668014,
        0.11542436148469529,
        0.11549940179784264
    ],
    "monero": [
        163.3932541877097,
        163.62626801288275,
        163.53683508074192
    ],
    "stacks": [
        2.3720325026925124,
        2.3684734628898423,
        2.3717713857552614
    ],
    "the-graph": [
        0.2987093145185885,
        0.2988155874732447,
        0.298472983158082
    ],
    "bttc-bittorrent-chain": [
        1.16570638486344e-06,
        1.16472875727864e-06,
        1.16706170583097e-06
    ],
    "cheelee-cheelee": [
        20.985856958761033,
        20.97893707898881,
        20.996995189012768
    ],
    "VET": [
        0.0342648619606039,
        0.0341757644980644
    ],
    "STX": [
        1.96018090681332,
        1.94312681136669
    ],
    "FLR": [
        0.0280572218861115,
        0.0280389009629798
    ],
    "XMR": [
        155.295737980525,
        155.188147347795
    ],
    "SAGA": [
        2.827609212773917,
        2.81039661314113
    ],
    "AR": [
        43.18042703963509,
        42.9957677008812
    ],
    "ZETA": [
        1.34315063641458,
        1.33600332024875
    ],
    "BGB": [
        1.2052,
        1.2052,
        1.2052
    ],
    "FLOKI": [
        0.00026691,
        0.00026701,
        0.00025869
    ],
    "ENS": [
        24.9793353824645,
        24.9694530835946,
        24.8901570296031
    ],
    "PIXEL": [
        0.49694,
        0.49631,
        0.49448
    ],
    "FTM": [
        0.813122254494612,
        0.814017225342486,
        0.814975057682819
    ],
    "INJ": [
        25.8086457389147,
        25.7996455630143,
        25.9201593958232
    ],
    "MKR": [
        2678.60835986045,
        2679.19881558213,
        2678.61942081851
    ],
    "ARKM": [
        2.626743482716449,
        2.628414754078233,
        2.629537862114028
    ],
    "RUNE": [
        6.12999281157235,
        6.12988859553754,
        6.12798200139949
    ],
    "FET": [
        2.11533390260066,
        2.11081703774744,
        2.10950563204914
    ],
    "qnt-quant": [
        90.44860394713298,
        90.45757888921433,
        90.48522670876167
    ],
    "wld-worldcoin": [
        5.040949049971416,
        5.0352842388819505,
        5.0301190447136035
    ],
    "akt-akash-network": [
        4.531662718123141,
        4.528144245870772,
        4.530020792016503
    ],
    "neo-neo": [
        15.100877605557878,
        15.094497166433426,
        15.081020583376956
    ],
    "egld-elrond": [
        39.70565787710755,
        39.78967918871695,
        39.697031286363064
    ],
    "ron-ronin-token": [
        3.152141490197436,
        3.149378100295432,
        3.1366402725229072
    ],
    "sand-the-sandbox": [
        0.46418119077771475,
        0.46489585814588424,
        0.46460839065538473
    ],
    "wbnb-wrapped-bnb": [
        704.7148295207778,
        704.8625159853246,
        707.0513853419121
    ],
    "rbn-ribbon-finance": [
        0.9885661800071454,
        0.9879724354960426,
        0.980782160787907
    ],
    "ordi-ordinals": [
        57.68153890505866,
        57.64285756360621,
        57.751819759528814
    ],
    "mina-mina-protocol": [
        0.8663458336938514,
        0.8675591692972584,
        0.8659919756430685
    ],
    "kcs-kucoin-token": [
        10.310784412002251,
        10.323508700529398,
        10.31906884951886
    ],
    "pendle-pendle": [
        6.048437032107627,
        6.054553196612846,
        6.033946428894053
    ],
    "xtz-tezos": [
        0.9398370254167767,
        0.9418412898048625,
        0.9412511013097253
    ],
    "sei-sei": [
        0.5218193004194525,
        0.5213030224439819,
        0.5200486707579992
    ],
    "xec-ecash": [
        4.698403044049539e-05,
        4.697552428226385e-05,
        4.715737572263624e-05
    ],
    "msol-marinade-staked-sol": [
        206.22434701039836,
        206.23440675283697,
        206.1448907575663
    ],
    "cfx-conflux-network": [
        0.2212985412578897,
        0.2216218147611572,
        0.2294484355944873
    ],
    "matic-network": [
        0.716873,
        0.716873,
        0.716572
    ],
    "pepe": [
        1.469e-05,
        1.469e-05,
        1.474e-05
    ],
    "litecoin": [
        85.13,
        85.13,
        85.15
    ],
    "leo-token": [
        6.03,
        6.02,
        6.02
    ],
    "okb": [
        48.78100631448907,
        48.99081964543354,
        48.78719960703501
    ],
    "first-digital-usd": [
        1.0011650077727499,
        1.0014435314217611,
        1.0016414181695492
    ],
    "arweave": [
        43.04352402736896,
        43.03420636652669,
        43.039316811358006
    ],
    "optimism-ethereum": [
        2.493035780176596,
        2.491619559661638,
        2.489586955635691
    ],
    "bittensor": [
        415.24073968572617,
        414.42971971452687,
        412.412486985465
    ],