{
    "bitcoin": [
        70818,
        71162,
        71162
    ],
    "ethereum": [
        3824.66,
        3836.37,
        3836.37
    ],
    "tether": [
        0.998999,
        1.0,
        1.0
    ],
    "binancecoin": [
        703.69,
        705.43,
        705.43
    ],
    "solana": [
        171.21,
        171.95,
        171.95
    ],
    "staked-ether": [
        3825.54,
        3831.31,
        3831.31
    ],
    "usd-coin": [
        0.999819,
        1.001,
        1.001
    ],
    "ripple": [
        0.524883,
        0.526428,
        0.526428
    ],
    "dogecoin": [
        0.16154,
        0.162247,
        0.162247
    ],
    "the-open-network": [
        7.3,
        7.37,
        7.37
    ],
    "cardano": [
        0.457806,
        0.459399,
        0.459399
    ],
    "shiba-inu": [
        2.532e-05,
        2.547e-05,
        2.547e-05
    ],
    "avalanche-2": [
        36.56,
        36.71,
        36.71
    ],
    "wrapped-bitcoin": [
        70926,
        71161,
        71161
    ],
    "chainlink": [
        17.32,
        17.4,
        17.4
    ],
    "tron": [
        0.1148,
        0.115046,
        0.115046
    ],
    "polkadot": [
        7.21,
        7.24,
        7.24
    ],
    "bitcoin-cash": [
        494.51,
        494.03,
        494.03
    ],
    "near": [
        7.4,
        7.43,
        7.43
    ],
    "uniswap": [
        10.67,
        10.71,
        10.71
    ],
    "internet-computer": [
        12.11,
        12.1,
        12.1
    ],
    "unus-sed-leo": [
        5.923810812706364,
        5.924793027850309
    ],
    "multi-collateral-dai": [
        1.0001541775823066,
        1.000069113199768
    ],
    "ethereum-classic": [
        29.387441989129655,
        29.460698955719895,
        29.423851669313404
    ],
    "aptos": [
        9.173343553285928,
        9.213916571768902,
        9.221753140782063
    ],
    "render": [
        10.584977714084113,
        10.632489562546393,
        10.632834116923357
    ],
    "hedera": [
        0.10224672936314107,
        0.10248710934575347,
        0.10267059245454951
    ],
    "kaspa": [
        0.1764506830390573,
        0.17698450932069582,
        0.17649164798791345
    ],
    "dogwifhat": [
        3.301186109883761,
        3.305661301048805,
        3.315623017220366
    ],
    "cosmos": [
        8.70344499247946,
        8.744758738766759,
        8.76039512790689
    ],
    "immutable-x": [
        2.225579103036461,
        2.2323987433207106,
        2.2368112252122163
    ],
    "filecoin": [
        5.965093665011871,
        5.989465584448084,
        5.997710778322086
    ],
    "arbitrum": [
        1.0977250101056475,
        1.1006586199086112,
        1.1019018612732951
    ],
    "mantle": [
        1.0313410529991782,
        1.033161879195143,
        1.0443967175372202
    ],
    "stellar": [
        0.10603236964525817,
        0.10633836820811707,
        0.10634617801688256
    ],
    "cronos": [
        0.11482622828194666,
        0.11515987317728651,
        0.11529985768489882
    ],
    "monero": [
        163.15630218674923,
        163.83488490523666,
        163.93269229069446
    ],
    "stacks": [
        2.310661910472466,
        2.338135681808309,
        2.343351922411534
    ],
    "the-graph": [
        0.2954780865619928,
        0.29669496592761063,
        0.29701527529559435
    ],
    "bttc-bittorrent-chain": [
        1.16829774242678e-06,
        1.16683673649327e-06,
        1.16772069315533e-06
    ],
    "cheelee-cheelee": [
        21.090492543214626,
        21.112591959046746,
        21.119735592382728
    ],
    "VET": [
        0.0342648619606039,
        0.0341757644980644
    ],
    "STX": [
        1.96018090681332,
        1.94312681136669
    ],
    "FLR": [
        0.0280572218861115,
        0.0280389009629798
    ],
    "XMR": [
        155.295737980525,
        155.188147347795
    ],
    "SAGA": [
        2.827609212773917,
        2.81039661314113
    ],
    "AR": [
        43.18042703963509,
        42.9957677008812
    ],
    "ZETA": [
        1.34315063641458,
        1.33600332024875
    ],
    "BGB": [
        1.2159,
        1.2159,
        1.2159
    ],
    "FLOKI": [
        0.00026691,
        0.00026701,
        0.00025869
    ],
    "ENS": [
        24.1297827870001,
        24.2470231812342,
        24.2390079695811
    ],
    "PIXEL": [
        0.4980800236669673,
        0.50337,
        0.5018814339091354
    ],
    "FTM": [
        0.813122254494612,
        0.814017225342486,
        0.814975057682819
    ],
    "INJ": [
        25.8086457389147,
        25.7996455630143,
        25.9201593958232
    ],
    "MKR": [
        2678.60835986045,
        2679.19881558213,
        2678.61942081851
    ],
    "ARKM": [
        2.626743482716449,
        2.628414754078233,
        2.629537862114028
    ],
    "RUNE": [
        6.10907565613121,
        6.12134944111197,
        6.12719651446623
    ],
    "FET": [
        2.08274856655923,
        2.08803467947892,
        2.09060005278738
    ],
    "qnt-quant": [
        90.24896729692622,
        90.30104228745166,
        90.25555526477483
    ],
    "wld-worldcoin": [
        4.853604304846972,
        4.86804174000336,
        4.880671146226763
    ],
    "akt-akash-network": [
        4.53304144485854,
        4.527594080867767,
        4.533518825125806
    ],
    "neo-neo": [
        15.090001147930518,
        15.233150353726813,
        15.237334672851393
    ],
    "egld-elrond": [
        39.471970358337856,
        39.53028528796602,
        39.619514645735215
    ],
    "ron-ronin-token": [
        3.122518890699489,
        3.1295549125178046,
        3.1335716301975274
    ],
    "sand-the-sandbox": [
        0.4770213917434934,
        0.47701909984015245,
        0.4799217939579261
    ],
    "wbnb-wrapped-bnb": [
        702.5342907740114,
        704.9388484682271,
        704.386435071008
    ],
    "rbn-ribbon-finance": [
        0.9885661800071454,
        0.9879724354960426,
        0.980782160787907
    ],
    "ordi-ordinals": [
        57.51309788745247,
        57.92986825492831,
        57.96994364726512
    ],
    "mina-mina-protocol": [
        0.8565012801524525,
        0.8594559648183123,
        0.8602505466852859
    ],
    "kcs-kucoin-token": [
        10.407788155612199,
        10.402259704027012,
        10.40828884778196
    ],
    "pendle-pendle": [
        5.952711596679308,
        5.9553294440960025,
        5.955403000029088
    ],
    "xtz-tezos": [
        0.9429885929335318,
        0.944418170673286,
        0.9472399354612039
    ],
    "sei-sei": [
        0.5190919655984858,
        0.5204047684919084,
        0.5213820345508416
    ],
    "xec-ecash": [
        4.685353729126343e-05,
        4.691454328947019e-05,
        4.693983462787597e-05
    ],
    "msol-marinade-staked-sol": [
        204.45900246027261,
        205.12323264699432,
        205.3606009050092
    ],
    "cfx-conflux-network": [
        0.23154722171349634,
        0.2313216625213335,
        0.2317105126664007
    ],
    "matic-network": [
        0.734052,
        0.736963,
        0.736963
    ],
    "pepe": [
        1.437e-05,
        1.445e-05,
        1.445e-05
    ],
    "litecoin": [
        85.17,
        85.33,
        85.33
    ],
    "leo-token": [
        6.03,
        6.02,
        6.02
    ],
    "okb": [
        48.85229932510231,
        48.918156422238276,
        48.89921104161834
    ],
    "first-digital-usd": [
        1.000443254161865,
        1.0009663898448848,
        1.000637971439837
    ],
    "arweave": [
        42.12559572613863,
        42.430778290272144,
        42.513771928687234
    ],
    "optimism-ethereum": [
        2.4894279570995854,
        2.497554626116025,
        2.5010703759065653
    ],
    "bittensor": [
        429.85657760047667,
        427.6757666232332,
        429.29902092795606
    ],