{
    "bitcoin": [
        70561,
        70561,
        70376
    ],
    "ethereum": [
        3821.19,
        3821.19,
        3805.96
    ],
    "tether": [
        0.999046,
        0.999046,
        1.0
    ],
    "binancecoin": [
        666.95,
        666.95,
        665.87
    ],
    "solana": [
        168.66,
        168.66,
        168.49
    ],
    "staked-ether": [
        3818.32,
        3818.32,
        3805.27
    ],
    "usd-coin": [
        0.999539,
        0.999539,
        0.999385
    ],
    "ripple": [
        0.528149,
        0.528149,
        0.526506
    ],
    "dogecoin": [
        0.160651,
        0.160651,
        0.160518
    ],
    "the-open-network": [
        7.0,
        7.0,
        7.01
    ],
    "cardano": [
        0.461,
        0.461,
        0.461565
    ],
    "shiba-inu": [
        2.441e-05,
        2.441e-05,
        2.438e-05
    ],
    "avalanche-2": [
        35.79,
        35.79,
        35.82
    ],
    "wrapped-bitcoin": [
        70553,
        70553,
        70434
    ],
    "chainlink": [
        17.8,
        17.8,
        17.73
    ],
    "tron": [
        0.114114,
        0.114114,
        0.114019
    ],
    "polkadot": [
        7.16,
        7.16,
        7.15
    ],
    "bitcoin-cash": [
        476.4,
        476.4,
        474.46
    ],
    "near": [
        7.4,
        7.4,
        7.4
    ],
    "uniswap": [
        10.73,
        10.73,
        10.73
    ],
    "internet-computer": [
        12.23,
        12.23,
        12.22
    ],
    "unus-sed-leo": [
        5.923810812706364,
        5.924793027850309
    ],
    "multi-collateral-dai": [
        1.0001541775823066,
        1.000069113199768
    ],
    "ethereum-classic": [
        28.245398257432665,
        28.209715278628575,
        28.280479846943802
    ],
    "aptos": [
        9.16263307906877,
        9.164540744372005,
        9.165109350639222
    ],
    "render": [
        10.365516674442038,
        10.339722717552865,
        10.337929409413785
    ],
    "hedera": [
        0.10204931126840011,
        0.10221944412821996,
        0.10206012150651896
    ],
    "kaspa": [
        0.17936725818971572,
        0.17986165656296452,
        0.1786773916760105
    ],
    "dogwifhat": [
        3.412579249914944,
        3.4163385353759885,
        3.4159217240769264
    ],
    "cosmos": [
        8.506562359495433,
        8.50107290768806,
        8.49624935223519
    ],
    "immutable-x": [
        2.3068297342744564,
        2.3068769731533036,
        2.3119017131888664
    ],
    "filecoin": [
        5.951799396956801,
        5.952280608077797,
        5.9453482294392135
    ],
    "arbitrum": [
        1.1090978465593948,
        1.108436254278315,
        1.1060774571872427
    ],
    "mantle": [
        0.9714656125512722,
        0.9717789496132836,
        0.9722039635610852
    ],
    "stellar": [
        0.10648765490303372,
        0.10640267178117233,
        0.10630766626307958
    ],
    "cronos": [
        0.10910201901367937,
        0.10891085516703143,
        0.10894921818809807
    ],
    "monero": [
        158.4026860173594,
        158.11180407991,
        157.43539545492993
    ],
    "stacks": [
        2.080387054184866,
        2.0820737499849513,
        2.0818083860764967
    ],
    "the-graph": [
        0.3009211857195121,
        0.3006696857245207,
        0.300705510890075
    ],
    "bttc-bittorrent-chain": [
        1.15328220291023e-06,
        1.1511043287203e-06,
        1.1533916286489e-06
    ],
    "cheelee-cheelee": [
        20.56620989893793,
        20.566191013281156,
        20.606787657214234
    ],
    "VET": [
        0.0342648619606039,
        0.0341757644980644
    ],
    "STX": [
        1.96018090681332,
        1.94312681136669
    ],
    "FLR": [
        0.0280572218861115,
        0.0280389009629798
    ],
    "XMR": [
        155.295737980525,
        155.188147347795
    ],
    "SAGA": [
        2.827609212773917,
        2.81039661314113
    ],
    "AR": [
        43.18042703963509,
        42.9957677008812
    ],
    "ZETA": [
        1.34315063641458,
        1.33600332024875
    ],
    "BGB": [
        1.3705,
        1.3705
    ],
    "FLOKI": [
        0.00026691,
        0.00026701,
        0.00025869
    ],
    "ENS": [
        25.5506958013493,
        25.4211685048791,
        25.3197323044921
    ],
    "PIXEL": [
        0.48994,
        0.4915,
        0.49057
    ],
    "FTM": [
        0.81494311061099,
        0.810825200275531,
        0.810846650526059
    ],
    "INJ": [
        25.2860252145978,
        25.2523596990041,
        25.1865740787268
    ],
    "MKR": [
        2601.14307461834,
        2601.65437014012,
        2603.65037896309
    ],
    "ARKM": [
        2.4701,
        2.4832,
        2.4884
    ],
    "RUNE": [
        6.17470504592002,
        6.18708032023869,
        6.18316291789175
    ],
    "FET": [
        2.1227323913823,
        2.12304547534884,
        2.1164516603948
    ],
    "qnt-quant": [
        91.0052475477636,
        91.09610865155359,
        91.15348180375835
    ],
    "wld-worldcoin": [
        4.776466731480122,
        4.759729754941532,
        4.766199861840324
    ],
    "akt-akash-network": [
        4.4912260044833126,
        4.507650476569266,
        4.475694431721535
    ],
    "neo-neo": [
        15.026658535947655,
        14.954226769192243,
        14.95231193442085
    ],
    "egld-elrond": [
        39.27487256579936,
        39.31799467365746,
        39.343397735991985
    ],
    "ron-ronin-token": [
        3.093026298392435,
        3.092449361435858,
        3.090527554482983
    ],
    "sand-the-sandbox": [
        0.4609752518127697,
        0.46077701680169264,
        0.46064500116296186
    ],
    "wbnb-wrapped-bnb": [
        669.8272285013245,
        665.8589744784015,
        665.61914197542
    ],
    "rbn-ribbon-finance": [
        0.9885661800071454,
        0.9879724354960426,
        0.980782160787907
    ],
    "ordi-ordinals": [
        53.67888399883658,
        53.82861172909997,
        54.17613320609169
    ],
    "mina-mina-protocol": [
        0.8499852804768383,
        0.8489795457222055,
        0.8495361794763778
    ],
    "kcs-kucoin-token": [
        10.078986431335196,
        10.081017500619499,
        10.073685592718748
    ],
    "pendle-pendle": [
        6.28046898121447,
        6.248658711792975,
        6.239749964176527
    ],
    "xtz-tezos": [
        0.9453117300181172,
        0.9469022635555381,
        0.9472958271184309
    ],
    "sei-sei": [
        0.5208195117112806,
        0.5199014192955786,
        0.5201623528304807
    ],
    "xec-ecash": [
        4.661891432075835e-05,
        4.661310440851829e-05,
        4.645731721651241e-05
    ],
    "msol-marinade-staked-sol": [
        200.9838570219567,
        200.99298534872827,
        200.8456484240185
    ],
    "cfx-conflux-network": [
        0.22084453338816415,
        0.22032510733524646,
        0.22074562202175887
    ],
    "matic-network": [
        0.713848,
        0.713848,
        0.712007
    ],
    "pepe": [
        1.45e-05,
        1.45e-05,
        1.441e-05
    ],
    "litecoin": [
        82.91,
        82.91,
        82.76
    ],
    "leo-token": [
        5.94,
        5.94,
        5.95
    ],
    "okb": [
        48.76317484496371,
        48.7405119652915,
        48.73870949301013
    ],
    "first-digital-usd": [
        1.0003486415797491,
        1.0002369934730009,
        1.000330584390271
    ],
    "arweave": [
        45.46110767422675,
        45.65450683569687,
        45.83892621882181
    ],
    "optimism-ethereum": [
        2.455005232355204,
        2.4519500804611885,
        2.447946831003396
    ],
    "bittensor": [
        396.4280280325878,
        396.1618856559439,
        394.1767350649805
    ],