{
    "bitcoin": [
        69257,
        69343,
        69343
    ],
    "ethereum": [
        3775.66,
        3774.17,
        3774.17
    ],
    "tether": [
        1.002,
        1.001,
        1.001
    ],
    "binancecoin": [
        649.03,
        649.91,
        649.91
    ],
    "solana": [
        165.9,
        166.01,
        166.01
    ],
    "staked-ether": [
        3773.32,
        3774.76,
        3774.76
    ],
    "usd-coin": [
        1.0,
        1.001,
        1.001
    ],
    "ripple": [
        0.52488,
        0.525083,
        0.525083
    ],
    "dogecoin": [
        0.159099,
        0.159194,
        0.159194
    ],
    "the-open-network": [
        6.93,
        6.88,
        6.88
    ],
    "cardano": [
        0.45612,
        0.456073,
        0.456073
    ],
    "shiba-inu": [
        2.388e-05,
        2.392e-05,
        2.392e-05
    ],
    "avalanche-2": [
        34.97,
        34.93,
        34.93
    ],
    "wrapped-bitcoin": [
        69107,
        69270,
        69270
    ],
    "chainlink": [
        17.81,
        17.8,
        17.8
    ],
    "tron": [
        0.113916,
        0.113954,
        0.113954
    ],
    "polkadot": [
        7.02,
        7.02,
        7.02
    ],
    "bitcoin-cash": [
        467.5,
        467.27,
        467.27
    ],
    "near": [
        7.15,
        7.16,
        7.16
    ],
    "uniswap": [
        9.6,
        9.58,
        9.58
    ],
    "internet-computer": [
        12.32,
        12.33,
        12.33
    ],
    "unus-sed-leo": [
        5.923810812706364,
        5.924793027850309
    ],
    "multi-collateral-dai": [
        1.0001541775823066,
        1.000069113199768
    ],
    "ethereum-classic": [
        28.245398257432665,
        28.209715278628575,
        28.280479846943802
    ],
    "aptos": [
        8.842293070795652,
        8.842489243652475,
        8.84908205592869
    ],
    "render": [
        10.363507989079118,
        10.406816204609443,
        10.395377969671793
    ],
    "hedera": [
        0.10032953152769787,
        0.10054796577614766,
        0.1005959438470812
    ],
    "kaspa": [
        0.1727386325493325,
        0.17247411326695475,
        0.17192568640979664
    ],
    "dogwifhat": [
        3.2521270408391763,
        3.2572906927316962,
        3.2577716292423524
    ],
    "cosmos": [
        8.365264688651523,
        8.372795992411763,
        8.369843666828404
    ],
    "immutable-x": [
        2.268522080915251,
        2.2713695153788276,
        2.2709031397302235
    ],
    "filecoin": [
        5.842392059666612,
        5.846925031670847,
        5.844848964476705
    ],
    "arbitrum": [
        1.0881284234156288,
        1.0879141813000388,
        1.0889259806443707
    ],
    "mantle": [
        0.9566727975164828,
        0.9581226506521254,
        0.9564434104637239
    ],
    "stellar": [
        0.10514195557291929,
        0.10517432583175826,
        0.10511090834442369
    ],
    "cronos": [
        0.10784059424201542,
        0.10799976884522712,
        0.10793758786372945
    ],
    "monero": [
        156.41851336836123,
        156.64000166627665,
        156.9441591688329
    ],
    "stacks": [
        1.9913943489744428,
        1.9941243168066107,
        1.9901089976796638
    ],
    "the-graph": [
        0.2970677497463424,
        0.2972779274364333,
        0.2969581272563203
    ],
    "bttc-bittorrent-chain": [
        1.13815549731827e-06,
        1.13891698234382e-06,
        1.13785733109858e-06
    ],
    "cheelee-cheelee": [
        20.345755134216173,
        20.40395132815424,
        20.408988506313452
    ],
    "VET": [
        0.0342648619606039,
        0.0341757644980644
    ],
    "STX": [
        1.96018090681332,
        1.94312681136669
    ],
    "FLR": [
        0.0280572218861115,
        0.0280389009629798
    ],
    "XMR": [
        155.295737980525,
        155.188147347795
    ],
    "SAGA": [
        2.827609212773917,
        2.81039661314113
    ],
    "AR": [
        43.18042703963509,
        42.9957677008812
    ],
    "ZETA": [
        1.34315063641458,
        1.33600332024875
    ],
    "BGB": [
        1.3705,
        1.3705
    ],
    "FLOKI": [
        0.00026691,
        0.00026701,
        0.00025869
    ],
    "ENS": [
        24.9404877610928,
        24.9684913089807,
        24.9887000193202
    ],
    "PIXEL": [
        0.49713,
        0.50039,
        0.49959
    ],
    "FTM": [
        0.81494311061099,
        0.810825200275531,
        0.810846650526059
    ],
    "INJ": [
        24.8160196069781,
        24.7806682478311,
        24.815801509761
    ],
    "MKR": [
        2565.97797413587,
        2566.42637836626,
        2563.49943562424
    ],
    "ARKM": [
        2.4701,
        2.4832,
        2.4884
    ],
    "RUNE": [
        6.05597296811314,
        6.0514239014886,
        6.05266351977352
    ],
    "FET": [
        2.10453519624509,
        2.1030623047282,
        2.10972795269111
    ],
    "qnt-quant": [
        90.10457692645183,
        90.1626575514772,
        90.0993761722129
    ],
    "wld-worldcoin": [
        4.716905375848593,
        4.7239161076412675,
        4.725060416544495
    ],
    "akt-akash-network": [
        4.306679804889814,
        4.313571228796118,
        4.316987941973087
    ],
    "neo-neo": [
        14.764420686481042,
        14.792875468108065,
        14.804445854899816
    ],
    "egld-elrond": [
        39.102142730312046,
        39.16210837540879,
        39.13746215476647
    ],
    "ron-ronin-token": [
        3.0993289729529985,
        3.1152210237984685,
        3.1194450489444177
    ],
    "sand-the-sandbox": [
        0.4517386684469131,
        0.45207034478466734,
        0.4515323359512886
    ],
    "wbnb-wrapped-bnb": [
        648.393879767078,
        649.969932430726,
        645.9272595432984
    ],
    "rbn-ribbon-finance": [
        0.9885661800071454,
        0.9879724354960426,
        0.980782160787907
    ],
    "ordi-ordinals": [
        49.132707984523456,
        49.68945315771314,
        49.6033927391593
    ],
    "mina-mina-protocol": [
        0.8444571878100366,
        0.8453913052505143,
        0.8440814257182495
    ],
    "kcs-kucoin-token": [
        10.054118316628577,
        10.060156845212303,
        10.080502416837415
    ],
    "pendle-pendle": [
        6.083880034345531,
        6.097497022248289,
        6.072538650167659
    ],
    "xtz-tezos": [
        0.9252803185991963,
        0.9257944083201327,
        0.9268101834422087
    ],
    "sei-sei": [
        0.511605836402256,
        0.5122673024510664,
        0.510886742097858
    ],
    "xec-ecash": [
        4.550291903786107e-05,
        4.552152770339439e-05,
        4.564000850471132e-05
    ],
    "msol-marinade-staked-sol": [
        197.3761448337841,
        197.81811691288675,
        197.6341348996529
    ],
    "cfx-conflux-network": [
        0.2167789186474771,
        0.21730411654423026,
        0.2168325969809699
    ],
    "matic-network": [
        0.707937,
        0.709562,
        0.709562
    ],
    "pepe": [
        1.438e-05,
        1.445e-05,
        1.445e-05
    ],
    "litecoin": [
        81.86,
        81.79,
        81.79
    ],
    "leo-token": [
        5.94,
        5.94,
        5.94
    ],
    "okb": [
        47.34690443193232,
        47.549409732205326,
        47.432104204348875
    ],
    "first-digital-usd": [
        1.0002120056002564,
        1.0002309216590262,
        0.9998406115264854
    ],
    "arweave": [
        45.250293060705836,
        45.183255465111976,
        45.36130462154379
    ],
    "optimism-ethereum": [
        2.4054112356359414,
        2.406460729884412,
        2.4032252508530583
    ],
    "bittensor": [
        384.23887462232466,
        382.83434247448224,
        383.76286894369287
    ],