{
    "bitcoin": [
        71151,
        71151,
        71151
    ],
    "ethereum": [
        3853.86,
        3853.86,
        3853.86
    ],
    "tether": [
        0.999672,
        0.999672,
        0.999672
    ],
    "binancecoin": [
        696.84,
        696.84,
        696.84
    ],
    "solana": [
        173.27,
        173.27,
        173.27
    ],
    "staked-ether": [
        3852.68,
        3852.68,
        3852.68
    ],
    "usd-coin": [
        0.999113,
        0.999113,
        0.999113
    ],
    "ripple": [
        0.525351,
        0.525351,
        0.525351
    ],
    "dogecoin": [
        0.162996,
        0.162996,
        0.162996
    ],
    "the-open-network": [
        7.19,
        7.19,
        7.19
    ],
    "cardano": [
        0.460189,
        0.460189,
        0.460189
    ],
    "shiba-inu": [
        2.579e-05,
        2.579e-05,
        2.579e-05
    ],
    "avalanche-2": [
        36.38,
        36.38,
        36.38
    ],
    "wrapped-bitcoin": [
        71247,
        71247,
        71247
    ],
    "chainlink": [
        17.7,
        17.7,
        17.7
    ],
    "tron": [
        0.11438,
        0.11438,
        0.11438
    ],
    "polkadot": [
        7.22,
        7.22,
        7.22
    ],
    "bitcoin-cash": [
        492.11,
        492.11,
        492.11
    ],
    "near": [
        7.65,
        7.65,
        7.65
    ],
    "uniswap": [
        11.13,
        11.13,
        11.13
    ],
    "internet-computer": [
        12.29,
        12.29,
        12.29
    ],
    "unus-sed-leo": [
        5.923810812706364,
        5.924793027850309
    ],
    "multi-collateral-dai": [
        1.0001541775823066,
        1.000069113199768
    ],
    "ethereum-classic": [
        29.59241834823406,
        29.590961501851606,
        29.716644817092764
    ],
    "aptos": [
        9.287208832691705,
        9.279826792059625,
        9.291661727569618
    ],
    "render": [
        10.681931389059299,
        10.675337073732285,
        10.719915753403507
    ],
    "hedera": [
        0.10420067642061343,
        0.10409382796064337,
        0.10441500163031592
    ],
    "kaspa": [
        0.17832379159209388,
        0.17800630177330015,
        0.1779466449338616
    ],
    "dogwifhat": [
        3.3950884716873566,
        3.3956865967097305,
        3.398267034140198
    ],
    "cosmos": [
        8.677834005130443,
        8.673577066248365,
        8.68403823697358
    ],
    "immutable-x": [
        2.283029220760372,
        2.2829645569504424,
        2.2858195170803013
    ],
    "filecoin": [
        6.058973691958857,
        6.063068143605356,
        6.075552522171759
    ],
    "arbitrum": [
        1.1220506653249454,
        1.1208544573509744,
        1.1223215123831658
    ],
    "mantle": [
        1.0307000873227956,
        1.0311715803079264,
        1.035785414443922
    ],
    "stellar": [
        0.10683885362556557,
        0.10682822400205502,
        0.10683080322335067
    ],
    "cronos": [
        0.11922181022698009,
        0.11904279721664052,
        0.11869492417588826
    ],
    "monero": [
        163.78489145900252,
        163.50623273083212,
        162.9918547446064
    ],
    "stacks": [
        2.385922563842717,
        2.385962367333423,
        2.3879114152863252
    ],
    "the-graph": [
        0.30293365079003265,
        0.3027899210064996,
        0.3035213797350407
    ],
    "bttc-bittorrent-chain": [
        1.18689026233543e-06,
        1.18769876374462e-06,
        1.18571289959992e-06
    ],
    "cheelee-cheelee": [
        21.26987465468018,
        21.2631558158217,
        21.25511532344613
    ],
    "VET": [
        0.0342648619606039,
        0.0341757644980644
    ],
    "STX": [
        1.96018090681332,
        1.94312681136669
    ],
    "FLR": [
        0.0280572218861115,
        0.0280389009629798
    ],
    "XMR": [
        155.295737980525,
        155.188147347795
    ],
    "SAGA": [
        2.827609212773917,
        2.81039661314113
    ],
    "AR": [
        43.18042703963509,
        42.9957677008812
    ],
    "ZETA": [
        1.34315063641458,
        1.33600332024875
    ],
    "BGB": [
        1.3705,
        1.3705
    ],
    "FLOKI": [
        0.00026691,
        0.00026701,
        0.00025869
    ],
    "ENS": [
        25.2283640695664,
        25.289021824748,
        25.4285723271979
    ],
    "PIXEL": [
        0.50176,
        0.50022,
        0.50314
    ],
    "FTM": [
        0.81494311061099,
        0.810825200275531,
        0.810846650526059
    ],
    "INJ": [
        25.8086457389147,
        25.7996455630143,
        25.9201593958232
    ],
    "MKR": [
        2671.48808141564,
        2666.90876757965,
        2679.38708399781
    ],
    "ARKM": [
        2.4701,
        2.4832,
        2.4884
    ],
    "RUNE": [
        6.22068244617888,
        6.20489714709933,
        6.21377907073477
    ],
    "FET": [
        2.1516740835742,
        2.14594913626588,
        2.15641927850274
    ],
    "qnt-quant": [
        90.6049072262813,
        90.48653983451453,
        90.46929474864089
    ],
    "wld-worldcoin": [
        4.919294000539644,
        4.911083745065799,
        4.923879754100166
    ],
    "akt-akash-network": [
        4.656645095802845,
        4.660447326928217,
        4.654388013118721
    ],
    "neo-neo": [
        15.262069035634209,
        15.278506299523505,
        15.279114179901063
    ],
    "egld-elrond": [
        40.150011678333414,
        40.173886940264445,
        40.25268632036719
    ],
    "ron-ronin-token": [
        3.174442756182982,
        3.16265355412866,
        3.1632947419880053
    ],
    "sand-the-sandbox": [
        0.47138966543069516,
        0.47056632556303973,
        0.4708222074126657
    ],
    "wbnb-wrapped-bnb": [
        697.5890034103206,
        697.8203857185471,
        697.3141764528685
    ],
    "rbn-ribbon-finance": [
        0.9885661800071454,
        0.9879724354960426,
        0.980782160787907
    ],
    "ordi-ordinals": [
        58.00793402275543,
        57.87369944396914,
        58.26078990872327
    ],
    "mina-mina-protocol": [
        0.8687007188806116,
        0.8690059999862075,
        0.872850904861786
    ],
    "kcs-kucoin-token": [
        10.22156175183028,
        10.223061571331328,
        10.213011656539207
    ],
    "pendle-pendle": [
        6.13422404937289,
        6.123093526031465,
        6.150511480046685
    ],
    "xtz-tezos": [
        0.9555078692997797,
        0.9548298356805066,
        0.9564583543503722
    ],
    "sei-sei": [
        0.526857074744272,
        0.5275581772711592,
        0.5286685425807403
    ],
    "xec-ecash": [
        4.764610776971682e-05,
        4.764979191232413e-05,
        4.762153440240294e-05
    ],
    "msol-marinade-staked-sol": [
        206.98541816949935,
        206.75414068333725,
        206.53208157778124
    ],
    "cfx-conflux-network": [
        0.2212985412578897,
        0.2216218147611572,
        0.2294484355944873
    ],
    "matic-network": [
        0.72303,
        0.72303,
        0.72303
    ],
    "pepe": [
        1.453e-05,
        1.453e-05,
        1.453e-05
    ],
    "litecoin": [
        85.18,
        85.18,
        85.18
    ],
    "leo-token": [
        6.03,
        6.03,
        6.03
    ],
    "okb": [
        48.689643102689836,
        48.64696196646901,
        48.57843654528957
    ],
    "first-digital-usd": [
        0.9997319145871875,
        0.9998067702724639,
        0.9999285362942855
    ],
    "arweave": [
        44.357121191781836,
        44.3136631790203,
        44.45482760050111
    ],
    "optimism-ethereum": [
        2.5185926106332834,
        2.516278750905261,
        2.521418607631792
    ],
    "bittensor": [
        420.19804314291605,
        420.39727188298525,
        419.9555722890281
    ],