{
    "bitcoin": [
        70972,
        70954,
        70954
    ],
    "ethereum": [
        3848.7,
        3850.86,
        3850.86
    ],
    "tether": [
        0.999996,
        1.0,
        1.0
    ],
    "binancecoin": [
        705.64,
        705.05,
        705.05
    ],
    "solana": [
        172.98,
        172.94,
        172.94
    ],
    "staked-ether": [
        3846.55,
        3849.0,
        3849.0
    ],
    "usd-coin": [
        0.999943,
        0.99989,
        0.99989
    ],
    "ripple": [
        0.523841,
        0.524185,
        0.524185
    ],
    "dogecoin": [
        0.162059,
        0.162188,
        0.162188
    ],
    "the-open-network": [
        7.34,
        7.37,
        7.37
    ],
    "cardano": [
        0.45859,
        0.458494,
        0.458494
    ],
    "shiba-inu": [
        2.558e-05,
        2.562e-05,
        2.562e-05
    ],
    "avalanche-2": [
        36.71,
        36.59,
        36.59
    ],
    "wrapped-bitcoin": [
        71037,
        71017,
        71017
    ],
    "chainlink": [
        17.35,
        17.38,
        17.38
    ],
    "tron": [
        0.114715,
        0.114747,
        0.114747
    ],
    "polkadot": [
        7.2,
        7.2,
        7.2
    ],
    "bitcoin-cash": [
        492.02,
        492.03,
        492.03
    ],
    "near": [
        7.5,
        7.49,
        7.49
    ],
    "uniswap": [
        10.68,
        10.67,
        10.67
    ],
    "internet-computer": [
        12.16,
        12.15,
        12.15
    ],
    "unus-sed-leo": [
        5.923810812706364,
        5.924793027850309
    ],
    "multi-collateral-dai": [
        1.0001541775823066,
        1.000069113199768
    ],
    "ethereum-classic": [
        29.38879726777562,
        29.387441989129655,
        29.460698955719895
    ],
    "aptos": [
        9.15906834542662,
        9.168098689627087,
        9.183685870180344
    ],
    "render": [
        10.55981909469419,
        10.581039279021642,
        10.582775194409194
    ],
    "hedera": [
        0.10367334602474097,
        0.10366133015670992,
        0.10373092623170123
    ],
    "kaspa": [
        0.18124595986316844,
        0.1810330576297782,
        0.1811204228992723
    ],
    "dogwifhat": [
        3.3307500160798647,
        3.3281320993877195,
        3.330492123772508
    ],
    "cosmos": [
        8.621547646279923,
        8.622804802778544,
        8.63181733328223
    ],
    "immutable-x": [
        2.2698774250360936,
        2.2717319271409484,
        2.2703526219816856
    ],
    "filecoin": [
        6.08672601819787,
        6.078653312645651,
        6.070931807130293
    ],
    "arbitrum": [
        1.1071596170487292,
        1.1078070431098046,
        1.1077570758642423
    ],
    "mantle": [
        1.031830791513476,
        1.0339332897794609,
        1.0347231329130238
    ],
    "stellar": [
        0.10625638071678996,
        0.1062578841627116,
        0.10625555392362702
    ],
    "cronos": [
        0.11548002325987998,
        0.11537564667668014,
        0.11542436148469529
    ],
    "monero": [
        163.18150767842673,
        163.3932541877097,
        163.62626801288275
    ],
    "stacks": [
        2.3692701511281284,
        2.3720325026925124,
        2.3684734628898423
    ],
    "the-graph": [
        0.29872959229801066,
        0.2987093145185885,
        0.2988155874732447
    ],
    "bttc-bittorrent-chain": [
        1.16466808038743e-06,
        1.16570638486344e-06,
        1.16472875727864e-06
    ],
    "cheelee-cheelee": [
        20.932810619965643,
        20.985856958761033,
        20.97893707898881
    ],
    "VET": [
        0.0342648619606039,
        0.0341757644980644
    ],
    "STX": [
        1.96018090681332,
        1.94312681136669
    ],
    "FLR": [
        0.0280572218861115,
        0.0280389009629798
    ],
    "XMR": [
        155.295737980525,
        155.188147347795
    ],
    "SAGA": [
        2.827609212773917,
        2.81039661314113
    ],
    "AR": [
        43.18042703963509,
        42.9957677008812
    ],
    "ZETA": [
        1.34315063641458,
        1.33600332024875
    ],
    "BGB": [
        1.2052,
        1.2052,
        1.2052
    ],
    "FLOKI": [
        0.00026691,
        0.00026701,
        0.00025869
    ],
    "ENS": [
        24.9499223867838,
        24.9793353824645,
        24.9694530835946
    ],
    "PIXEL": [
        0.49643,
        0.49694,
        0.49631
    ],
    "FTM": [
        0.813122254494612,
        0.814017225342486,
        0.814975057682819
    ],
    "INJ": [
        25.8086457389147,
        25.7996455630143,
        25.9201593958232
    ],
    "MKR": [
        2678.60835986045,
        2679.19881558213,
        2678.61942081851
    ],
    "ARKM": [
        2.626743482716449,
        2.628414754078233,
        2.629537862114028
    ],
    "RUNE": [
        6.12695895779739,
        6.12999281157235,
        6.12988859553754
    ],
    "FET": [
        2.11556373944325,
        2.11533390260066,
        2.11081703774744
    ],
    "qnt-quant": [
        90.42695188465818,
        90.44860394713298,
        90.45757888921433
    ],
    "wld-worldcoin": [
        5.045046412656355,
        5.040949049971416,
        5.0352842388819505
    ],
    "akt-akash-network": [
        4.531359600456855,
        4.531662718123141,
        4.528144245870772
    ],
    "neo-neo": [
        15.073095342225354,
        15.100877605557878,
        15.094497166433426
    ],
    "egld-elrond": [
        39.643058161285964,
        39.70565787710755,
        39.78967918871695
    ],
    "ron-ronin-token": [
        3.1271507706813577,
        3.152141490197436,
        3.149378100295432
    ],
    "sand-the-sandbox": [
        0.464196585728396,
        0.46418119077771475,
        0.46489585814588424
    ],
    "wbnb-wrapped-bnb": [
        704.8639441636915,
        704.7148295207778,
        704.8625159853246
    ],
    "rbn-ribbon-finance": [
        0.9885661800071454,
        0.9879724354960426,
        0.980782160787907
    ],
    "ordi-ordinals": [
        58.09781876021448,
        57.68153890505866,
        57.64285756360621
    ],
    "mina-mina-protocol": [
        0.864252686932592,
        0.8663458336938514,
        0.8675591692972584
    ],
    "kcs-kucoin-token": [
        10.311623470161695,
        10.310784412002251,
        10.323508700529398
    ],
    "pendle-pendle": [
        6.04034993714958,
        6.048437032107627,
        6.054553196612846
    ],
    "xtz-tezos": [
        0.9422521281341047,
        0.9398370254167767,
        0.9418412898048625
    ],
    "sei-sei": [
        0.5181436532029361,
        0.5218193004194525,
        0.5213030224439819
    ],
    "xec-ecash": [
        4.698403044049539e-05,
        4.697552428226385e-05,
        4.715737572263624e-05
    ],
    "msol-marinade-staked-sol": [
        206.15309324220206,
        206.22434701039836,
        206.23440675283697
    ],
    "cfx-conflux-network": [
        0.2212985412578897,
        0.2216218147611572,
        0.2294484355944873
    ],
    "matic-network": [
        0.716397,
        0.716873,
        0.716873
    ],
    "pepe": [
        1.468e-05,
        1.469e-05,
        1.469e-05
    ],
    "litecoin": [
        85.14,
        85.13,
        85.13
    ],
    "leo-token": [
        6.03,
        6.02,
        6.02
    ],
    "okb": [
        48.75789216418355,
        48.78100631448907,
        48.99081964543354
    ],
    "first-digital-usd": [
        1.0007784443507486,
        1.0011650077727499,
        1.0014435314217611
    ],
    "arweave": [
        43.13118117929338,
        43.04352402736896,
        43.03420636652669
    ],
    "optimism-ethereum": [
        2.4916517299905556,
        2.493035780176596,
        2.491619559661638
    ],
    "bittensor": [
        415.27734003399223,
        415.24073968572617,
        414.42971971452687
    ],