{
    "bitcoin": [
        71107,
        71107,
        71014
    ],
    "ethereum": [
        3805.88,
        3805.88,
        3802.93
    ],
    "tether": [
        1.0,
        1.0,
        0.99943
    ],
    "binancecoin": [
        709.46,
        709.46,
        709.88
    ],
    "solana": [
        173.05,
        173.05,
        173.12
    ],
    "staked-ether": [
        3804.46,
        3804.46,
        3802.11
    ],
    "usd-coin": [
        1.0,
        1.0,
        0.99959
    ],
    "ripple": [
        0.530199,
        0.530199,
        0.529957
    ],
    "dogecoin": [
        0.163793,
        0.163793,
        0.163528
    ],
    "the-open-network": [
        7.51,
        7.51,
        7.45
    ],
    "cardano": [
        0.462087,
        0.462087,
        0.461478
    ],
    "shiba-inu": [
        2.62e-05,
        2.62e-05,
        2.618e-05
    ],
    "avalanche-2": [
        36.32,
        36.32,
        36.33
    ],
    "wrapped-bitcoin": [
        71138,
        71138,
        71013
    ],
    "chainlink": [
        17.92,
        17.92,
        17.9
    ],
    "tron": [
        0.114082,
        0.114082,
        0.114008
    ],
    "polkadot": [
        7.24,
        7.24,
        7.23
    ],
    "bitcoin-cash": [
        485.19,
        485.19,
        484.32
    ],
    "near": [
        7.59,
        7.59,
        7.6
    ],
    "uniswap": [
        11.23,
        11.23,
        11.19
    ],
    "internet-computer": [
        12.44,
        12.44,
        12.42
    ],
    "unus-sed-leo": [
        5.923810812706364,
        5.924793027850309
    ],
    "multi-collateral-dai": [
        1.0001541775823066,
        1.000069113199768
    ],
    "ethereum-classic": [
        28.245398257432665,
        28.209715278628575,
        28.280479846943802
    ],
    "aptos": [
        9.250282007228902,
        9.261653564905686,
        9.256826624995368
    ],
    "render": [
        10.565150805231918,
        10.566040209048312,
        10.549182819693549
    ],
    "hedera": [
        0.10342043738821892,
        0.10376744505027802,
        0.10367362358814518
    ],
    "kaspa": [
        0.1796551866969711,
        0.17967119318555702,
        0.17912785044553706
    ],
    "dogwifhat": [
        3.514852753410209,
        3.554192595520197,
        3.5623604728071214
    ],
    "cosmos": [
        8.581112567978789,
        8.589075964130481,
        8.585159195564167
    ],
    "immutable-x": [
        2.2964511364949494,
        2.2967481547456114,
        2.293144383883597
    ],
    "filecoin": [
        5.985039437028393,
        6.005169925784025,
        5.997417753872204
    ],
    "arbitrum": [
        1.121556152972203,
        1.1225874143984802,
        1.1216916385694844
    ],
    "mantle": [
        0.968326151671875,
        0.969130500415977,
        0.9693614608927983
    ],
    "stellar": [
        0.10659885345608938,
        0.10670785496631578,
        0.10666208099786434
    ],
    "cronos": [
        0.11287616609202057,
        0.11296292636021739,
        0.11309229445076145
    ],
    "monero": [
        162.22840217618307,
        162.7044666494007,
        162.61939716235986
    ],
    "stacks": [
        2.229588463494535,
        2.2279837904592688,
        2.232687636359561
    ],
    "the-graph": [
        0.3011849959757504,
        0.3014171646355305,
        0.30128338646328784
    ],
    "bttc-bittorrent-chain": [
        1.16467462157439e-06,
        1.16728025532904e-06,
        1.1669299328904e-06
    ],
    "cheelee-cheelee": [
        20.95554587313574,
        20.950494024713088,
        20.92730883580099
    ],
    "VET": [
        0.0342648619606039,
        0.0341757644980644
    ],
    "STX": [
        1.96018090681332,
        1.94312681136669
    ],
    "FLR": [
        0.0280572218861115,
        0.0280389009629798
    ],
    "XMR": [
        155.295737980525,
        155.188147347795
    ],
    "SAGA": [
        2.827609212773917,
        2.81039661314113
    ],
    "AR": [
        43.18042703963509,
        42.9957677008812
    ],
    "ZETA": [
        1.34315063641458,
        1.33600332024875
    ],
    "BGB": [
        1.3705,
        1.3705
    ],
    "FLOKI": [
        0.00026691,
        0.00026701,
        0.00025869
    ],
    "ENS": [
        24.9900845689426,
        24.9914382707731,
        25.0105058609946
    ],
    "PIXEL": [
        0.49548,
        0.49722,
        0.49636
    ],
    "FTM": [
        0.81494311061099,
        0.810825200275531,
        0.810846650526059
    ],
    "INJ": [
        25.8086457389147,
        25.7996455630143,
        25.9201593958232
    ],
    "MKR": [
        2658.89260369574,
        2655.56278151193,
        2646.61559260119
    ],
    "ARKM": [
        2.4701,
        2.4832,
        2.4884
    ],
    "RUNE": [
        6.30174193376398,
        6.25681918759905,
        6.30179725641171
    ],
    "FET": [
        2.18428831157102,
        2.18054356947991,
        2.18234544423899
    ],
    "qnt-quant": [
        90.91293025548786,
        90.84807127321001,
        90.90632302062872
    ],
    "wld-worldcoin": [
        4.885975701350397,
        4.896217719933096,
        4.900254508269205
    ],
    "akt-akash-network": [
        4.4849204194442684,
        4.4952417734165,
        4.476352975189954
    ],
    "neo-neo": [
        15.19528475430101,
        15.188641169081373,
        15.194402835342359
    ],
    "egld-elrond": [
        39.89770112506562,
        39.844503793705115,
        39.806873293806945
    ],
    "ron-ronin-token": [
        3.119979049562411,
        3.1155526118368124,
        3.1100780844513896
    ],
    "sand-the-sandbox": [
        0.4638591528621139,
        0.46505858972415715,
        0.46492379628385166
    ],
    "wbnb-wrapped-bnb": [
        709.6940846145618,
        710.124916500069,
        707.9885710012588
    ],
    "rbn-ribbon-finance": [
        0.9885661800071454,
        0.9879724354960426,
        0.980782160787907
    ],
    "ordi-ordinals": [
        57.07131701183117,
        56.901108012931935,
        56.992081537107474
    ],
    "mina-mina-protocol": [
        0.856441470395989,
        0.857302066361713,
        0.8560397228607425
    ],
    "kcs-kucoin-token": [
        10.138750236331644,
        10.139622527538366,
        10.139924292770646
    ],
    "pendle-pendle": [
        6.107470742719655,
        6.111789392642405,
        6.11576175786322
    ],
    "xtz-tezos": [
        0.9510994230660244,
        0.9524893257610306,
        0.9532119862501027
    ],
    "sei-sei": [
        0.5210034939256445,
        0.5217502229706292,
        0.5230905373661999
    ],
    "xec-ecash": [
        4.758788534659668e-05,
        4.764944810850669e-05,
        4.760432025983445e-05
    ],
    "msol-marinade-staked-sol": [
        206.02713550645393,
        206.35306890061761,
        206.28643307902354
    ],
    "cfx-conflux-network": [
        0.2212985412578897,
        0.2216218147611572,
        0.2294484355944873
    ],
    "matic-network": [
        0.716366,
        0.716366,
        0.715977
    ],
    "pepe": [
        1.472e-05,
        1.472e-05,
        1.471e-05
    ],
    "litecoin": [
        84.01,
        84.01,
        84.0
    ],
    "leo-token": [
        5.95,
        5.95,
        5.95
    ],
    "okb": [
        49.48669919172458,
        49.50359786667229,
        49.47050032377786
    ],
    "first-digital-usd": [
        0.9997944874823272,
        0.9997818656250121,
        0.9999347766936224
    ],
    "arweave": [
        45.09841228333928,
        44.96103639376277,
        45.02550872573111
    ],
    "optimism-ethereum": [
        2.5139481722365637,
        2.516533790359112,
        2.5178750990381613
    ],
    "bittensor": [
        399.6450735296944,
        399.73645232739045,
        399.57357699096843
    ],