{
    "bitcoin": [
        70685,
        70685,
        70664
    ],
    "ethereum": [
        3795.26,
        3795.26,
        3796.38
    ],
    "tether": [
        0.999931,
        0.999931,
        0.99996
    ],
    "binancecoin": [
        707.2,
        707.2,
        707.44
    ],
    "solana": [
        170.07,
        170.07,
        170.47
    ],
    "staked-ether": [
        3792.18,
        3792.18,
        3793.73
    ],
    "usd-coin": [
        1.0,
        1.0,
        1.0
    ],
    "ripple": [
        0.520836,
        0.520836,
        0.521198
    ],
    "dogecoin": [
        0.160382,
        0.160382,
        0.160649
    ],
    "the-open-network": [
        7.36,
        7.36,
        7.35
    ],
    "cardano": [
        0.45644,
        0.45644,
        0.456668
    ],
    "shiba-inu": [
        2.533e-05,
        2.533e-05,
        2.537e-05
    ],
    "avalanche-2": [
        36.18,
        36.18,
        36.17
    ],
    "wrapped-bitcoin": [
        70680,
        70680,
        70863
    ],
    "chainlink": [
        17.36,
        17.36,
        17.37
    ],
    "tron": [
        0.114639,
        0.114639,
        0.11471
    ],
    "polkadot": [
        7.14,
        7.14,
        7.14
    ],
    "bitcoin-cash": [
        492.71,
        492.71,
        493.04
    ],
    "near": [
        7.33,
        7.33,
        7.34
    ],
    "uniswap": [
        10.61,
        10.61,
        10.62
    ],
    "internet-computer": [
        12.08,
        12.08,
        12.08
    ],
    "unus-sed-leo": [
        5.923810812706364,
        5.924793027850309
    ],
    "multi-collateral-dai": [
        1.0001541775823066,
        1.000069113199768
    ],
    "ethereum-classic": [
        29.387441989129655,
        29.460698955719895,
        29.423851669313404
    ],
    "aptos": [
        9.040326443792779,
        9.045967826418668,
        9.047620587097171
    ],
    "render": [
        10.458680415940549,
        10.461612321304274,
        10.463852774333747
    ],
    "hedera": [
        0.10121627233434236,
        0.10120280603925681,
        0.10128190289621666
    ],
    "kaspa": [
        0.17459122737526042,
        0.17395764248872198,
        0.1741441540237596
    ],
    "dogwifhat": [
        3.280760519782736,
        3.2870337111001233,
        3.291259227505839
    ],
    "cosmos": [
        8.6698349004391,
        8.677246285085781,
        8.686373896795448
    ],
    "immutable-x": [
        2.2197167477517996,
        2.2190524515498264,
        2.2203194512592863
    ],
    "filecoin": [
        5.918974459090358,
        5.919560475208783,
        5.922973801099455
    ],
    "arbitrum": [
        1.0896496604696684,
        1.0892257058667016,
        1.090279398561236
    ],
    "mantle": [
        1.0385848068229364,
        1.0383481536113575,
        1.0379549879499745
    ],
    "stellar": [
        0.10550298524232882,
        0.10545027304954009,
        0.10543852543444612
    ],
    "cronos": [
        0.11231368287167738,
        0.11241935473617248,
        0.11224840976832143
    ],
    "monero": [
        164.7951950330193,
        164.7370859412702,
        164.42246346730917
    ],
    "stacks": [
        2.3092829721814976,
        2.308022970630947,
        2.3039750632407667
    ],
    "the-graph": [
        0.29358712183110464,
        0.2940659771923631,
        0.29415693568688217
    ],
    "bttc-bittorrent-chain": [
        1.1641842480949e-06,
        1.16583755231795e-06,
        1.16474817165003e-06
    ],
    "cheelee-cheelee": [
        21.17084649657592,
        21.07564730589007,
        21.076875561878577
    ],
    "VET": [
        0.0342648619606039,
        0.0341757644980644
    ],
    "STX": [
        1.96018090681332,
        1.94312681136669
    ],
    "FLR": [
        0.0280572218861115,
        0.0280389009629798
    ],
    "XMR": [
        155.295737980525,
        155.188147347795
    ],
    "SAGA": [
        2.827609212773917,
        2.81039661314113
    ],
    "AR": [
        43.18042703963509,
        42.9957677008812
    ],
    "ZETA": [
        1.34315063641458,
        1.33600332024875
    ],
    "BGB": [
        1.1918,
        1.1918,
        1.1918
    ],
    "FLOKI": [
        0.00026691,
        0.00026701,
        0.00025869
    ],
    "ENS": [
        24.120057159698,
        24.0900466669408,
        24.1193599979336
    ],
    "PIXEL": [
        0.48849,
        0.48984,
        0.49196
    ],
    "FTM": [
        0.803078054499296,
        0.802706685882458,
        0.803428832999405
    ],
    "INJ": [
        25.8086457389147,
        25.7996455630143,
        25.9201593958232
    ],
    "MKR": [
        2614.877286949077,
        2611.337745218549,
        2603.764646830637
    ],
    "ARKM": [
        2.626743482716449,
        2.628414754078233,
        2.629537862114028
    ],
    "RUNE": [
        6.03611555678356,
        6.03519476063703,
        6.03808165375349
    ],
    "FET": [
        2.04807136099943,
        2.04570897866105,
        2.04996068938569
    ],
    "qnt-quant": [
        89.45724154834598,
        89.52010979870225,
        89.46891144994845
    ],
    "wld-worldcoin": [
        4.810901232751021,
        4.821894293593186,
        4.823374132073747
    ],
    "akt-akash-network": [
        4.472727365127627,
        4.475638946511402,
        4.481977654445782
    ],
    "neo-neo": [
        14.88226373845047,
        14.906161383252376,
        14.892825049058706
    ],
    "egld-elrond": [
        39.222751756586995,
        39.21253768276966,
        39.160627054434435
    ],
    "ron-ronin-token": [
        3.1005385092074396,
        3.1020330861044156,
        3.1030592282176297
    ],
    "sand-the-sandbox": [
        0.47306173286137954,
        0.4722958509094969,
        0.4731683094613249
    ],
    "wbnb-wrapped-bnb": [
        708.1612419806827,
        706.9987772869765,
        706.0254749215269
    ],
    "rbn-ribbon-finance": [
        0.9885661800071454,
        0.9879724354960426,
        0.980782160787907
    ],
    "ordi-ordinals": [
        57.04018829913513,
        57.31166212431612,
        57.35967397025006
    ],
    "mina-mina-protocol": [
        0.8445648984818089,
        0.8423441935593489,
        0.8421377335348419
    ],
    "kcs-kucoin-token": [
        10.34060153213019,
        10.349547860239591,
        10.337133001394529
    ],
    "pendle-pendle": [
        5.914799946469707,
        5.921003712672557,
        5.944713936708483
    ],
    "xtz-tezos": [
        0.9395311598150893,
        0.9373918795180955,
        0.937866020397747
    ],
    "sei-sei": [
        0.5094690933268593,
        0.5116076259863271,
        0.5126174656704885
    ],
    "xec-ecash": [
        4.685353729126343e-05,
        4.691454328947019e-05,
        4.693983462787597e-05
    ],
    "msol-marinade-staked-sol": [
        202.72117981495683,
        202.85703305242208,
        203.1977354175798
    ],
    "cfx-conflux-network": [
        0.2313559943409865,
        0.23179823042397882,
        0.23105948920675878
    ],
    "matic-network": [
        0.726954,
        0.726954,
        0.727982
    ],
    "pepe": [
        1.447e-05,
        1.447e-05,
        1.448e-05
    ],
    "litecoin": [
        84.98,
        84.98,
        84.99
    ],
    "leo-token": [
        5.99,
        5.99,
        5.99
    ],
    "okb": [
        48.88033912518634,
        48.87099797202326,
        48.86703031648603
    ],
    "first-digital-usd": [
        1.000511840939975,
        1.0004763586910177,
        1.000351242324642
    ],
    "arweave": [
        41.8749104308035,
        41.85168207429753,
        41.963033324362804
    ],
    "optimism-ethereum": [
        2.4802836743266363,
        2.481442458710477,
        2.4815258584058344
    ],
    "bittensor": [
        420.8409599544288,
        420.4767798166717,
        422.1188925606658
    ],