{
    "bitcoin": [
        69304,
        69295,
        69295
    ],
    "ethereum": [
        3688.9,
        3692.23,
        3692.23
    ],
    "tether": [
        0.999615,
        0.999628,
        0.999628
    ],
    "binancecoin": [
        683.9,
        683.85,
        683.85
    ],
    "solana": [
        162.63,
        162.71,
        162.71
    ],
    "staked-ether": [
        3687.96,
        3691.73,
        3691.73
    ],
    "usd-coin": [
        1.0,
        0.999747,
        0.999747
    ],
    "ripple": [
        0.499576,
        0.500037,
        0.500037
    ],
    "dogecoin": [
        0.149136,
        0.149499,
        0.149499
    ],
    "the-open-network": [
        7.21,
        7.24,
        7.24
    ],
    "cardano": [
        0.450613,
        0.450095,
        0.450095
    ],
    "shiba-inu": [
        2.36e-05,
        2.376e-05,
        2.376e-05
    ],
    "avalanche-2": [
        33.51,
        33.61,
        33.61
    ],
    "wrapped-bitcoin": [
        69316,
        69344,
        69344
    ],
    "chainlink": [
        16.31,
        16.36,
        16.36
    ],
    "tron": [
        0.112559,
        0.112622,
        0.112622
    ],
    "polkadot": [
        6.62,
        6.62,
        6.62
    ],
    "bitcoin-cash": [
        482.36,
        483.69,
        483.69
    ],
    "near": [
        6.79,
        6.81,
        6.81
    ],
    "uniswap": [
        9.76,
        9.8,
        9.8
    ],
    "internet-computer": [
        11.54,
        11.55,
        11.55
    ],
    "unus-sed-leo": [
        5.923810812706364,
        5.924793027850309
    ],
    "multi-collateral-dai": [
        1.0001541775823066,
        1.000069113199768
    ],
    "ethereum-classic": [
        26.571766666494675,
        26.635876915691053,
        26.65296384300906
    ],
    "aptos": [
        8.563329773626656,
        8.578010001692396,
        8.558427376478734
    ],
    "render": [
        9.577091296774363,
        9.579226452774792,
        9.577419323933452
    ],
    "hedera": [
        0.09422011118863859,
        0.09419848502053639,
        0.09409705590402814
    ],
    "kaspa": [
        0.16525243828098782,
        0.16543292726171718,
        0.16587895106471218
    ],
    "dogwifhat": [
        2.82961865787582,
        2.840523580844697,
        2.8260738283126168
    ],
    "cosmos": [
        8.092287224573864,
        8.105972872505113,
        8.092185611454271
    ],
    "immutable-x": [
        2.109387699998163,
        2.1112748495725326,
        2.1194391241499706
    ],
    "filecoin": [
        6.020097896247777,
        6.039252187982825,
        6.022163315200193
    ],
    "arbitrum": [
        0.9921830155842813,
        0.9939963670263122,
        0.9919574191514982
    ],
    "mantle": [
        0.9613040209013441,
        0.9639007329713294,
        0.9612889806867345
    ],
    "stellar": [
        0.09987277138711356,
        0.10007340930007111,
        0.09998607150772056
    ],
    "cronos": [
        0.11195141124049954,
        0.11210176478165491,
        0.1122961325764408
    ],
    "monero": [
        157.84500782184386,
        157.72012871516637,
        157.37494307995618
    ],
    "stacks": [
        2.170836926304619,
        2.1750073399252297,
        2.174917120973461
    ],
    "the-graph": [
        0.27267554374030256,
        0.27355199673517705,
        0.2733565259619403
    ],
    "bttc-bittorrent-chain": [
        1.12858965010166e-06,
        1.12186131352617e-06,
        1.12007583337823e-06
    ],
    "cheelee-cheelee": [
        20.773804069670476,
        20.785038685615067,
        20.814786093832527
    ],
    "VET": [
        0.0342648619606039,
        0.0341757644980644
    ],
    "STX": [
        1.96018090681332,
        1.94312681136669
    ],
    "FLR": [
        0.0280572218861115,
        0.0280389009629798
    ],
    "XMR": [
        155.295737980525,
        155.188147347795
    ],
    "SAGA": [
        2.827609212773917,
        2.81039661314113
    ],
    "AR": [
        43.18042703963509,
        42.9957677008812
    ],
    "ZETA": [
        1.11698886903034,
        1.1142736398709,
        1.12400151652205
    ],
    "BGB": [
        1.1906,
        1.1906,
        1.1906
    ],
    "FLOKI": [
        0.00026691,
        0.00026701,
        0.00025869
    ],
    "ENS": [
        21.9607729342523,
        22.0160849787059,
        21.9498879281279
    ],
    "PIXEL": [
        0.44008,
        0.43807,
        0.43818
    ],
    "FTM": [
        0.719967267555984,
        0.719894355313506,
        0.719263261009218
    ],
    "INJ": [
        25.8086457389147,
        25.7996455630143,
        25.9201593958232
    ],
    "MKR": [
        2594.894715936144,
        2596.414635467978,
        2594.250306521202
    ],
    "ARKM": [
        2.626743482716449,
        2.628414754078233,
        2.629537862114028
    ],
    "RUNE": [
        5.6204221328717,
        5.61901945940692,
        5.60450315958416
    ],
    "FET": [
        1.84663411264777,
        1.84009200282076,
        1.83286356149641
    ],
    "qnt-quant": [
        85.98737187994989,
        86.04869290123578,
        86.07378646245343
    ],
    "wld-worldcoin": [
        4.356451015850136,
        4.3782175968248795,
        4.398019484348548
    ],
    "akt-akash-network": [
        4.233493511972887,
        4.233750765802983,
        4.232255245181539
    ],
    "neo-neo": [
        14.182383498629665,
        14.173723271443443,
        14.16226590635901
    ],
    "egld-elrond": [
        36.39064488437857,
        36.33389155055416,
        36.36550555267998
    ],
    "ron-ronin-token": [
        2.918195049141394,
        2.9217413019744485,
        2.9156154472156466
    ],
    "sand-the-sandbox": [
        0.4357021964988504,
        0.43585567654397145,
        0.43662357902409443
    ],
    "wbnb-wrapped-bnb": [
        682.9343241915594,
        683.3435036120303,
        682.6577385351244
    ],
    "rbn-ribbon-finance": [
        0.9885661800071454,
        0.9879724354960426,
        0.980782160787907
    ],
    "ordi-ordinals": [
        62.09291343912357,
        62.099473141626135,
        62.26669803898842
    ],
    "mina-mina-protocol": [
        0.8034601379457338,
        0.8044190272767405,
        0.8042255999302459
    ],
    "kcs-kucoin-token": [
        10.332654015553693,
        10.325863834697186,
        10.334467111131131
    ],
    "pendle-pendle": [
        5.920309844791598,
        5.9140184541053245,
        5.911927372558721
    ],
    "xtz-tezos": [
        0.8739191804707144,
        0.8742446366466935,
        0.8741070716404926
    ],
    "sei-sei": [
        0.5054955460888889,
        0.5059021389142083,
        0.507076554437191
    ],
    "xec-ecash": [
        4.350130025389726e-05,
        4.387446652682244e-05,
        4.352831381075903e-05
    ],
    "msol-marinade-staked-sol": [
        194.26406193036684,
        194.68862245025556,
        194.0178145374967
    ],
    "cfx-conflux-network": [
        0.2272375731725614,
        0.2272375731725614,
        0.22709059873310986
    ],
    "matic-network": [
        0.664964,
        0.667033,
        0.667033
    ],
    "pepe": [
        1.281e-05,
        1.285e-05,
        1.285e-05
    ],
    "litecoin": [
        79.96,
        80.06,
        80.06
    ],
    "leo-token": [
        6.01,
        6.0,
        6.0
    ],
    "okb": [
        48.08264582878482,
        48.15368665108377,
        48.16685431750677
    ],
    "first-digital-usd": [
        1.0005166392703593,
        1.0000873728148258,
        1.0004809560418115
    ],
    "arweave": [
        38.88541132166557,
        38.955141830994734,
        39.03420116334369
    ],
    "optimism-ethereum": [
        2.24976457695383,
        2.249949288808623,
        2.2448656730284138
    ],
    "bittensor": [
        388.42941469877695,
        389.9996895788778,
        390.90143022623255
    ],