{
    "bitcoin": [
        70799,
        70788,
        70951
    ],
    "ethereum": [
        3799.07,
        3797.52,
        3802.8
    ],
    "tether": [
        0.999903,
        0.999664,
        1.0
    ],
    "binancecoin": [
        702.2,
        702.41,
        704.11
    ],
    "solana": [
        169.82,
        169.88,
        170.07
    ],
    "staked-ether": [
        3796.9,
        3794.15,
        3801.8
    ],
    "usd-coin": [
        1.0,
        1.0,
        1.0
    ],
    "ripple": [
        0.521718,
        0.521523,
        0.521755
    ],
    "dogecoin": [
        0.160287,
        0.160384,
        0.160774
    ],
    "the-open-network": [
        7.59,
        7.56,
        7.59
    ],
    "cardano": [
        0.458005,
        0.458063,
        0.458209
    ],
    "shiba-inu": [
        2.503e-05,
        2.504e-05,
        2.51e-05
    ],
    "avalanche-2": [
        35.69,
        35.66,
        35.75
    ],
    "wrapped-bitcoin": [
        70690,
        70786,
        70823
    ],
    "chainlink": [
        17.32,
        17.34,
        17.37
    ],
    "tron": [
        0.114559,
        0.113949,
        0.113887
    ],
    "polkadot": [
        7.09,
        7.09,
        7.1
    ],
    "bitcoin-cash": [
        496.41,
        496.88,
        497.9
    ],
    "near": [
        7.31,
        7.31,
        7.32
    ],
    "uniswap": [
        10.65,
        10.63,
        10.66
    ],
    "internet-computer": [
        12.01,
        12.0,
        12.02
    ],
    "unus-sed-leo": [
        5.923810812706364,
        5.924793027850309
    ],
    "multi-collateral-dai": [
        1.0001541775823066,
        1.000069113199768
    ],
    "ethereum-classic": [
        29.387441989129655,
        29.460698955719895,
        29.423851669313404
    ],
    "aptos": [
        9.036143061967996,
        9.015603033095593,
        9.019303895250316
    ],
    "render": [
        10.252284463243981,
        10.267393615325746,
        10.285769891849846
    ],
    "hedera": [
        0.1009210693890942,
        0.10068409248151164,
        0.1006852797717422
    ],
    "kaspa": [
        0.1753071851973281,
        0.17532230909210791,
        0.17479945292726204
    ],
    "dogwifhat": [
        3.2148373263573093,
        3.2198703278672642,
        3.2285314065054127
    ],
    "cosmos": [
        8.567408705892515,
        8.570224623294017,
        8.583152093960612
    ],
    "immutable-x": [
        2.2683390712287137,
        2.2539078914196815,
        2.2621663696559633
    ],
    "filecoin": [
        5.92373310685,
        5.9232993758124675,
        5.93216630106253
    ],
    "arbitrum": [
        1.0818543191032215,
        1.0817651970554762,
        1.0833433834195478
    ],
    "mantle": [
        1.0188772609518302,
        1.0180472419710611,
        1.0185074702512902
    ],
    "stellar": [
        0.10523128308579457,
        0.10532480047482078,
        0.10533561005117925
    ],
    "cronos": [
        0.11319250112752469,
        0.11340920600492434,
        0.11359383756496065
    ],
    "monero": [
        166.841282314149,
        166.60815477090426,
        167.14847517522088
    ],
    "stacks": [
        2.3599457271898774,
        2.361936694186283,
        2.370648401626561
    ],
    "the-graph": [
        0.29189978518938564,
        0.291657858742453,
        0.2921614251009862
    ],
    "bttc-bittorrent-chain": [
        1.15780889887837e-06,
        1.15865853269113e-06,
        1.15844602860467e-06
    ],
    "cheelee-cheelee": [
        21.19973471768644,
        21.19784494170938,
        21.138135602389617
    ],
    "VET": [
        0.0342648619606039,
        0.0341757644980644
    ],
    "STX": [
        1.96018090681332,
        1.94312681136669
    ],
    "FLR": [
        0.0280572218861115,
        0.0280389009629798
    ],
    "XMR": [
        155.295737980525,
        155.188147347795
    ],
    "SAGA": [
        2.827609212773917,
        2.81039661314113
    ],
    "AR": [
        43.18042703963509,
        42.9957677008812
    ],
    "ZETA": [
        1.34315063641458,
        1.33600332024875
    ],
    "BGB": [
        1.2225,
        1.2225,
        1.2225
    ],
    "FLOKI": [
        0.00026691,
        0.00026701,
        0.00025869
    ],
    "ENS": [
        23.8880035495976,
        23.8990163097975,
        23.9189960114977
    ],
    "PIXEL": [
        0.49465,
        0.4922,
        0.49388
    ],
    "FTM": [
        0.806479533698492,
        0.803021610310486,
        0.803688396269601
    ],
    "INJ": [
        25.8086457389147,
        25.7996455630143,
        25.9201593958232
    ],
    "MKR": [
        2599.751310715568,
        2599.806885484911,
        2602.533053181528
    ],
    "ARKM": [
        2.626743482716449,
        2.628414754078233,
        2.629537862114028
    ],
    "RUNE": [
        5.99466410161188,
        5.9927063606556,
        5.99640621676743
    ],
    "FET": [
        2.00374216114167,
        2.00462437240989,
        2.01032883447491
    ],
    "qnt-quant": [
        89.99272081716441,
        89.76253497585562,
        89.8500543026704
    ],
    "wld-worldcoin": [
        4.840780408822456,
        4.858702977520539,
        4.866987634936072
    ],
    "akt-akash-network": [
        4.49916875032758,
        4.4982702444897535,
        4.495854452283952
    ],
    "neo-neo": [
        14.858148257573525,
        14.83031138130167,
        14.818366180279934
    ],
    "egld-elrond": [
        38.72203219383222,
        38.6896089550219,
        38.71664481999832
    ],
    "ron-ronin-token": [
        3.0817409694459617,
        3.0798392859462402,
        3.0855461192288454
    ],
    "sand-the-sandbox": [
        0.46759345744811825,
        0.46746448548303277,
        0.4680759828895447
    ],
    "wbnb-wrapped-bnb": [
        702.8925429224438,
        702.3900062292297,
        704.435950352585
    ],
    "rbn-ribbon-finance": [
        0.9885661800071454,
        0.9879724354960426,
        0.980782160787907
    ],
    "ordi-ordinals": [
        59.58154912115207,
        59.48191156143163,
        59.73410124214612
    ],
    "mina-mina-protocol": [
        0.8374531891126364,
        0.8362902279929849,
        0.8389985855924659
    ],
    "kcs-kucoin-token": [
        10.320938474833051,
        10.335828354980002,
        10.337419360623219
    ],
    "pendle-pendle": [
        5.868854127668715,
        5.880421717907099,
        5.887559748347566
    ],
    "xtz-tezos": [
        0.9331543655876662,
        0.9316261441391465,
        0.9318642074712385
    ],
    "sei-sei": [
        0.5115967219590993,
        0.5102479075094462,
        0.5067257394513446
    ],
    "xec-ecash": [
        4.685353729126343e-05,
        4.691454328947019e-05,
        4.693983462787597e-05
    ],
    "msol-marinade-staked-sol": [
        201.95158966433712,
        202.3911443736305,
        202.52953190164826
    ],
    "cfx-conflux-network": [
        0.23076987950175984,
        0.23045309038815173,
        0.23033499881267266
    ],
    "matic-network": [
        0.721395,
        0.720404,
        0.721411
    ],
    "pepe": [
        1.423e-05,
        1.42e-05,
        1.426e-05
    ],
    "litecoin": [
        84.13,
        84.0,
        83.98
    ],
    "leo-token": [
        5.99,
        5.99,
        5.99
    ],
    "okb": [
        48.8913519493192,
        48.92268903870154,
        49.02582114521595
    ],
    "first-digital-usd": [
        1.0013114103734213,
        1.0016580363090908,
        1.0015226064046616
    ],
    "arweave": [
        41.55495601757987,
        41.60350367062013,
        41.62606812771705
    ],
    "optimism-ethereum": [
        2.4659570042635632,
        2.465126255086227,
        2.4694800958585703
    ],
    "bittensor": [
        420.46315401129533,
        417.19284994981433,
        416.1933561932267
    ],