{
    "bitcoin": [
        69676,
        69676,
        69791
    ],
    "ethereum": [
        3789.43,
        3789.43,
        3787.55
    ],
    "tether": [
        0.999902,
        0.999902,
        1.001
    ],
    "binancecoin": [
        648.02,
        648.02,
        648.48
    ],
    "solana": [
        166.61,
        166.61,
        166.45
    ],
    "staked-ether": [
        3782.49,
        3782.49,
        3782.71
    ],
    "usd-coin": [
        1.001,
        1.001,
        1.001
    ],
    "ripple": [
        0.527316,
        0.527316,
        0.528125
    ],
    "dogecoin": [
        0.159493,
        0.159493,
        0.159642
    ],
    "the-open-network": [
        6.91,
        6.91,
        6.94
    ],
    "cardano": [
        0.457661,
        0.457661,
        0.457932
    ],
    "shiba-inu": [
        2.407e-05,
        2.407e-05,
        2.41e-05
    ],
    "avalanche-2": [
        35.05,
        35.05,
        35.04
    ],
    "wrapped-bitcoin": [
        69505,
        69505,
        69687
    ],
    "chainlink": [
        17.83,
        17.83,
        17.79
    ],
    "tron": [
        0.114272,
        0.114272,
        0.114235
    ],
    "polkadot": [
        7.04,
        7.04,
        7.04
    ],
    "bitcoin-cash": [
        469.42,
        469.42,
        469.93
    ],
    "near": [
        7.18,
        7.18,
        7.19
    ],
    "uniswap": [
        9.62,
        9.62,
        9.63
    ],
    "internet-computer": [
        12.35,
        12.35,
        12.35
    ],
    "unus-sed-leo": [
        5.923810812706364,
        5.924793027850309
    ],
    "multi-collateral-dai": [
        1.0001541775823066,
        1.000069113199768
    ],
    "ethereum-classic": [
        28.245398257432665,
        28.209715278628575,
        28.280479846943802
    ],
    "aptos": [
        8.88240806584493,
        8.882934192161716,
        8.876092346387145
    ],
    "render": [
        10.399343623119782,
        10.371257112894881,
        10.382509495978852
    ],
    "hedera": [
        0.10061650249389502,
        0.10062201482701319,
        0.10069222302852655
    ],
    "kaspa": [
        0.1732171872004857,
        0.1740753975010935,
        0.1746286267720777
    ],
    "dogwifhat": [
        3.295025000890412,
        3.294649879495291,
        3.3011822885631035
    ],
    "cosmos": [
        8.392658540305574,
        8.381023790262738,
        8.393230462163666
    ],
    "immutable-x": [
        2.272002323956591,
        2.275607373303679,
        2.2774321615684583
    ],
    "filecoin": [
        5.850209992674358,
        5.858427910726231,
        5.860069007819569
    ],
    "arbitrum": [
        1.0915802608447858,
        1.0892966124436936,
        1.088300629248094
    ],
    "mantle": [
        0.9585670752500771,
        0.9566413511704566,
        0.9578831208719883
    ],
    "stellar": [
        0.1052403026773631,
        0.10522108485807811,
        0.10535344918292838
    ],
    "cronos": [
        0.10820302779080798,
        0.10834825842880472,
        0.10867403721497407
    ],
    "monero": [
        157.31433028070074,
        157.4928534528602,
        157.32839602807277
    ],
    "stacks": [
        2.001072724534105,
        1.9948591437211896,
        2.0037056767825665
    ],
    "the-graph": [
        0.2975300148675042,
        0.2987550776171453,
        0.299342404237775
    ],
    "bttc-bittorrent-chain": [
        1.13874555288204e-06,
        1.14048331755269e-06,
        1.14045944561956e-06
    ],
    "cheelee-cheelee": [
        20.428796419254105,
        20.45180837117705,
        20.457596552237696
    ],
    "VET": [
        0.0342648619606039,
        0.0341757644980644
    ],
    "STX": [
        1.96018090681332,
        1.94312681136669
    ],
    "FLR": [
        0.0280572218861115,
        0.0280389009629798
    ],
    "XMR": [
        155.295737980525,
        155.188147347795
    ],
    "SAGA": [
        2.827609212773917,
        2.81039661314113
    ],
    "AR": [
        43.18042703963509,
        42.9957677008812
    ],
    "ZETA": [
        1.34315063641458,
        1.33600332024875
    ],
    "BGB": [
        1.3705,
        1.3705
    ],
    "FLOKI": [
        0.00026691,
        0.00026701,
        0.00025869
    ],
    "ENS": [
        24.9404877610928,
        24.9684913089807,
        24.9887000193202
    ],
    "PIXEL": [
        0.49886,
        0.49535,
        0.49721
    ],
    "FTM": [
        0.81494311061099,
        0.810825200275531,
        0.810846650526059
    ],
    "INJ": [
        24.8494937384601,
        24.8762993543436,
        24.9084783927811
    ],
    "MKR": [
        2565.97797413587,
        2566.42637836626,
        2563.49943562424
    ],
    "ARKM": [
        2.4701,
        2.4832,
        2.4884
    ],
    "RUNE": [
        6.05577451780996,
        6.08963822659401,
        6.0867755405319
    ],
    "FET": [
        2.11023941640314,
        2.1188434792297,
        2.11216660227187
    ],
    "qnt-quant": [
        90.08036177415539,
        90.04792309290612,
        90.15949502689664
    ],
    "wld-worldcoin": [
        4.739502495941043,
        4.733077010679353,
        4.733843410416267
    ],
    "akt-akash-network": [
        4.344627147155887,
        4.354964455055965,
        4.342781920828725
    ],
    "neo-neo": [
        14.822689049098503,
        14.817762182482351,
        14.83509802470407
    ],
    "egld-elrond": [
        39.18833887568638,
        39.03870695169078,
        39.14768491399169
    ],
    "ron-ronin-token": [
        3.12172805221177,
        3.1113032467247703,
        3.1140612355402713
    ],
    "sand-the-sandbox": [
        0.4531494625583503,
        0.4531494625583503,
        0.4545477358292458
    ],
    "wbnb-wrapped-bnb": [
        647.1443041737245,
        647.1443041737245,
        647.5470375075437
    ],
    "rbn-ribbon-finance": [
        0.9885661800071454,
        0.9879724354960426,
        0.980782160787907
    ],
    "ordi-ordinals": [
        50.83011565832515,
        51.458046677868374,
        51.463000230411296
    ],
    "mina-mina-protocol": [
        0.8470197160439332,
        0.8447441713874793,
        0.8447390763093867
    ],
    "kcs-kucoin-token": [
        10.07217882088681,
        10.077516242812887,
        10.07323262141488
    ],
    "pendle-pendle": [
        6.0894028100264235,
        6.077637269177601,
        6.076655884060276
    ],
    "xtz-tezos": [
        0.9328909562666861,
        0.9323353764640782,
        0.9328891200499622
    ],
    "sei-sei": [
        0.5134964737067051,
        0.513475294306424,
        0.5135438029831423
    ],
    "xec-ecash": [
        4.570467154763772e-05,
        4.568982943895836e-05,
        4.577007915392838e-05
    ],
    "msol-marinade-staked-sol": [
        197.62009661439316,
        197.84186066053616,
        197.50786076987998
    ],
    "cfx-conflux-network": [
        0.2167789186474771,
        0.21730411654423026,
        0.2168325969809699
    ],
    "matic-network": [
        0.710606,
        0.710606,
        0.711472
    ],
    "pepe": [
        1.444e-05,
        1.444e-05,
        1.443e-05
    ],
    "litecoin": [
        82.18,
        82.18,
        82.31
    ],
    "leo-token": [
        5.95,
        5.95,
        5.93
    ],
    "okb": [
        47.65638875340973,
        47.74714060625273,
        47.74940606039701
    ],
    "first-digital-usd": [
        0.9998067030427283,
        1.0002748750219652,
        0.9997964211892527
    ],
    "arweave": [
        45.35220617091513,
        45.37529996662863,
        45.523510974974435
    ],
    "optimism-ethereum": [
        2.4098262826889427,
        2.4084311311630366,
        2.4092270844594226
    ],
    "bittensor": [
        384.58516156168247,
        384.3754085397676,
        384.93112588252546
    ],