{
    "bitcoin": [
        69305,
        69223,
        69281
    ],
    "ethereum": [
        3681.69,
        3676.01,
        3681.22
    ],
    "tether": [
        0.999504,
        0.999435,
        0.999651
    ],
    "binancecoin": [
        683.64,
        681.07,
        684.36
    ],
    "solana": [
        162.13,
        161.61,
        162.02
    ],
    "staked-ether": [
        3677.23,
        3676.04,
        3679.15
    ],
    "usd-coin": [
        0.999594,
        0.999756,
        0.999965
    ],
    "ripple": [
        0.499673,
        0.498955,
        0.499785
    ],
    "dogecoin": [
        0.148145,
        0.147869,
        0.148112
    ],
    "the-open-network": [
        7.31,
        7.36,
        7.37
    ],
    "cardano": [
        0.445102,
        0.444223,
        0.444833
    ],
    "shiba-inu": [
        2.396e-05,
        2.403e-05,
        2.404e-05
    ],
    "avalanche-2": [
        33.61,
        33.59,
        33.63
    ],
    "wrapped-bitcoin": [
        69352,
        69299,
        69341
    ],
    "chainlink": [
        16.32,
        16.31,
        16.35
    ],
    "tron": [
        0.11255,
        0.112524,
        0.112651
    ],
    "polkadot": [
        6.61,
        6.6,
        6.62
    ],
    "bitcoin-cash": [
        481.03,
        480.43,
        481.5
    ],
    "near": [
        6.83,
        6.83,
        6.83
    ],
    "uniswap": [
        9.9,
        9.92,
        9.93
    ],
    "internet-computer": [
        11.54,
        11.55,
        11.55
    ],
    "unus-sed-leo": [
        5.923810812706364,
        5.924793027850309
    ],
    "multi-collateral-dai": [
        1.0001541775823066,
        1.000069113199768
    ],
    "ethereum-classic": [
        27.07705517034406,
        27.057801755698467,
        27.099220532842264
    ],
    "aptos": [
        8.483329750911615,
        8.463637086033714,
        8.465805212971269
    ],
    "render": [
        9.491529432276213,
        9.4639417752784,
        9.51317418390319
    ],
    "hedera": [
        0.09349145257533473,
        0.09332842111380549,
        0.0934094365160677
    ],
    "kaspa": [
        0.16689088302798535,
        0.16642637010032527,
        0.16680200788479696
    ],
    "dogwifhat": [
        2.819746324939191,
        2.8202671583583734,
        2.834633721388056
    ],
    "cosmos": [
        8.008516166248013,
        7.997477878662425,
        8.016100269263474
    ],
    "immutable-x": [
        2.0781479119815662,
        2.073133326831039,
        2.0758286444062
    ],
    "filecoin": [
        6.3382924493740145,
        6.276837882766759,
        6.290081141172192
    ],
    "arbitrum": [
        0.9880765942554475,
        0.9849949867513657,
        0.9883968741699444
    ],
    "mantle": [
        0.9518468398931142,
        0.9483798512742964,
        0.9488003398347263
    ],
    "stellar": [
        0.09961167156748775,
        0.09945140169757427,
        0.09961493729604483
    ],
    "cronos": [
        0.11426754791939085,
        0.11425752530573485,
        0.11438757935790188
    ],
    "monero": [
        162.5633669856471,
        162.34838761631968,
        163.08871018931333
    ],
    "stacks": [
        2.3121715940573138,
        2.3197584111943765,
        2.3261184174125757
    ],
    "the-graph": [
        0.27047194822133763,
        0.27012424223128173,
        0.2703677175748988
    ],
    "bttc-bittorrent-chain": [
        1.12381298088021e-06,
        1.12352912904561e-06,
        1.12389106718679e-06
    ],
    "cheelee-cheelee": [
        20.722604085612296,
        20.734088564022912,
        20.68549931128603
    ],
    "VET": [
        0.0342648619606039,
        0.0341757644980644
    ],
    "STX": [
        1.96018090681332,
        1.94312681136669
    ],
    "FLR": [
        0.0280572218861115,
        0.0280389009629798
    ],
    "XMR": [
        155.295737980525,
        155.188147347795
    ],
    "SAGA": [
        2.827609212773917,
        2.81039661314113
    ],
    "AR": [
        43.18042703963509,
        42.9957677008812
    ],
    "ZETA": [
        1.11698886903034,
        1.1142736398709,
        1.12400151652205
    ],
    "BGB": [
        1.1906,
        1.1906,
        1.1906
    ],
    "FLOKI": [
        0.00026691,
        0.00026701,
        0.00025869
    ],
    "ENS": [
        22.0701600954783,
        22.0403449721624,
        22.0600793257162
    ],
    "PIXEL": [
        0.43637,
        0.43707,
        0.43522
    ],
    "FTM": [
        0.721158554850989,
        0.721401420927972,
        0.722620834737723
    ],
    "INJ": [
        25.8086457389147,
        25.7996455630143,
        25.9201593958232
    ],
    "MKR": [
        2594.894715936144,
        2596.414635467978,
        2594.250306521202
    ],
    "ARKM": [
        2.626743482716449,
        2.628414754078233,
        2.629537862114028
    ],
    "RUNE": [
        5.47765475903844,
        5.46621181143294,
        5.46828723976851
    ],
    "FET": [
        1.8342196405032,
        1.83278470719724,
        1.83200805641939
    ],
    "qnt-quant": [
        85.78123217111322,
        85.68971883382687,
        85.87943030851721
    ],
    "wld-worldcoin": [
        4.4606241623217295,
        4.434532690720545,
        4.441954990032279
    ],
    "akt-akash-network": [
        4.200439476885548,
        4.202700120970039,
        4.1998765753752165
    ],
    "neo-neo": [
        14.026997002864238,
        14.021453450413542,
        14.019483299565191
    ],
    "egld-elrond": [
        35.90792781010949,
        35.87612170908464,
        35.89788575605572
    ],
    "ron-ronin-token": [
        2.949817828891304,
        2.953864157387297,
        2.9615545940509587
    ],
    "sand-the-sandbox": [
        0.4332596663070938,
        0.4327478617206523,
        0.4336103891569207
    ],
    "wbnb-wrapped-bnb": [
        682.6730890757062,
        681.7242073423347,
        683.0003917242608
    ],
    "rbn-ribbon-finance": [
        0.9885661800071454,
        0.9879724354960426,
        0.980782160787907
    ],
    "ordi-ordinals": [
        59.171065765798524,
        59.2054871510235,
        59.33578375242714
    ],
    "mina-mina-protocol": [
        0.7945833973988702,
        0.7955657599096478,
        0.7955348233538282
    ],
    "kcs-kucoin-token": [
        10.276698293175984,
        10.27166735192047,
        10.27748961192114
    ],
    "pendle-pendle": [
        5.532665402767616,
        5.53453066154489,
        5.541342527262
    ],
    "xtz-tezos": [
        0.8704252675726072,
        0.8702870033711484,
        0.8709860636214624
    ],
    "sei-sei": [
        0.5329464405474748,
        0.5314220716934954,
        0.5263660796375844
    ],
    "xec-ecash": [
        4.333714403584442e-05,
        4.330012745372618e-05,
        4.332010338081465e-05
    ],
    "msol-marinade-staked-sol": [
        193.51090034791255,
        193.40089187861153,
        193.56590781303686
    ],
    "cfx-conflux-network": [
        0.2272375731725614,
        0.2272375731725614,
        0.22709059873310986
    ],
    "matic-network": [
        0.665945,
        0.664342,
        0.665663
    ],
    "pepe": [
        1.299e-05,
        1.295e-05,
        1.3e-05
    ],
    "litecoin": [
        80.22,
        80.13,
        80.28
    ],
    "leo-token": [
        5.96,
        5.96,
        5.96
    ],
    "okb": [
        48.291095449944585,
        48.25757929081997,
        48.31073928730107
    ],
    "first-digital-usd": [
        1.000864592610035,
        1.0009271211185886,
        1.0006268849150857
    ],
    "arweave": [
        38.93135221615932,
        38.8549413087016,
        38.854092823722844
    ],
    "optimism-ethereum": [
        2.236940170161709,
        2.2212433556527684,
        2.2330451467020556
    ],
    "bittensor": [
        389.80598369414565,
        389.25092785626674,
        391.00522545377106
    ],