{
    "bitcoin": [
        69294,
        69348,
        69348
    ],
    "ethereum": [
        3688.11,
        3687.04,
        3687.04
    ],
    "tether": [
        0.999824,
        0.999447,
        0.999447
    ],
    "binancecoin": [
        682.6,
        684.37,
        684.37
    ],
    "solana": [
        162.64,
        162.67,
        162.67
    ],
    "staked-ether": [
        3684.41,
        3682.43,
        3682.43
    ],
    "usd-coin": [
        1.0,
        1.0,
        1.0
    ],
    "ripple": [
        0.499282,
        0.499562,
        0.499562
    ],
    "dogecoin": [
        0.148683,
        0.14852,
        0.14852
    ],
    "the-open-network": [
        7.26,
        7.25,
        7.25
    ],
    "cardano": [
        0.450808,
        0.450675,
        0.450675
    ],
    "shiba-inu": [
        2.377e-05,
        2.375e-05,
        2.375e-05
    ],
    "avalanche-2": [
        33.63,
        33.62,
        33.62
    ],
    "wrapped-bitcoin": [
        69296,
        69342,
        69342
    ],
    "chainlink": [
        16.33,
        16.31,
        16.31
    ],
    "tron": [
        0.112582,
        0.112627,
        0.112627
    ],
    "polkadot": [
        6.66,
        6.65,
        6.65
    ],
    "bitcoin-cash": [
        482.27,
        481.53,
        481.53
    ],
    "near": [
        6.83,
        6.84,
        6.84
    ],
    "uniswap": [
        9.79,
        9.82,
        9.82
    ],
    "internet-computer": [
        11.54,
        11.55,
        11.55
    ],
    "unus-sed-leo": [
        5.923810812706364,
        5.924793027850309
    ],
    "multi-collateral-dai": [
        1.0001541775823066,
        1.000069113199768
    ],
    "ethereum-classic": [
        26.571766666494675,
        26.635876915691053,
        26.65296384300906
    ],
    "aptos": [
        8.582928122545725,
        8.607273042998278,
        8.609539437512227
    ],
    "render": [
        9.58815822020348,
        9.575672155881971,
        9.585177143288139
    ],
    "hedera": [
        0.09459967036253722,
        0.09470104647115037,
        0.09470801341430465
    ],
    "kaspa": [
        0.16462377490825533,
        0.16406001076864887,
        0.163957610617912
    ],
    "dogwifhat": [
        2.8538309249804295,
        2.8491621975073227,
        2.8483437272947665
    ],
    "cosmos": [
        8.10029966056833,
        8.098873492381731,
        8.104249997899872
    ],
    "immutable-x": [
        2.1161076635374734,
        2.1176124634136695,
        2.1146252921118784
    ],
    "filecoin": [
        6.104389531305285,
        6.082116917602934,
        6.086359573187377
    ],
    "arbitrum": [
        0.9963698779249625,
        0.9971450403571402,
        0.9967324036532333
    ],
    "mantle": [
        0.9577179369477941,
        0.959003840625946,
        0.9597088995235058
    ],
    "stellar": [
        0.10029323834772874,
        0.10031127383757014,
        0.10040661768138834
    ],
    "cronos": [
        0.11322078061735243,
        0.11344209378150602,
        0.11343803964504208
    ],
    "monero": [
        157.93458725160448,
        157.8590162662019,
        156.25082169889313
    ],
    "stacks": [
        2.173098243703936,
        2.1749861816575478,
        2.174453713796023
    ],
    "the-graph": [
        0.2742061754287447,
        0.27459745437836247,
        0.27447374843168654
    ],
    "bttc-bittorrent-chain": [
        1.12183133373146e-06,
        1.12391636353853e-06,
        1.12320740972714e-06
    ],
    "cheelee-cheelee": [
        20.79859401654015,
        20.806172560449752,
        20.815273768600278
    ],
    "VET": [
        0.0342648619606039,
        0.0341757644980644
    ],
    "STX": [
        1.96018090681332,
        1.94312681136669
    ],
    "FLR": [
        0.0280572218861115,
        0.0280389009629798
    ],
    "XMR": [
        155.295737980525,
        155.188147347795
    ],
    "SAGA": [
        2.827609212773917,
        2.81039661314113
    ],
    "AR": [
        43.18042703963509,
        42.9957677008812
    ],
    "ZETA": [
        1.11698886903034,
        1.1142736398709,
        1.12400151652205
    ],
    "BGB": [
        1.1906,
        1.1906,
        1.1906
    ],
    "FLOKI": [
        0.00026691,
        0.00026701,
        0.00025869
    ],
    "ENS": [
        21.9603992398786,
        21.9701446508004,
        21.9801634962946
    ],
    "PIXEL": [
        0.44194,
        0.44125,
        0.44176
    ],
    "FTM": [
        0.725315733406733,
        0.725419429762729,
        0.725443228854756
    ],
    "INJ": [
        25.8086457389147,
        25.7996455630143,
        25.9201593958232
    ],
    "MKR": [
        2594.894715936144,
        2596.414635467978,
        2594.250306521202
    ],
    "ARKM": [
        2.626743482716449,
        2.628414754078233,
        2.629537862114028
    ],
    "RUNE": [
        5.60399608564965,
        5.59703337395947,
        5.59270052666441
    ],
    "FET": [
        1.83480753153629,
        1.83497942363942,
        1.8371477551941
    ],
    "qnt-quant": [
        85.90153610538127,
        85.91828182138653,
        85.93830571494684
    ],
    "wld-worldcoin": [
        4.447070554212576,
        4.433062432245207,
        4.422517895808544
    ],
    "akt-akash-network": [
        4.247021368262229,
        4.244888363166169,
        4.245391323193521
    ],
    "neo-neo": [
        14.12163366016528,
        14.180153066506662,
        14.178566622006972
    ],
    "egld-elrond": [
        36.320488736111656,
        36.378328037263614,
        36.38007808655917
    ],
    "ron-ronin-token": [
        2.932215954008809,
        2.938128084075602,
        2.937442629114284
    ],
    "sand-the-sandbox": [
        0.43703614810451896,
        0.4370368140466919,
        0.437837512872282
    ],
    "wbnb-wrapped-bnb": [
        683.2058373337213,
        683.5111152389067,
        683.979087733304
    ],
    "rbn-ribbon-finance": [
        0.9885661800071454,
        0.9879724354960426,
        0.980782160787907
    ],
    "ordi-ordinals": [
        62.09291343912357,
        62.099473141626135,
        62.26669803898842
    ],
    "mina-mina-protocol": [
        0.805705431786804,
        0.8060736331112377,
        0.8099491141607353
    ],
    "kcs-kucoin-token": [
        10.356534286345276,
        10.351848421251479,
        10.361801881469365
    ],
    "pendle-pendle": [
        5.920309844791598,
        5.9140184541053245,
        5.911927372558721
    ],
    "xtz-tezos": [
        0.8718648106532523,
        0.8723716095693262,
        0.8731284353908273
    ],
    "sei-sei": [
        0.5173431493310292,
        0.5220841874499932,
        0.5252519597207641
    ],
    "xec-ecash": [
        4.348015683178645e-05,
        4.34668583757443e-05,
        4.34866932037403e-05
    ],
    "msol-marinade-staked-sol": [
        194.2851929678169,
        192.95676198316804,
        193.13809766106783
    ],
    "cfx-conflux-network": [
        0.2272375731725614,
        0.2272375731725614,
        0.22709059873310986
    ],
    "matic-network": [
        0.667348,
        0.667407,
        0.667407
    ],
    "pepe": [
        1.284e-05,
        1.285e-05,
        1.285e-05
    ],
    "litecoin": [
        79.94,
        80.09,
        80.09
    ],
    "leo-token": [
        6.01,
        6.01,
        6.01
    ],
    "okb": [
        48.194893192640606,
        48.069792471250956,
        48.077904533471944
    ],
    "first-digital-usd": [
        1.000436402099501,
        1.0002324963523574,
        1.0005118791146483
    ],
    "arweave": [
        38.92731835456494,
        38.836716285221534,
        38.90811181748323
    ],
    "optimism-ethereum": [
        2.2623061363687977,
        2.2644284742475125,
        2.266464491060551
    ],
    "bittensor": [
        389.06727066195623,
        388.88239733366504,
        389.6296841637124
    ],