{
    "bitcoin": [
        69490,
        69478,
        69478
    ],
    "ethereum": [
        3694.69,
        3692.92,
        3692.92
    ],
    "tether": [
        0.999885,
        0.999706,
        0.999706
    ],
    "binancecoin": [
        688.73,
        688.78,
        688.78
    ],
    "solana": [
        162.12,
        162.05,
        162.05
    ],
    "staked-ether": [
        3692.48,
        3691.02,
        3691.02
    ],
    "usd-coin": [
        1.0,
        1.0,
        1.0
    ],
    "ripple": [
        0.497429,
        0.496816,
        0.496816
    ],
    "dogecoin": [
        0.147394,
        0.147259,
        0.147259
    ],
    "the-open-network": [
        7.36,
        7.36,
        7.36
    ],
    "cardano": [
        0.43997,
        0.438914,
        0.438914
    ],
    "shiba-inu": [
        2.369e-05,
        2.366e-05,
        2.366e-05
    ],
    "avalanche-2": [
        33.14,
        33.07,
        33.07
    ],
    "wrapped-bitcoin": [
        69514,
        69533,
        69533
    ],
    "chainlink": [
        16.09,
        16.07,
        16.07
    ],
    "tron": [
        0.112993,
        0.11299,
        0.11299
    ],
    "polkadot": [
        6.54,
        6.53,
        6.53
    ],
    "bitcoin-cash": [
        477.56,
        476.97,
        476.97
    ],
    "near": [
        6.8,
        6.78,
        6.78
    ],
    "uniswap": [
        9.95,
        9.96,
        9.96
    ],
    "internet-computer": [
        11.54,
        11.55,
        11.55
    ],
    "unus-sed-leo": [
        5.923810812706364,
        5.924793027850309
    ],
    "multi-collateral-dai": [
        1.0001541775823066,
        1.000069113199768
    ],
    "ethereum-classic": [
        26.937163224173737,
        26.956041268651056,
        26.893300872572144
    ],
    "aptos": [
        8.389767877485816,
        8.36066969129495,
        8.341622638887644
    ],
    "render": [
        9.299067504002236,
        9.28975839891223,
        9.253102928662242
    ],
    "hedera": [
        0.0920599094403176,
        0.09183674406346759,
        0.09161034322461208
    ],
    "kaspa": [
        0.1665473950442581,
        0.166636421832485,
        0.16530611987940114
    ],
    "dogwifhat": [
        2.776288742182796,
        2.75909156582105,
        2.744605159288607
    ],
    "cosmos": [
        8.033430672999824,
        8.01633650661694,
        8.007024331504217
    ],
    "immutable-x": [
        2.058013803048496,
        2.0532994836653997,
        2.045871720192299
    ],
    "filecoin": [
        6.261405323249523,
        6.286514595785761,
        6.2706284650535125
    ],
    "arbitrum": [
        0.9885839392697716,
        0.9856249005702141,
        0.981605790452054
    ],
    "mantle": [
        0.9536901897258256,
        0.9526864373961885,
        0.9512919211357642
    ],
    "stellar": [
        0.09907958167572936,
        0.09870640211084025,
        0.09859315429019862
    ],
    "cronos": [
        0.11379104123608158,
        0.11374795433984321,
        0.11369018828552231
    ],
    "monero": [
        163.48778730851703,
        163.3578042279937,
        163.19954953733333
    ],
    "stacks": [
        2.318043219643755,
        2.3078753492892465,
        2.313764870664138
    ],
    "the-graph": [
        0.26645126782488016,
        0.26601914145048466,
        0.26542725185735355
    ],
    "bttc-bittorrent-chain": [
        1.12004901940729e-06,
        1.12238899167158e-06,
        1.11971236397535e-06
    ],
    "cheelee-cheelee": [
        20.611111861535857,
        20.68913947473426,
        20.63951273947226
    ],
    "VET": [
        0.0342648619606039,
        0.0341757644980644
    ],
    "STX": [
        1.96018090681332,
        1.94312681136669
    ],
    "FLR": [
        0.0280572218861115,
        0.0280389009629798
    ],
    "XMR": [
        155.295737980525,
        155.188147347795
    ],
    "SAGA": [
        2.827609212773917,
        2.81039661314113
    ],
    "AR": [
        43.18042703963509,
        42.9957677008812
    ],
    "ZETA": [
        1.11698886903034,
        1.1142736398709,
        1.12400151652205
    ],
    "BGB": [
        1.1906,
        1.1906,
        1.1906
    ],
    "FLOKI": [
        0.00026691,
        0.00026701,
        0.00025869
    ],
    "ENS": [
        22.0103713763583,
        21.9500449274387,
        21.8603912813964
    ],
    "PIXEL": [
        0.42847,
        0.42537,
        0.42365
    ],
    "FTM": [
        0.714113573324004,
        0.712449170939008,
        0.709618527543992
    ],
    "INJ": [
        25.8086457389147,
        25.7996455630143,
        25.9201593958232
    ],
    "MKR": [
        2594.894715936144,
        2596.414635467978,
        2594.250306521202
    ],
    "ARKM": [
        2.626743482716449,
        2.628414754078233,
        2.629537862114028
    ],
    "RUNE": [
        5.53241101298847,
        5.53177178323146,
        5.52165707850368
    ],
    "FET": [
        1.80437001190586,
        1.79448703069399,
        1.79037462096876
    ],
    "qnt-quant": [
        85.1117444560141,
        84.97677376983621,
        84.99260602997907
    ],
    "wld-worldcoin": [
        4.401954494787416,
        4.386929873341255,
        4.383287220184694
    ],
    "akt-akash-network": [
        4.152717569434089,
        4.152881561435872,
        4.156484093435406
    ],
    "neo-neo": [
        13.855603290222273,
        13.777160014001561,
        13.76354180794721
    ],
    "egld-elrond": [
        35.51535022971626,
        35.43551046013043,
        35.37248599810676
    ],
    "ron-ronin-token": [
        2.9653149518676543,
        2.9511536728205665,
        2.9457469829974685
    ],
    "sand-the-sandbox": [
        0.4263693917443977,
        0.4263139366444875,
        0.42493499097715187
    ],
    "wbnb-wrapped-bnb": [
        688.5205602383926,
        688.4611686825111,
        688.7238314912742
    ],
    "rbn-ribbon-finance": [
        0.9885661800071454,
        0.9879724354960426,
        0.980782160787907
    ],
    "ordi-ordinals": [
        59.171065765798524,
        59.2054871510235,
        59.33578375242714
    ],
    "mina-mina-protocol": [
        0.7812764543717468,
        0.7768353676208937,
        0.772302235974263
    ],
    "kcs-kucoin-token": [
        10.223510886162618,
        10.233306053585462,
        10.228074852240944
    ],
    "pendle-pendle": [
        5.553491422531266,
        5.528667778843236,
        5.514380232206017
    ],
    "xtz-tezos": [
        0.8589524025720764,
        0.8566248274802138,
        0.8538715747553045
    ],
    "sei-sei": [
        0.5275078552446113,
        0.5258223305770996,
        0.5257650024523908
    ],
    "xec-ecash": [
        4.308435829848785e-05,
        4.304474088310204e-05,
        4.271774517842488e-05
    ],
    "msol-marinade-staked-sol": [
        193.4349755369787,
        193.2579536782768,
        193.30965024017755
    ],
    "cfx-conflux-network": [
        0.2272375731725614,
        0.2272375731725614,
        0.22709059873310986
    ],
    "matic-network": [
        0.659703,
        0.657792,
        0.657792
    ],
    "pepe": [
        1.292e-05,
        1.291e-05,
        1.291e-05
    ],
    "litecoin": [
        80.03,
        79.93,
        79.93
    ],
    "leo-token": [
        5.97,
        5.96,
        5.96
    ],
    "okb": [
        48.303606924296844,
        48.321264602702854,
        48.291607891027326
    ],
    "first-digital-usd": [
        1.0006425524592117,
        1.0007145960963248,
        1.0008766050170879
    ],
    "arweave": [
        38.48132409403094,
        38.42995478865814,
        38.39209458679157
    ],
    "optimism-ethereum": [
        2.213516747210582,
        2.20481238436092,
        2.19643122581489
    ],
    "bittensor": [
        387.99000601002547,
        385.8860493251459,
        384.3045952783455
    ],