{
    "bitcoin": [
        70867,
        71005,
        70979
    ],
    "ethereum": [
        3811.31,
        3820.76,
        3821.34
    ],
    "tether": [
        0.999878,
        0.99988,
        0.999691
    ],
    "binancecoin": [
        699.13,
        702.31,
        700.94
    ],
    "solana": [
        172.81,
        173.03,
        172.99
    ],
    "staked-ether": [
        3806.27,
        3817.94,
        3819.59
    ],
    "usd-coin": [
        1.0,
        1.001,
        0.999847
    ],
    "ripple": [
        0.528754,
        0.528599,
        0.528267
    ],
    "dogecoin": [
        0.162285,
        0.162463,
        0.162392
    ],
    "the-open-network": [
        7.3,
        7.27,
        7.28
    ],
    "cardano": [
        0.459537,
        0.459457,
        0.459117
    ],
    "shiba-inu": [
        2.568e-05,
        2.569e-05,
        2.561e-05
    ],
    "avalanche-2": [
        36.37,
        36.38,
        36.31
    ],
    "wrapped-bitcoin": [
        70852,
        70909,
        70943
    ],
    "chainlink": [
        17.86,
        17.87,
        17.83
    ],
    "tron": [
        0.114147,
        0.114246,
        0.114246
    ],
    "polkadot": [
        7.19,
        7.21,
        7.2
    ],
    "bitcoin-cash": [
        480.66,
        480.4,
        479.6
    ],
    "near": [
        7.52,
        7.55,
        7.53
    ],
    "uniswap": [
        11.18,
        11.25,
        11.2
    ],
    "internet-computer": [
        12.41,
        12.39,
        12.38
    ],
    "unus-sed-leo": [
        5.923810812706364,
        5.924793027850309
    ],
    "multi-collateral-dai": [
        1.0001541775823066,
        1.000069113199768
    ],
    "ethereum-classic": [
        29.51946305801034,
        29.527582216599857,
        29.597974069930384
    ],
    "aptos": [
        9.252486753423465,
        9.24845090630165,
        9.252405280161776
    ],
    "render": [
        10.468804580601551,
        10.463877260395858,
        10.468770636477412
    ],
    "hedera": [
        0.10317263942387173,
        0.10308279356665605,
        0.10304451714690628
    ],
    "kaspa": [
        0.18249765270131532,
        0.18197967368124957,
        0.18220137460192434
    ],
    "dogwifhat": [
        3.4306707420841196,
        3.425214384945187,
        3.4252068926721084
    ],
    "cosmos": [
        8.576155813543764,
        8.566995533497153,
        8.561482437562804
    ],
    "immutable-x": [
        2.298781858014314,
        2.302292944516281,
        2.304356829486537
    ],
    "filecoin": [
        6.017506989405048,
        6.034320181905435,
        6.03647431091438
    ],
    "arbitrum": [
        1.1118697493194125,
        1.1123276371261848,
        1.114738477490812
    ],
    "mantle": [
        0.9759369358132965,
        0.9797072236020632,
        0.9836597296959616
    ],
    "stellar": [
        0.10679914972651311,
        0.10659832232240053,
        0.10669095426306024
    ],
    "cronos": [
        0.11677583048341375,
        0.11744491132670229,
        0.11676941136100141
    ],
    "monero": [
        162.4507006300302,
        162.93925988541554,
        162.69543744375096
    ],
    "stacks": [
        2.2194069236781147,
        2.228141866618726,
        2.242003025777036
    ],
    "the-graph": [
        0.30121029372324565,
        0.3009083120942754,
        0.30151352024660283
    ],
    "bttc-bittorrent-chain": [
        1.15818046329547e-06,
        1.15663663820448e-06,
        1.15531300410131e-06
    ],
    "cheelee-cheelee": [
        21.043980942730244,
        21.082368562557388,
        21.140237815317757
    ],
    "VET": [
        0.0342648619606039,
        0.0341757644980644
    ],
    "STX": [
        1.96018090681332,
        1.94312681136669
    ],
    "FLR": [
        0.0280572218861115,
        0.0280389009629798
    ],
    "XMR": [
        155.295737980525,
        155.188147347795
    ],
    "SAGA": [
        2.827609212773917,
        2.81039661314113
    ],
    "AR": [
        43.18042703963509,
        42.9957677008812
    ],
    "ZETA": [
        1.34315063641458,
        1.33600332024875
    ],
    "BGB": [
        1.3705,
        1.3705
    ],
    "FLOKI": [
        0.00026691,
        0.00026701,
        0.00025869
    ],
    "ENS": [
        24.8103168710803,
        24.9261743371377,
        25.0890917614789
    ],
    "PIXEL": [
        0.49897,
        0.50218,
        0.50026
    ],
    "FTM": [
        0.81494311061099,
        0.810825200275531,
        0.810846650526059
    ],
    "INJ": [
        25.8086457389147,
        25.7996455630143,
        25.9201593958232
    ],
    "MKR": [
        2658.89260369574,
        2655.56278151193,
        2646.61559260119
    ],
    "ARKM": [
        2.4701,
        2.4832,
        2.4884
    ],
    "RUNE": [
        6.22863768889817,
        6.24999059109574,
        6.24993690993758
    ],
    "FET": [
        2.15881270618302,
        2.16974580043286,
        2.16341638481608
    ],
    "qnt-quant": [
        90.1717595701983,
        90.12982365532649,
        90.00538356622708
    ],
    "wld-worldcoin": [
        4.903134974056461,
        4.884478084720104,
        4.913265028137449
    ],
    "akt-akash-network": [
        4.454492076935572,
        4.451395323660883,
        4.460401522579318
    ],
    "neo-neo": [
        15.176560236194081,
        15.178287259174596,
        15.180588930123838
    ],
    "egld-elrond": [
        39.72755522924495,
        39.56172238526225,
        39.629075460080024
    ],
    "ron-ronin-token": [
        3.1179721899392754,
        3.1381353033439225,
        3.133405775964522
    ],
    "sand-the-sandbox": [
        0.465705061303399,
        0.46785460887248553,
        0.4676833706089363
    ],
    "wbnb-wrapped-bnb": [
        699.8555560591464,
        700.9453999581343,
        700.7889578426044
    ],
    "rbn-ribbon-finance": [
        0.9885661800071454,
        0.9879724354960426,
        0.980782160787907
    ],
    "ordi-ordinals": [
        56.90096941883547,
        56.229134249949524,
        56.52409380572525
    ],
    "mina-mina-protocol": [
        0.8632413517330498,
        0.8669494042039498,
        0.8738280898952828
    ],
    "kcs-kucoin-token": [
        10.094263812505245,
        10.094752812493997,
        10.089403425105072
    ],
    "pendle-pendle": [
        6.087631184424721,
        6.086166408921795,
        6.089092279455894
    ],
    "xtz-tezos": [
        0.9554493010786478,
        0.9540606260440523,
        0.952464008662404
    ],
    "sei-sei": [
        0.5224477077031497,
        0.5203797859954801,
        0.521597786153116
    ],
    "xec-ecash": [
        4.728521731715121e-05,
        4.714684463407123e-05,
        4.714976702920979e-05
    ],
    "msol-marinade-staked-sol": [
        206.88239021202693,
        206.22578544406656,
        206.44458483845457
    ],
    "cfx-conflux-network": [
        0.2212985412578897,
        0.2216218147611572,
        0.2294484355944873
    ],
    "matic-network": [
        0.713512,
        0.714594,
        0.713058
    ],
    "pepe": [
        1.445e-05,
        1.439e-05,
        1.439e-05
    ],
    "litecoin": [
        83.84,
        84.0,
        83.89
    ],
    "leo-token": [
        5.93,
        5.94,
        5.94
    ],
    "okb": [
        48.748771797731735,
        48.81346499319294,
        48.9268775046646
    ],
    "first-digital-usd": [
        1.0001469169464146,
        0.9995532562832282,
        0.99971042151142
    ],
    "arweave": [
        44.936662636591734,
        44.565126848099176,
        44.60363323289458
    ],
    "optimism-ethereum": [
        2.5167165134461746,
        2.51704740344595,
        2.517585111846516
    ],
    "bittensor": [
        406.27663689274266,
        407.1738906437377,
        408.8816781621812
    ],