{
    "bitcoin": [
        71340,
        71340,
        71342
    ],
    "ethereum": [
        3820.44,
        3820.44,
        3824.19
    ],
    "tether": [
        0.999946,
        0.999946,
        0.999992
    ],
    "binancecoin": [
        708.65,
        708.65,
        708.55
    ],
    "solana": [
        172.08,
        172.08,
        172.37
    ],
    "staked-ether": [
        3819.22,
        3819.22,
        3820.52
    ],
    "usd-coin": [
        1.001,
        1.001,
        0.999749
    ],
    "ripple": [
        0.525247,
        0.525247,
        0.524585
    ],
    "dogecoin": [
        0.161921,
        0.161921,
        0.16203
    ],
    "the-open-network": [
        7.63,
        7.63,
        7.66
    ],
    "cardano": [
        0.462983,
        0.462983,
        0.462796
    ],
    "shiba-inu": [
        2.542e-05,
        2.542e-05,
        2.542e-05
    ],
    "avalanche-2": [
        36.08,
        36.08,
        36.04
    ],
    "wrapped-bitcoin": [
        71279,
        71279,
        71376
    ],
    "chainlink": [
        17.53,
        17.53,
        17.52
    ],
    "tron": [
        0.114054,
        0.114054,
        0.113949
    ],
    "polkadot": [
        7.19,
        7.19,
        7.19
    ],
    "bitcoin-cash": [
        516.89,
        516.89,
        516.87
    ],
    "near": [
        7.42,
        7.42,
        7.42
    ],
    "uniswap": [
        10.71,
        10.71,
        10.72
    ],
    "internet-computer": [
        12.07,
        12.07,
        12.04
    ],
    "unus-sed-leo": [
        5.923810812706364,
        5.924793027850309
    ],
    "multi-collateral-dai": [
        1.0001541775823066,
        1.000069113199768
    ],
    "ethereum-classic": [
        29.387441989129655,
        29.460698955719895,
        29.423851669313404
    ],
    "aptos": [
        9.172758474589159,
        9.186363928102422,
        9.19488102096975
    ],
    "render": [
        10.43054596782367,
        10.461160092081567,
        10.460608627698141
    ],
    "hedera": [
        0.10165301738428323,
        0.10191023764222958,
        0.10180636066080284
    ],
    "kaspa": [
        0.1725169278192544,
        0.17202888739709454,
        0.17214583645411277
    ],
    "dogwifhat": [
        3.283511699487686,
        3.2968751312450455,
        3.297340750220356
    ],
    "cosmos": [
        8.661297937692636,
        8.660049426248229,
        8.661109989290681
    ],
    "immutable-x": [
        2.2551327877057363,
        2.2573792372136703,
        2.25607947448374
    ],
    "filecoin": [
        5.981644216766702,
        5.983058636918741,
        5.983236989210607
    ],
    "arbitrum": [
        1.0965265332326544,
        1.0968571672533693,
        1.0974209814912654
    ],
    "mantle": [
        1.0246073840951269,
        1.0255879128542367,
        1.0263041096462362
    ],
    "stellar": [
        0.1061570390292091,
        0.10621574082019436,
        0.1061162929989496
    ],
    "cronos": [
        0.11430056926781092,
        0.1143189398675982,
        0.11436888870990318
    ],
    "monero": [
        167.19857866206672,
        167.32511548943586,
        167.56524441372966
    ],
    "stacks": [
        2.3826693268376937,
        2.381860072639448,
        2.373178914856109
    ],
    "the-graph": [
        0.29496666010659317,
        0.29559812685143183,
        0.2959223204576495
    ],
    "bttc-bittorrent-chain": [
        1.1651639272237e-06,
        1.1666914286605e-06,
        1.16688431222989e-06
    ],
    "cheelee-cheelee": [
        21.239786089057187,
        21.28577750078289,
        21.299975772577394
    ],
    "VET": [
        0.0342648619606039,
        0.0341757644980644
    ],
    "STX": [
        1.96018090681332,
        1.94312681136669
    ],
    "FLR": [
        0.0280572218861115,
        0.0280389009629798
    ],
    "XMR": [
        155.295737980525,
        155.188147347795
    ],
    "SAGA": [
        2.827609212773917,
        2.81039661314113
    ],
    "AR": [
        43.18042703963509,
        42.9957677008812
    ],
    "ZETA": [
        1.22988208366352,
        1.23250889339322,
        1.23341199405814
    ],
    "BGB": [
        1.2225,
        1.2225,
        1.2225
    ],
    "FLOKI": [
        0.00026691,
        0.00026701,
        0.00025869
    ],
    "ENS": [
        23.9695483866314,
        24.0080445868767,
        23.999274971398
    ],
    "PIXEL": [
        0.49719,
        0.49775,
        0.49726
    ],
    "FTM": [
        0.806479533698492,
        0.803021610310486,
        0.803688396269601
    ],
    "INJ": [
        25.8086457389147,
        25.7996455630143,
        25.9201593958232
    ],
    "MKR": [
        2604.761620569036,
        2605.672377885955,
        2608.044021851696
    ],
    "ARKM": [
        2.626743482716449,
        2.628414754078233,
        2.629537862114028
    ],
    "RUNE": [
        6.08913247686999,
        6.08932872043331,
        6.08970332913863
    ],
    "FET": [
        2.04987097817902,
        2.05270139272083,
        2.05025440028257
    ],
    "qnt-quant": [
        90.23304065788341,
        90.34768651228663,
        90.47348114269174
    ],
    "wld-worldcoin": [
        4.950591866934307,
        4.948279722314077,
        4.946197998358072
    ],
    "akt-akash-network": [
        4.516700305748959,
        4.523927657835619,
        4.517283088698706
    ],
    "neo-neo": [
        15.077825420534879,
        15.142296341624917,
        15.149516853573362
    ],
    "egld-elrond": [
        39.24587486095366,
        39.27037650651774,
        39.317437535494996
    ],
    "ron-ronin-token": [
        3.100037508869733,
        3.0929343327774395,
        3.0998540329494606
    ],
    "sand-the-sandbox": [
        0.47363371459641435,
        0.47302853428728403,
        0.4729770549676654
    ],
    "wbnb-wrapped-bnb": [
        707.7407471726594,
        708.5562460562628,
        709.1042215819198
    ],
    "rbn-ribbon-finance": [
        0.9885661800071454,
        0.9879724354960426,
        0.980782160787907
    ],
    "ordi-ordinals": [
        59.52972295433975,
        61.33747661601033,
        61.36280367361481
    ],
    "mina-mina-protocol": [
        0.8465472463506876,
        0.8490014704395571,
        0.8471319049231889
    ],
    "kcs-kucoin-token": [
        10.356292273215331,
        10.353866406853651,
        10.35833149446429
    ],
    "pendle-pendle": [
        5.944550443280235,
        5.966713431829247,
        5.960038852646536
    ],
    "xtz-tezos": [
        0.9372722390149161,
        0.944125804921096,
        0.9450842343378044
    ],
    "sei-sei": [
        0.5274748994433889,
        0.5265321337710628,
        0.5262446650853162
    ],
    "xec-ecash": [
        4.685353729126343e-05,
        4.691454328947019e-05,
        4.693983462787597e-05
    ],
    "msol-marinade-staked-sol": [
        204.75760719291037,
        204.94129736933976,
        205.5001020242453
    ],
    "cfx-conflux-network": [
        0.23195306173401015,
        0.2316868503887937,
        0.23220043171889898
    ],
    "matic-network": [
        0.725887,
        0.725887,
        0.725798
    ],
    "pepe": [
        1.443e-05,
        1.443e-05,
        1.442e-05
    ],
    "litecoin": [
        84.64,
        84.64,
        84.58
    ],
    "leo-token": [
        5.99,
        5.99,
        5.99
    ],
    "okb": [
        49.322403338342504,
        49.327506468578484,
        49.376278167383504
    ],
    "first-digital-usd": [
        1.0012079860407876,
        1.001179711464251,
        1.0008809198679105
    ],
    "arweave": [
        41.88218216702204,
        42.05228948348112,
        42.085845581360104
    ],
    "optimism-ethereum": [
        2.5011584122841235,
        2.502884191599071,
        2.5069545659798416
    ],
    "bittensor": [
        423.2115033749871,
        424.03757802419983,
        424.0954007611443
    ],