{
    "bitcoin": [
        69341,
        69279,
        69336
    ],
    "ethereum": [
        3683.76,
        3682.14,
        3686.54
    ],
    "tether": [
        0.999498,
        0.999701,
        0.999647
    ],
    "binancecoin": [
        687.89,
        688.02,
        691.56
    ],
    "solana": [
        162.57,
        162.4,
        162.79
    ],
    "staked-ether": [
        3681.38,
        3679.86,
        3684.92
    ],
    "usd-coin": [
        0.999794,
        0.999539,
        1.0
    ],
    "ripple": [
        0.498981,
        0.498974,
        0.499299
    ],
    "dogecoin": [
        0.147769,
        0.147644,
        0.147784
    ],
    "the-open-network": [
        7.37,
        7.38,
        7.39
    ],
    "cardano": [
        0.444578,
        0.443674,
        0.444767
    ],
    "shiba-inu": [
        2.396e-05,
        2.393e-05,
        2.4e-05
    ],
    "avalanche-2": [
        33.54,
        33.48,
        33.51
    ],
    "wrapped-bitcoin": [
        69368,
        69360,
        69440
    ],
    "chainlink": [
        16.34,
        16.29,
        16.3
    ],
    "tron": [
        0.112622,
        0.112637,
        0.112807
    ],
    "polkadot": [
        6.63,
        6.61,
        6.61
    ],
    "bitcoin-cash": [
        483.1,
        481.57,
        481.73
    ],
    "near": [
        6.85,
        6.84,
        6.86
    ],
    "uniswap": [
        9.93,
        9.93,
        9.98
    ],
    "internet-computer": [
        11.54,
        11.55,
        11.55
    ],
    "unus-sed-leo": [
        5.923810812706364,
        5.924793027850309
    ],
    "multi-collateral-dai": [
        1.0001541775823066,
        1.000069113199768
    ],
    "ethereum-classic": [
        27.057801755698467,
        27.099220532842264,
        27.116486493993968
    ],
    "aptos": [
        8.514799048766346,
        8.506881738755766,
        8.521623901442545
    ],
    "render": [
        9.515488670405784,
        9.51020880145082,
        9.557385755199126
    ],
    "hedera": [
        0.0932078813911476,
        0.09318357890877246,
        0.09329451422451625
    ],
    "kaspa": [
        0.16538628590455554,
        0.16529402931799442,
        0.1653009892837047
    ],
    "dogwifhat": [
        2.8377205621104777,
        2.8281269534330375,
        2.8309097391436464
    ],
    "cosmos": [
        8.001807476854154,
        8.003420691298995,
        8.004646321801832
    ],
    "immutable-x": [
        2.0769784877920436,
        2.0761254286791977,
        2.0847084263513773
    ],
    "filecoin": [
        6.316963581280724,
        6.318928702644726,
        6.320021151851204
    ],
    "arbitrum": [
        0.9925387752869747,
        0.9924360946083783,
        0.9941928883123226
    ],
    "mantle": [
        0.9512037411335516,
        0.9507070657471981,
        0.9520731896771255
    ],
    "stellar": [
        0.09971469237201253,
        0.09963863482024223,
        0.09952118751296422
    ],
    "cronos": [
        0.11497367052675898,
        0.11507133849555509,
        0.11498718577289335
    ],
    "monero": [
        163.3599950986274,
        163.52861703851215,
        163.5851366173966
    ],
    "stacks": [
        2.3274797766668,
        2.329922306598684,
        2.3218846639338944
    ],
    "the-graph": [
        0.2708079041658552,
        0.270749461201534,
        0.2711779684855763
    ],
    "bttc-bittorrent-chain": [
        1.1238394009719e-06,
        1.12409833941264e-06,
        1.12176767208891e-06
    ],
    "cheelee-cheelee": [
        20.76626269493757,
        20.760636041379044,
        20.723858314222326
    ],
    "VET": [
        0.0342648619606039,
        0.0341757644980644
    ],
    "STX": [
        1.96018090681332,
        1.94312681136669
    ],
    "FLR": [
        0.0280572218861115,
        0.0280389009629798
    ],
    "XMR": [
        155.295737980525,
        155.188147347795
    ],
    "SAGA": [
        2.827609212773917,
        2.81039661314113
    ],
    "AR": [
        43.18042703963509,
        42.9957677008812
    ],
    "ZETA": [
        1.11698886903034,
        1.1142736398709,
        1.12400151652205
    ],
    "BGB": [
        1.1906,
        1.1906,
        1.1906
    ],
    "FLOKI": [
        0.00026691,
        0.00026701,
        0.00025869
    ],
    "ENS": [
        22.1190744877224,
        22.100235764501,
        22.1588051559773
    ],
    "PIXEL": [
        0.43549,
        0.43502,
        0.43525
    ],
    "FTM": [
        0.722338903090897,
        0.722093659876586,
        0.720846980794835
    ],
    "INJ": [
        25.8086457389147,
        25.7996455630143,
        25.9201593958232
    ],
    "MKR": [
        2594.894715936144,
        2596.414635467978,
        2594.250306521202
    ],
    "ARKM": [
        2.626743482716449,
        2.628414754078233,
        2.629537862114028
    ],
    "RUNE": [
        5.53000901006123,
        5.52970840257643,
        5.54302945788238
    ],
    "FET": [
        1.82654053118823,
        1.8267335978326,
        1.82951912488849
    ],
    "qnt-quant": [
        85.36158709911672,
        85.30406457516668,
        85.17010757706029
    ],
    "wld-worldcoin": [
        4.475877964398346,
        4.469655431504908,
        4.4472753680879595
    ],
    "akt-akash-network": [
        4.175417373420825,
        4.174323404280776,
        4.1762291676030365
    ],
    "neo-neo": [
        14.073727001599412,
        14.046971875500763,
        14.070226351475926
    ],
    "egld-elrond": [
        35.869032801630695,
        35.883964401809436,
        35.8595272253279
    ],
    "ron-ronin-token": [
        2.9712749281215136,
        2.9719160724847455,
        2.9738880193225365
    ],
    "sand-the-sandbox": [
        0.43229045051529297,
        0.43263512968328965,
        0.43233880255105944
    ],
    "wbnb-wrapped-bnb": [
        688.3514252291329,
        688.6922120726576,
        690.1188757929572
    ],
    "rbn-ribbon-finance": [
        0.9885661800071454,
        0.9879724354960426,
        0.980782160787907
    ],
    "ordi-ordinals": [
        59.171065765798524,
        59.2054871510235,
        59.33578375242714
    ],
    "mina-mina-protocol": [
        0.7935084255902571,
        0.7954323951520803,
        0.7949890628856751
    ],
    "kcs-kucoin-token": [
        10.288231072440407,
        10.281746226244806,
        10.256097429044315
    ],
    "pendle-pendle": [
        5.518445011103463,
        5.5233613132925035,
        5.5432604838661526
    ],
    "xtz-tezos": [
        0.870239080000757,
        0.8699063642990766,
        0.8709334765377378
    ],
    "sei-sei": [
        0.5384008932592593,
        0.5395750123165179,
        0.5423764050211649
    ],
    "xec-ecash": [
        4.331882078420209e-05,
        4.329310132228427e-05,
        4.329219175745127e-05
    ],
    "msol-marinade-staked-sol": [
        193.9679218314816,
        193.88771745275852,
        194.3275087180251
    ],
    "cfx-conflux-network": [
        0.2272375731725614,
        0.2272375731725614,
        0.22709059873310986
    ],
    "matic-network": [
        0.666951,
        0.666137,
        0.665789
    ],
    "pepe": [
        1.308e-05,
        1.303e-05,
        1.306e-05
    ],
    "litecoin": [
        80.1,
        80.02,
        79.98
    ],
    "leo-token": [
        5.96,
        5.98,
        5.99
    ],
    "okb": [
        47.970063529187975,
        47.973267872519415,
        48.00324672345459
    ],
    "first-digital-usd": [
        1.0005219881486178,
        1.000409741008686,
        1.0003254186734687
    ],
    "arweave": [
        38.83357315997436,
        38.7645089596987,
        38.90710704241986
    ],
    "optimism-ethereum": [
        2.2312164349544372,
        2.230597715752271,
        2.2342001538605483
    ],
    "bittensor": [
        389.58275803116317,
        388.94238831162875,
        389.31836815203127
    ],