{
    "bitcoin": [
        69388,
        69431,
        69431
    ],
    "ethereum": [
        3687.74,
        3687.86,
        3687.86
    ],
    "tether": [
        0.999661,
        0.999774,
        0.999774
    ],
    "binancecoin": [
        688.13,
        687.47,
        687.47
    ],
    "solana": [
        161.76,
        161.64,
        161.64
    ],
    "staked-ether": [
        3685.03,
        3689.49,
        3689.49
    ],
    "usd-coin": [
        1.0,
        1.0,
        1.0
    ],
    "ripple": [
        0.496923,
        0.496982,
        0.496982
    ],
    "dogecoin": [
        0.147128,
        0.147134,
        0.147134
    ],
    "the-open-network": [
        7.38,
        7.38,
        7.38
    ],
    "cardano": [
        0.439707,
        0.439131,
        0.439131
    ],
    "shiba-inu": [
        2.368e-05,
        2.367e-05,
        2.367e-05
    ],
    "avalanche-2": [
        33.06,
        33.1,
        33.1
    ],
    "wrapped-bitcoin": [
        69474,
        69483,
        69483
    ],
    "chainlink": [
        16.07,
        16.06,
        16.06
    ],
    "tron": [
        0.112878,
        0.112998,
        0.112998
    ],
    "polkadot": [
        6.53,
        6.53,
        6.53
    ],
    "bitcoin-cash": [
        476.45,
        476.62,
        476.62
    ],
    "near": [
        6.79,
        6.79,
        6.79
    ],
    "uniswap": [
        9.95,
        9.95,
        9.95
    ],
    "internet-computer": [
        11.54,
        11.55,
        11.55
    ],
    "unus-sed-leo": [
        5.923810812706364,
        5.924793027850309
    ],
    "multi-collateral-dai": [
        1.0001541775823066,
        1.000069113199768
    ],
    "ethereum-classic": [
        26.865428316298292,
        26.87232849151009,
        26.937163224173737
    ],
    "aptos": [
        8.371278456703903,
        8.376419047726927,
        8.380481887644251
    ],
    "render": [
        9.341429676225223,
        9.325774910078264,
        9.332489322542465
    ],
    "hedera": [
        0.09195528183821096,
        0.0920135843191533,
        0.09214022891664873
    ],
    "kaspa": [
        0.16615144393788409,
        0.1665473950442581,
        0.166636421832485
    ],
    "dogwifhat": [
        2.7476882307505437,
        2.752690392576253,
        2.7622198037362864
    ],
    "cosmos": [
        8.01689053998553,
        8.023311854961726,
        8.032081341169635
    ],
    "immutable-x": [
        2.0523188038238884,
        2.0530729159683307,
        2.05718411675566
    ],
    "filecoin": [
        6.218201512985222,
        6.234067864410911,
        6.246056074955088
    ],
    "arbitrum": [
        0.9873444456546511,
        0.9871913464894614,
        0.9882919532963528
    ],
    "mantle": [
        0.9505754523252413,
        0.9517182872058165,
        0.9532334888313801
    ],
    "stellar": [
        0.09895851120124931,
        0.09899257905412875,
        0.09912140059424435
    ],
    "cronos": [
        0.11381648279201995,
        0.11391760351125362,
        0.11388480577103832
    ],
    "monero": [
        163.63291674611278,
        163.63465054939877,
        163.67528136663574
    ],
    "stacks": [
        2.3201759006158693,
        2.326453540352463,
        2.325780050074101
    ],
    "the-graph": [
        0.26599110945452153,
        0.265815029256406,
        0.2662462164053629
    ],
    "bttc-bittorrent-chain": [
        1.12312897712123e-06,
        1.11926421798932e-06,
        1.11624525787588e-06
    ],
    "cheelee-cheelee": [
        20.659451125477943,
        20.70942688921313,
        20.716133629656227
    ],
    "VET": [
        0.0342648619606039,
        0.0341757644980644
    ],
    "STX": [
        1.96018090681332,
        1.94312681136669
    ],
    "FLR": [
        0.0280572218861115,
        0.0280389009629798
    ],
    "XMR": [
        155.295737980525,
        155.188147347795
    ],
    "SAGA": [
        2.827609212773917,
        2.81039661314113
    ],
    "AR": [
        43.18042703963509,
        42.9957677008812
    ],
    "ZETA": [
        1.11698886903034,
        1.1142736398709,
        1.12400151652205
    ],
    "BGB": [
        1.1906,
        1.1906,
        1.1906
    ],
    "FLOKI": [
        0.00026691,
        0.00026701,
        0.00025869
    ],
    "ENS": [
        21.9590600106933,
        22.0262387426195,
        22.0354173220622
    ],
    "PIXEL": [
        0.42847,
        0.43004,
        0.42959
    ],
    "FTM": [
        0.712709585697643,
        0.713197140173144,
        0.712649514359545
    ],
    "INJ": [
        25.8086457389147,
        25.7996455630143,
        25.9201593958232
    ],
    "MKR": [
        2594.894715936144,
        2596.414635467978,
        2594.250306521202
    ],
    "ARKM": [
        2.626743482716449,
        2.628414754078233,
        2.629537862114028
    ],
    "RUNE": [
        5.504278082045,
        5.50532059312486,
        5.51405116654893
    ],
    "FET": [
        1.80128806607909,
        1.80492522506913,
        1.80507014927294
    ],
    "qnt-quant": [
        85.36472687088809,
        85.4398465522495,
        85.27697398097872
    ],
    "wld-worldcoin": [
        4.402111013592044,
        4.402531410805132,
        4.406723841110212
    ],
    "akt-akash-network": [
        4.154674016943481,
        4.153716508647146,
        4.1536030152917895
    ],
    "neo-neo": [
        13.817422747685386,
        13.831605330095785,
        13.857608287385341
    ],
    "egld-elrond": [
        35.488052839437366,
        35.526240481647875,
        35.64233288046783
    ],
    "ron-ronin-token": [
        2.959238660010265,
        2.9540825703986267,
        2.9626651208556947
    ],
    "sand-the-sandbox": [
        0.4263996995550174,
        0.42666560320085606,
        0.42703334017935435
    ],
    "wbnb-wrapped-bnb": [
        688.5963162117948,
        687.8013839653258,
        687.8621868874986
    ],
    "rbn-ribbon-finance": [
        0.9885661800071454,
        0.9879724354960426,
        0.980782160787907
    ],
    "ordi-ordinals": [
        59.171065765798524,
        59.2054871510235,
        59.33578375242714
    ],
    "mina-mina-protocol": [
        0.7808675442360214,
        0.7803402824995489,
        0.7829453295987144
    ],
    "kcs-kucoin-token": [
        10.230714649610706,
        10.221494895602694,
        10.226321689497574
    ],
    "pendle-pendle": [
        5.5299091012118815,
        5.5249285308666005,
        5.548441768136512
    ],
    "xtz-tezos": [
        0.8631523718512703,
        0.8608540751114656,
        0.8589524025720764
    ],
    "sei-sei": [
        0.5298691588877341,
        0.5314968161185656,
        0.5319387780748017
    ],
    "xec-ecash": [
        4.305267578228508e-05,
        4.308435829848785e-05,
        4.304474088310204e-05
    ],
    "msol-marinade-staked-sol": [
        193.35174447115946,
        193.12733897134987,
        193.07744578396265
    ],
    "cfx-conflux-network": [
        0.2272375731725614,
        0.2272375731725614,
        0.22709059873310986
    ],
    "matic-network": [
        0.659443,
        0.659179,
        0.659179
    ],
    "pepe": [
        1.288e-05,
        1.291e-05,
        1.291e-05
    ],
    "litecoin": [
        79.84,
        79.88,
        79.88
    ],
    "leo-token": [
        5.97,
        5.97,
        5.97
    ],
    "okb": [
        48.120224180365746,
        48.13060994902479,
        48.30564214650104
    ],
    "first-digital-usd": [
        1.0005379597276611,
        1.0011470079379527,
        1.000745736092907
    ],
    "arweave": [
        38.54513841546961,
        38.50149297866284,
        38.432322616748735
    ],
    "optimism-ethereum": [
        2.211048476414907,
        2.2089220530280755,
        2.2110333179025967
    ],
    "bittensor": [
        386.51145640776485,
        387.1731043581132,
        387.4106287383959
    ],