{
    "bitcoin": [
        71156,
        71156,
        71313
    ],
    "ethereum": [
        3808.55,
        3808.55,
        3809.97
    ],
    "tether": [
        0.999396,
        0.999396,
        0.999963
    ],
    "binancecoin": [
        702.5,
        702.5,
        703.01
    ],
    "solana": [
        171.61,
        171.61,
        171.76
    ],
    "staked-ether": [
        3806.3,
        3806.3,
        3807.94
    ],
    "usd-coin": [
        0.999989,
        0.999989,
        1.0
    ],
    "ripple": [
        0.52259,
        0.52259,
        0.524454
    ],
    "dogecoin": [
        0.160848,
        0.160848,
        0.161209
    ],
    "the-open-network": [
        7.51,
        7.51,
        7.51
    ],
    "cardano": [
        0.466637,
        0.466637,
        0.46944
    ],
    "shiba-inu": [
        2.514e-05,
        2.514e-05,
        2.522e-05
    ],
    "avalanche-2": [
        35.88,
        35.88,
        36.0
    ],
    "wrapped-bitcoin": [
        71154,
        71154,
        71237
    ],
    "chainlink": [
        17.5,
        17.5,
        17.46
    ],
    "tron": [
        0.114403,
        0.114403,
        0.114545
    ],
    "polkadot": [
        7.13,
        7.13,
        7.17
    ],
    "bitcoin-cash": [
        513.02,
        513.02,
        514.94
    ],
    "near": [
        7.39,
        7.39,
        7.37
    ],
    "uniswap": [
        10.6,
        10.6,
        10.64
    ],
    "internet-computer": [
        12.06,
        12.06,
        12.13
    ],
    "unus-sed-leo": [
        5.923810812706364,
        5.924793027850309
    ],
    "multi-collateral-dai": [
        1.0001541775823066,
        1.000069113199768
    ],
    "ethereum-classic": [
        29.387441989129655,
        29.460698955719895,
        29.423851669313404
    ],
    "aptos": [
        9.118279205848493,
        9.111627637994053,
        9.132913033536457
    ],
    "render": [
        10.346711183038448,
        10.341677054388393,
        10.347742090574537
    ],
    "hedera": [
        0.10089221011409041,
        0.10085299943189975,
        0.10099295457608014
    ],
    "kaspa": [
        0.17599575031133477,
        0.17665066569469784,
        0.1767636826902539
    ],
    "dogwifhat": [
        3.280920850985533,
        3.273990563593334,
        3.280728869934479
    ],
    "cosmos": [
        8.603558890174325,
        8.598594615364892,
        8.565499915781354
    ],
    "immutable-x": [
        2.230421114543842,
        2.227622096082486,
        2.2305056270794656
    ],
    "filecoin": [
        6.003743227229402,
        6.0057960519248414,
        6.251854846225202
    ],
    "arbitrum": [
        1.0909214971000578,
        1.0909034072949202,
        1.0907648257885418
    ],
    "mantle": [
        1.0171460116592268,
        1.0171332240381437,
        1.0171784996575293
    ],
    "stellar": [
        0.10539755387247804,
        0.10539837577475138,
        0.10553996318613565
    ],
    "cronos": [
        0.11442274661196009,
        0.11413113042141718,
        0.11451508279288188
    ],
    "monero": [
        173.80059504862052,
        173.82571758372717,
        174.06936981914984
    ],
    "stacks": [
        2.380805286208487,
        2.3803522477803107,
        2.3770321377022636
    ],
    "the-graph": [
        0.2929554399733089,
        0.292631373598752,
        0.29260490023124147
    ],
    "bttc-bittorrent-chain": [
        1.16622057909118e-06,
        1.16764776448546e-06,
        1.16674531599284e-06
    ],
    "cheelee-cheelee": [
        21.032372218118685,
        21.0656265788943,
        21.117036041842614
    ],
    "VET": [
        0.0342648619606039,
        0.0341757644980644
    ],
    "STX": [
        1.96018090681332,
        1.94312681136669
    ],
    "FLR": [
        0.0280572218861115,
        0.0280389009629798
    ],
    "XMR": [
        155.295737980525,
        155.188147347795
    ],
    "SAGA": [
        2.827609212773917,
        2.81039661314113
    ],
    "AR": [
        43.18042703963509,
        42.9957677008812
    ],
    "ZETA": [
        1.22988208366352,
        1.23250889339322,
        1.23341199405814
    ],
    "BGB": [
        1.2225,
        1.2225,
        1.2225
    ],
    "FLOKI": [
        0.00026691,
        0.00026701,
        0.00025869
    ],
    "ENS": [
        23.8613362755736,
        23.8606735228772,
        23.9400145934914
    ],
    "PIXEL": [
        0.50137,
        0.50048,
        0.50114
    ],
    "FTM": [
        0.806479533698492,
        0.803021610310486,
        0.803688396269601
    ],
    "INJ": [
        25.8086457389147,
        25.7996455630143,
        25.9201593958232
    ],
    "MKR": [
        2593.422296600847,
        2593.227846825913,
        2595.976952330117
    ],
    "ARKM": [
        2.626743482716449,
        2.628414754078233,
        2.629537862114028
    ],
    "RUNE": [
        6.17321487917282,
        6.17337478715349,
        6.19039315563686
    ],
    "FET": [
        2.03738205911741,
        2.03594076046037,
        2.02683972867208
    ],
    "qnt-quant": [
        90.14201598425026,
        90.02598887420169,
        89.9446826806079
    ],
    "wld-worldcoin": [
        4.9160946745924035,
        4.915434331610266,
        4.905705879348982
    ],
    "akt-akash-network": [
        4.4873636291204,
        4.487300376520736,
        4.471498250242673
    ],
    "neo-neo": [
        15.040542595286638,
        15.053056152238787,
        15.054874762319994
    ],
    "egld-elrond": [
        39.249504285936744,
        39.23114985012295,
        39.22877205074212
    ],
    "ron-ronin-token": [
        3.058305015809158,
        3.0584073455200853,
        3.056959746335561
    ],
    "sand-the-sandbox": [
        0.4683046325811744,
        0.46837807786229824,
        0.4690966825797234
    ],
    "wbnb-wrapped-bnb": [
        702.4973619233008,
        703.0433995372025,
        702.9577428931065
    ],
    "rbn-ribbon-finance": [
        0.9885661800071454,
        0.9879724354960426,
        0.980782160787907
    ],
    "ordi-ordinals": [
        61.448234644197434,
        61.483053657553924,
        61.81069049734637
    ],
    "mina-mina-protocol": [
        0.8505266116375999,
        0.8495913385433368,
        0.8497901084731496
    ],
    "kcs-kucoin-token": [
        10.34633052069838,
        10.344123834606838,
        10.348607858955415
    ],
    "pendle-pendle": [
        5.928084441750314,
        5.920309844791598,
        5.9140184541053245
    ],
    "xtz-tezos": [
        0.936511454995214,
        0.9382456970676887,
        0.9417045968573198
    ],
    "sei-sei": [
        0.5364499022958378,
        0.5342476688032755,
        0.536835132342469
    ],
    "xec-ecash": [
        4.674075146039516e-05,
        4.674119038602287e-05,
        4.691299144420787e-05
    ],
    "msol-marinade-staked-sol": [
        204.75877976762752,
        204.70372388196952,
        204.16016473842248
    ],
    "cfx-conflux-network": [
        0.2306828809468742,
        0.23024255936208293,
        0.23027064078161394
    ],
    "matic-network": [
        0.713986,
        0.713986,
        0.715525
    ],
    "pepe": [
        1.426e-05,
        1.426e-05,
        1.431e-05
    ],
    "litecoin": [
        83.89,
        83.89,
        84.05
    ],
    "leo-token": [
        5.99,
        5.99,
        5.99
    ],
    "okb": [
        49.31663441739317,
        49.32689151469401,
        49.36004743798961
    ],
    "first-digital-usd": [
        1.000928175280321,
        1.0008720954590176,
        1.001128773157113
    ],
    "arweave": [
        41.933628366759166,
        41.91152373538708,
        41.99194371452339
    ],
    "optimism-ethereum": [
        2.492891118091825,
        2.491281110246386,
        2.4972353247898575
    ],
    "bittensor": [
        426.50588359627613,
        425.96461305453613,
        425.5737240227554
    ],