{
    "bitcoin": [
        70933,
        70933,
        70666
    ],
    "ethereum": [
        3820.84,
        3820.84,
        3797.39
    ],
    "tether": [
        0.999625,
        0.999625,
        0.997796
    ],
    "binancecoin": [
        707.13,
        707.13,
        703.86
    ],
    "solana": [
        170.21,
        170.21,
        169.08
    ],
    "staked-ether": [
        3820.79,
        3820.79,
        3797.58
    ],
    "usd-coin": [
        1.0,
        1.0,
        0.997994
    ],
    "ripple": [
        0.522157,
        0.522157,
        0.519877
    ],
    "dogecoin": [
        0.160745,
        0.160745,
        0.159383
    ],
    "the-open-network": [
        7.36,
        7.36,
        7.33
    ],
    "cardano": [
        0.456455,
        0.456455,
        0.454042
    ],
    "shiba-inu": [
        2.532e-05,
        2.532e-05,
        2.516e-05
    ],
    "avalanche-2": [
        36.39,
        36.39,
        36.12
    ],
    "wrapped-bitcoin": [
        70998,
        70998,
        70718
    ],
    "chainlink": [
        17.3,
        17.3,
        17.19
    ],
    "tron": [
        0.114727,
        0.114727,
        0.11444
    ],
    "polkadot": [
        7.18,
        7.18,
        7.13
    ],
    "bitcoin-cash": [
        493.52,
        493.52,
        490.25
    ],
    "near": [
        7.38,
        7.38,
        7.33
    ],
    "uniswap": [
        10.6,
        10.6,
        10.53
    ],
    "internet-computer": [
        12.06,
        12.06,
        12.03
    ],
    "unus-sed-leo": [
        5.923810812706364,
        5.924793027850309
    ],
    "multi-collateral-dai": [
        1.0001541775823066,
        1.000069113199768
    ],
    "ethereum-classic": [
        29.387441989129655,
        29.460698955719895,
        29.423851669313404
    ],
    "aptos": [
        9.115770802675682,
        9.08444806340186,
        9.033024404489145
    ],
    "render": [
        10.5444994470724,
        10.518330440981064,
        10.451558930320433
    ],
    "hedera": [
        0.10162445863339821,
        0.10138726386141407,
        0.10108530125240327
    ],
    "kaspa": [
        0.17323644524442605,
        0.1731495862226331,
        0.1730020048034343
    ],
    "dogwifhat": [
        3.289445425689655,
        3.27367926233508,
        3.261410609876607
    ],
    "cosmos": [
        8.727264776149608,
        8.701357857155724,
        8.675186024201494
    ],
    "immutable-x": [
        2.2260974503980324,
        2.2194485675718783,
        2.214356999237353
    ],
    "filecoin": [
        5.951821784316121,
        5.924850354522975,
        5.911343980407775
    ],
    "arbitrum": [
        1.0956217472224743,
        1.090162140111046,
        1.0869242224708884
    ],
    "mantle": [
        1.0473384414552152,
        1.0436746077513557,
        1.0424520812335094
    ],
    "stellar": [
        0.10580212812463026,
        0.10573180816175158,
        0.10560708085333806
    ],
    "cronos": [
        0.11394140880770366,
        0.11340475931366475,
        0.11303112413230627
    ],
    "monero": [
        163.93892223809056,
        164.0020416038063,
        163.92243042888208
    ],
    "stacks": [
        2.307685224761156,
        2.3133799302995532,
        2.3036547059616623
    ],
    "the-graph": [
        0.29463022325634475,
        0.2939540286717633,
        0.2932619924720635
    ],
    "bttc-bittorrent-chain": [
        1.16491490187991e-06,
        1.16509123073926e-06,
        1.16509123073926e-06
    ],
    "cheelee-cheelee": [
        21.174474972658878,
        21.179062089013517,
        21.179062089013517
    ],
    "VET": [
        0.0342648619606039,
        0.0341757644980644
    ],
    "STX": [
        1.96018090681332,
        1.94312681136669
    ],
    "FLR": [
        0.0280572218861115,
        0.0280389009629798
    ],
    "XMR": [
        155.295737980525,
        155.188147347795
    ],
    "SAGA": [
        2.827609212773917,
        2.81039661314113
    ],
    "AR": [
        43.18042703963509,
        42.9957677008812
    ],
    "ZETA": [
        1.34315063641458,
        1.33600332024875
    ],
    "BGB": [
        1.2159,
        1.2159,
        1.1918
    ],
    "FLOKI": [
        0.00026691,
        0.00026701,
        0.00025869
    ],
    "ENS": [
        24.0902833214048,
        24.0191075594772,
        24.0450491874
    ],
    "PIXEL": [
        0.50146,
        0.49887,
        0.49941
    ],
    "FTM": [
        0.814017225342486,
        0.814975057682819,
        0.802696227333297
    ],
    "INJ": [
        25.8086457389147,
        25.7996455630143,
        25.9201593958232
    ],
    "MKR": [
        2614.877286949077,
        2611.337745218549,
        2603.764646830637
    ],
    "ARKM": [
        2.626743482716449,
        2.628414754078233,
        2.629537862114028
    ],
    "RUNE": [
        6.08896495450703,
        6.04391422425549,
        6.01835980222702
    ],
    "FET": [
        2.06242704131013,
        2.05970421097366,
        2.05596843550134
    ],
    "qnt-quant": [
        90.16593582163509,
        90.11903763179461,
        90.11903763179461
    ],
    "wld-worldcoin": [
        4.854709761061573,
        4.8571124462142405,
        4.8571124462142405
    ],
    "akt-akash-network": [
        4.545321279660599,
        4.539664966765894,
        4.539664966765894
    ],
    "neo-neo": [
        14.999710634239715,
        14.962139522537052,
        14.962139522537052
    ],
    "egld-elrond": [
        39.61526912556096,
        39.516587361092334,
        39.516587361092334
    ],
    "ron-ronin-token": [
        3.104763954044309,
        3.1051329301845407,
        3.1051329301845407
    ],
    "sand-the-sandbox": [
        0.47675899518650744,
        0.47621703474861127,
        0.47621703474861127
    ],
    "wbnb-wrapped-bnb": [
        706.3839219377826,
        706.4573332878688,
        706.4573332878688
    ],
    "rbn-ribbon-finance": [
        0.9885661800071454,
        0.9879724354960426,
        0.980782160787907
    ],
    "ordi-ordinals": [
        57.715323479327836,
        57.6328266343196,
        57.6328266343196
    ],
    "mina-mina-protocol": [
        0.8492380367618503,
        0.848397526169309,
        0.848397526169309
    ],
    "kcs-kucoin-token": [
        10.358358788865349,
        10.369566767650813,
        10.369566767650813
    ],
    "pendle-pendle": [
        5.939812617898431,
        5.932602036458323,
        5.930354756235579
    ],
    "xtz-tezos": [
        0.9415219534353911,
        0.9421611817980284,
        0.9421611817980284
    ],
    "sei-sei": [
        0.5148622389677845,
        0.5139485265023298,
        0.5139485265023298
    ],
    "xec-ecash": [
        4.685353729126343e-05,
        4.691454328947019e-05,
        4.693983462787597e-05
    ],
    "msol-marinade-staked-sol": [
        202.96678340647426,
        203.0246792977705,
        203.0246792977705
    ],
    "cfx-conflux-network": [
        0.2322940718750316,
        0.2313729124038471,
        0.2313729124038471
    ],
    "matic-network": [
        0.730081,
        0.730081,
        0.725449
    ],
    "pepe": [
        1.439e-05,
        1.439e-05,
        1.43e-05
    ],
    "litecoin": [
        85.56,
        85.56,
        84.96
    ],
    "leo-token": [
        6.03,
        6.02,
        6.02
    ],
    "okb": [
        48.81973036057222,
        48.74050918887785,
        48.638370304580434
    ],
    "first-digital-usd": [
        1.000604562093351,
        1.0007784429434083,
        1.0008226978071062
    ],
    "arweave": [
        42.2293179718021,
        42.124283850169526,
        42.08138107679476
    ],
    "optimism-ethereum": [
        2.494073787289216,
        2.4825731781862497,
        2.479081681360025
    ],
    "bittensor": [
        426.5382807502091,
        423.49876312506507,
        421.12507178721165
    ],