{
    "bitcoin": [
        69281,
        69193,
        69193
    ],
    "ethereum": [
        3772.78,
        3771.86,
        3771.86
    ],
    "tether": [
        0.998692,
        0.999833,
        0.999833
    ],
    "binancecoin": [
        624.97,
        625.26,
        625.26
    ],
    "solana": [
        166.18,
        165.94,
        165.94
    ],
    "staked-ether": [
        3770.48,
        3772.87,
        3772.87
    ],
    "usd-coin": [
        0.999969,
        0.999491,
        0.999491
    ],
    "ripple": [
        0.521155,
        0.521913,
        0.521913
    ],
    "dogecoin": [
        0.159755,
        0.159469,
        0.159469
    ],
    "the-open-network": [
        6.74,
        6.75,
        6.75
    ],
    "cardano": [
        0.458181,
        0.460462,
        0.460462
    ],
    "shiba-inu": [
        2.476e-05,
        2.473e-05,
        2.473e-05
    ],
    "avalanche-2": [
        35.86,
        35.82,
        35.82
    ],
    "wrapped-bitcoin": [
        69220,
        69199,
        69199
    ],
    "chainlink": [
        17.71,
        17.66,
        17.66
    ],
    "tron": [
        0.113569,
        0.113684,
        0.113684
    ],
    "polkadot": [
        7.08,
        7.08,
        7.08
    ],
    "bitcoin-cash": [
        468.62,
        468.29,
        468.29
    ],
    "near": [
        7.2,
        7.18,
        7.18
    ],
    "uniswap": [
        9.58,
        9.58,
        9.58
    ],
    "internet-computer": [
        12.09,
        12.1,
        12.1
    ],
    "unus-sed-leo": [
        5.923810812706364,
        5.924793027850309
    ],
    "multi-collateral-dai": [
        1.0001541775823066,
        1.000069113199768
    ],
    "ethereum-classic": [
        29.24604814725347,
        29.20352121967086
    ],
    "aptos": [
        8.995367960586044,
        8.98643571675202,
        8.987626180533907
    ],
    "render": [
        10.057913894439533,
        10.061704411335063,
        10.067061933764553
    ],
    "hedera": [
        0.10173739948835021,
        0.10170725497035199,
        0.10167737490977884
    ],
    "kaspa": [
        0.16426071360887087,
        0.16556914317877033,
        0.16633699511952776
    ],
    "dogwifhat": [
        3.4015275020900075,
        3.389363002467709,
        3.383669021788743
    ],
    "cosmos": [
        8.418127268270757,
        8.415375302541484,
        8.411660089695228
    ],
    "immutable-x": [
        2.25369592473472,
        2.249350647760896,
        2.2472027075865526
    ],
    "filecoin": [
        5.820396474626641,
        5.823731995221265,
        5.824802917901348
    ],
    "arbitrum": [
        1.1162248105366155,
        1.11563090149991,
        1.115699304846951
    ],
    "mantle": [
        0.9669813242859161,
        0.9675883824424468,
        0.9688551597303624
    ],
    "stellar": [
        0.10570170649951943,
        0.10564623372630715,
        0.10563373366274027
    ],
    "cronos": [
        0.11128697716063558,
        0.1111715677251983,
        0.1108654736809637
    ],
    "monero": [
        152.86524039592962,
        152.9076499550286,
        152.86767914645063
    ],
    "stacks": [
        1.9155518247648484,
        1.9123017277990397,
        1.9110367435924664
    ],
    "the-graph": [
        0.2977011119325113,
        0.2973595772495075,
        0.29741321389285735
    ],
    "bttc-bittorrent-chain": [
        1.15785328309231e-06,
        1.15656172502959e-06,
        1.15697492546371e-06
    ],
    "cheelee-cheelee": [
        20.715436513943914,
        20.728432739827507,
        20.66803909636072
    ],
    "VET": [
        0.0342648619606039,
        0.0341757644980644
    ],
    "STX": [
        1.96018090681332,
        1.94312681136669
    ],
    "FLR": [
        0.0280572218861115,
        0.0280389009629798
    ],
    "XMR": [
        155.295737980525,
        155.188147347795
    ],
    "SAGA": [
        2.827609212773917,
        2.81039661314113
    ],
    "AR": [
        43.18042703963509,
        42.9957677008812
    ],
    "ZETA": [
        1.34315063641458,
        1.33600332024875
    ],
    "BGB": [
        1.3705,
        1.3705
    ],
    "FLOKI": [
        0.00027295,
        0.00027004
    ],
    "ENS": [
        25.3792626718371,
        25.3896416651676,
        25.4502553369825
    ],
    "PIXEL": [
        0.5048456534680248,
        0.5075035299704171,
        0.5091358288893804
    ],
    "FTM": [
        0.81494311061099,
        0.810825200275531,
        0.810846650526059
    ],
    "INJ": [
        25.3663062755339,
        25.3631028171546,
        25.3129155036555
    ],
    "MKR": [
        2590.81128508976,
        2588.14427256286,
        2592.90143846596
    ],
    "ARKM": [
        2.5034,
        2.5062,
        2.5065
    ],
    "RUNE": [
        6.02171028096464,
        6.02037192011041,
        6.02064218930522
    ],
    "FET": [
        2.1631652690258,
        2.1645575138472,
        2.16318897737067
    ],
    "qnt-quant": [
        90.89507502528694,
        90.84517544281948,
        90.87949226327315
    ],
    "wld-worldcoin": [
        4.833257504971814,
        4.8360585660696005,
        4.853813314752201
    ],
    "akt-akash-network": [
        4.483807915774715,
        4.475411446941716,
        4.479224609115621
    ],
    "neo-neo": [
        14.83790702896619,
        14.842501150750493,
        14.839369397612117
    ],
    "egld-elrond": [
        39.26618350643398,
        39.27435400824101,
        39.19292719759124
    ],
    "ron-ronin-token": [
        3.2131307207439566,
        3.2128711243776475,
        3.2077501500014134
    ],
    "sand-the-sandbox": [
        0.4565927159885604,
        0.4558169222712841,
        0.456559839562164
    ],
    "wbnb-wrapped-bnb": [
        625.4545821161529,
        625.2315768156872,
        625.4370541322572
    ],
    "rbn-ribbon-finance": [
        0.9801353911968912,
        0.9785307056776668,
        0.9785534119712137
    ],
    "ordi-ordinals": [
        47.85834258950838,
        47.89806873052741,
        47.736164623249515
    ],
    "mina-mina-protocol": [
        0.8710578915246553,
        0.8711385597177235,
        0.8710253927260283
    ],
    "kcs-kucoin-token": [
        10.057970762308177,
        10.062598023748446,
        10.070264853890846
    ],
    "pendle-pendle": [
        6.156056462526486,
        6.172874146263463,
        6.167923163792701
    ],
    "xtz-tezos": [
        0.9350235216333588,
        0.9324549725079674,
        0.9323680002540019
    ],
    "sei-sei": [
        0.5042982919110933,
        0.504312233836976,
        0.504971178413516
    ],
    "xec-ecash": [
        4.670229334828019e-05,
        4.670667441319259e-05,
        4.670198753579512e-05
    ],
    "msol-marinade-staked-sol": [
        198.08531952100566,
        197.8012925519314,
        198.18262213177843
    ],
    "cfx-conflux-network": [
        0.22442273464180526,
        0.22407616611189485,
        0.22454258825834686
    ],
    "matic-network": [
        0.706108,
        0.706554,
        0.706554
    ],
    "pepe": [
        1.48e-05,
        1.478e-05,
        1.478e-05
    ],
    "litecoin": [
        83.21,
        83.14,
        83.14
    ],
    "leo-token": [
        5.95,
        5.96,
        5.96
    ],
    "okb": [
        46.747132995465115,
        46.747179669948274,
        46.72014088315205
    ],
    "first-digital-usd": [
        0.9996913778161728,
        0.9998237183870639,
        0.9998813193439878
    ],
    "arweave": [
        43.00326611858169,
        43.04575994228845,
        43.142654005190956
    ],
    "optimism-ethereum": [
        2.4190265952901853,
        2.416581790684469,
        2.4175118889857434
    ],
    "bittensor": [
        378.34188930590375,
        378.0974589285612,
        378.44795231917635
    ],