{
    "bitcoin": [
        69041,
        69041,
        69048
    ],
    "ethereum": [
        3774.82,
        3774.82,
        3770.39
    ],
    "tether": [
        0.999756,
        0.999756,
        0.999551
    ],
    "binancecoin": [
        629.54,
        629.54,
        628.91
    ],
    "solana": [
        165.5,
        165.5,
        165.35
    ],
    "staked-ether": [
        3771.68,
        3771.68,
        3770.07
    ],
    "usd-coin": [
        0.999758,
        0.999758,
        0.999976
    ],
    "ripple": [
        0.523133,
        0.523133,
        0.522463
    ],
    "dogecoin": [
        0.158187,
        0.158187,
        0.158151
    ],
    "the-open-network": [
        6.8,
        6.8,
        6.8
    ],
    "cardano": [
        0.456023,
        0.456023,
        0.454978
    ],
    "shiba-inu": [
        2.389e-05,
        2.389e-05,
        2.387e-05
    ],
    "avalanche-2": [
        34.87,
        34.87,
        34.85
    ],
    "wrapped-bitcoin": [
        69094,
        69094,
        69084
    ],
    "chainlink": [
        17.67,
        17.67,
        17.66
    ],
    "tron": [
        0.113325,
        0.113325,
        0.113365
    ],
    "polkadot": [
        7.02,
        7.02,
        7.0
    ],
    "bitcoin-cash": [
        467.9,
        467.9,
        468.23
    ],
    "near": [
        7.11,
        7.11,
        7.1
    ],
    "uniswap": [
        9.51,
        9.51,
        9.5
    ],
    "internet-computer": [
        12.12,
        12.12,
        12.1
    ],
    "unus-sed-leo": [
        5.923810812706364,
        5.924793027850309
    ],
    "multi-collateral-dai": [
        1.0001541775823066,
        1.000069113199768
    ],
    "ethereum-classic": [
        28.4280347615256,
        28.41667840420823,
        28.404603891029932
    ],
    "aptos": [
        8.899666803494902,
        8.888894247213443,
        8.876326897897709
    ],
    "render": [
        10.138361019640172,
        10.123899583914456,
        10.117688970808675
    ],
    "hedera": [
        0.10142308265563511,
        0.1011358458577206,
        0.10093200690629535
    ],
    "kaspa": [
        0.1749001485040954,
        0.17564676986106906,
        0.17545327727692198
    ],
    "dogwifhat": [
        3.2652573414046455,
        3.2557246055809377,
        3.252691541639633
    ],
    "cosmos": [
        8.369132183768402,
        8.369814783650957,
        8.354645087500126
    ],
    "immutable-x": [
        2.2837866809652843,
        2.2840826166548824,
        2.28120884444874
    ],
    "filecoin": [
        5.794593653010289,
        5.789333235922576,
        5.7823128815572895
    ],
    "arbitrum": [
        1.0992346164130975,
        1.095187884478395,
        1.0948657195168283
    ],
    "mantle": [
        0.9606477390366337,
        0.9598575118171225,
        0.9614967006188566
    ],
    "stellar": [
        0.10506424348942557,
        0.10498309598579449,
        0.10478637380421853
    ],
    "cronos": [
        0.10667805011162941,
        0.10652536044460413,
        0.10645834699089077
    ],
    "monero": [
        156.16218757377945,
        155.9960179121252,
        156.08968339580653
    ],
    "stacks": [
        1.9997803590638976,
        1.9929776715986622,
        1.9857532462788345
    ],
    "the-graph": [
        0.2935827047857842,
        0.2936542575673351,
        0.29354169297379323
    ],
    "bttc-bittorrent-chain": [
        1.12980429577225e-06,
        1.12935404652473e-06,
        1.13231920925377e-06
    ],
    "cheelee-cheelee": [
        20.444497402516916,
        20.40998603802273,
        20.418306064054544
    ],
    "VET": [
        0.0342648619606039,
        0.0341757644980644
    ],
    "STX": [
        1.96018090681332,
        1.94312681136669
    ],
    "FLR": [
        0.0280572218861115,
        0.0280389009629798
    ],
    "XMR": [
        155.295737980525,
        155.188147347795
    ],
    "SAGA": [
        2.827609212773917,
        2.81039661314113
    ],
    "AR": [
        43.18042703963509,
        42.9957677008812
    ],
    "ZETA": [
        1.34315063641458,
        1.33600332024875
    ],
    "BGB": [
        1.3705,
        1.3705
    ],
    "FLOKI": [
        0.00026691,
        0.00026701,
        0.00025869
    ],
    "ENS": [
        25.0800414318482,
        25.0297481872787,
        24.9908601921309
    ],
    "PIXEL": [
        0.5075035299704171,
        0.5091358288893804,
        0.5094
    ],
    "FTM": [
        0.81494311061099,
        0.810825200275531,
        0.810846650526059
    ],
    "INJ": [
        24.917681425629,
        24.7789399069881,
        24.7777848658383
    ],
    "MKR": [
        2572.53851737616,
        2576.69979805102,
        2579.92939086964
    ],
    "ARKM": [
        2.4707,
        2.4697,
        2.4675
    ],
    "RUNE": [
        6.0176644882749,
        6.01839676777602,
        6.01878585856271
    ],
    "FET": [
        2.12295451660631,
        2.12096339479727,
        2.11668847292815
    ],
    "qnt-quant": [
        91.44025058333469,
        91.44387774653757,
        91.25100760473771
    ],
    "wld-worldcoin": [
        4.762591776344318,
        4.759552353608531,
        4.748952515011696
    ],
    "akt-akash-network": [
        4.336062859009731,
        4.330224584480217,
        4.32479473933434
    ],
    "neo-neo": [
        14.803425805678001,
        14.786792772377083,
        14.76850803525324
    ],
    "egld-elrond": [
        38.88180824124773,
        38.86091523133385,
        38.921925047186754
    ],
    "ron-ronin-token": [
        3.1444658396681886,
        3.135998334224305,
        3.129963743795392
    ],
    "sand-the-sandbox": [
        0.4526828298868235,
        0.4526268841354553,
        0.4520033181130219
    ],
    "wbnb-wrapped-bnb": [
        630.051483282442,
        629.759905046732,
        629.592372996304
    ],
    "rbn-ribbon-finance": [
        0.9885661800071454,
        0.9879724354960426,
        0.980782160787907
    ],
    "ordi-ordinals": [
        48.246288827697875,
        47.80744501919685,
        47.87000840993404
    ],
    "mina-mina-protocol": [
        0.856678154122592,
        0.8549541229723298,
        0.8540911960728927
    ],
    "kcs-kucoin-token": [
        10.06028447941443,
        10.054156334431074,
        10.071944859372975
    ],
    "pendle-pendle": [
        6.189740803071958,
        6.179167336821896,
        6.164925284934159
    ],
    "xtz-tezos": [
        0.9337781355385139,
        0.9315934282482715,
        0.9301740384304955
    ],
    "sei-sei": [
        0.5092009440571809,
        0.5074028905347111,
        0.5062241011768124
    ],
    "xec-ecash": [
        4.566742805809827e-05,
        4.566384526393692e-05,
        4.573697128393669e-05
    ],
    "msol-marinade-staked-sol": [
        197.4365742921018,
        197.24892265757487,
        197.05123427898812
    ],
    "cfx-conflux-network": [
        0.21972543503120234,
        0.21913992260872173,
        0.21893576329921596
    ],
    "matic-network": [
        0.703455,
        0.703455,
        0.703057
    ],
    "pepe": [
        1.422e-05,
        1.422e-05,
        1.421e-05
    ],
    "litecoin": [
        82.08,
        82.08,
        81.91
    ],
    "leo-token": [
        6.03,
        6.03,
        6.02
    ],
    "okb": [
        47.00521202660235,
        46.971715395907545,
        46.93030097531729
    ],
    "first-digital-usd": [
        0.9998574543154952,
        0.9994187630229643,
        0.9997600791378687
    ],
    "arweave": [
        43.89253596805372,
        43.95702749680364,
        43.844273956378686
    ],
    "optimism-ethereum": [
        2.4223941033940064,
        2.41934285822533,
        2.4180558316763294
    ],
    "bittensor": [
        382.5853486857173,
        381.91595679727976,
        381.3382386444694
    ],