{
    "bitcoin": [
        69305,
        69305,
        69223
    ],
    "ethereum": [
        3681.69,
        3681.69,
        3676.01
    ],
    "tether": [
        0.999504,
        0.999504,
        0.999435
    ],
    "binancecoin": [
        683.64,
        683.64,
        681.07
    ],
    "solana": [
        162.13,
        162.13,
        161.61
    ],
    "staked-ether": [
        3677.23,
        3677.23,
        3676.04
    ],
    "usd-coin": [
        0.999594,
        0.999594,
        0.999756
    ],
    "ripple": [
        0.499673,
        0.499673,
        0.498955
    ],
    "dogecoin": [
        0.148145,
        0.148145,
        0.147869
    ],
    "the-open-network": [
        7.31,
        7.31,
        7.36
    ],
    "cardano": [
        0.445102,
        0.445102,
        0.444223
    ],
    "shiba-inu": [
        2.396e-05,
        2.396e-05,
        2.403e-05
    ],
    "avalanche-2": [
        33.61,
        33.61,
        33.59
    ],
    "wrapped-bitcoin": [
        69352,
        69352,
        69299
    ],
    "chainlink": [
        16.32,
        16.32,
        16.31
    ],
    "tron": [
        0.11255,
        0.11255,
        0.112524
    ],
    "polkadot": [
        6.61,
        6.61,
        6.6
    ],
    "bitcoin-cash": [
        481.03,
        481.03,
        480.43
    ],
    "near": [
        6.83,
        6.83,
        6.83
    ],
    "uniswap": [
        9.9,
        9.9,
        9.92
    ],
    "internet-computer": [
        11.54,
        11.55,
        11.55
    ],
    "unus-sed-leo": [
        5.923810812706364,
        5.924793027850309
    ],
    "multi-collateral-dai": [
        1.0001541775823066,
        1.000069113199768
    ],
    "ethereum-classic": [
        27.095838878027646,
        27.07705517034406,
        27.057801755698467
    ],
    "aptos": [
        8.485615564797525,
        8.483329750911615,
        8.463637086033714
    ],
    "render": [
        9.48946092417552,
        9.491529432276213,
        9.4639417752784
    ],
    "hedera": [
        0.09351514500066364,
        0.09349145257533473,
        0.09332842111380549
    ],
    "kaspa": [
        0.16689088302798535,
        0.16642637010032527,
        0.16680200788479696
    ],
    "dogwifhat": [
        2.8200651144158257,
        2.819746324939191,
        2.8202671583583734
    ],
    "cosmos": [
        8.021379451359962,
        8.008516166248013,
        7.997477878662425
    ],
    "immutable-x": [
        2.0779220432990693,
        2.0781479119815662,
        2.073133326831039
    ],
    "filecoin": [
        6.334465190111708,
        6.3382924493740145,
        6.276837882766759
    ],
    "arbitrum": [
        0.9897474621671912,
        0.9880765942554475,
        0.9849949867513657
    ],
    "mantle": [
        0.9528209421684763,
        0.9518468398931142,
        0.9483798512742964
    ],
    "stellar": [
        0.09964336742448628,
        0.09961167156748775,
        0.09945140169757427
    ],
    "cronos": [
        0.11430964364617813,
        0.11426754791939085,
        0.11425752530573485
    ],
    "monero": [
        161.9987625931758,
        162.5633669856471,
        162.34838761631968
    ],
    "stacks": [
        2.301449934727199,
        2.3121715940573138,
        2.3197584111943765
    ],
    "the-graph": [
        0.27081612845197384,
        0.27047194822133763,
        0.27012424223128173
    ],
    "bttc-bittorrent-chain": [
        1.12442651439441e-06,
        1.12381298088021e-06,
        1.12352912904561e-06
    ],
    "cheelee-cheelee": [
        20.829164255737524,
        20.722604085612296,
        20.734088564022912
    ],
    "VET": [
        0.0342648619606039,
        0.0341757644980644
    ],
    "STX": [
        1.96018090681332,
        1.94312681136669
    ],
    "FLR": [
        0.0280572218861115,
        0.0280389009629798
    ],
    "XMR": [
        155.295737980525,
        155.188147347795
    ],
    "SAGA": [
        2.827609212773917,
        2.81039661314113
    ],
    "AR": [
        43.18042703963509,
        42.9957677008812
    ],
    "ZETA": [
        1.11698886903034,
        1.1142736398709,
        1.12400151652205
    ],
    "BGB": [
        1.1906,
        1.1906,
        1.1906
    ],
    "FLOKI": [
        0.00026691,
        0.00026701,
        0.00025869
    ],
    "ENS": [
        22.0497817146523,
        22.0701600954783,
        22.0403449721624
    ],
    "PIXEL": [
        0.43563,
        0.43637,
        0.43707
    ],
    "FTM": [
        0.722402220131525,
        0.721158554850989,
        0.721401420927972
    ],
    "INJ": [
        25.8086457389147,
        25.7996455630143,
        25.9201593958232
    ],
    "MKR": [
        2594.894715936144,
        2596.414635467978,
        2594.250306521202
    ],
    "ARKM": [
        2.626743482716449,
        2.628414754078233,
        2.629537862114028
    ],
    "RUNE": [
        5.47855023991934,
        5.47765475903844,
        5.46621181143294
    ],
    "FET": [
        1.83288167362392,
        1.8342196405032,
        1.83278470719724
    ],
    "qnt-quant": [
        85.89531895612569,
        85.78123217111322,
        85.68971883382687
    ],
    "wld-worldcoin": [
        4.456459316579282,
        4.4606241623217295,
        4.434532690720545
    ],
    "akt-akash-network": [
        4.202566506976393,
        4.200439476885548,
        4.202700120970039
    ],
    "neo-neo": [
        14.111985404565006,
        14.026997002864238,
        14.021453450413542
    ],
    "egld-elrond": [
        36.01470035186932,
        35.90792781010949,
        35.87612170908464
    ],
    "ron-ronin-token": [
        2.954570026481666,
        2.949817828891304,
        2.953864157387297
    ],
    "sand-the-sandbox": [
        0.43343264050648606,
        0.4332596663070938,
        0.4327478617206523
    ],
    "wbnb-wrapped-bnb": [
        683.5192243284398,
        682.6730890757062,
        681.7242073423347
    ],
    "rbn-ribbon-finance": [
        0.9885661800071454,
        0.9879724354960426,
        0.980782160787907
    ],
    "ordi-ordinals": [
        59.171065765798524,
        59.2054871510235,
        59.33578375242714
    ],
    "mina-mina-protocol": [
        0.79696062240275,
        0.7945833973988702,
        0.7955657599096478
    ],
    "kcs-kucoin-token": [
        10.272850162585753,
        10.276698293175984,
        10.27166735192047
    ],
    "pendle-pendle": [
        5.547500676086377,
        5.532665402767616,
        5.53453066154489
    ],
    "xtz-tezos": [
        0.8717688593983415,
        0.8704252675726072,
        0.8702870033711484
    ],
    "sei-sei": [
        0.5375695243332255,
        0.5329464405474748,
        0.5314220716934954
    ],
    "xec-ecash": [
        4.333714403584442e-05,
        4.330012745372618e-05,
        4.332010338081465e-05
    ],
    "msol-marinade-staked-sol": [
        193.76028581134767,
        193.51090034791255,
        193.40089187861153
    ],
    "cfx-conflux-network": [
        0.2272375731725614,
        0.2272375731725614,
        0.22709059873310986
    ],
    "matic-network": [
        0.665945,
        0.665945,
        0.664342
    ],
    "pepe": [
        1.299e-05,
        1.299e-05,
        1.295e-05
    ],
    "litecoin": [
        80.22,
        80.22,
        80.13
    ],
    "leo-token": [
        5.96,
        5.96,
        5.96
    ],
    "okb": [
        48.29682618446193,
        48.291095449944585,
        48.25757929081997
    ],
    "first-digital-usd": [
        1.0012107459834636,
        1.000864592610035,
        1.0009271211185886
    ],
    "arweave": [
        38.98520382906913,
        38.93135221615932,
        38.8549413087016
    ],
    "optimism-ethereum": [
        2.237518553128011,
        2.236940170161709,
        2.2212433556527684
    ],
    "bittensor": [
        388.44539830459115,
        389.80598369414565,
        389.25092785626674
    ],