{
    "bitcoin": [
        70558,
        70558,
        70791
    ],
    "ethereum": [
        3792.79,
        3792.79,
        3799.33
    ],
    "tether": [
        1.0,
        1.0,
        1.0
    ],
    "binancecoin": [
        700.63,
        700.63,
        702.31
    ],
    "solana": [
        172.11,
        172.11,
        172.54
    ],
    "staked-ether": [
        3793.69,
        3793.69,
        3799.54
    ],
    "usd-coin": [
        1.0,
        1.0,
        1.0
    ],
    "ripple": [
        0.527044,
        0.527044,
        0.527364
    ],
    "dogecoin": [
        0.161898,
        0.161898,
        0.16243
    ],
    "the-open-network": [
        7.27,
        7.27,
        7.25
    ],
    "cardano": [
        0.459451,
        0.459451,
        0.460037
    ],
    "shiba-inu": [
        2.554e-05,
        2.554e-05,
        2.56e-05
    ],
    "avalanche-2": [
        36.08,
        36.08,
        36.05
    ],
    "wrapped-bitcoin": [
        70506,
        70506,
        70772
    ],
    "chainlink": [
        17.71,
        17.71,
        17.69
    ],
    "tron": [
        0.114324,
        0.114324,
        0.114313
    ],
    "polkadot": [
        7.19,
        7.19,
        7.2
    ],
    "bitcoin-cash": [
        478.92,
        478.92,
        480.14
    ],
    "near": [
        7.52,
        7.52,
        7.56
    ],
    "uniswap": [
        11.23,
        11.23,
        10.95
    ],
    "internet-computer": [
        12.31,
        12.31,
        12.31
    ],
    "unus-sed-leo": [
        5.923810812706364,
        5.924793027850309
    ],
    "multi-collateral-dai": [
        1.0001541775823066,
        1.000069113199768
    ],
    "ethereum-classic": [
        29.304525302092664,
        29.399543620658513,
        29.424230927875612
    ],
    "aptos": [
        9.205712034379188,
        9.236183579812785,
        9.254163707890575
    ],
    "render": [
        10.446503091549165,
        10.457734274560039,
        10.488937405736252
    ],
    "hedera": [
        0.10227689501602304,
        0.10243524142570622,
        0.10257959913784898
    ],
    "kaspa": [
        0.18249765270131532,
        0.18197967368124957,
        0.18220137460192434
    ],
    "dogwifhat": [
        3.3795196070856544,
        3.391412311970508,
        3.3853606315709066
    ],
    "cosmos": [
        8.580758040767112,
        8.608681926556084,
        8.611252407997533
    ],
    "immutable-x": [
        2.2798319918596026,
        2.287155357584276,
        2.29031877633179
    ],
    "filecoin": [
        5.968190321800485,
        5.981403435793894,
        5.987894929116673
    ],
    "arbitrum": [
        1.1043497253215886,
        1.1082039666911025,
        1.1073717415016278
    ],
    "mantle": [
        0.973735288184195,
        0.9767827949553105,
        0.9796004922954403
    ],
    "stellar": [
        0.10651988206720382,
        0.10674617102411538,
        0.10674449752942475
    ],
    "cronos": [
        0.11684321504942075,
        0.11699831129238415,
        0.11743611498427384
    ],
    "monero": [
        163.25199486367347,
        163.3465129660582,
        164.02324947522624
    ],
    "stacks": [
        2.2182001113702547,
        2.2315948710391886,
        2.2158996833543187
    ],
    "the-graph": [
        0.299274751193336,
        0.3002732386218939,
        0.3007017122269266
    ],
    "bttc-bittorrent-chain": [
        1.15492303366094e-06,
        1.15782519773053e-06,
        1.15928548097433e-06
    ],
    "cheelee-cheelee": [
        21.097731658830345,
        21.01393762213237,
        21.03365122098722
    ],
    "VET": [
        0.0342648619606039,
        0.0341757644980644
    ],
    "STX": [
        1.96018090681332,
        1.94312681136669
    ],
    "FLR": [
        0.0280572218861115,
        0.0280389009629798
    ],
    "XMR": [
        155.295737980525,
        155.188147347795
    ],
    "SAGA": [
        2.827609212773917,
        2.81039661314113
    ],
    "AR": [
        43.18042703963509,
        42.9957677008812
    ],
    "ZETA": [
        1.34315063641458,
        1.33600332024875
    ],
    "BGB": [
        1.3705,
        1.3705
    ],
    "FLOKI": [
        0.00026691,
        0.00026701,
        0.00025869
    ],
    "ENS": [
        24.1089420451211,
        23.9433566799473,
        24.1155087876909
    ],
    "PIXEL": [
        0.49925,
        0.50078,
        0.50246
    ],
    "FTM": [
        0.81494311061099,
        0.810825200275531,
        0.810846650526059
    ],
    "INJ": [
        25.8086457389147,
        25.7996455630143,
        25.9201593958232
    ],
    "MKR": [
        2658.89260369574,
        2655.56278151193,
        2646.61559260119
    ],
    "ARKM": [
        2.4701,
        2.4832,
        2.4884
    ],
    "RUNE": [
        6.24993690993758,
        6.24995345624184,
        6.24993789301255
    ],
    "FET": [
        2.14404210332372,
        2.15226297749307,
        2.15898851718492
    ],
    "qnt-quant": [
        89.95514628760222,
        90.20954218380611,
        90.3319018471409
    ],
    "wld-worldcoin": [
        4.941545042979411,
        5.033768136999455,
        5.075962272105484
    ],
    "akt-akash-network": [
        4.502983215732999,
        4.504496832376766,
        4.510146357468027
    ],
    "neo-neo": [
        15.148685274401416,
        15.195047173624399,
        15.173739035563285
    ],
    "egld-elrond": [
        39.42136447315791,
        39.55538875997162,
        39.6305645421925
    ],
    "ron-ronin-token": [
        3.1208671153036107,
        3.1304394514029963,
        3.1258279464616843
    ],
    "sand-the-sandbox": [
        0.46906665588464797,
        0.4711667070458903,
        0.4693188827619962
    ],
    "wbnb-wrapped-bnb": [
        697.6265068007746,
        701.8206011027719,
        701.8206011027719
    ],
    "rbn-ribbon-finance": [
        0.9885661800071454,
        0.9879724354960426,
        0.980782160787907
    ],
    "ordi-ordinals": [
        55.8226546695656,
        56.16012104968636,
        55.80753473683994
    ],
    "mina-mina-protocol": [
        0.8613488810794874,
        0.8651341665608112,
        0.8662765929176637
    ],
    "kcs-kucoin-token": [
        10.104974817772945,
        10.104658059501192,
        10.09773577092673
    ],
    "pendle-pendle": [
        6.0454067447523485,
        6.077382304244623,
        6.060920780644722
    ],
    "xtz-tezos": [
        0.9489043050065101,
        0.9508651656588116,
        0.9502304257541406
    ],
    "sei-sei": [
        0.5181414243586553,
        0.5201324424757637,
        0.5195481256392569
    ],
    "xec-ecash": [
        4.704816260376972e-05,
        4.716826286998986e-05,
        4.719872645353764e-05
    ],
    "msol-marinade-staked-sol": [
        204.97227543468114,
        205.66047472335674,
        205.81656909946162
    ],
    "cfx-conflux-network": [
        0.2212985412578897,
        0.2216218147611572,
        0.2294484355944873
    ],
    "matic-network": [
        0.711081,
        0.711081,
        0.711481
    ],
    "pepe": [
        1.419e-05,
        1.419e-05,
        1.429e-05
    ],
    "litecoin": [
        83.93,
        83.93,
        84.08
    ],
    "leo-token": [
        5.94,
        5.94,
        5.94
    ],
    "okb": [
        48.811181539686906,
        48.86780107232052,
        48.859703505120976
    ],
    "first-digital-usd": [
        0.9996341475740832,
        0.9993997903642631,
        0.999904865165312
    ],
    "arweave": [
        44.50619526764645,
        44.50884403903984,
        44.31801561025503
    ],
    "optimism-ethereum": [
        2.492731340523744,
        2.4982884152217433,
        2.498321897823197
    ],
    "bittensor": [
        409.0735291835412,
        409.42148906462387,
        409.4292005960087
    ],