{
    "bitcoin": [
        71038,
        71162,
        71162
    ],
    "ethereum": [
        3807.96,
        3813.78,
        3813.78
    ],
    "tether": [
        0.999334,
        0.99975,
        0.99975
    ],
    "binancecoin": [
        698.5,
        699.02,
        699.02
    ],
    "solana": [
        171.86,
        171.95,
        171.95
    ],
    "staked-ether": [
        3805.66,
        3811.23,
        3811.23
    ],
    "usd-coin": [
        0.999794,
        1.0,
        1.0
    ],
    "ripple": [
        0.524164,
        0.524085,
        0.524085
    ],
    "dogecoin": [
        0.160864,
        0.161144,
        0.161144
    ],
    "the-open-network": [
        7.51,
        7.52,
        7.52
    ],
    "cardano": [
        0.462842,
        0.463821,
        0.463821
    ],
    "shiba-inu": [
        2.525e-05,
        2.53e-05,
        2.53e-05
    ],
    "avalanche-2": [
        35.99,
        36.02,
        36.02
    ],
    "wrapped-bitcoin": [
        71107,
        71177,
        71177
    ],
    "chainlink": [
        17.46,
        17.47,
        17.47
    ],
    "tron": [
        0.114055,
        0.114156,
        0.114156
    ],
    "polkadot": [
        7.14,
        7.15,
        7.15
    ],
    "bitcoin-cash": [
        512.49,
        512.0,
        512.0
    ],
    "near": [
        7.42,
        7.43,
        7.43
    ],
    "uniswap": [
        10.66,
        10.68,
        10.68
    ],
    "internet-computer": [
        12.05,
        12.08,
        12.08
    ],
    "unus-sed-leo": [
        5.923810812706364,
        5.924793027850309
    ],
    "multi-collateral-dai": [
        1.0001541775823066,
        1.000069113199768
    ],
    "ethereum-classic": [
        29.387441989129655,
        29.460698955719895,
        29.423851669313404
    ],
    "aptos": [
        9.156573714257997,
        9.158818381870349,
        9.15154400974828
    ],
    "render": [
        10.40215992325256,
        10.408312209671617,
        10.4059655435626
    ],
    "hedera": [
        0.10099502642247002,
        0.10101466209092283,
        0.10108095115069114
    ],
    "kaspa": [
        0.17554053638788594,
        0.17583395014859327,
        0.1752074590203612
    ],
    "dogwifhat": [
        3.306095004741083,
        3.3078853646196795,
        3.3068719780970435
    ],
    "cosmos": [
        8.657313944073072,
        8.648285044013353,
        8.63837503786276
    ],
    "immutable-x": [
        2.2457412137627606,
        2.247773745252771,
        2.2398333956872873
    ],
    "filecoin": [
        5.996085819237673,
        6.001892264285728,
        5.998981298828447
    ],
    "arbitrum": [
        1.0917353264685978,
        1.0920601192907946,
        1.092765372498978
    ],
    "mantle": [
        1.0200688615212512,
        1.0204654987879536,
        1.0192022708075934
    ],
    "stellar": [
        0.10571450152084387,
        0.10558157776479414,
        0.10552804105358929
    ],
    "cronos": [
        0.11488161441905882,
        0.11495706653504667,
        0.11508650768132109
    ],
    "monero": [
        173.33397494008844,
        172.98977715490298,
        173.1674266580223
    ],
    "stacks": [
        2.3930153727761416,
        2.3944106804614393,
        2.3908115525165363
    ],
    "the-graph": [
        0.2941676469405121,
        0.294199187613218,
        0.2941868442223485
    ],
    "bttc-bittorrent-chain": [
        1.16241440704235e-06,
        1.16168507606012e-06,
        1.16348242197565e-06
    ],
    "cheelee-cheelee": [
        21.068902073101434,
        21.121666493917367,
        21.035445065897964
    ],
    "VET": [
        0.0342648619606039,
        0.0341757644980644
    ],
    "STX": [
        1.96018090681332,
        1.94312681136669
    ],
    "FLR": [
        0.0280572218861115,
        0.0280389009629798
    ],
    "XMR": [
        155.295737980525,
        155.188147347795
    ],
    "SAGA": [
        2.827609212773917,
        2.81039661314113
    ],
    "AR": [
        43.18042703963509,
        42.9957677008812
    ],
    "ZETA": [
        1.22988208366352,
        1.23250889339322,
        1.23341199405814
    ],
    "BGB": [
        1.2225,
        1.2225,
        1.2225
    ],
    "FLOKI": [
        0.00026691,
        0.00026701,
        0.00025869
    ],
    "ENS": [
        23.9604720707933,
        23.9400177808047,
        23.888916030991
    ],
    "PIXEL": [
        0.50479,
        0.50398,
        0.50684
    ],
    "FTM": [
        0.806479533698492,
        0.803021610310486,
        0.803688396269601
    ],
    "INJ": [
        25.8086457389147,
        25.7996455630143,
        25.9201593958232
    ],
    "MKR": [
        2607.540439840941,
        2604.633844654313,
        2600.420979439572
    ],
    "ARKM": [
        2.626743482716449,
        2.628414754078233,
        2.629537862114028
    ],
    "RUNE": [
        6.12922630159748,
        6.12959936639942,
        6.15329364534661
    ],
    "FET": [
        2.03190707673073,
        2.0394711528668,
        2.04111606658492
    ],
    "qnt-quant": [
        90.24159704270193,
        90.24898244436777,
        90.47220116982092
    ],
    "wld-worldcoin": [
        4.9359182495271705,
        4.945582078500099,
        4.943223619779606
    ],
    "akt-akash-network": [
        4.531641703745072,
        4.523033619808569,
        4.526786603082844
    ],
    "neo-neo": [
        15.118753877425139,
        15.118668535839195,
        15.120634166018238
    ],
    "egld-elrond": [
        39.10708407978266,
        39.17630776781773,
        39.07762540337463
    ],
    "ron-ronin-token": [
        3.0776866188892082,
        3.0691321312918487,
        3.0711904422065666
    ],
    "sand-the-sandbox": [
        0.4701289868662913,
        0.4698294842155868,
        0.4693773714276032
    ],
    "wbnb-wrapped-bnb": [
        699.302355462375,
        699.1210459488041,
        699.4787233950509
    ],
    "rbn-ribbon-finance": [
        0.9885661800071454,
        0.9879724354960426,
        0.980782160787907
    ],
    "ordi-ordinals": [
        61.41311405445535,
        61.33382380491155,
        61.15798061944269
    ],
    "mina-mina-protocol": [
        0.8525060366874362,
        0.8550527785772487,
        0.856560440177635
    ],
    "kcs-kucoin-token": [
        10.387735453890443,
        10.37292367562674,
        10.394480692148676
    ],
    "pendle-pendle": [
        5.948574553714669,
        5.954069412850565,
        5.945831171348034
    ],
    "xtz-tezos": [
        0.9450842343378044,
        0.942779189730406,
        0.941879733328482
    ],
    "sei-sei": [
        0.5386752826381475,
        0.5415714449396389,
        0.5401241664971195
    ],
    "xec-ecash": [
        4.690520663627013e-05,
        4.691518053202566e-05,
        4.684380703103741e-05
    ],
    "msol-marinade-staked-sol": [
        204.93874102500712,
        205.0630113632205,
        205.16451555918883
    ],
    "cfx-conflux-network": [
        0.23017919258909422,
        0.2298981037367479,
        0.23026465583392797
    ],
    "matic-network": [
        0.715356,
        0.715929,
        0.715929
    ],
    "pepe": [
        1.439e-05,
        1.442e-05,
        1.442e-05
    ],
    "litecoin": [
        83.97,
        84.08,
        84.08
    ],
    "leo-token": [
        5.99,
        5.99,
        5.99
    ],
    "okb": [
        49.390714028405334,
        49.40397357564624,
        49.39307102962946
    ],
    "first-digital-usd": [
        1.0008541597754368,
        1.0013627443674527,
        1.0011398644408374
    ],
    "arweave": [
        42.46281572547513,
        42.29382841095338,
        42.1869771454882
    ],
    "optimism-ethereum": [
        2.4978821838789282,
        2.500631918282237,
        2.500565174946681
    ],
    "bittensor": [
        429.42359756199113,
        430.09285709233984,
        431.62396972501205
    ],