{
    "bitcoin": [
        71049,
        71320,
        71087
    ],
    "ethereum": [
        3847.03,
        3856.99,
        3843.28
    ],
    "tether": [
        0.999681,
        0.99953,
        0.999212
    ],
    "binancecoin": [
        705.52,
        704.66,
        703.61
    ],
    "solana": [
        172.89,
        173.31,
        172.74
    ],
    "staked-ether": [
        3846.93,
        3854.27,
        3839.5
    ],
    "usd-coin": [
        0.9999,
        1.0,
        0.999632
    ],
    "ripple": [
        0.526155,
        0.526767,
        0.525273
    ],
    "dogecoin": [
        0.16325,
        0.164817,
        0.163209
    ],
    "the-open-network": [
        7.32,
        7.3,
        7.29
    ],
    "cardano": [
        0.458677,
        0.459806,
        0.458393
    ],
    "shiba-inu": [
        2.574e-05,
        2.588e-05,
        2.576e-05
    ],
    "avalanche-2": [
        36.79,
        36.78,
        36.6
    ],
    "wrapped-bitcoin": [
        71116,
        71377,
        71189
    ],
    "chainlink": [
        17.36,
        17.42,
        17.32
    ],
    "tron": [
        0.114816,
        0.114982,
        0.11479
    ],
    "polkadot": [
        7.21,
        7.24,
        7.2
    ],
    "bitcoin-cash": [
        496.72,
        496.33,
        493.55
    ],
    "near": [
        7.53,
        7.54,
        7.49
    ],
    "uniswap": [
        10.64,
        10.71,
        10.7
    ],
    "internet-computer": [
        12.21,
        12.25,
        12.19
    ],
    "unus-sed-leo": [
        5.923810812706364,
        5.924793027850309
    ],
    "multi-collateral-dai": [
        1.0001541775823066,
        1.000069113199768
    ],
    "ethereum-classic": [
        29.387441989129655,
        29.460698955719895,
        29.423851669313404
    ],
    "aptos": [
        9.192599557368615,
        9.229647143418811,
        9.200642172651571
    ],
    "render": [
        10.63282747646292,
        10.693269875642644,
        10.630815959042062
    ],
    "hedera": [
        0.10343147933141271,
        0.10365367467731072,
        0.1029930285982099
    ],
    "kaspa": [
        0.17941882760952466,
        0.1796111623672071,
        0.17920703293465964
    ],
    "dogwifhat": [
        3.3630940768890536,
        3.3766900447672112,
        3.3581109375175444
    ],
    "cosmos": [
        8.611822942116378,
        8.63416076286451,
        8.60477902313796
    ],
    "immutable-x": [
        2.265858437301335,
        2.2706629123264275,
        2.2609069249324762
    ],
    "filecoin": [
        6.037420803485441,
        6.060120807662742,
        6.021416882496419
    ],
    "arbitrum": [
        1.1066552958656888,
        1.1120347224036728,
        1.1083283774306667
    ],
    "mantle": [
        1.0329920367503735,
        1.0365082433813582,
        1.0350012827719302
    ],
    "stellar": [
        0.1062692068498954,
        0.10649362190260338,
        0.10629408339490694
    ],
    "cronos": [
        0.1153111915317717,
        0.11567333472804751,
        0.11522673317454689
    ],
    "monero": [
        163.6012398468762,
        163.4052697882193,
        163.36915197896724
    ],
    "stacks": [
        2.374816352355337,
        2.405395200413378,
        2.3625902441206947
    ],
    "the-graph": [
        0.2987282284762135,
        0.29902791969712494,
        0.2974198162125963
    ],
    "bttc-bittorrent-chain": [
        1.1669510570534e-06,
        1.16892553656681e-06,
        1.16681243594845e-06
    ],
    "cheelee-cheelee": [
        21.011664863044977,
        20.9950037855722,
        21.008326881796084
    ],
    "VET": [
        0.0342648619606039,
        0.0341757644980644
    ],
    "STX": [
        1.96018090681332,
        1.94312681136669
    ],
    "FLR": [
        0.0280572218861115,
        0.0280389009629798
    ],
    "XMR": [
        155.295737980525,
        155.188147347795
    ],
    "SAGA": [
        2.827609212773917,
        2.81039661314113
    ],
    "AR": [
        43.18042703963509,
        42.9957677008812
    ],
    "ZETA": [
        1.34315063641458,
        1.33600332024875
    ],
    "BGB": [
        1.2073,
        1.2061,
        1.2061
    ],
    "FLOKI": [
        0.00026691,
        0.00026701,
        0.00025869
    ],
    "ENS": [
        24.9705861129796,
        25.1298519470238,
        24.9926987158583
    ],
    "PIXEL": [
        0.49408,
        0.49357,
        0.49247
    ],
    "FTM": [
        0.813122254494612,
        0.814017225342486,
        0.814975057682819
    ],
    "INJ": [
        25.8086457389147,
        25.7996455630143,
        25.9201593958232
    ],
    "MKR": [
        2678.60835986045,
        2679.19881558213,
        2678.61942081851
    ],
    "ARKM": [
        2.626743482716449,
        2.628414754078233,
        2.629537862114028
    ],
    "RUNE": [
        6.11906348745125,
        6.12146778146312,
        6.09902445464607
    ],
    "FET": [
        2.10317869853147,
        2.11125949170439,
        2.10116595231503
    ],
    "qnt-quant": [
        90.40844801283748,
        90.56261123091096,
        90.17219389684374
    ],
    "wld-worldcoin": [
        4.996208716263855,
        5.018887404899547,
        5.003789718637768
    ],
    "akt-akash-network": [
        4.518407124040613,
        4.519249834327476,
        4.536454224005518
    ],
    "neo-neo": [
        15.140642607804407,
        15.161068258394605,
        15.108797693980403
    ],
    "egld-elrond": [
        39.913679931422635,
        40.072725016983405,
        39.76577839228932
    ],
    "ron-ronin-token": [
        3.144894737073452,
        3.151340161576037,
        3.14946792818998
    ],
    "sand-the-sandbox": [
        0.47245516802853776,
        0.47264870172406226,
        0.46955910879997037
    ],
    "wbnb-wrapped-bnb": [
        706.6090541779938,
        705.3602024162459,
        705.2764153086225
    ],
    "rbn-ribbon-finance": [
        0.9885661800071454,
        0.9879724354960426,
        0.980782160787907
    ],
    "ordi-ordinals": [
        58.79107397494778,
        57.80234420897588,
        57.602148320832676
    ],
    "mina-mina-protocol": [
        0.8666909908426047,
        0.8701119664237451,
        0.8655976836536217
    ],
    "kcs-kucoin-token": [
        10.338064997710681,
        10.383898336268519,
        10.427364575189845
    ],
    "pendle-pendle": [
        5.942152933942688,
        5.977671814178337,
        5.962234434612006
    ],
    "xtz-tezos": [
        0.9422063326287715,
        0.9435313355282117,
        0.9421811951791808
    ],
    "sei-sei": [
        0.5214309806119743,
        0.5251068846348222,
        0.5204409383672626
    ],
    "xec-ecash": [
        4.715737572263624e-05,
        4.685353729126343e-05,
        4.691454328947019e-05
    ],
    "msol-marinade-staked-sol": [
        206.4704280521544,
        206.94575925452887,
        206.13678674258384
    ],
    "cfx-conflux-network": [
        0.23180159206072187,
        0.2346483706117109,
        0.2320845389789547
    ],
    "matic-network": [
        0.717293,
        0.729812,
        0.723061
    ],
    "pepe": [
        1.483e-05,
        1.488e-05,
        1.47e-05
    ],
    "litecoin": [
        85.31,
        85.31,
        84.86
    ],
    "leo-token": [
        6.03,
        6.02,
        6.02
    ],
    "okb": [
        48.582097034776716,
        48.68449019692786,
        48.64622244960403
    ],
    "first-digital-usd": [
        1.0007929755694764,
        1.0013231506459461,
        1.000846886304017
    ],
    "arweave": [
        42.88881427971368,
        42.8986262022017,
        42.84229777352823
    ],
    "optimism-ethereum": [
        2.48849553400406,
        2.50386253230791,
        2.493952052725104
    ],
    "bittensor": [
        419.0048437208489,
        419.3644380642076,
        415.79560771886594
    ],