{
    "bitcoin": [
        69341,
        69341,
        69279
    ],
    "ethereum": [
        3683.76,
        3683.76,
        3682.14
    ],
    "tether": [
        0.999498,
        0.999498,
        0.999701
    ],
    "binancecoin": [
        687.89,
        687.89,
        688.02
    ],
    "solana": [
        162.57,
        162.57,
        162.4
    ],
    "staked-ether": [
        3681.38,
        3681.38,
        3679.86
    ],
    "usd-coin": [
        0.999794,
        0.999794,
        0.999539
    ],
    "ripple": [
        0.498981,
        0.498981,
        0.498974
    ],
    "dogecoin": [
        0.147769,
        0.147769,
        0.147644
    ],
    "the-open-network": [
        7.37,
        7.37,
        7.38
    ],
    "cardano": [
        0.444578,
        0.444578,
        0.443674
    ],
    "shiba-inu": [
        2.396e-05,
        2.396e-05,
        2.393e-05
    ],
    "avalanche-2": [
        33.54,
        33.54,
        33.48
    ],
    "wrapped-bitcoin": [
        69368,
        69368,
        69360
    ],
    "chainlink": [
        16.34,
        16.34,
        16.29
    ],
    "tron": [
        0.112622,
        0.112622,
        0.112637
    ],
    "polkadot": [
        6.63,
        6.63,
        6.61
    ],
    "bitcoin-cash": [
        483.1,
        483.1,
        481.57
    ],
    "near": [
        6.85,
        6.85,
        6.84
    ],
    "uniswap": [
        9.93,
        9.93,
        9.93
    ],
    "internet-computer": [
        11.54,
        11.55,
        11.55
    ],
    "unus-sed-leo": [
        5.923810812706364,
        5.924793027850309
    ],
    "multi-collateral-dai": [
        1.0001541775823066,
        1.000069113199768
    ],
    "ethereum-classic": [
        27.057801755698467,
        27.099220532842264,
        27.116486493993968
    ],
    "aptos": [
        8.521652929654625,
        8.514799048766346,
        8.506881738755766
    ],
    "render": [
        9.518556402984293,
        9.515488670405784,
        9.51020880145082
    ],
    "hedera": [
        0.09322341882465283,
        0.0932078813911476,
        0.09318357890877246
    ],
    "kaspa": [
        0.1666206682598935,
        0.16538628590455554,
        0.16529402931799442
    ],
    "dogwifhat": [
        2.8400376740686,
        2.8377205621104777,
        2.8281269534330375
    ],
    "cosmos": [
        8.009963732625206,
        8.001807476854154,
        8.003420691298995
    ],
    "immutable-x": [
        2.0791921702052374,
        2.0769784877920436,
        2.0761254286791977
    ],
    "filecoin": [
        6.364004726405146,
        6.316963581280724,
        6.318928702644726
    ],
    "arbitrum": [
        0.992598507125359,
        0.9925387752869747,
        0.9924360946083783
    ],
    "mantle": [
        0.9515051964987006,
        0.9512037411335516,
        0.9507070657471981
    ],
    "stellar": [
        0.09959456616738659,
        0.09971469237201253,
        0.09963863482024223
    ],
    "cronos": [
        0.11496646635332619,
        0.11497367052675898,
        0.11507133849555509
    ],
    "monero": [
        162.92093958186018,
        163.3599950986274,
        163.52861703851215
    ],
    "stacks": [
        2.3339818968799673,
        2.3274797766668,
        2.329922306598684
    ],
    "the-graph": [
        0.27102173429819915,
        0.2708079041658552,
        0.270749461201534
    ],
    "bttc-bittorrent-chain": [
        1.12285994485618e-06,
        1.1238394009719e-06,
        1.12409833941264e-06
    ],
    "cheelee-cheelee": [
        20.823510284453093,
        20.76626269493757,
        20.760636041379044
    ],
    "VET": [
        0.0342648619606039,
        0.0341757644980644
    ],
    "STX": [
        1.96018090681332,
        1.94312681136669
    ],
    "FLR": [
        0.0280572218861115,
        0.0280389009629798
    ],
    "XMR": [
        155.295737980525,
        155.188147347795
    ],
    "SAGA": [
        2.827609212773917,
        2.81039661314113
    ],
    "AR": [
        43.18042703963509,
        42.9957677008812
    ],
    "ZETA": [
        1.11698886903034,
        1.1142736398709,
        1.12400151652205
    ],
    "BGB": [
        1.1906,
        1.1906,
        1.1906
    ],
    "FLOKI": [
        0.00026691,
        0.00026701,
        0.00025869
    ],
    "ENS": [
        22.1181951906922,
        22.1190744877224,
        22.100235764501
    ],
    "PIXEL": [
        0.43667,
        0.43549,
        0.43502
    ],
    "FTM": [
        0.722338903090897,
        0.722093659876586,
        0.720846980794835
    ],
    "INJ": [
        25.8086457389147,
        25.7996455630143,
        25.9201593958232
    ],
    "MKR": [
        2594.894715936144,
        2596.414635467978,
        2594.250306521202
    ],
    "ARKM": [
        2.626743482716449,
        2.628414754078233,
        2.629537862114028
    ],
    "RUNE": [
        5.52104993101297,
        5.53000901006123,
        5.52970840257643
    ],
    "FET": [
        1.82766935945292,
        1.82654053118823,
        1.8267335978326
    ],
    "qnt-quant": [
        85.4107520315794,
        85.36158709911672,
        85.30406457516668
    ],
    "wld-worldcoin": [
        4.471959129076991,
        4.475877964398346,
        4.469655431504908
    ],
    "akt-akash-network": [
        4.176749214097085,
        4.175417373420825,
        4.174323404280776
    ],
    "neo-neo": [
        14.04203654346715,
        14.073727001599412,
        14.046971875500763
    ],
    "egld-elrond": [
        35.92337919406649,
        35.869032801630695,
        35.883964401809436
    ],
    "ron-ronin-token": [
        2.971458302144168,
        2.9712749281215136,
        2.9719160724847455
    ],
    "sand-the-sandbox": [
        0.43215273195603665,
        0.43229045051529297,
        0.43263512968328965
    ],
    "wbnb-wrapped-bnb": [
        687.3483292493752,
        688.3514252291329,
        688.6922120726576
    ],
    "rbn-ribbon-finance": [
        0.9885661800071454,
        0.9879724354960426,
        0.980782160787907
    ],
    "ordi-ordinals": [
        59.171065765798524,
        59.2054871510235,
        59.33578375242714
    ],
    "mina-mina-protocol": [
        0.7943218131588495,
        0.7935084255902571,
        0.7954323951520803
    ],
    "kcs-kucoin-token": [
        10.287407993376508,
        10.288231072440407,
        10.281746226244806
    ],
    "pendle-pendle": [
        5.520052235484564,
        5.518445011103463,
        5.5233613132925035
    ],
    "xtz-tezos": [
        0.8702539098328971,
        0.870239080000757,
        0.8699063642990766
    ],
    "sei-sei": [
        0.5371773176241785,
        0.5384008932592593,
        0.5395750123165179
    ],
    "xec-ecash": [
        4.326830535162394e-05,
        4.331882078420209e-05,
        4.329310132228427e-05
    ],
    "msol-marinade-staked-sol": [
        193.95370744011996,
        193.9679218314816,
        193.88771745275852
    ],
    "cfx-conflux-network": [
        0.2272375731725614,
        0.2272375731725614,
        0.22709059873310986
    ],
    "matic-network": [
        0.666951,
        0.666951,
        0.666137
    ],
    "pepe": [
        1.308e-05,
        1.308e-05,
        1.303e-05
    ],
    "litecoin": [
        80.1,
        80.1,
        80.02
    ],
    "leo-token": [
        5.96,
        5.96,
        5.98
    ],
    "okb": [
        48.00468182778708,
        47.970063529187975,
        47.973267872519415
    ],
    "first-digital-usd": [
        1.0005526636505893,
        1.0005219881486178,
        1.000409741008686
    ],
    "arweave": [
        38.85208902071124,
        38.83357315997436,
        38.7645089596987
    ],
    "optimism-ethereum": [
        2.236155651626655,
        2.2312164349544372,
        2.230597715752271
    ],
    "bittensor": [
        389.1493357618603,
        389.58275803116317,
        388.94238831162875
    ],