{
    "bitcoin": [
        71300,
        71300,
        71242
    ],
    "ethereum": [
        3871.66,
        3871.66,
        3866.56
    ],
    "tether": [
        1.0,
        1.0,
        0.999957
    ],
    "binancecoin": [
        691.68,
        691.68,
        692.37
    ],
    "solana": [
        173.47,
        173.47,
        173.2
    ],
    "staked-ether": [
        3865.75,
        3865.75,
        3865.49
    ],
    "usd-coin": [
        1.0,
        1.0,
        0.999934
    ],
    "ripple": [
        0.527363,
        0.527363,
        0.526922
    ],
    "dogecoin": [
        0.163804,
        0.163804,
        0.163672
    ],
    "the-open-network": [
        7.38,
        7.38,
        7.36
    ],
    "cardano": [
        0.463504,
        0.463504,
        0.463255
    ],
    "shiba-inu": [
        2.6e-05,
        2.6e-05,
        2.59e-05
    ],
    "avalanche-2": [
        36.72,
        36.72,
        36.66
    ],
    "wrapped-bitcoin": [
        71223,
        71223,
        71199
    ],
    "chainlink": [
        17.86,
        17.86,
        17.82
    ],
    "tron": [
        0.114749,
        0.114749,
        0.114587
    ],
    "polkadot": [
        7.28,
        7.28,
        7.28
    ],
    "bitcoin-cash": [
        495.32,
        495.32,
        494.3
    ],
    "near": [
        7.67,
        7.67,
        7.67
    ],
    "uniswap": [
        11.09,
        11.09,
        11.1
    ],
    "internet-computer": [
        12.4,
        12.4,
        12.39
    ],
    "unus-sed-leo": [
        5.923810812706364,
        5.924793027850309
    ],
    "multi-collateral-dai": [
        1.0001541775823066,
        1.000069113199768
    ],
    "ethereum-classic": [
        29.59241834823406,
        29.590961501851606,
        29.716644817092764
    ],
    "aptos": [
        9.345987841500051,
        9.339033081653788,
        9.329545454157373
    ],
    "render": [
        10.624624337440435,
        10.617518837440606,
        10.613896091025108
    ],
    "hedera": [
        0.10441117756225525,
        0.10437832120809895,
        0.10438556027793996
    ],
    "kaspa": [
        0.17692425895215996,
        0.1788493606849606,
        0.17909865360029523
    ],
    "dogwifhat": [
        3.446880514016302,
        3.4406143059189973,
        3.4416658328091616
    ],
    "cosmos": [
        8.717414166780758,
        8.712587631123068,
        8.706453609360342
    ],
    "immutable-x": [
        2.3101382489973137,
        2.3119685175099787,
        2.3095432984445097
    ],
    "filecoin": [
        6.082416767007614,
        6.074985623437869,
        6.07451060623295
    ],
    "arbitrum": [
        1.1307702655961445,
        1.129198197462129,
        1.1295057142253448
    ],
    "mantle": [
        1.0251879285145518,
        1.0234834279120641,
        1.0240591790009743
    ],
    "stellar": [
        0.10727150167287745,
        0.10717741780376767,
        0.10722364538688797
    ],
    "cronos": [
        0.1187372879417459,
        0.11881765750254078,
        0.11882843954721722
    ],
    "monero": [
        164.21778878329397,
        164.25138861981029,
        163.77516561331018
    ],
    "stacks": [
        2.3978609231094334,
        2.4000174342235407,
        2.3896010268661616
    ],
    "the-graph": [
        0.3040229988713026,
        0.3039774297927368,
        0.30374756107503087
    ],
    "bttc-bittorrent-chain": [
        1.16995917784006e-06,
        1.16949299417522e-06,
        1.16766602747979e-06
    ],
    "cheelee-cheelee": [
        21.150728628835665,
        21.150165508788724,
        21.165145946799576
    ],
    "VET": [
        0.0342648619606039,
        0.0341757644980644
    ],
    "STX": [
        1.96018090681332,
        1.94312681136669
    ],
    "FLR": [
        0.0280572218861115,
        0.0280389009629798
    ],
    "XMR": [
        155.295737980525,
        155.188147347795
    ],
    "SAGA": [
        2.827609212773917,
        2.81039661314113
    ],
    "AR": [
        43.18042703963509,
        42.9957677008812
    ],
    "ZETA": [
        1.34315063641458,
        1.33600332024875
    ],
    "BGB": [
        1.3705,
        1.3705
    ],
    "FLOKI": [
        0.00026691,
        0.00026701,
        0.00025869
    ],
    "ENS": [
        25.4622919207113,
        25.4412076630215,
        25.290782722267
    ],
    "PIXEL": [
        0.50077,
        0.50014,
        0.49993
    ],
    "FTM": [
        0.81494311061099,
        0.810825200275531,
        0.810846650526059
    ],
    "INJ": [
        25.8086457389147,
        25.7996455630143,
        25.9201593958232
    ],
    "MKR": [
        2675.05782066107,
        2671.63971355272,
        2677.47879068128
    ],
    "ARKM": [
        2.4701,
        2.4832,
        2.4884
    ],
    "RUNE": [
        6.29296782899107,
        6.28375494968556,
        6.28011144022987
    ],
    "FET": [
        2.15626079848793,
        2.15459311643555,
        2.15319867070991
    ],
    "qnt-quant": [
        90.86568209893532,
        91.05548747412418,
        90.93875004700283
    ],
    "wld-worldcoin": [
        4.9466907539056235,
        4.947631817289841,
        4.935006224962421
    ],
    "akt-akash-network": [
        4.649398442316262,
        4.654597061379584,
        4.652936391549869
    ],
    "neo-neo": [
        15.354633710424178,
        15.354448979702529,
        15.344262244335622
    ],
    "egld-elrond": [
        40.17963232575446,
        40.091041324432176,
        40.04817988962282
    ],
    "ron-ronin-token": [
        3.203392037516185,
        3.1924811139874403,
        3.1977524253669345
    ],
    "sand-the-sandbox": [
        0.473878623052987,
        0.47396685580802045,
        0.47297812346433044
    ],
    "wbnb-wrapped-bnb": [
        692.4663271131418,
        692.3851574835785,
        692.511014704242
    ],
    "rbn-ribbon-finance": [
        0.9885661800071454,
        0.9879724354960426,
        0.980782160787907
    ],
    "ordi-ordinals": [
        57.47353430838087,
        57.29619790180171,
        57.41953878050285
    ],
    "mina-mina-protocol": [
        0.8739420954944082,
        0.8715781761783042,
        0.871216786453678
    ],
    "kcs-kucoin-token": [
        10.198927426511744,
        10.202993336347312,
        10.194998697343186
    ],
    "pendle-pendle": [
        6.199293858222036,
        6.176834665074737,
        6.171427632260934
    ],
    "xtz-tezos": [
        0.9545826648191349,
        0.9584085320262268,
        0.9587180081996073
    ],
    "sei-sei": [
        0.5304884383519074,
        0.5301121676238018,
        0.5285756199454043
    ],
    "xec-ecash": [
        4.775575679519839e-05,
        4.77899212366329e-05,
        4.776174106744358e-05
    ],
    "msol-marinade-staked-sol": [
        206.68705202758736,
        206.95050323997285,
        207.20473358199126
    ],
    "cfx-conflux-network": [
        0.2212985412578897,
        0.2216218147611572,
        0.2294484355944873
    ],
    "matic-network": [
        0.725529,
        0.725529,
        0.724264
    ],
    "pepe": [
        1.483e-05,
        1.483e-05,
        1.478e-05
    ],
    "litecoin": [
        85.0,
        85.0,
        84.93
    ],
    "leo-token": [
        6.03,
        6.03,
        6.03
    ],
    "okb": [
        48.67685346570647,
        48.67812942166149,
        48.67772755069727
    ],
    "first-digital-usd": [
        1.0001317835273045,
        0.9999721625613034,
        1.00020119934128
    ],
    "arweave": [
        44.607633733159595,
        44.544071890935655,
        44.48587194053787
    ],
    "optimism-ethereum": [
        2.5370542075666527,
        2.5340082869939637,
        2.5315945113077336
    ],
    "bittensor": [
        415.16039956661706,
        414.97576531814224,
        415.6417150107695
    ],