{
    "bitcoin": [
        71280,
        71340,
        71340
    ],
    "ethereum": [
        3817.77,
        3820.44,
        3820.44
    ],
    "tether": [
        1.0,
        0.999946,
        0.999946
    ],
    "binancecoin": [
        706.11,
        708.65,
        708.65
    ],
    "solana": [
        171.86,
        172.08,
        172.08
    ],
    "staked-ether": [
        3815.26,
        3819.22,
        3819.22
    ],
    "usd-coin": [
        1.0,
        1.001,
        1.001
    ],
    "ripple": [
        0.525269,
        0.525247,
        0.525247
    ],
    "dogecoin": [
        0.161949,
        0.161921,
        0.161921
    ],
    "the-open-network": [
        7.64,
        7.63,
        7.63
    ],
    "cardano": [
        0.463887,
        0.462983,
        0.462983
    ],
    "shiba-inu": [
        2.54e-05,
        2.542e-05,
        2.542e-05
    ],
    "avalanche-2": [
        36.04,
        36.08,
        36.08
    ],
    "wrapped-bitcoin": [
        71249,
        71279,
        71279
    ],
    "chainlink": [
        17.51,
        17.53,
        17.53
    ],
    "tron": [
        0.114004,
        0.114054,
        0.114054
    ],
    "polkadot": [
        7.18,
        7.19,
        7.19
    ],
    "bitcoin-cash": [
        518.61,
        516.89,
        516.89
    ],
    "near": [
        7.4,
        7.42,
        7.42
    ],
    "uniswap": [
        10.67,
        10.71,
        10.71
    ],
    "internet-computer": [
        12.07,
        12.07,
        12.07
    ],
    "unus-sed-leo": [
        5.923810812706364,
        5.924793027850309
    ],
    "multi-collateral-dai": [
        1.0001541775823066,
        1.000069113199768
    ],
    "ethereum-classic": [
        29.387441989129655,
        29.460698955719895,
        29.423851669313404
    ],
    "aptos": [
        9.168863967887923,
        9.172758474589159,
        9.186363928102422
    ],
    "render": [
        10.432527030435548,
        10.43054596782367,
        10.461160092081567
    ],
    "hedera": [
        0.10160226352236877,
        0.10165301738428323,
        0.10191023764222958
    ],
    "kaspa": [
        0.1721087928397652,
        0.1725169278192544,
        0.17202888739709454
    ],
    "dogwifhat": [
        3.2736186218681285,
        3.283511699487686,
        3.2968751312450455
    ],
    "cosmos": [
        8.66654478306314,
        8.661297937692636,
        8.660049426248229
    ],
    "immutable-x": [
        2.2556628382289134,
        2.2551327877057363,
        2.2573792372136703
    ],
    "filecoin": [
        5.970006533667171,
        5.981644216766702,
        5.983058636918741
    ],
    "arbitrum": [
        1.0958978770663967,
        1.0965265332326544,
        1.0968571672533693
    ],
    "mantle": [
        1.0232464502942413,
        1.0246073840951269,
        1.0255879128542367
    ],
    "stellar": [
        0.1061811521374256,
        0.1061570390292091,
        0.10621574082019436
    ],
    "cronos": [
        0.11437584292461653,
        0.11430056926781092,
        0.1143189398675982
    ],
    "monero": [
        167.34742461800454,
        167.19857866206672,
        167.32511548943586
    ],
    "stacks": [
        2.3702608884464538,
        2.3826693268376937,
        2.381860072639448
    ],
    "the-graph": [
        0.29518608111143146,
        0.29496666010659317,
        0.29559812685143183
    ],
    "bttc-bittorrent-chain": [
        1.16531412733036e-06,
        1.1651639272237e-06,
        1.1666914286605e-06
    ],
    "cheelee-cheelee": [
        21.187791809403947,
        21.239786089057187,
        21.28577750078289
    ],
    "VET": [
        0.0342648619606039,
        0.0341757644980644
    ],
    "STX": [
        1.96018090681332,
        1.94312681136669
    ],
    "FLR": [
        0.0280572218861115,
        0.0280389009629798
    ],
    "XMR": [
        155.295737980525,
        155.188147347795
    ],
    "SAGA": [
        2.827609212773917,
        2.81039661314113
    ],
    "AR": [
        43.18042703963509,
        42.9957677008812
    ],
    "ZETA": [
        1.22988208366352,
        1.23250889339322,
        1.23341199405814
    ],
    "BGB": [
        1.2225,
        1.2225,
        1.2225
    ],
    "FLOKI": [
        0.00026691,
        0.00026701,
        0.00025869
    ],
    "ENS": [
        23.9686369077943,
        23.9695483866314,
        24.0080445868767
    ],
    "PIXEL": [
        0.4963,
        0.49719,
        0.49775
    ],
    "FTM": [
        0.806479533698492,
        0.803021610310486,
        0.803688396269601
    ],
    "INJ": [
        25.8086457389147,
        25.7996455630143,
        25.9201593958232
    ],
    "MKR": [
        2598.895619762994,
        2604.761620569036,
        2605.672377885955
    ],
    "ARKM": [
        2.626743482716449,
        2.628414754078233,
        2.629537862114028
    ],
    "RUNE": [
        6.08765491903917,
        6.08913247686999,
        6.08932872043331
    ],
    "FET": [
        2.04399645586326,
        2.04987097817902,
        2.05270139272083
    ],
    "qnt-quant": [
        90.25736140866485,
        90.23304065788341,
        90.34768651228663
    ],
    "wld-worldcoin": [
        4.9438784562496,
        4.950591866934307,
        4.948279722314077
    ],
    "akt-akash-network": [
        4.517074915630104,
        4.516700305748959,
        4.523927657835619
    ],
    "neo-neo": [
        15.074372178800974,
        15.077825420534879,
        15.142296341624917
    ],
    "egld-elrond": [
        39.205621689348,
        39.24587486095366,
        39.27037650651774
    ],
    "ron-ronin-token": [
        3.097207952414794,
        3.100037508869733,
        3.0929343327774395
    ],
    "sand-the-sandbox": [
        0.4737934054192268,
        0.47363371459641435,
        0.47302853428728403
    ],
    "wbnb-wrapped-bnb": [
        706.872047610706,
        707.7407471726594,
        708.5562460562628
    ],
    "rbn-ribbon-finance": [
        0.9885661800071454,
        0.9879724354960426,
        0.980782160787907
    ],
    "ordi-ordinals": [
        59.52972295433975,
        61.33747661601033,
        61.36280367361481
    ],
    "mina-mina-protocol": [
        0.8460592453406741,
        0.8465472463506876,
        0.8490014704395571
    ],
    "kcs-kucoin-token": [
        10.373194003746386,
        10.356292273215331,
        10.353866406853651
    ],
    "pendle-pendle": [
        5.944550443280235,
        5.966713431829247,
        5.960038852646536
    ],
    "xtz-tezos": [
        0.9341879945353995,
        0.9372722390149161,
        0.944125804921096
    ],
    "sei-sei": [
        0.5277675835050961,
        0.5274748994433889,
        0.5265321337710628
    ],
    "xec-ecash": [
        4.685353729126343e-05,
        4.691454328947019e-05,
        4.693983462787597e-05
    ],
    "msol-marinade-staked-sol": [
        204.73258465138602,
        204.75760719291037,
        204.94129736933976
    ],
    "cfx-conflux-network": [
        0.23136986252803204,
        0.23195306173401015,
        0.2316868503887937
    ],
    "matic-network": [
        0.725129,
        0.725887,
        0.725887
    ],
    "pepe": [
        1.444e-05,
        1.443e-05,
        1.443e-05
    ],
    "litecoin": [
        84.76,
        84.64,
        84.64
    ],
    "leo-token": [
        5.99,
        5.99,
        5.99
    ],
    "okb": [
        49.24811379625803,
        49.322403338342504,
        49.327506468578484
    ],
    "first-digital-usd": [
        1.0012097374586502,
        1.0012079860407876,
        1.001179711464251
    ],
    "arweave": [
        41.77158047665004,
        41.88218216702204,
        42.05228948348112
    ],
    "optimism-ethereum": [
        2.4971721178051305,
        2.5011584122841235,
        2.502884191599071
    ],
    "bittensor": [
        421.8309972102244,
        423.2115033749871,
        424.03757802419983
    ],