{
    "bitcoin": [
        70632,
        70731,
        70711
    ],
    "ethereum": [
        3816.44,
        3816.17,
        3816.35
    ],
    "tether": [
        1.0,
        1.0,
        1.0
    ],
    "binancecoin": [
        674.62,
        677.56,
        680.9
    ],
    "solana": [
        169.81,
        170.41,
        170.3
    ],
    "staked-ether": [
        3811.67,
        3814.91,
        3818.59
    ],
    "usd-coin": [
        1.001,
        1.0,
        1.0
    ],
    "ripple": [
        0.525545,
        0.525496,
        0.525576
    ],
    "dogecoin": [
        0.160773,
        0.160903,
        0.160949
    ],
    "the-open-network": [
        7.25,
        7.25,
        7.23
    ],
    "cardano": [
        0.46095,
        0.461663,
        0.462147
    ],
    "shiba-inu": [
        2.442e-05,
        2.451e-05,
        2.453e-05
    ],
    "avalanche-2": [
        35.9,
        35.95,
        35.9
    ],
    "wrapped-bitcoin": [
        70653,
        70732,
        70689
    ],
    "chainlink": [
        17.66,
        17.68,
        17.7
    ],
    "tron": [
        0.114309,
        0.114318,
        0.114365
    ],
    "polkadot": [
        7.2,
        7.2,
        7.2
    ],
    "bitcoin-cash": [
        477.75,
        477.55,
        477.77
    ],
    "near": [
        7.39,
        7.39,
        7.39
    ],
    "uniswap": [
        11.58,
        11.33,
        11.31
    ],
    "internet-computer": [
        12.23,
        12.25,
        12.29
    ],
    "unus-sed-leo": [
        5.923810812706364,
        5.924793027850309
    ],
    "multi-collateral-dai": [
        1.0001541775823066,
        1.000069113199768
    ],
    "ethereum-classic": [
        28.245398257432665,
        28.209715278628575,
        28.280479846943802
    ],
    "aptos": [
        9.115434461174377,
        9.125860312875812,
        9.134344708535188
    ],
    "render": [
        10.301087565956056,
        10.346094454220957,
        10.335440611529267
    ],
    "hedera": [
        0.10195842772313932,
        0.10204339499945334,
        0.10214930405465694
    ],
    "kaspa": [
        0.17930850825606623,
        0.18004929692098284,
        0.18008797871418575
    ],
    "dogwifhat": [
        3.373556983892958,
        3.377694419442444,
        3.3900489469446775
    ],
    "cosmos": [
        8.528807573168336,
        8.516784473330212,
        8.524008399664993
    ],
    "immutable-x": [
        2.295364749713536,
        2.2974328454843627,
        2.298779356918468
    ],
    "filecoin": [
        5.944543626478354,
        5.942136387148737,
        5.947929747925129
    ],
    "arbitrum": [
        1.1023050463681694,
        1.1027877398833064,
        1.1039685787854272
    ],
    "mantle": [
        0.9636109495344886,
        0.9679712151909233,
        0.9661018656729773
    ],
    "stellar": [
        0.10655950003957744,
        0.106387379300076,
        0.10645317931425138
    ],
    "cronos": [
        0.11062693378133472,
        0.11092600711664936,
        0.11101165475155081
    ],
    "monero": [
        159.68956435652672,
        159.5648403430789,
        159.81620138863212
    ],
    "stacks": [
        2.113063699147171,
        2.1207287829482717,
        2.1216581525491813
    ],
    "the-graph": [
        0.2999812722345077,
        0.2999917849020826,
        0.3000167967284867
    ],
    "bttc-bittorrent-chain": [
        1.14961996912547e-06,
        1.15093109795956e-06,
        1.15069740776206e-06
    ],
    "cheelee-cheelee": [
        20.848362928319844,
        20.842567342835608,
        20.833332612039207
    ],
    "VET": [
        0.0342648619606039,
        0.0341757644980644
    ],
    "STX": [
        1.96018090681332,
        1.94312681136669
    ],
    "FLR": [
        0.0280572218861115,
        0.0280389009629798
    ],
    "XMR": [
        155.295737980525,
        155.188147347795
    ],
    "SAGA": [
        2.827609212773917,
        2.81039661314113
    ],
    "AR": [
        43.18042703963509,
        42.9957677008812
    ],
    "ZETA": [
        1.34315063641458,
        1.33600332024875
    ],
    "BGB": [
        1.3705,
        1.3705
    ],
    "FLOKI": [
        0.00026691,
        0.00026701,
        0.00025869
    ],
    "ENS": [
        25.108858333903,
        25.0179749355057,
        25.0568954728052
    ],
    "PIXEL": [
        0.48577,
        0.48445,
        0.48411
    ],
    "FTM": [
        0.81494311061099,
        0.810825200275531,
        0.810846650526059
    ],
    "INJ": [
        25.1391417049156,
        25.1806740593638,
        25.209360536297
    ],
    "MKR": [
        2618.19713759826,
        2621.10444575862,
        2615.17302339551
    ],
    "ARKM": [
        2.4701,
        2.4832,
        2.4884
    ],
    "RUNE": [
        6.16609363400067,
        6.16750672542194,
        6.18907601451788
    ],
    "FET": [
        2.10707677673807,
        2.10968242574267,
        2.10673331036109
    ],
    "qnt-quant": [
        91.6919484952142,
        91.75009823003278,
        91.4083309645296
    ],
    "wld-worldcoin": [
        4.804600967175045,
        4.815963783998867,
        4.8209748201197025
    ],
    "akt-akash-network": [
        4.436590611559468,
        4.446897769345489,
        4.4508594890675495
    ],
    "neo-neo": [
        15.022637756979458,
        15.029921249347051,
        15.02783105546902
    ],
    "egld-elrond": [
        39.12831533625169,
        39.064564546886444,
        39.06970997422199
    ],
    "ron-ronin-token": [
        3.0627304224616223,
        3.0641624013767728,
        3.064360829991233
    ],
    "sand-the-sandbox": [
        0.4629208459301794,
        0.4618616751781183,
        0.4619435191664612
    ],
    "wbnb-wrapped-bnb": [
        673.8509304421634,
        675.5939693716284,
        679.5682013364817
    ],
    "rbn-ribbon-finance": [
        0.9885661800071454,
        0.9879724354960426,
        0.980782160787907
    ],
    "ordi-ordinals": [
        55.854462823373524,
        56.0372150416265,
        56.243904318746324
    ],
    "mina-mina-protocol": [
        0.8456237802849147,
        0.8436702148387152,
        0.8464795891368527
    ],
    "kcs-kucoin-token": [
        10.087557820946628,
        10.092475298388077,
        10.086954096681918
    ],
    "pendle-pendle": [
        6.18687686566611,
        6.176797645590345,
        6.184024400827462
    ],
    "xtz-tezos": [
        0.9479587984519907,
        0.9471947551529198,
        0.9488283124711868
    ],
    "sei-sei": [
        0.5220893372310617,
        0.522379191165103,
        0.5226123255291665
    ],
    "xec-ecash": [
        4.675050636470111e-05,
        4.678528567544664e-05,
        4.684668744644112e-05
    ],
    "msol-marinade-staked-sol": [
        202.37131278164728,
        202.68220241892948,
        203.04611809946513
    ],
    "cfx-conflux-network": [
        0.2212836742468146,
        0.2212985412578897,
        0.2216218147611572
    ],
    "matic-network": [
        0.714363,
        0.713677,
        0.71402
    ],
    "pepe": [
        1.413e-05,
        1.422e-05,
        1.421e-05
    ],
    "litecoin": [
        83.43,
        83.37,
        83.45
    ],
    "leo-token": [
        5.95,
        5.95,
        5.95
    ],
    "okb": [
        48.12286075831819,
        48.16068219315312,
        48.12686233116143
    ],
    "first-digital-usd": [
        1.0001774630930858,
        1.0002776532810653,
        1.0003684606938712
    ],
    "arweave": [
        46.04863502235072,
        46.04493681716984,
        46.17872211979726
    ],
    "optimism-ethereum": [
        2.4632737429607245,
        2.4637861848343428,
        2.4659689819984054
    ],
    "bittensor": [
        394.9432801660407,
        396.2966172968124,
        395.6922698325936
    ],
    "floki-inu": [
        0.0002897048741637316,
        0.00029070175439936804,
        0.0002960008146064286
    ],