{
    "bitcoin": [
        70826,
        70826,
        70773
    ],
    "ethereum": [
        3808.81,
        3808.81,
        3804.79
    ],
    "tether": [
        1.0,
        1.0,
        0.999818
    ],
    "binancecoin": [
        709.3,
        709.3,
        709.0
    ],
    "solana": [
        170.56,
        170.56,
        170.4
    ],
    "staked-ether": [
        3805.96,
        3805.96,
        3803.1
    ],
    "usd-coin": [
        1.0,
        1.0,
        0.999705
    ],
    "ripple": [
        0.521543,
        0.521543,
        0.521338
    ],
    "dogecoin": [
        0.16074,
        0.16074,
        0.160435
    ],
    "the-open-network": [
        7.41,
        7.41,
        7.44
    ],
    "cardano": [
        0.456844,
        0.456844,
        0.456282
    ],
    "shiba-inu": [
        2.531e-05,
        2.531e-05,
        2.527e-05
    ],
    "avalanche-2": [
        36.09,
        36.09,
        36.03
    ],
    "wrapped-bitcoin": [
        70911,
        70911,
        70922
    ],
    "chainlink": [
        17.38,
        17.38,
        17.33
    ],
    "tron": [
        0.114758,
        0.114758,
        0.114675
    ],
    "polkadot": [
        7.14,
        7.14,
        7.13
    ],
    "bitcoin-cash": [
        494.48,
        494.48,
        493.78
    ],
    "near": [
        7.33,
        7.33,
        7.33
    ],
    "uniswap": [
        10.65,
        10.65,
        10.63
    ],
    "internet-computer": [
        12.1,
        12.1,
        12.08
    ],
    "unus-sed-leo": [
        5.923810812706364,
        5.924793027850309
    ],
    "multi-collateral-dai": [
        1.0001541775823066,
        1.000069113199768
    ],
    "ethereum-classic": [
        29.387441989129655,
        29.460698955719895,
        29.423851669313404
    ],
    "aptos": [
        9.12187446922275,
        9.123478609440008,
        9.127386992305473
    ],
    "render": [
        10.414925445885057,
        10.40997487890705,
        10.408970121810013
    ],
    "hedera": [
        0.10151571466601465,
        0.10159359082241139,
        0.10155708907914286
    ],
    "kaspa": [
        0.17367701912702344,
        0.17333675264868045,
        0.17232761738783353
    ],
    "dogwifhat": [
        3.2640957384989524,
        3.2611126113930844,
        3.255669263606585
    ],
    "cosmos": [
        8.60703917233541,
        8.606605099159678,
        8.6060154635832
    ],
    "immutable-x": [
        2.2517206273711694,
        2.246743915162553,
        2.247153888140415
    ],
    "filecoin": [
        5.937370538867712,
        5.936690823980023,
        5.936144039833638
    ],
    "arbitrum": [
        1.0907000871727117,
        1.0908307589591992,
        1.0907469364438058
    ],
    "mantle": [
        1.0376701586255925,
        1.0370720640099789,
        1.0369490963611852
    ],
    "stellar": [
        0.1052267607563874,
        0.1051835740858066,
        0.10517670501863194
    ],
    "cronos": [
        0.11365602798030117,
        0.11398253032431621,
        0.1142503119275374
    ],
    "monero": [
        165.14189569174306,
        165.14705976345786,
        165.03761616152423
    ],
    "stacks": [
        2.306335944218008,
        2.305447987176434,
        2.3002719997281686
    ],
    "the-graph": [
        0.29455065021382854,
        0.2945516492412846,
        0.29442591469481316
    ],
    "bttc-bittorrent-chain": [
        1.16530290587765e-06,
        1.16500676983946e-06,
        1.16275979091765e-06
    ],
    "cheelee-cheelee": [
        21.101367026326116,
        21.107303615338115,
        21.146810240712604
    ],
    "VET": [
        0.0342648619606039,
        0.0341757644980644
    ],
    "STX": [
        1.96018090681332,
        1.94312681136669
    ],
    "FLR": [
        0.0280572218861115,
        0.0280389009629798
    ],
    "XMR": [
        155.295737980525,
        155.188147347795
    ],
    "SAGA": [
        2.827609212773917,
        2.81039661314113
    ],
    "AR": [
        43.18042703963509,
        42.9957677008812
    ],
    "ZETA": [
        1.34315063641458,
        1.33600332024875
    ],
    "BGB": [
        1.2136,
        1.2136,
        1.2136
    ],
    "FLOKI": [
        0.00026691,
        0.00026701,
        0.00025869
    ],
    "ENS": [
        24.0498718629674,
        24.040095684693,
        24.0500369384654
    ],
    "PIXEL": [
        0.49105,
        0.49,
        0.48984
    ],
    "FTM": [
        0.802376584807796,
        0.802706082334807,
        0.806296795283076
    ],
    "INJ": [
        25.8086457389147,
        25.7996455630143,
        25.9201593958232
    ],
    "MKR": [
        2614.326418426942,
        2613.464048796233,
        2613.284172136903
    ],
    "ARKM": [
        2.626743482716449,
        2.628414754078233,
        2.629537862114028
    ],
    "RUNE": [
        6.02219018016043,
        6.01514976856864,
        6.01407011905526
    ],
    "FET": [
        2.04630125871621,
        2.04610858036528,
        2.04846685467265
    ],
    "qnt-quant": [
        89.53862020635023,
        89.39230214792796,
        89.39210741724692
    ],
    "wld-worldcoin": [
        4.809920963582415,
        4.815481503140401,
        4.809691255935604
    ],
    "akt-akash-network": [
        4.503867975333136,
        4.498487587096568,
        4.499064651840578
    ],
    "neo-neo": [
        14.92426650019909,
        14.937480477126787,
        14.944989649057492
    ],
    "egld-elrond": [
        38.94912003372088,
        38.97651433470187,
        38.91078215063848
    ],
    "ron-ronin-token": [
        3.0883889905484763,
        3.09223739626805,
        3.0857534134185665
    ],
    "sand-the-sandbox": [
        0.47158160763808316,
        0.471687191409625,
        0.471693210792361
    ],
    "wbnb-wrapped-bnb": [
        708.7416831312015,
        708.9354032032259,
        708.5229486593371
    ],
    "rbn-ribbon-finance": [
        0.9885661800071454,
        0.9879724354960426,
        0.980782160787907
    ],
    "ordi-ordinals": [
        57.85581741952882,
        57.99150424044625,
        58.00222540454932
    ],
    "mina-mina-protocol": [
        0.8442346683855217,
        0.8438293290948882,
        0.8425224288751938
    ],
    "kcs-kucoin-token": [
        10.379298933448693,
        10.383542552310654,
        10.386287835005417
    ],
    "pendle-pendle": [
        5.951358804272051,
        5.960176756712063,
        5.9557220610836605
    ],
    "xtz-tezos": [
        0.9390598698312187,
        0.9390172628961337,
        0.9386941573719371
    ],
    "sei-sei": [
        0.5120220767409871,
        0.5115967219590993,
        0.5102479075094462
    ],
    "xec-ecash": [
        4.685353729126343e-05,
        4.691454328947019e-05,
        4.693983462787597e-05
    ],
    "msol-marinade-staked-sol": [
        203.41351697877744,
        203.72514897843558,
        203.35722317494154
    ],
    "cfx-conflux-network": [
        0.2326810847299506,
        0.23344074818130797,
        0.2333198602840337
    ],
    "matic-network": [
        0.729587,
        0.729587,
        0.727799
    ],
    "pepe": [
        1.441e-05,
        1.441e-05,
        1.438e-05
    ],
    "litecoin": [
        84.42,
        84.42,
        84.36
    ],
    "leo-token": [
        5.99,
        5.99,
        5.99
    ],
    "okb": [
        48.76342466797238,
        48.755813879004066,
        48.74804084485146
    ],
    "first-digital-usd": [
        1.00155600373586,
        1.0006196484667473,
        1.000853900897447
    ],
    "arweave": [
        41.965949109085024,
        41.936939334413225,
        41.86339680119859
    ],
    "optimism-ethereum": [
        2.480193999873462,
        2.4792130923443647,
        2.4791288754973064
    ],
    "bittensor": [
        425.22539630636174,
        425.3514761140335,
        423.98576034382313
    ],