{
    "bitcoin": [
        68766,
        68766,
        68766
    ],
    "ethereum": [
        3757.3,
        3757.3,
        3757.3
    ],
    "tether": [
        1.0,
        1.0,
        1.0
    ],
    "binancecoin": [
        628.41,
        628.41,
        628.41
    ],
    "solana": [
        164.9,
        164.9,
        164.9
    ],
    "staked-ether": [
        3754.09,
        3754.09,
        3754.09
    ],
    "usd-coin": [
        1.0,
        1.0,
        1.0
    ],
    "ripple": [
        0.520255,
        0.520255,
        0.520255
    ],
    "dogecoin": [
        0.157551,
        0.157551,
        0.157551
    ],
    "the-open-network": [
        6.88,
        6.88,
        6.88
    ],
    "cardano": [
        0.454084,
        0.454084,
        0.454084
    ],
    "shiba-inu": [
        2.379e-05,
        2.379e-05,
        2.379e-05
    ],
    "avalanche-2": [
        34.72,
        34.72,
        34.72
    ],
    "wrapped-bitcoin": [
        68768,
        68768,
        68768
    ],
    "chainlink": [
        17.57,
        17.57,
        17.57
    ],
    "tron": [
        0.11327,
        0.11327,
        0.11327
    ],
    "polkadot": [
        6.98,
        6.98,
        6.98
    ],
    "bitcoin-cash": [
        467.14,
        467.14,
        467.14
    ],
    "near": [
        7.09,
        7.09,
        7.09
    ],
    "uniswap": [
        9.47,
        9.47,
        9.47
    ],
    "internet-computer": [
        12.06,
        12.06,
        12.06
    ],
    "unus-sed-leo": [
        5.923810812706364,
        5.924793027850309
    ],
    "multi-collateral-dai": [
        1.0001541775823066,
        1.000069113199768
    ],
    "ethereum-classic": [
        28.292882929315574,
        28.27596062525895,
        28.245398257432665
    ],
    "aptos": [
        8.839548913372166,
        8.838684086513574,
        8.830383532368131
    ],
    "render": [
        10.034247097047416,
        10.023715489310067,
        10.002983214848182
    ],
    "hedera": [
        0.10036189379131277,
        0.1003527020376559,
        0.1001736550592793
    ],
    "kaspa": [
        0.1749001485040954,
        0.17564676986106906,
        0.17545327727692198
    ],
    "dogwifhat": [
        3.2256888520483393,
        3.219385950227061,
        3.2153833492687167
    ],
    "cosmos": [
        8.32054932688169,
        8.323478341204492,
        8.310506782375382
    ],
    "immutable-x": [
        2.2589911509256333,
        2.256273393907695,
        2.253301782088145
    ],
    "filecoin": [
        5.737693330814198,
        5.736118665636463,
        5.730137935296858
    ],
    "arbitrum": [
        1.085189092602854,
        1.0843054495116862,
        1.081454831915103
    ],
    "mantle": [
        0.9531569339528229,
        0.9552360244581948,
        0.9527847431454608
    ],
    "stellar": [
        0.10435994408639361,
        0.10438009697075311,
        0.10425489964651931
    ],
    "cronos": [
        0.1055284349208313,
        0.10547586628080874,
        0.1052544303633729
    ],
    "monero": [
        155.7870117109291,
        156.01189612274996,
        156.50642975855254
    ],
    "stacks": [
        1.9559974882695432,
        1.9503113746513976,
        1.9453929761844235
    ],
    "the-graph": [
        0.29172725913720166,
        0.2915298088694327,
        0.2909347996435414
    ],
    "bttc-bittorrent-chain": [
        1.13024118949432e-06,
        1.13026896640191e-06,
        1.12992900415402e-06
    ],
    "cheelee-cheelee": [
        20.397484438053276,
        20.395295014304427,
        20.4070742840949
    ],
    "VET": [
        0.0342648619606039,
        0.0341757644980644
    ],
    "STX": [
        1.96018090681332,
        1.94312681136669
    ],
    "FLR": [
        0.0280572218861115,
        0.0280389009629798
    ],
    "XMR": [
        155.295737980525,
        155.188147347795
    ],
    "SAGA": [
        2.827609212773917,
        2.81039661314113
    ],
    "AR": [
        43.18042703963509,
        42.9957677008812
    ],
    "ZETA": [
        1.34315063641458,
        1.33600332024875
    ],
    "BGB": [
        1.3705,
        1.3705
    ],
    "FLOKI": [
        0.00026691,
        0.00026701,
        0.00025869
    ],
    "ENS": [
        24.8907323732054,
        24.8501395105315,
        24.8010262943202
    ],
    "PIXEL": [
        0.5075035299704171,
        0.5091358288893804,
        0.5094
    ],
    "FTM": [
        0.81494311061099,
        0.810825200275531,
        0.810846650526059
    ],
    "INJ": [
        24.336865116626,
        24.2561659430522,
        24.2614175902
    ],
    "MKR": [
        2579.92939086964,
        2565.97797413587,
        2566.42637836626
    ],
    "ARKM": [
        2.4371,
        2.4311,
        2.427
    ],
    "RUNE": [
        5.98049569776828,
        5.97789290972796,
        5.96544239580508
    ],
    "FET": [
        2.09359175410301,
        2.09091092290782,
        2.08400591562514
    ],
    "qnt-quant": [
        90.63316841968074,
        90.73565642914636,
        90.65939084811674
    ],
    "wld-worldcoin": [
        4.712356217676052,
        4.711823006104314,
        4.718579382070897
    ],
    "akt-akash-network": [
        4.321691935345354,
        4.308727558873098,
        4.306411244386329
    ],
    "neo-neo": [
        14.756000239672678,
        14.722146008184275,
        14.739992400475888
    ],
    "egld-elrond": [
        38.66953066520133,
        38.73109669930124,
        38.71304130157945
    ],
    "ron-ronin-token": [
        3.128314580485044,
        3.124716147294708,
        3.1071489110621755
    ],
    "sand-the-sandbox": [
        0.4486063502423401,
        0.4481355965931937,
        0.44741624657032125
    ],
    "wbnb-wrapped-bnb": [
        628.1442075091687,
        628.7847531817536,
        627.51024887155
    ],
    "rbn-ribbon-finance": [
        0.9885661800071454,
        0.9879724354960426,
        0.980782160787907
    ],
    "ordi-ordinals": [
        47.53527949971669,
        47.55972994788394,
        47.57437543970263
    ],
    "mina-mina-protocol": [
        0.845322760172047,
        0.8471970269067755,
        0.8436556758244704
    ],
    "kcs-kucoin-token": [
        10.044347801645246,
        10.039562186379314,
        10.058402199838287
    ],
    "pendle-pendle": [
        6.180722967975647,
        6.172489237469881,
        6.144683401908864
    ],
    "xtz-tezos": [
        0.9275749923574578,
        0.9281196478758482,
        0.9266425486272335
    ],
    "sei-sei": [
        0.504619312256155,
        0.5038692718608762,
        0.5026469312144526
    ],
    "xec-ecash": [
        4.559417778893663e-05,
        4.553992734199346e-05,
        4.554568766392384e-05
    ],
    "msol-marinade-staked-sol": [
        196.02539366014813,
        196.22180701359127,
        196.12191274143618
    ],
    "cfx-conflux-network": [
        0.21727784858360213,
        0.21692909055657633,
        0.21729882219032942
    ],
    "matic-network": [
        0.700654,
        0.700654,
        0.700654
    ],
    "pepe": [
        1.417e-05,
        1.417e-05,
        1.417e-05
    ],
    "litecoin": [
        81.43,
        81.43,
        81.43
    ],
    "leo-token": [
        6.04,
        6.04,
        6.04
    ],
    "okb": [
        46.93263478952266,
        47.097678777491105,
        47.09258101136958
    ],
    "first-digital-usd": [
        0.999651551242824,
        0.999969841752717,
        0.9999138977670375
    ],
    "arweave": [
        44.278895541496766,
        44.34519292578219,
        44.35459062505671
    ],
    "optimism-ethereum": [
        2.4069671077029104,
        2.4047095915708874,
        2.399468202935255
    ],
    "bittensor": [
        381.0949591740771,
        380.54982364977997,
        380.0413237000239
    ],