{
    "bitcoin": [
        71256,
        71256,
        71061
    ],
    "ethereum": [
        3859.27,
        3859.27,
        3848.19
    ],
    "tether": [
        1.0,
        1.0,
        1.0
    ],
    "binancecoin": [
        697.18,
        697.18,
        695.47
    ],
    "solana": [
        173.35,
        173.35,
        173.18
    ],
    "staked-ether": [
        3857.78,
        3857.78,
        3845.08
    ],
    "usd-coin": [
        1.001,
        1.001,
        0.999533
    ],
    "ripple": [
        0.527443,
        0.527443,
        0.52662
    ],
    "dogecoin": [
        0.164035,
        0.164035,
        0.16356
    ],
    "the-open-network": [
        7.35,
        7.35,
        7.3
    ],
    "cardano": [
        0.463202,
        0.463202,
        0.461638
    ],
    "shiba-inu": [
        2.588e-05,
        2.588e-05,
        2.586e-05
    ],
    "avalanche-2": [
        36.65,
        36.65,
        36.55
    ],
    "wrapped-bitcoin": [
        71262,
        71262,
        71168
    ],
    "chainlink": [
        17.79,
        17.79,
        17.76
    ],
    "tron": [
        0.114851,
        0.114851,
        0.114565
    ],
    "polkadot": [
        7.27,
        7.27,
        7.25
    ],
    "bitcoin-cash": [
        496.58,
        496.58,
        494.39
    ],
    "near": [
        7.64,
        7.64,
        7.63
    ],
    "uniswap": [
        11.17,
        11.17,
        11.14
    ],
    "internet-computer": [
        12.38,
        12.38,
        12.35
    ],
    "unus-sed-leo": [
        5.923810812706364,
        5.924793027850309
    ],
    "multi-collateral-dai": [
        1.0001541775823066,
        1.000069113199768
    ],
    "ethereum-classic": [
        29.59241834823406,
        29.590961501851606,
        29.716644817092764
    ],
    "aptos": [
        9.317113552722713,
        9.319165219971731,
        9.31677889282138
    ],
    "render": [
        10.595368118332816,
        10.602130744876087,
        10.601996180403233
    ],
    "hedera": [
        0.10521711393417554,
        0.10537413283473257,
        0.10536306115008678
    ],
    "kaspa": [
        0.17870068560396293,
        0.17905083151471426,
        0.17861808845913654
    ],
    "dogwifhat": [
        3.4086515862100577,
        3.412915132419606,
        3.4051511388618305
    ],
    "cosmos": [
        8.687813730827084,
        8.685828102323736,
        8.686651027503123
    ],
    "immutable-x": [
        2.3066222385615043,
        2.3057802249929047,
        2.3031333042117708
    ],
    "filecoin": [
        6.066250633385237,
        6.066557521689469,
        6.064198088602356
    ],
    "arbitrum": [
        1.1252767556567924,
        1.12566437443413,
        1.1249713946535758
    ],
    "mantle": [
        1.0207681758444402,
        1.0209254183245948,
        1.0211281661171394
    ],
    "stellar": [
        0.10685960378255896,
        0.10686715852847609,
        0.10691730464600403
    ],
    "cronos": [
        0.11960461318214555,
        0.11968989331497001,
        0.11969666389370379
    ],
    "monero": [
        164.40113559695223,
        163.96018938228198,
        164.0012842232017
    ],
    "stacks": [
        2.3873970441996253,
        2.377981788094521,
        2.3660218129045094
    ],
    "the-graph": [
        0.30289978842951215,
        0.303149337137391,
        0.3030834528332131
    ],
    "bttc-bittorrent-chain": [
        1.20429219430794e-06,
        1.19675275620385e-06,
        1.19669595939392e-06
    ],
    "cheelee-cheelee": [
        21.214049050983053,
        21.224762161514168,
        21.249657074831457
    ],
    "VET": [
        0.0342648619606039,
        0.0341757644980644
    ],
    "STX": [
        1.96018090681332,
        1.94312681136669
    ],
    "FLR": [
        0.0280572218861115,
        0.0280389009629798
    ],
    "XMR": [
        155.295737980525,
        155.188147347795
    ],
    "SAGA": [
        2.827609212773917,
        2.81039661314113
    ],
    "AR": [
        43.18042703963509,
        42.9957677008812
    ],
    "ZETA": [
        1.34315063641458,
        1.33600332024875
    ],
    "BGB": [
        1.3705,
        1.3705
    ],
    "FLOKI": [
        0.00026691,
        0.00026701,
        0.00025869
    ],
    "ENS": [
        25.2009271225644,
        25.2202094164026,
        25.180170265155
    ],
    "PIXEL": [
        0.49889,
        0.49869,
        0.49935
    ],
    "FTM": [
        0.81494311061099,
        0.810825200275531,
        0.810846650526059
    ],
    "INJ": [
        25.8086457389147,
        25.7996455630143,
        25.9201593958232
    ],
    "MKR": [
        2667.6903795306,
        2666.307520818,
        2665.01243349381
    ],
    "ARKM": [
        2.4701,
        2.4832,
        2.4884
    ],
    "RUNE": [
        6.26670733120052,
        6.2642650814915,
        6.26357658632842
    ],
    "FET": [
        2.15162246538837,
        2.15397295916592,
        2.15054167487198
    ],
    "qnt-quant": [
        90.91714737463542,
        90.94446452485991,
        90.91663856802326
    ],
    "wld-worldcoin": [
        4.908902981800694,
        4.921740828849929,
        4.915784638751715
    ],
    "akt-akash-network": [
        4.675813387452105,
        4.659334783566345,
        4.66723208889937
    ],
    "neo-neo": [
        15.292957799996953,
        15.29305331689757,
        15.308696336670785
    ],
    "egld-elrond": [
        40.33786739253648,
        40.329412929599535,
        40.325059728652455
    ],
    "ron-ronin-token": [
        3.1646372672632874,
        3.1664755787663643,
        3.1669955952023594
    ],
    "sand-the-sandbox": [
        0.4719505282482049,
        0.4722215188602725,
        0.47190090106439486
    ],
    "wbnb-wrapped-bnb": [
        696.1828211518913,
        696.4829125869501,
        696.8702394870585
    ],
    "rbn-ribbon-finance": [
        0.9885661800071454,
        0.9879724354960426,
        0.980782160787907
    ],
    "ordi-ordinals": [
        57.92709130458045,
        58.122645268154116,
        58.16889243564161
    ],
    "mina-mina-protocol": [
        0.8683659455024964,
        0.8701423168380765,
        0.8703326451474865
    ],
    "kcs-kucoin-token": [
        10.225734561050775,
        10.217833406193952,
        10.208282876571698
    ],
    "pendle-pendle": [
        6.116866019228934,
        6.115641123026985,
        6.123069526145067
    ],
    "xtz-tezos": [
        0.9578390401923065,
        0.9582711439871636,
        0.9592125860206341
    ],
    "sei-sei": [
        0.5279812437376855,
        0.527939566733269,
        0.5278205539572929
    ],
    "xec-ecash": [
        4.773115984275308e-05,
        4.775232195453522e-05,
        4.779788793440853e-05
    ],
    "msol-marinade-staked-sol": [
        206.4264901271744,
        206.68380819563515,
        206.64252392222443
    ],
    "cfx-conflux-network": [
        0.2212985412578897,
        0.2216218147611572,
        0.2294484355944873
    ],
    "matic-network": [
        0.725556,
        0.725556,
        0.723835
    ],
    "pepe": [
        1.464e-05,
        1.464e-05,
        1.461e-05
    ],
    "litecoin": [
        85.12,
        85.12,
        84.84
    ],
    "leo-token": [
        6.03,
        6.03,
        6.03
    ],
    "okb": [
        48.6830694429024,
        48.688452993645775,
        48.689720337674395
    ],
    "first-digital-usd": [
        1.0001591662701559,
        1.000076845401873,
        1.0000137906402493
    ],
    "arweave": [
        44.333594354002365,
        44.33805520494073,
        44.33242222327495
    ],
    "optimism-ethereum": [
        2.5234300974862576,
        2.524144156217351,
        2.5233628565327475
    ],
    "bittensor": [
        420.26163504971026,
        420.4018199245785,
        420.39946278927056
    ],