{
    "bitcoin": [
        71201,
        71106,
        71106
    ],
    "ethereum": [
        3848.66,
        3843.98,
        3843.98
    ],
    "tether": [
        1.0,
        0.999652,
        0.999652
    ],
    "binancecoin": [
        696.42,
        695.68,
        695.68
    ],
    "solana": [
        173.46,
        173.34,
        173.34
    ],
    "staked-ether": [
        3846.5,
        3841.68,
        3841.68
    ],
    "usd-coin": [
        1.0,
        0.999788,
        0.999788
    ],
    "ripple": [
        0.526107,
        0.525762,
        0.525762
    ],
    "dogecoin": [
        0.163282,
        0.162992,
        0.162992
    ],
    "the-open-network": [
        7.29,
        7.27,
        7.27
    ],
    "cardano": [
        0.461432,
        0.461323,
        0.461323
    ],
    "shiba-inu": [
        2.581e-05,
        2.571e-05,
        2.571e-05
    ],
    "avalanche-2": [
        36.5,
        36.44,
        36.44
    ],
    "wrapped-bitcoin": [
        71355,
        71211,
        71211
    ],
    "chainlink": [
        17.74,
        17.72,
        17.72
    ],
    "tron": [
        0.114662,
        0.114522,
        0.114522
    ],
    "polkadot": [
        7.25,
        7.23,
        7.23
    ],
    "bitcoin-cash": [
        493.29,
        492.82,
        492.82
    ],
    "near": [
        7.63,
        7.62,
        7.62
    ],
    "uniswap": [
        11.2,
        11.17,
        11.17
    ],
    "internet-computer": [
        12.33,
        12.31,
        12.31
    ],
    "unus-sed-leo": [
        5.923810812706364,
        5.924793027850309
    ],
    "multi-collateral-dai": [
        1.0001541775823066,
        1.000069113199768
    ],
    "ethereum-classic": [
        29.59241834823406,
        29.590961501851606,
        29.716644817092764
    ],
    "aptos": [
        9.308813304937292,
        9.287883548736469,
        9.28582686895391
    ],
    "render": [
        10.588093941339801,
        10.579099132990516,
        10.596556500586514
    ],
    "hedera": [
        0.10507116761685172,
        0.10484400222323524,
        0.10474349298551627
    ],
    "kaspa": [
        0.17971806841729493,
        0.18053386064969873,
        0.18040642735483964
    ],
    "dogwifhat": [
        3.398247747807328,
        3.391480990922663,
        3.393670288946748
    ],
    "cosmos": [
        8.664259358103546,
        8.656014662208886,
        8.65140734303829
    ],
    "immutable-x": [
        2.291086712942686,
        2.2899531837030263,
        2.291597914050856
    ],
    "filecoin": [
        6.044052534457266,
        6.042202501821004,
        6.044755180763622
    ],
    "arbitrum": [
        1.122625963746019,
        1.121952035367245,
        1.1219837660013574
    ],
    "mantle": [
        1.0240797857447004,
        1.0249456336438407,
        1.0263594384227417
    ],
    "stellar": [
        0.10676684399824511,
        0.10667997241945211,
        0.10666736257922292
    ],
    "cronos": [
        0.11976148469025141,
        0.11956251432485673,
        0.11921696080836836
    ],
    "monero": [
        163.27655181206657,
        163.24691549127235,
        163.29723497770078
    ],
    "stacks": [
        2.3758552315053447,
        2.37642010530341,
        2.379555458357835
    ],
    "the-graph": [
        0.30289569732799565,
        0.302708952446646,
        0.30297112544436955
    ],
    "bttc-bittorrent-chain": [
        1.19552950274494e-06,
        1.18816313299534e-06,
        1.1866474225153e-06
    ],
    "cheelee-cheelee": [
        21.23410234653574,
        21.27045059909734,
        21.262798595666787
    ],
    "VET": [
        0.0342648619606039,
        0.0341757644980644
    ],
    "STX": [
        1.96018090681332,
        1.94312681136669
    ],
    "FLR": [
        0.0280572218861115,
        0.0280389009629798
    ],
    "XMR": [
        155.295737980525,
        155.188147347795
    ],
    "SAGA": [
        2.827609212773917,
        2.81039661314113
    ],
    "AR": [
        43.18042703963509,
        42.9957677008812
    ],
    "ZETA": [
        1.34315063641458,
        1.33600332024875
    ],
    "BGB": [
        1.3705,
        1.3705
    ],
    "FLOKI": [
        0.00026691,
        0.00026701,
        0.00025869
    ],
    "ENS": [
        25.0313418675591,
        24.9812301071861,
        24.9308790618142
    ],
    "PIXEL": [
        0.49675,
        0.4965,
        0.49839
    ],
    "FTM": [
        0.81494311061099,
        0.810825200275531,
        0.810846650526059
    ],
    "INJ": [
        25.8086457389147,
        25.7996455630143,
        25.9201593958232
    ],
    "MKR": [
        2662.88604008423,
        2661.21205966795,
        2666.1694083727
    ],
    "ARKM": [
        2.4701,
        2.4832,
        2.4884
    ],
    "RUNE": [
        6.24980933495111,
        6.24806082053813,
        6.24059067252129
    ],
    "FET": [
        2.14481603119076,
        2.14491354193165,
        2.14812683038713
    ],
    "qnt-quant": [
        90.93562346033274,
        90.65825642746486,
        90.84522106721622
    ],
    "wld-worldcoin": [
        4.905210170880756,
        4.902937815913191,
        4.91431253296742
    ],
    "akt-akash-network": [
        4.66105090098941,
        4.64316490057195,
        4.639260459424836
    ],
    "neo-neo": [
        15.301881836917586,
        15.291509190815784,
        15.272903150611858
    ],
    "egld-elrond": [
        40.314041062760424,
        40.28804921440635,
        40.225974924171
    ],
    "ron-ronin-token": [
        3.1663153781661895,
        3.1754945811324604,
        3.1731558211936344
    ],
    "sand-the-sandbox": [
        0.4703322454188347,
        0.470063882354495,
        0.470063882354495
    ],
    "wbnb-wrapped-bnb": [
        696.6467871668566,
        696.9084409061398,
        696.5030489729747
    ],
    "rbn-ribbon-finance": [
        0.9885661800071454,
        0.9879724354960426,
        0.980782160787907
    ],
    "ordi-ordinals": [
        58.017846255918776,
        57.98536354483999,
        57.94272313630124
    ],
    "mina-mina-protocol": [
        0.8711497821373637,
        0.8698903071068712,
        0.8690134252054171
    ],
    "kcs-kucoin-token": [
        10.214633806274875,
        10.22420983905261,
        10.212504569121041
    ],
    "pendle-pendle": [
        6.1148986476760205,
        6.10712926754047,
        6.102945854231952
    ],
    "xtz-tezos": [
        0.9583018429881276,
        0.9564658101322437,
        0.9552211550872716
    ],
    "sei-sei": [
        0.5264813520452568,
        0.5266032125559907,
        0.5262476255101628
    ],
    "xec-ecash": [
        4.75156759682491e-05,
        4.754859087297231e-05,
        4.752326026085562e-05
    ],
    "msol-marinade-staked-sol": [
        206.65445803890756,
        207.12373394338562,
        206.98176371567982
    ],
    "cfx-conflux-network": [
        0.2212985412578897,
        0.2216218147611572,
        0.2294484355944873
    ],
    "matic-network": [
        0.723103,
        0.722261,
        0.722261
    ],
    "pepe": [
        1.457e-05,
        1.454e-05,
        1.454e-05
    ],
    "litecoin": [
        85.03,
        84.98,
        84.98
    ],
    "leo-token": [
        6.03,
        6.03,
        6.03
    ],
    "okb": [
        48.62262126190103,
        48.619396336145044,
        48.64070022031137
    ],
    "first-digital-usd": [
        1.0000185654244675,
        1.0001119443164883,
        1.0003457392090436
    ],
    "arweave": [
        44.19591455991696,
        44.13657904315289,
        44.208610968684226
    ],
    "optimism-ethereum": [
        2.5120911761758165,
        2.5094675086738625,
        2.5087203771663145
    ],
    "bittensor": [
        419.5123319929493,
        418.2454656349173,
        419.03258865338785
    ],