{
    "bitcoin": [
        69400,
        69400,
        69385
    ],
    "ethereum": [
        3697.66,
        3697.66,
        3694.41
    ],
    "tether": [
        0.999407,
        0.999407,
        0.999537
    ],
    "binancecoin": [
        692.04,
        692.04,
        693.1
    ],
    "solana": [
        162.97,
        162.97,
        162.76
    ],
    "staked-ether": [
        3696.31,
        3696.31,
        3692.49
    ],
    "usd-coin": [
        0.999846,
        0.999846,
        0.999923
    ],
    "ripple": [
        0.499412,
        0.499412,
        0.499401
    ],
    "dogecoin": [
        0.147855,
        0.147855,
        0.147816
    ],
    "the-open-network": [
        7.42,
        7.42,
        7.37
    ],
    "cardano": [
        0.443301,
        0.443301,
        0.442808
    ],
    "shiba-inu": [
        2.394e-05,
        2.394e-05,
        2.394e-05
    ],
    "avalanche-2": [
        33.43,
        33.43,
        33.39
    ],
    "wrapped-bitcoin": [
        69601,
        69601,
        69548
    ],
    "chainlink": [
        16.25,
        16.25,
        16.25
    ],
    "tron": [
        0.113068,
        0.113068,
        0.113038
    ],
    "polkadot": [
        6.6,
        6.6,
        6.6
    ],
    "bitcoin-cash": [
        480.74,
        480.74,
        480.42
    ],
    "near": [
        6.84,
        6.84,
        6.84
    ],
    "uniswap": [
        9.98,
        9.98,
        9.97
    ],
    "internet-computer": [
        11.54,
        11.55,
        11.55
    ],
    "unus-sed-leo": [
        5.923810812706364,
        5.924793027850309
    ],
    "multi-collateral-dai": [
        1.0001541775823066,
        1.000069113199768
    ],
    "ethereum-classic": [
        27.038433010111845,
        27.01468020968404,
        26.994847204212153
    ],
    "aptos": [
        8.49526532465922,
        8.502603841961195,
        8.494031187519475
    ],
    "render": [
        9.517227474591392,
        9.51874698073165,
        9.512759588559176
    ],
    "hedera": [
        0.09319577401376786,
        0.09320815358248932,
        0.09314058114372303
    ],
    "kaspa": [
        0.16646950522603093,
        0.16615144393788409,
        0.1665473950442581
    ],
    "dogwifhat": [
        2.809681270922013,
        2.8171043587738716,
        2.811518208311336
    ],
    "cosmos": [
        8.095298189720937,
        8.088602987712482,
        8.091618654256857
    ],
    "immutable-x": [
        2.0692387908784537,
        2.0719578636048497,
        2.066890760125072
    ],
    "filecoin": [
        6.372527448594197,
        6.36489633647695,
        6.355921236430037
    ],
    "arbitrum": [
        0.995851718418173,
        0.9956086107195633,
        0.9946633442163701
    ],
    "mantle": [
        0.9541451629145379,
        0.9542582043431083,
        0.9553870683330743
    ],
    "stellar": [
        0.09944295641220008,
        0.09943543342019336,
        0.09937336262237498
    ],
    "cronos": [
        0.11512015132194937,
        0.11500273691091208,
        0.11487973339662148
    ],
    "monero": [
        163.97173524134143,
        163.74655795337952,
        164.197699462995
    ],
    "stacks": [
        2.325561772948332,
        2.32796302159939,
        2.3183365751708895
    ],
    "the-graph": [
        0.2698881878739167,
        0.26969200447494956,
        0.26962324375176866
    ],
    "bttc-bittorrent-chain": [
        1.12324109770232e-06,
        1.12529579781569e-06,
        1.12486614212441e-06
    ],
    "cheelee-cheelee": [
        20.629142073632295,
        20.66735687279604,
        20.696167840169263
    ],
    "VET": [
        0.0342648619606039,
        0.0341757644980644
    ],
    "STX": [
        1.96018090681332,
        1.94312681136669
    ],
    "FLR": [
        0.0280572218861115,
        0.0280389009629798
    ],
    "XMR": [
        155.295737980525,
        155.188147347795
    ],
    "SAGA": [
        2.827609212773917,
        2.81039661314113
    ],
    "AR": [
        43.18042703963509,
        42.9957677008812
    ],
    "ZETA": [
        1.11698886903034,
        1.1142736398709,
        1.12400151652205
    ],
    "BGB": [
        1.1906,
        1.1906,
        1.1906
    ],
    "FLOKI": [
        0.00026691,
        0.00026701,
        0.00025869
    ],
    "ENS": [
        22.1518484992503,
        22.1703799227316,
        22.2102080226439
    ],
    "PIXEL": [
        0.43362,
        0.43425,
        0.43399
    ],
    "FTM": [
        0.722906397741427,
        0.722443923839706,
        0.722689371182714
    ],
    "INJ": [
        25.8086457389147,
        25.7996455630143,
        25.9201593958232
    ],
    "MKR": [
        2594.894715936144,
        2596.414635467978,
        2594.250306521202
    ],
    "ARKM": [
        2.626743482716449,
        2.628414754078233,
        2.629537862114028
    ],
    "RUNE": [
        5.60136752291069,
        5.60119668615743,
        5.59614887877571
    ],
    "FET": [
        1.8219712347408,
        1.82290414005883,
        1.82006484364913
    ],
    "qnt-quant": [
        85.17656013661201,
        85.05255803385529,
        85.06499472929825
    ],
    "wld-worldcoin": [
        4.457101934892601,
        4.456732270747104,
        4.444394085429975
    ],
    "akt-akash-network": [
        4.184422047819679,
        4.1829378782545685,
        4.181209295446733
    ],
    "neo-neo": [
        13.98808787931163,
        13.945656553782463,
        13.986588282740328
    ],
    "egld-elrond": [
        35.764858192027994,
        35.78636387779502,
        35.778353997469296
    ],
    "ron-ronin-token": [
        2.979938053756657,
        2.980848759386217,
        2.981560131136085
    ],
    "sand-the-sandbox": [
        0.4302567354279115,
        0.42960412216344457,
        0.42992429849437164
    ],
    "wbnb-wrapped-bnb": [
        692.8885755696841,
        692.343748862731,
        692.8183971895321
    ],
    "rbn-ribbon-finance": [
        0.9885661800071454,
        0.9879724354960426,
        0.980782160787907
    ],
    "ordi-ordinals": [
        59.171065765798524,
        59.2054871510235,
        59.33578375242714
    ],
    "mina-mina-protocol": [
        0.7912510103331718,
        0.7917615247329242,
        0.7905601730787719
    ],
    "kcs-kucoin-token": [
        10.191335719927318,
        10.1958538798174,
        10.20449855098465
    ],
    "pendle-pendle": [
        5.550736601844288,
        5.5532763935092975,
        5.54796849412392
    ],
    "xtz-tezos": [
        0.8693947474881822,
        0.8679808971105493,
        0.8655904803948518
    ],
    "sei-sei": [
        0.5399995092691741,
        0.5435061779353673,
        0.5438166143583508
    ],
    "xec-ecash": [
        4.327674418392889e-05,
        4.325732892661498e-05,
        4.327178417889706e-05
    ],
    "msol-marinade-staked-sol": [
        194.69546074879787,
        194.71833342870264,
        194.50497144453655
    ],
    "cfx-conflux-network": [
        0.2272375731725614,
        0.2272375731725614,
        0.22709059873310986
    ],
    "matic-network": [
        0.663922,
        0.663922,
        0.663472
    ],
    "pepe": [
        1.309e-05,
        1.309e-05,
        1.308e-05
    ],
    "litecoin": [
        80.12,
        80.12,
        79.99
    ],
    "leo-token": [
        6.01,
        6.01,
        6.01
    ],
    "okb": [
        48.07310615650219,
        47.99527700620365,
        47.90182307840519
    ],
    "first-digital-usd": [
        1.0004207391991697,
        1.0006690568105618,
        1.0005882771226753
    ],
    "arweave": [
        38.85070017809651,
        38.85590660862664,
        38.92569088714517
    ],
    "optimism-ethereum": [
        2.237411877842276,
        2.2361737743115238,
        2.2339002597508544
    ],
    "bittensor": [
        386.979307361332,
        386.93555948190436,
        385.68517060337547
    ],