{
    "bitcoin": [
        71141,
        71331,
        71331
    ],
    "ethereum": [
        3835.51,
        3842.18,
        3842.18
    ],
    "tether": [
        1.0,
        0.9997,
        0.9997
    ],
    "binancecoin": [
        716.11,
        715.74,
        715.74
    ],
    "solana": [
        172.79,
        173.23,
        173.23
    ],
    "staked-ether": [
        3834.68,
        3839.88,
        3839.88
    ],
    "usd-coin": [
        1.0,
        1.001,
        1.001
    ],
    "ripple": [
        0.526582,
        0.527484,
        0.527484
    ],
    "dogecoin": [
        0.162682,
        0.163618,
        0.163618
    ],
    "the-open-network": [
        7.33,
        7.36,
        7.36
    ],
    "cardano": [
        0.458836,
        0.460363,
        0.460363
    ],
    "shiba-inu": [
        2.563e-05,
        2.567e-05,
        2.567e-05
    ],
    "avalanche-2": [
        36.72,
        36.89,
        36.89
    ],
    "wrapped-bitcoin": [
        71218,
        71344,
        71344
    ],
    "chainlink": [
        17.39,
        17.43,
        17.43
    ],
    "tron": [
        0.11503,
        0.114897,
        0.114897
    ],
    "polkadot": [
        7.22,
        7.25,
        7.25
    ],
    "bitcoin-cash": [
        494.49,
        495.79,
        495.79
    ],
    "near": [
        7.51,
        7.5,
        7.5
    ],
    "uniswap": [
        10.73,
        10.73,
        10.73
    ],
    "internet-computer": [
        12.16,
        12.21,
        12.21
    ],
    "unus-sed-leo": [
        5.923810812706364,
        5.924793027850309
    ],
    "multi-collateral-dai": [
        1.0001541775823066,
        1.000069113199768
    ],
    "ethereum-classic": [
        29.387441989129655,
        29.460698955719895,
        29.423851669313404
    ],
    "aptos": [
        9.222841615229292,
        9.215496484281628,
        9.230711673412822
    ],
    "render": [
        10.664871766366776,
        10.683640611966887,
        10.699285974738133
    ],
    "hedera": [
        0.1032028322459301,
        0.10307183653974587,
        0.10325101393897898
    ],
    "kaspa": [
        0.1809578346796298,
        0.18065648212597799,
        0.18157922169098928
    ],
    "dogwifhat": [
        3.3541647521258744,
        3.3514348507047123,
        3.3536732872671124
    ],
    "cosmos": [
        8.635472760609119,
        8.675773506208538,
        8.743451969579096
    ],
    "immutable-x": [
        2.242721857049638,
        2.242966751520464,
        2.2479032130162517
    ],
    "filecoin": [
        6.011104238920942,
        6.024034999109342,
        6.025184637812973
    ],
    "arbitrum": [
        1.105869592717743,
        1.1053138468649333,
        1.1068919780722433
    ],
    "mantle": [
        1.035235624627629,
        1.035914450138121,
        1.0352500179660975
    ],
    "stellar": [
        0.10642941963078631,
        0.10641486808695343,
        0.1066084007409048
    ],
    "cronos": [
        0.11544948881894046,
        0.11551667370972363,
        0.11585997544924596
    ],
    "monero": [
        163.8752728918058,
        163.8053473007953,
        163.6286511561311
    ],
    "stacks": [
        2.2796501636338276,
        2.279599178329116,
        2.2868734659444545
    ],
    "the-graph": [
        0.29754409761995587,
        0.29749634764133953,
        0.297760815934487
    ],
    "bttc-bittorrent-chain": [
        1.1740990217844e-06,
        1.17496904239964e-06,
        1.17559722967335e-06
    ],
    "cheelee-cheelee": [
        20.984788355023063,
        20.98568636956903,
        21.03688905893645
    ],
    "VET": [
        0.0342648619606039,
        0.0341757644980644
    ],
    "STX": [
        1.96018090681332,
        1.94312681136669
    ],
    "FLR": [
        0.0280572218861115,
        0.0280389009629798
    ],
    "XMR": [
        155.295737980525,
        155.188147347795
    ],
    "SAGA": [
        2.827609212773917,
        2.81039661314113
    ],
    "AR": [
        43.18042703963509,
        42.9957677008812
    ],
    "ZETA": [
        1.34315063641458,
        1.33600332024875
    ],
    "BGB": [
        1.2061,
        1.2061,
        1.2061
    ],
    "FLOKI": [
        0.00026691,
        0.00026701,
        0.00025869
    ],
    "ENS": [
        24.6098045705887,
        24.6458391697497,
        24.5583992460522
    ],
    "PIXEL": [
        0.49645,
        0.49678,
        0.49709
    ],
    "FTM": [
        0.813122254494612,
        0.814017225342486,
        0.814975057682819
    ],
    "INJ": [
        25.8086457389147,
        25.7996455630143,
        25.9201593958232
    ],
    "MKR": [
        2678.60835986045,
        2679.19881558213,
        2678.61942081851
    ],
    "ARKM": [
        2.626743482716449,
        2.628414754078233,
        2.629537862114028
    ],
    "RUNE": [
        6.13999451893926,
        6.13414148796238,
        6.13509219861138
    ],
    "FET": [
        2.10095147513609,
        2.10061869022331,
        2.09966838410109
    ],
    "qnt-quant": [
        90.47651250116552,
        90.60497591011284,
        90.6945411920495
    ],
    "wld-worldcoin": [
        4.988135519843653,
        4.9604489709926725,
        4.939303900688938
    ],
    "akt-akash-network": [
        4.555543119230911,
        4.556880057982267,
        4.5573808181723
    ],
    "neo-neo": [
        15.128582587352545,
        15.141428800109638,
        15.16506203664756
    ],
    "egld-elrond": [
        39.59565322106009,
        39.6169274566296,
        39.77626632029478
    ],
    "ron-ronin-token": [
        3.1446222204159704,
        3.141354883724842,
        3.149435850788426
    ],
    "sand-the-sandbox": [
        0.47961618990967714,
        0.47838338877157444,
        0.4809450409929572
    ],
    "wbnb-wrapped-bnb": [
        714.882209135178,
        715.044224323283,
        715.712517250504
    ],
    "rbn-ribbon-finance": [
        0.9885661800071454,
        0.9879724354960426,
        0.980782160787907
    ],
    "ordi-ordinals": [
        56.94863114337416,
        57.27417697261111,
        57.55559241666966
    ],
    "mina-mina-protocol": [
        0.8642917017069258,
        0.862350465299684,
        0.8642339620953152
    ],
    "kcs-kucoin-token": [
        10.415984412225711,
        10.417893635695101,
        10.444566502513391
    ],
    "pendle-pendle": [
        5.948641637832927,
        5.956500687571768,
        5.962668217472814
    ],
    "xtz-tezos": [
        0.9422083848620035,
        0.9411594059304118,
        0.9444817692565403
    ],
    "sei-sei": [
        0.5216574265615845,
        0.5237632329128965,
        0.5239895996697816
    ],
    "xec-ecash": [
        4.685353729126343e-05,
        4.691454328947019e-05,
        4.693983462787597e-05
    ],
    "msol-marinade-staked-sol": [
        206.60892646059415,
        206.18813385316756,
        206.7399980997745
    ],
    "cfx-conflux-network": [
        0.2320493656708726,
        0.23191406885310725,
        0.2327660219033291
    ],
    "matic-network": [
        0.725265,
        0.729895,
        0.729895
    ],
    "pepe": [
        1.457e-05,
        1.459e-05,
        1.459e-05
    ],
    "litecoin": [
        85.14,
        85.39,
        85.39
    ],
    "leo-token": [
        6.03,
        6.02,
        6.02
    ],
    "okb": [
        48.906198762128305,
        48.909062214500054,
        48.963397938246544
    ],
    "first-digital-usd": [
        1.0006337276359676,
        1.0008273158344458,
        1.0008374442453385
    ],
    "arweave": [
        42.845551737840836,
        42.89077734731359,
        42.9386623488766
    ],
    "optimism-ethereum": [
        2.5071941332104855,
        2.5066173005262753,
        2.510649083622561
    ],
    "bittensor": [
        424.65923933793084,
        426.6868605773885,
        427.8942504054111
    ],