{
    "bitcoin": [
        71238,
        71292,
        71292
    ],
    "ethereum": [
        3806.27,
        3807.81,
        3807.81
    ],
    "tether": [
        0.999406,
        0.999422,
        0.999422
    ],
    "binancecoin": [
        702.33,
        702.33,
        702.33
    ],
    "solana": [
        171.48,
        171.4,
        171.4
    ],
    "staked-ether": [
        3804.31,
        3806.41,
        3806.41
    ],
    "usd-coin": [
        0.999982,
        1.0,
        1.0
    ],
    "ripple": [
        0.525028,
        0.526475,
        0.526475
    ],
    "dogecoin": [
        0.160836,
        0.160537,
        0.160537
    ],
    "the-open-network": [
        7.48,
        7.5,
        7.5
    ],
    "cardano": [
        0.473101,
        0.474188,
        0.474188
    ],
    "shiba-inu": [
        2.517e-05,
        2.513e-05,
        2.513e-05
    ],
    "avalanche-2": [
        35.9,
        35.95,
        35.95
    ],
    "wrapped-bitcoin": [
        71195,
        71265,
        71265
    ],
    "chainlink": [
        17.44,
        17.44,
        17.44
    ],
    "tron": [
        0.114585,
        0.114488,
        0.114488
    ],
    "polkadot": [
        7.17,
        7.18,
        7.18
    ],
    "bitcoin-cash": [
        513.93,
        513.78,
        513.78
    ],
    "near": [
        7.35,
        7.33,
        7.33
    ],
    "uniswap": [
        10.55,
        10.5,
        10.5
    ],
    "internet-computer": [
        12.14,
        12.21,
        12.21
    ],
    "unus-sed-leo": [
        5.923810812706364,
        5.924793027850309
    ],
    "multi-collateral-dai": [
        1.0001541775823066,
        1.000069113199768
    ],
    "ethereum-classic": [
        29.387441989129655,
        29.460698955719895,
        29.423851669313404
    ],
    "aptos": [
        9.104539033499629,
        9.12619281135389,
        9.135593971370696
    ],
    "render": [
        10.31594029018204,
        10.329906868051564,
        10.333198969829386
    ],
    "hedera": [
        0.10081028186282076,
        0.10099845300644547,
        0.10099203696001441
    ],
    "kaspa": [
        0.17486864121429177,
        0.17329951137475832,
        0.1735452720238377
    ],
    "dogwifhat": [
        3.2593628763106106,
        3.266992920192889,
        3.26425467208666
    ],
    "cosmos": [
        8.51920768461027,
        8.527449821106725,
        8.52398583383372
    ],
    "immutable-x": [
        2.2267050094392875,
        2.2288873577142376,
        2.2287595313084294
    ],
    "filecoin": [
        6.3665569987481305,
        6.462672334683213,
        6.491423122099837
    ],
    "arbitrum": [
        1.0863723806666823,
        1.0887774021390761,
        1.0884400910988263
    ],
    "mantle": [
        1.015395294858224,
        1.0161477416317923,
        1.0158425402383222
    ],
    "stellar": [
        0.10553361169181809,
        0.10590263543936433,
        0.10583618446527233
    ],
    "cronos": [
        0.1147266285078057,
        0.11478531227901607,
        0.11504324006368097
    ],
    "monero": [
        173.01822759368878,
        173.1888431369765,
        173.47699635074585
    ],
    "stacks": [
        2.3816220434435937,
        2.3903664999007015,
        2.405360522520049
    ],
    "the-graph": [
        0.2921509472453754,
        0.2923441069446383,
        0.29247337057327405
    ],
    "bttc-bittorrent-chain": [
        1.16590722021612e-06,
        1.16837032519226e-06,
        1.16861567870256e-06
    ],
    "cheelee-cheelee": [
        21.11198741938401,
        21.120014059068723,
        21.182003336738838
    ],
    "VET": [
        0.0342648619606039,
        0.0341757644980644
    ],
    "STX": [
        1.96018090681332,
        1.94312681136669
    ],
    "FLR": [
        0.0280572218861115,
        0.0280389009629798
    ],
    "XMR": [
        155.295737980525,
        155.188147347795
    ],
    "SAGA": [
        2.827609212773917,
        2.81039661314113
    ],
    "AR": [
        43.18042703963509,
        42.9957677008812
    ],
    "ZETA": [
        1.23929726795516,
        1.24109091532574,
        1.24018017715439
    ],
    "BGB": [
        1.2225,
        1.2225,
        1.2225
    ],
    "FLOKI": [
        0.00026691,
        0.00026701,
        0.00025869
    ],
    "ENS": [
        23.8298146285818,
        23.8590090029868,
        23.8608196347746
    ],
    "PIXEL": [
        0.49598,
        0.49581,
        0.49627
    ],
    "FTM": [
        0.806479533698492,
        0.803021610310486,
        0.803688396269601
    ],
    "INJ": [
        25.8086457389147,
        25.7996455630143,
        25.9201593958232
    ],
    "MKR": [
        2589.172682291776,
        2596.541839195113,
        2597.510042147293
    ],
    "ARKM": [
        2.626743482716449,
        2.628414754078233,
        2.629537862114028
    ],
    "RUNE": [
        6.17321487917282,
        6.17337478715349,
        6.19039315563686
    ],
    "FET": [
        2.02167914387165,
        2.02320273478277,
        2.02787547416064
    ],
    "qnt-quant": [
        89.67991719494277,
        89.71794002700179,
        89.80294169057571
    ],
    "wld-worldcoin": [
        4.868908812622941,
        4.866180674063782,
        4.875431243534857
    ],
    "akt-akash-network": [
        4.466877359441861,
        4.4728930126953745,
        4.469826835150293
    ],
    "neo-neo": [
        15.030661819693066,
        15.066761680179173,
        15.107656962715497
    ],
    "egld-elrond": [
        39.119615343722984,
        39.187183260078164,
        39.25250592141514
    ],
    "ron-ronin-token": [
        3.0530034420602883,
        3.059676118342462,
        3.0605785481389423
    ],
    "sand-the-sandbox": [
        0.4677769509341956,
        0.46851495899126744,
        0.4687958828214674
    ],
    "wbnb-wrapped-bnb": [
        701.8142104192302,
        702.3756941955751,
        702.1971934332458
    ],
    "rbn-ribbon-finance": [
        0.9885661800071454,
        0.9879724354960426,
        0.980782160787907
    ],
    "ordi-ordinals": [
        61.448234644197434,
        61.483053657553924,
        61.81069049734637
    ],
    "mina-mina-protocol": [
        0.8502745788393654,
        0.8524887280088933,
        0.8505578022010174
    ],
    "kcs-kucoin-token": [
        10.34104487709671,
        10.345286439340368,
        10.351350258536847
    ],
    "pendle-pendle": [
        5.928084441750314,
        5.920309844791598,
        5.9140184541053245
    ],
    "xtz-tezos": [
        0.9408511825767454,
        0.9405944974795983,
        0.9427557484626683
    ],
    "sei-sei": [
        0.5386242473480144,
        0.540834197836317,
        0.5374621864289698
    ],
    "xec-ecash": [
        4.687682013291962e-05,
        4.694256850641851e-05,
        4.693510278392138e-05
    ],
    "msol-marinade-staked-sol": [
        204.43898763378718,
        204.34555145664967,
        204.32458366033083
    ],
    "cfx-conflux-network": [
        0.22930594269773247,
        0.2293177840657264,
        0.22931856541196718
    ],
    "matic-network": [
        0.713303,
        0.714135,
        0.714135
    ],
    "pepe": [
        1.423e-05,
        1.423e-05,
        1.423e-05
    ],
    "litecoin": [
        83.96,
        84.01,
        84.01
    ],
    "leo-token": [
        5.99,
        5.99,
        5.99
    ],
    "okb": [
        49.44094607648306,
        49.46420132696099,
        49.473630818986386
    ],
    "first-digital-usd": [
        1.00124751405595,
        1.001182321346931,
        1.0010768300459045
    ],
    "arweave": [
        41.924414584957795,
        41.89949056114326,
        41.777239918856175
    ],
    "optimism-ethereum": [
        2.4845825741990564,
        2.496852456240361,
        2.494403581934592
    ],
    "bittensor": [
        422.1815460961926,
        424.2357903530832,
        424.24773975789685
    ],