{
    "bitcoin": [
        71085,
        71049,
        71320
    ],
    "ethereum": [
        3853.3,
        3847.03,
        3856.99
    ],
    "tether": [
        0.99999,
        0.999681,
        0.99953
    ],
    "binancecoin": [
        707.45,
        705.52,
        704.66
    ],
    "solana": [
        173.02,
        172.89,
        173.31
    ],
    "staked-ether": [
        3850.54,
        3846.93,
        3854.27
    ],
    "usd-coin": [
        1.0,
        0.9999,
        1.0
    ],
    "ripple": [
        0.52689,
        0.526155,
        0.526767
    ],
    "dogecoin": [
        0.163191,
        0.16325,
        0.164817
    ],
    "the-open-network": [
        7.31,
        7.32,
        7.3
    ],
    "cardano": [
        0.45856,
        0.458677,
        0.459806
    ],
    "shiba-inu": [
        2.57e-05,
        2.574e-05,
        2.588e-05
    ],
    "avalanche-2": [
        36.83,
        36.79,
        36.78
    ],
    "wrapped-bitcoin": [
        71163,
        71116,
        71377
    ],
    "chainlink": [
        17.39,
        17.36,
        17.42
    ],
    "tron": [
        0.114878,
        0.114816,
        0.114982
    ],
    "polkadot": [
        7.21,
        7.21,
        7.24
    ],
    "bitcoin-cash": [
        497.01,
        496.72,
        496.33
    ],
    "near": [
        7.54,
        7.53,
        7.54
    ],
    "uniswap": [
        10.67,
        10.64,
        10.71
    ],
    "internet-computer": [
        12.22,
        12.21,
        12.25
    ],
    "unus-sed-leo": [
        5.923810812706364,
        5.924793027850309
    ],
    "multi-collateral-dai": [
        1.0001541775823066,
        1.000069113199768
    ],
    "ethereum-classic": [
        29.387441989129655,
        29.460698955719895,
        29.423851669313404
    ],
    "aptos": [
        9.186109437435894,
        9.192599557368615,
        9.229647143418811
    ],
    "render": [
        10.635225751161116,
        10.63282747646292,
        10.693269875642644
    ],
    "hedera": [
        0.10349168761662664,
        0.10343147933141271,
        0.10365367467731072
    ],
    "kaspa": [
        0.17937762787063224,
        0.17941882760952466,
        0.1796111623672071
    ],
    "dogwifhat": [
        3.3472238078323118,
        3.3630940768890536,
        3.3766900447672112
    ],
    "cosmos": [
        8.612410503061227,
        8.611822942116378,
        8.63416076286451
    ],
    "immutable-x": [
        2.264913030050251,
        2.265858437301335,
        2.2706629123264275
    ],
    "filecoin": [
        6.037946714184306,
        6.037420803485441,
        6.060120807662742
    ],
    "arbitrum": [
        1.1071564102230997,
        1.1066552958656888,
        1.1120347224036728
    ],
    "mantle": [
        1.032920848456822,
        1.0329920367503735,
        1.0365082433813582
    ],
    "stellar": [
        0.10622788093725484,
        0.1062692068498954,
        0.10649362190260338
    ],
    "cronos": [
        0.11513100611466028,
        0.1153111915317717,
        0.11567333472804751
    ],
    "monero": [
        163.45545212755184,
        163.6012398468762,
        163.4052697882193
    ],
    "stacks": [
        2.3769953708418132,
        2.374816352355337,
        2.405395200413378
    ],
    "the-graph": [
        0.2985387208494604,
        0.2987282284762135,
        0.29902791969712494
    ],
    "bttc-bittorrent-chain": [
        1.16785698174301e-06,
        1.1669510570534e-06,
        1.16892553656681e-06
    ],
    "cheelee-cheelee": [
        21.010418548515233,
        21.011664863044977,
        20.9950037855722
    ],
    "VET": [
        0.0342648619606039,
        0.0341757644980644
    ],
    "STX": [
        1.96018090681332,
        1.94312681136669
    ],
    "FLR": [
        0.0280572218861115,
        0.0280389009629798
    ],
    "XMR": [
        155.295737980525,
        155.188147347795
    ],
    "SAGA": [
        2.827609212773917,
        2.81039661314113
    ],
    "AR": [
        43.18042703963509,
        42.9957677008812
    ],
    "ZETA": [
        1.34315063641458,
        1.33600332024875
    ],
    "BGB": [
        1.2073,
        1.2073,
        1.2061
    ],
    "FLOKI": [
        0.00026691,
        0.00026701,
        0.00025869
    ],
    "ENS": [
        25.0193917173195,
        24.9705861129796,
        25.1298519470238
    ],
    "PIXEL": [
        0.49376,
        0.49408,
        0.49357
    ],
    "FTM": [
        0.813122254494612,
        0.814017225342486,
        0.814975057682819
    ],
    "INJ": [
        25.8086457389147,
        25.7996455630143,
        25.9201593958232
    ],
    "MKR": [
        2678.60835986045,
        2679.19881558213,
        2678.61942081851
    ],
    "ARKM": [
        2.626743482716449,
        2.628414754078233,
        2.629537862114028
    ],
    "RUNE": [
        6.12005951205336,
        6.11906348745125,
        6.12146778146312
    ],
    "FET": [
        2.10570869147453,
        2.10317869853147,
        2.11125949170439
    ],
    "qnt-quant": [
        90.37729080812824,
        90.40844801283748,
        90.56261123091096
    ],
    "wld-worldcoin": [
        5.002014172567117,
        4.996208716263855,
        5.018887404899547
    ],
    "akt-akash-network": [
        4.518984358964387,
        4.518407124040613,
        4.519249834327476
    ],
    "neo-neo": [
        15.131231024364762,
        15.140642607804407,
        15.161068258394605
    ],
    "egld-elrond": [
        39.99607318190279,
        39.913679931422635,
        40.072725016983405
    ],
    "ron-ronin-token": [
        3.1453679874214133,
        3.144894737073452,
        3.151340161576037
    ],
    "sand-the-sandbox": [
        0.4696481463070693,
        0.47245516802853776,
        0.47264870172406226
    ],
    "wbnb-wrapped-bnb": [
        706.6275784215993,
        706.6090541779938,
        705.3602024162459
    ],
    "rbn-ribbon-finance": [
        0.9885661800071454,
        0.9879724354960426,
        0.980782160787907
    ],
    "ordi-ordinals": [
        58.25265606691531,
        58.79107397494778,
        57.80234420897588
    ],
    "mina-mina-protocol": [
        0.8644042881036812,
        0.8666909908426047,
        0.8701119664237451
    ],
    "kcs-kucoin-token": [
        10.337808896975867,
        10.338064997710681,
        10.383898336268519
    ],
    "pendle-pendle": [
        5.943716901749592,
        5.942152933942688,
        5.977671814178337
    ],
    "xtz-tezos": [
        0.9440504301480486,
        0.9422063326287715,
        0.9435313355282117
    ],
    "sei-sei": [
        0.5218247315983411,
        0.5214309806119743,
        0.5251068846348222
    ],
    "xec-ecash": [
        4.715737572263624e-05,
        4.685353729126343e-05,
        4.691454328947019e-05
    ],
    "msol-marinade-staked-sol": [
        206.29327626183223,
        206.4704280521544,
        206.94575925452887
    ],
    "cfx-conflux-network": [
        0.23226878814355598,
        0.23180159206072187,
        0.2346483706117109
    ],
    "matic-network": [
        0.717283,
        0.717293,
        0.729812
    ],
    "pepe": [
        1.473e-05,
        1.483e-05,
        1.488e-05
    ],
    "litecoin": [
        85.44,
        85.31,
        85.31
    ],
    "leo-token": [
        6.03,
        6.02,
        6.02
    ],
    "okb": [
        48.57620853547559,
        48.582097034776716,
        48.68449019692786
    ],
    "first-digital-usd": [
        1.0010644794435526,
        1.0007929755694764,
        1.0013231506459461
    ],
    "arweave": [
        42.87528983764387,
        42.88881427971368,
        42.8986262022017
    ],
    "optimism-ethereum": [
        2.488176453491446,
        2.48849553400406,
        2.50386253230791
    ],
    "bittensor": [
        419.954872706224,
        419.0048437208489,
        419.3644380642076
    ],