{
    "bitcoin": [
        70107,
        70107,
        69662
    ],
    "ethereum": [
        3848.67,
        3848.67,
        3817.77
    ],
    "tether": [
        0.999988,
        0.999988,
        0.999039
    ],
    "binancecoin": [
        637.65,
        637.65,
        632.81
    ],
    "solana": [
        167.15,
        167.15,
        165.83
    ],
    "staked-ether": [
        3843.26,
        3843.26,
        3819.48
    ],
    "usd-coin": [
        1.002,
        1.002,
        0.999233
    ],
    "ripple": [
        0.522748,
        0.522748,
        0.520327
    ],
    "dogecoin": [
        0.163375,
        0.163375,
        0.162139
    ],
    "cardano": [
        0.455657,
        0.455657,
        0.453389
    ],
    "the-open-network": [
        6.67,
        6.67,
        6.68
    ],
    "shiba-inu": [
        2.533e-05,
        2.533e-05,
        2.505e-05
    ],
    "avalanche-2": [
        36.17,
        36.17,
        35.89
    ],
    "chainlink": [
        18.19,
        18.19,
        18.07
    ],
    "wrapped-bitcoin": [
        69888,
        69888,
        69716
    ],
    "tron": [
        0.11399,
        0.11399,
        0.113532
    ],
    "polkadot": [
        7.17,
        7.17,
        7.15
    ],
    "bitcoin-cash": [
        469.75,
        469.75,
        468.26
    ],
    "near": [
        7.36,
        7.36,
        7.3
    ],
    "uniswap": [
        9.78313124013216,
        9.812388153350115,
        9.7237661723068
    ],
    "matic-network": [
        0.688974,
        0.68856,
        0.690257
    ],
    "litecoin": [
        82.71,
        82.82,
        83.01
    ],
    "pepe": [
        1.406e-05,
        1.415e-05,
        1.449e-05
    ],
    "internet-computer": [
        12.037736813302065,
        12.083903925049158,
        12.055604317177506
    ],
    "leo-token": [
        5.93,
        5.93,
        5.93
    ],
    "fetch-ai": [],
    "dai": [
        0.9998836026735173
    ],
    "wrapped-eeth": [
        3942.028339030016,
        3944.1883145782826
    ],
    "ethereum-classic": [
        29.389938006530098,
        29.410850398215388,
        29.229610900550274
    ],
    "aptos": [
        9.085644778691616,
        9.115845587801608,
        9.052483322614435
    ],
    "render-token": [],
    "renzo-restaked-eth": [
        3744.563409904983,
        3743.109413828981
    ],
    "hedera-hashgraph": [],
    "immutable-x": [
        2.2246459262227134,
        2.22554930773755,
        2.2198036637256395
    ],
    "kaspa": [
        0.15062980639074552,
        0.15092221631878672,
        0.15091795696231242
    ],
    "arbitrum": [
        1.1339357382465947,
        1.1363312490230408,
        1.130677370224836
    ],
    "cosmos": [
        8.473843448068253,
        8.483083634719497,
        8.459581959256392
    ],
    "filecoin": [
        5.944202548777523,
        5.94142020484593,
        5.9078033323797925
    ],
    "mantle": [
        0.9826127532790576,
        0.9867339234101832,
        0.9781829782730802
    ],
    "dogwifcoin": [],
    "stellar": [
        0.10680097091113727,
        0.1069628691116523,
        0.10663673513411565
    ],
    "crypto-com-chain": [],
    "ethena-usde": [],
    "first-digital-usd": [],
    "arweave": [
        43.92596533625607,
        43.844569988936605,
        43.32458263755361
    ],
    "okb": [],
    "the-graph": [
        0.30220196197257015,
        0.3029881241286264,
        0.300671744926226
    ],
    "monero": [
        157.44355224867587,
        157.16163842651167,
        155.53328104339715
    ],
    "blockstack": [],
    "optimism": [],
    "bittensor": [],
    "maker": [],
    "sui": [],
    "vechain": [],
    "floki": [],
    "injective-protocol": [],
    "fantom": [],
    "bonk": [],
    "lido-dao": [],
    "rocket-pool-eth": [],
    "celestia": [],
    "theta-token": [],
    "thorchain": [],
    "ondo-finance": [],
    "bitget-token": [],
    "notcoin": [],
    "mantle-staked-ether": [],
    "coredaoorg": [],
    "eos": [],
    "jasmycoin": [],
    "gala": [],
    "aave": [],
    "algorand": [],
    "pyth-network": [],
    "jupiter-exchange-solana": [],
    "sei-network": [],
    "beam-2": [],
    "whitebit": [],
    "ethena": [
        {
            "usd": 0.912387
        },
        0.909679
    ],
    "starknet": [],
    "flow": [],
    "quant-network": [
        {
            "usd": 91.52
        },
        91.49
    ],
    "chiliz": [
        {
            "usd": 0.144545
        },
        0.144258
    ],
    "bitcoin-cash-sv": [
        {
            "usd": 60.99
        },
        60.89
    ],
    "axie-infinity": [
        {
            "usd": 7.97
        },
        7.97
    ],
    "dydx-chain": [
        {
            "usd": 2.05
        },
        2.05
    ],
    "singularitynet": [
        {
            "usd": 0.891664
        },
        0.890418
    ],
    "cheelee": [
        {
            "usd": 20.24
        },
        20.22
    ],
    "kelp-dao-restaked-eth": [
        {
            "usd": 3834.9
        },
        3825.46
    ],
    "bittorrent": [
        {
            "usd": 1.16e-06
        },
        1.16e-06
    ],
    "zebec-protocol": [
        {
            "usd": 0.02221938
        },
        0.02209425
    ],
    "flare-networks": [
        {
            "usd": 0.02715475
        },
        0.02714788
    ],
    "wormhole": [
        {
            "usd": 0.651309
        },
        0.65548
    ],
    "worldcoin-wld": [
        {
            "usd": 4.82
        },
        4.83
    ],
    "akash-network": [
        {
            "usd": 4.65
        },
        4.63
    ],
    "gatechain-token": [
        {
            "usd": 8.25
        },
        8.27
    ],
    "elrond-erd-2": [
        {
            "usd": 38.59
        },
        38.46
    ],
    "tokenize-xchange": [
        {
            "usd": 12.89
        },
        12.91
    ],
    "neo": [
        {
            "usd": 14.75
        },
        14.72
    ],
    "ordinals": [],
    "the-sandbox": [],
    "ronin": [],
    "based-brett": [
        {
            "usd": 0.122896
        },
        0.122993
    ],
    "bttc-bittorrent-chain": [
        1.15677874767838e-06,
        1.16118888239989e-06,
        1.16036000693107e-06
    ],
    "qnt-quant": [
        92.15995031677386,
        92.33221320855381,
        91.94320258913602
    ],
    "cheelee-cheelee": [
        20.61156035229677,
        20.646211705328618,
        20.633003277797325
    ],
    "FLR": [
        0.028362906928912,
        0.0283341111105287,
        0.0281484436518072
    ],
    "SAGA": [
        2.847797675846637,
        2.827697995603728,
        2.826608316280365
    ],
    "VET": [
        0.0343408887994041,
        0.0343010617300725,
        0.0342803613047176
    ],
    "XMR": [
        156.998393290244,
        156.93516529559,
        155.477200773885
    ],
    "AR": [
        43.90126658439522,
        43.71253299912661,
        43.30415272357552
    ],
    "STX": [
        1.95261928997403,
        1.94663554428352,
        1.94690063544096
    ],
    "ZETA": [
        1.35995775926887,
        1.35496919348121,
        1.34958035511003
    ],
    "BGB": [
        1.3705,
        1.3705,
        1.3705
    ],
    "FLOKI": [
        0.00027826,
        0.00027806,
        0.00027767
    ],
    "PIXEL": [
        0.5236446604109098,
        0.522013107655221,
        0.5198148633764531
    ],
    "ENS": [
        26.4363268804051,
        26.5593566876436,
        26.4245327406794
    ],
    "FTM": [
        0.823195506379448,
        0.821006137898422,
        0.819928273229649
    ],
    "MKR": [
        2624.2948971128,
        2619.81666512112,
        2610.9679778173
    ],
    "INJ": [
        25.9178969609369,
        25.8211232906167,
        25.7697761938426
    ],
    "ARKM": [
        2.52192393465734,
        2.514380259101598,
        2.5083
    ],