{
    "bitcoin": [
        69117,
        69214,
        69212
    ],
    "ethereum": [
        3771.05,
        3777.03,
        3774.51
    ],
    "tether": [
        0.999544,
        1.0,
        0.999624
    ],
    "binancecoin": [
        631.63,
        634.06,
        632.38
    ],
    "solana": [
        166.17,
        166.69,
        166.82
    ],
    "staked-ether": [
        3770.69,
        3776.06,
        3773.4
    ],
    "usd-coin": [
        0.999221,
        1.0,
        1.0
    ],
    "ripple": [
        0.520483,
        0.521651,
        0.520942
    ],
    "dogecoin": [
        0.159138,
        0.159283,
        0.158488
    ],
    "the-open-network": [
        6.78,
        6.76,
        6.73
    ],
    "cardano": [
        0.46002,
        0.46035,
        0.459588
    ],
    "shiba-inu": [
        2.438e-05,
        2.442e-05,
        2.383e-05
    ],
    "avalanche-2": [
        34.86,
        34.98,
        35.09
    ],
    "wrapped-bitcoin": [
        69209,
        69244,
        69249
    ],
    "chainlink": [
        17.63,
        17.65,
        17.61
    ],
    "tron": [
        0.114081,
        0.114387,
        0.113423
    ],
    "polkadot": [
        7.01,
        7.03,
        7.02
    ],
    "bitcoin-cash": [
        463.47,
        463.76,
        463.6
    ],
    "near": [
        7.1,
        7.11,
        7.09
    ],
    "uniswap": [
        9.55,
        9.56,
        9.53
    ],
    "internet-computer": [
        12.1,
        12.1,
        12.09
    ],
    "unus-sed-leo": [
        5.923810812706364,
        5.924793027850309
    ],
    "multi-collateral-dai": [
        1.0001541775823066,
        1.000069113199768
    ],
    "ethereum-classic": [
        29.24604814725347,
        29.20352121967086
    ],
    "aptos": [
        8.980773842356578,
        8.976179469692877,
        8.978555248406481
    ],
    "render": [
        10.115353716458747,
        10.098930799359737,
        10.08246190752545
    ],
    "hedera": [
        0.1010050501966699,
        0.10106126423603033,
        0.10120341599758202
    ],
    "kaspa": [
        0.16825790335642982,
        0.1668059616765758,
        0.1661320365850845
    ],
    "dogwifhat": [
        3.3318067401047857,
        3.3058266755024333,
        3.295895812361432
    ],
    "cosmos": [
        8.378792409950863,
        8.38656764444778,
        8.389473186924345
    ],
    "immutable-x": [
        2.2782511403171877,
        2.2857390865679785,
        2.325188738182773
    ],
    "filecoin": [
        5.807823284327348,
        5.811529655942562,
        5.809772980362524
    ],
    "arbitrum": [
        1.108359931702501,
        1.10801397390312,
        1.1082358656221762
    ],
    "mantle": [
        0.9621770327408388,
        0.9647402672306125,
        0.9625417859429387
    ],
    "stellar": [
        0.10532983865232969,
        0.10541384049829984,
        0.10549291692553205
    ],
    "cronos": [
        0.10884718045372,
        0.10865213030929621,
        0.10849853617104512
    ],
    "monero": [
        158.26236214989507,
        158.15144842097197,
        158.11675933454265
    ],
    "stacks": [
        1.966117177345312,
        1.9669242114759058,
        1.9936225912811467
    ],
    "the-graph": [
        0.29593464413813486,
        0.29616673288113265,
        0.29656430318297067
    ],
    "bttc-bittorrent-chain": [
        1.1470898108263e-06,
        1.14519096626331e-06,
        1.14518568718981e-06
    ],
    "cheelee-cheelee": [
        20.71454888253446,
        20.584857447452592,
        20.582554108066187
    ],
    "VET": [
        0.0342648619606039,
        0.0341757644980644
    ],
    "STX": [
        1.96018090681332,
        1.94312681136669
    ],
    "FLR": [
        0.0280572218861115,
        0.0280389009629798
    ],
    "XMR": [
        155.295737980525,
        155.188147347795
    ],
    "SAGA": [
        2.827609212773917,
        2.81039661314113
    ],
    "AR": [
        43.18042703963509,
        42.9957677008812
    ],
    "ZETA": [
        1.34315063641458,
        1.33600332024875
    ],
    "BGB": [
        1.3705,
        1.3705
    ],
    "FLOKI": [
        0.00027295,
        0.00027004,
        0.00026691
    ],
    "ENS": [
        25.049836283525,
        24.9315381816912,
        24.8709652725439
    ],
    "PIXEL": [
        0.5075035299704171,
        0.5091358288893804,
        0.5094
    ],
    "FTM": [
        0.81494311061099,
        0.810825200275531,
        0.810846650526059
    ],
    "INJ": [
        25.1440231821552,
        25.1824334714893,
        25.165976344106
    ],
    "MKR": [
        2591.33333757779,
        2568.06953013984,
        2572.53851737616
    ],
    "ARKM": [
        2.4799,
        2.4901,
        2.4719
    ],
    "RUNE": [
        6.03157964141311,
        6.02653233420411,
        6.03082791480295
    ],
    "FET": [
        2.15015457372639,
        2.15322044166739,
        2.14959248702851
    ],
    "qnt-quant": [
        91.07455693176986,
        91.24736401536487,
        91.14276298026026
    ],
    "wld-worldcoin": [
        4.832363394169446,
        4.836872510254228,
        4.824694918723516
    ],
    "akt-akash-network": [
        4.3831273283028205,
        4.385335755123533,
        4.391249088395135
    ],
    "neo-neo": [
        14.733085739155854,
        14.731973607863333,
        14.7840010266851
    ],
    "egld-elrond": [
        38.936891025529526,
        38.958349367924185,
        38.95648850305351
    ],
    "ron-ronin-token": [
        3.1838724335070214,
        3.1758222581734805,
        3.1702273428927796
    ],
    "sand-the-sandbox": [
        0.4541971447784258,
        0.45372750688748775,
        0.45464254852151265
    ],
    "wbnb-wrapped-bnb": [
        631.952686757956,
        633.365045929142,
        633.1227265571516
    ],
    "rbn-ribbon-finance": [
        1.0114669060365138,
        1.0036470238534845,
        1.0028701978227588
    ],
    "ordi-ordinals": [
        47.27322220202995,
        47.64068768707689,
        47.13796366337506
    ],
    "mina-mina-protocol": [
        0.8726378633475251,
        0.8694749354293737,
        0.8736452901426639
    ],
    "kcs-kucoin-token": [
        10.06313006429324,
        10.07278839968937,
        10.066748089341457
    ],
    "pendle-pendle": [
        6.245816480982915,
        6.220505518701418,
        6.199990566954492
    ],
    "xtz-tezos": [
        0.9223695007644905,
        0.9226011728457946,
        0.9241351751854483
    ],
    "sei-sei": [
        0.5121262242828312,
        0.5106402065883906,
        0.5105087425727486
    ],
    "xec-ecash": [
        4.624247097431214e-05,
        4.618706332956881e-05,
        4.61999394632006e-05
    ],
    "msol-marinade-staked-sol": [
        198.051753131033,
        198.21975184401893,
        198.40343879805744
    ],
    "cfx-conflux-network": [
        0.22265934345746205,
        0.22208588448409916,
        0.2222146719105327
    ],
    "matic-network": [
        0.708046,
        0.707851,
        0.706735
    ],
    "pepe": [
        1.457e-05,
        1.445e-05,
        1.444e-05
    ],
    "litecoin": [
        82.71,
        82.73,
        82.61
    ],
    "leo-token": [
        6.01,
        6.02,
        6.03
    ],
    "okb": [
        46.72078822101149,
        46.75482764317082,
        46.771106127145615
    ],
    "first-digital-usd": [
        0.9998967488830166,
        0.9996720210893377,
        1.0002935290817825
    ],
    "arweave": [
        43.24113262342464,
        43.121616607451735,
        43.307536080735865
    ],
    "optimism-ethereum": [
        2.418997091200221,
        2.4176857410202968,
        2.41785716620987
    ],
    "bittensor": [
        383.2846849502964,
        384.9297101664996,
        382.97463281891675
    ],