{
    "bitcoin": [
        71151,
        71108,
        71052
    ],
    "ethereum": [
        3853.86,
        3866.31,
        3864.41
    ],
    "tether": [
        0.999672,
        1.001,
        1.0
    ],
    "binancecoin": [
        696.84,
        698.95,
        698.54
    ],
    "solana": [
        173.27,
        173.61,
        173.51
    ],
    "staked-ether": [
        3852.68,
        3867.43,
        3862.34
    ],
    "usd-coin": [
        0.999113,
        1.001,
        0.999952
    ],
    "ripple": [
        0.525351,
        0.525797,
        0.525508
    ],
    "dogecoin": [
        0.162996,
        0.163409,
        0.163223
    ],
    "the-open-network": [
        7.19,
        7.19,
        7.19
    ],
    "cardano": [
        0.460189,
        0.461404,
        0.461129
    ],
    "shiba-inu": [
        2.579e-05,
        2.592e-05,
        2.591e-05
    ],
    "avalanche-2": [
        36.38,
        36.49,
        36.46
    ],
    "wrapped-bitcoin": [
        71247,
        71087,
        71050
    ],
    "chainlink": [
        17.7,
        17.77,
        17.74
    ],
    "tron": [
        0.11438,
        0.114655,
        0.114595
    ],
    "polkadot": [
        7.22,
        7.26,
        7.25
    ],
    "bitcoin-cash": [
        492.11,
        494.89,
        495.42
    ],
    "near": [
        7.65,
        7.68,
        7.66
    ],
    "uniswap": [
        11.13,
        11.18,
        11.16
    ],
    "internet-computer": [
        12.29,
        12.33,
        12.32
    ],
    "unus-sed-leo": [
        5.923810812706364,
        5.924793027850309
    ],
    "multi-collateral-dai": [
        1.0001541775823066,
        1.000069113199768
    ],
    "ethereum-classic": [
        29.59241834823406,
        29.590961501851606,
        29.716644817092764
    ],
    "aptos": [
        9.291661727569618,
        9.310036998381985,
        9.321077387357759
    ],
    "render": [
        10.719915753403507,
        10.741399729763685,
        10.73510044587747
    ],
    "hedera": [
        0.10441500163031592,
        0.10463011204121662,
        0.10445644732507901
    ],
    "kaspa": [
        0.1779466449338616,
        0.17816823706463003,
        0.17843941358516455
    ],
    "dogwifhat": [
        3.398267034140198,
        3.403011400096947,
        3.400062334304127
    ],
    "cosmos": [
        8.68403823697358,
        8.692917049588681,
        8.693585053275912
    ],
    "immutable-x": [
        2.2858195170803013,
        2.2871148991583223,
        2.2878836098193256
    ],
    "filecoin": [
        6.075552522171759,
        6.0785288365959484,
        6.073224015879784
    ],
    "arbitrum": [
        1.1223215123831658,
        1.123218939050198,
        1.123450537339326
    ],
    "mantle": [
        1.035785414443922,
        1.036969711490445,
        1.0363647763897066
    ],
    "stellar": [
        0.10683080322335067,
        0.10693910036752732,
        0.10697775050015296
    ],
    "cronos": [
        0.11869492417588826,
        0.11857016012932076,
        0.11873889870613799
    ],
    "monero": [
        162.9918547446064,
        162.79365446765325,
        163.0161098992115
    ],
    "stacks": [
        2.3879114152863252,
        2.401237361920135,
        2.405857453477358
    ],
    "the-graph": [
        0.3035213797350407,
        0.3040426284876359,
        0.30430023595100414
    ],
    "bttc-bittorrent-chain": [
        1.18571289959992e-06,
        1.18646750675014e-06,
        1.18617655443591e-06
    ],
    "cheelee-cheelee": [
        21.25511532344613,
        21.30499105286872,
        21.291295484508513
    ],
    "VET": [
        0.0342648619606039,
        0.0341757644980644
    ],
    "STX": [
        1.96018090681332,
        1.94312681136669
    ],
    "FLR": [
        0.0280572218861115,
        0.0280389009629798
    ],
    "XMR": [
        155.295737980525,
        155.188147347795
    ],
    "SAGA": [
        2.827609212773917,
        2.81039661314113
    ],
    "AR": [
        43.18042703963509,
        42.9957677008812
    ],
    "ZETA": [
        1.34315063641458,
        1.33600332024875
    ],
    "BGB": [
        1.3705,
        1.3705
    ],
    "FLOKI": [
        0.00026691,
        0.00026701,
        0.00025869
    ],
    "ENS": [
        25.4285723271979,
        25.3403981942477,
        25.2905738169535
    ],
    "PIXEL": [
        0.50314,
        0.5006,
        0.49861
    ],
    "FTM": [
        0.81494311061099,
        0.810825200275531,
        0.810846650526059
    ],
    "INJ": [
        25.8086457389147,
        25.7996455630143,
        25.9201593958232
    ],
    "MKR": [
        2679.38708399781,
        2678.60835986045,
        2679.19881558213
    ],
    "ARKM": [
        2.4701,
        2.4832,
        2.4884
    ],
    "RUNE": [
        6.21377907073477,
        6.21407679895685,
        6.2158111438088
    ],
    "FET": [
        2.15641927850274,
        2.15876800003614,
        2.15911555992968
    ],
    "qnt-quant": [
        90.46929474864089,
        90.5264383679945,
        90.44372221798601
    ],
    "wld-worldcoin": [
        4.923879754100166,
        4.928609830613862,
        4.919539071428763
    ],
    "akt-akash-network": [
        4.654388013118721,
        4.6566677627590325,
        4.655354943708815
    ],
    "neo-neo": [
        15.279114179901063,
        15.29723945601102,
        15.313548989316622
    ],
    "egld-elrond": [
        40.25268632036719,
        40.25863060560396,
        40.28081008521308
    ],
    "ron-ronin-token": [
        3.1632947419880053,
        3.1708610035641187,
        3.1717600058553583
    ],
    "sand-the-sandbox": [
        0.4708222074126657,
        0.47218150712338625,
        0.47205655991982026
    ],
    "wbnb-wrapped-bnb": [
        697.3141764528685,
        697.5450881401027,
        697.9959598194247
    ],
    "rbn-ribbon-finance": [
        0.9885661800071454,
        0.9879724354960426,
        0.980782160787907
    ],
    "ordi-ordinals": [
        58.26078990872327,
        58.037572878173975,
        57.62107438686837
    ],
    "mina-mina-protocol": [
        0.872850904861786,
        0.8741006790959759,
        0.8728338228817192
    ],
    "kcs-kucoin-token": [
        10.213011656539207,
        10.209965430108943,
        10.21622469540796
    ],
    "pendle-pendle": [
        6.150511480046685,
        6.17107958675661,
        6.190035844982579
    ],
    "xtz-tezos": [
        0.9564583543503722,
        0.9556830147437186,
        0.9559935182857593
    ],
    "sei-sei": [
        0.5286685425807403,
        0.5299283208428627,
        0.5300708357777927
    ],
    "xec-ecash": [
        4.764610776971682e-05,
        4.764979191232413e-05,
        4.762153440240294e-05
    ],
    "msol-marinade-staked-sol": [
        206.53208157778124,
        206.73912276192843,
        206.84586716906796
    ],
    "cfx-conflux-network": [
        0.2212985412578897,
        0.2216218147611572,
        0.2294484355944873
    ],
    "matic-network": [
        0.72303,
        0.725476,
        0.724679
    ],
    "pepe": [
        1.453e-05,
        1.456e-05,
        1.454e-05
    ],
    "litecoin": [
        85.18,
        85.41,
        85.36
    ],
    "leo-token": [
        6.03,
        6.03,
        6.03
    ],
    "okb": [
        48.57843654528957,
        48.61851340289786,
        48.626186546478834
    ],
    "first-digital-usd": [
        0.9999285362942855,
        0.9999077409248179,
        0.9998228164085473
    ],
    "arweave": [
        44.45482760050111,
        44.393707373974614,
        44.32229114512726
    ],
    "optimism-ethereum": [
        2.521418607631792,
        2.524054704742435,
        2.5219559105666556
    ],
    "bittensor": [
        419.9555722890281,
        419.4877493104822,
        418.4805097075814
    ],