{
    "bitcoin": [
        71039,
        71039,
        70979
    ],
    "ethereum": [
        3790.62,
        3790.62,
        3788.76
    ],
    "tether": [
        1.0,
        1.0,
        1.0
    ],
    "binancecoin": [
        700.58,
        700.58,
        704.75
    ],
    "solana": [
        172.91,
        172.91,
        173.15
    ],
    "staked-ether": [
        3787.84,
        3787.84,
        3787.69
    ],
    "usd-coin": [
        1.0,
        1.0,
        1.0
    ],
    "ripple": [
        0.525236,
        0.525236,
        0.52535
    ],
    "dogecoin": [
        0.162574,
        0.162574,
        0.162632
    ],
    "the-open-network": [
        7.46,
        7.46,
        7.46
    ],
    "cardano": [
        0.461046,
        0.461046,
        0.461444
    ],
    "shiba-inu": [
        2.556e-05,
        2.556e-05,
        2.569e-05
    ],
    "avalanche-2": [
        36.13,
        36.13,
        36.19
    ],
    "wrapped-bitcoin": [
        70957,
        70957,
        71008
    ],
    "chainlink": [
        17.88,
        17.88,
        17.89
    ],
    "tron": [
        0.114228,
        0.114228,
        0.114269
    ],
    "polkadot": [
        7.19,
        7.19,
        7.2
    ],
    "bitcoin-cash": [
        482.53,
        482.53,
        482.27
    ],
    "near": [
        7.55,
        7.55,
        7.57
    ],
    "uniswap": [
        11.2,
        11.2,
        11.21
    ],
    "internet-computer": [
        12.35,
        12.35,
        12.43
    ],
    "unus-sed-leo": [
        5.923810812706364,
        5.924793027850309
    ],
    "multi-collateral-dai": [
        1.0001541775823066,
        1.000069113199768
    ],
    "ethereum-classic": [
        28.245398257432665,
        28.209715278628575,
        28.280479846943802
    ],
    "aptos": [
        9.18798128835533,
        9.184602013802738,
        9.204253003893085
    ],
    "render": [
        10.528619533843651,
        10.542420309011986,
        10.54765808275271
    ],
    "hedera": [
        0.10255827329610023,
        0.10255544121691225,
        0.10273749435426292
    ],
    "kaspa": [
        0.17775038018166162,
        0.1774990081792874,
        0.17737222707440203
    ],
    "dogwifhat": [
        3.454358929873048,
        3.464110589176565,
        3.4701404705969536
    ],
    "cosmos": [
        8.50785559419961,
        8.502374012062138,
        8.52524503981084
    ],
    "immutable-x": [
        2.3126213256186485,
        2.313223765734194,
        2.3282210091889155
    ],
    "filecoin": [
        5.9793807195461985,
        5.983294128970053,
        5.9961947505514575
    ],
    "arbitrum": [
        1.111939351299673,
        1.1124550092309273,
        1.114910821620778
    ],
    "mantle": [
        0.9658250791181565,
        0.9663424009865141,
        0.9672036229383126
    ],
    "stellar": [
        0.10638171420842128,
        0.10652689654752423,
        0.10658228774181244
    ],
    "cronos": [
        0.11233340966677367,
        0.1122933328771834,
        0.11221349797550349
    ],
    "monero": [
        161.18066597978142,
        160.9435469191474,
        160.9226731711622
    ],
    "stacks": [
        2.227849371636878,
        2.2323738283986234,
        2.2315181529449766
    ],
    "the-graph": [
        0.2997041299338527,
        0.3000908734511715,
        0.29975615498627123
    ],
    "bttc-bittorrent-chain": [
        1.16528910519585e-06,
        1.1643934876069e-06,
        1.16250172308746e-06
    ],
    "cheelee-cheelee": [
        20.843965938542166,
        20.85461061417055,
        20.840744433675056
    ],
    "VET": [
        0.0342648619606039,
        0.0341757644980644
    ],
    "STX": [
        1.96018090681332,
        1.94312681136669
    ],
    "FLR": [
        0.0280572218861115,
        0.0280389009629798
    ],
    "XMR": [
        155.295737980525,
        155.188147347795
    ],
    "SAGA": [
        2.827609212773917,
        2.81039661314113
    ],
    "AR": [
        43.18042703963509,
        42.9957677008812
    ],
    "ZETA": [
        1.34315063641458,
        1.33600332024875
    ],
    "BGB": [
        1.3705,
        1.3705
    ],
    "FLOKI": [
        0.00026691,
        0.00026701,
        0.00025869
    ],
    "ENS": [
        24.9200217557638,
        24.9207359788393,
        24.9300566091247
    ],
    "PIXEL": [
        0.48878,
        0.48986,
        0.49024
    ],
    "FTM": [
        0.81494311061099,
        0.810825200275531,
        0.810846650526059
    ],
    "INJ": [
        25.6860532004444,
        25.633981495583,
        25.7619047710364
    ],
    "MKR": [
        2618.19713759826,
        2621.10444575862,
        2615.17302339551
    ],
    "ARKM": [
        2.4701,
        2.4832,
        2.4884
    ],
    "RUNE": [
        6.24844739593791,
        6.30174193376398,
        6.25681918759905
    ],
    "FET": [
        2.1822192523537,
        2.18619820138099,
        2.18717844814381
    ],
    "qnt-quant": [
        91.03019162764429,
        90.85439838062008,
        90.98014064481204
    ],
    "wld-worldcoin": [
        4.827881188294032,
        4.831420368249232,
        4.842396156680396
    ],
    "akt-akash-network": [
        4.4404763582937425,
        4.436721376747528,
        4.434635203128696
    ],
    "neo-neo": [
        15.035548367896729,
        15.065487515315029,
        15.064279983735943
    ],
    "egld-elrond": [
        39.163417169984086,
        39.17973633826748,
        39.40233447934653
    ],
    "ron-ronin-token": [
        3.0950802527687107,
        3.0996129243584942,
        3.1022798242018776
    ],
    "sand-the-sandbox": [
        0.4614125015596247,
        0.4618984240945314,
        0.4618309213217729
    ],
    "wbnb-wrapped-bnb": [
        701.0560006949095,
        701.8506871989019,
        703.8843488892522
    ],
    "rbn-ribbon-finance": [
        0.9885661800071454,
        0.9879724354960426,
        0.980782160787907
    ],
    "ordi-ordinals": [
        54.727754626245684,
        55.15842364898094,
        55.18618760142963
    ],
    "mina-mina-protocol": [
        0.8526379429588273,
        0.8536420985403264,
        0.8556978190910275
    ],
    "kcs-kucoin-token": [
        10.091459757450378,
        10.095503617823862,
        10.095843232915152
    ],
    "pendle-pendle": [
        6.076012712049854,
        6.086215970219946,
        6.092234991359828
    ],
    "xtz-tezos": [
        0.9484939219737597,
        0.950514090477512,
        0.9523952440036556
    ],
    "sei-sei": [
        0.5202807643750708,
        0.521874379944424,
        0.5228577819414398
    ],
    "xec-ecash": [
        4.721718954615125e-05,
        4.723839650573249e-05,
        4.726018829753607e-05
    ],
    "msol-marinade-staked-sol": [
        205.97549038013278,
        205.79742469216492,
        206.03924759668257
    ],
    "cfx-conflux-network": [
        0.2212985412578897,
        0.2216218147611572,
        0.2294484355944873
    ],
    "matic-network": [
        0.715111,
        0.715111,
        0.715918
    ],
    "pepe": [
        1.447e-05,
        1.447e-05,
        1.452e-05
    ],
    "litecoin": [
        83.87,
        83.87,
        83.84
    ],
    "leo-token": [
        5.96,
        5.96,
        5.96
    ],
    "okb": [
        49.03656315291637,
        49.041103348123855,
        49.0818345350533
    ],
    "first-digital-usd": [
        1.000320655240752,
        1.0001009853315133,
        1.0001309881804097
    ],
    "arweave": [
        46.16149484076299,
        46.14962942123376,
        46.1789093826363
    ],
    "optimism-ethereum": [
        2.4801579768237123,
        2.480000549140211,
        2.4849112275307306
    ],
    "bittensor": [
        408.44648342283983,
        409.07953644888556,
        408.9377357549611
    ],