{
    "bitcoin": [
        71045,
        70921,
        70921
    ],
    "ethereum": [
        3854.18,
        3845.29,
        3845.29
    ],
    "tether": [
        1.0,
        0.99947,
        0.99947
    ],
    "binancecoin": [
        707.7,
        705.54,
        705.54
    ],
    "solana": [
        172.91,
        172.6,
        172.6
    ],
    "staked-ether": [
        3850.79,
        3843.03,
        3843.03
    ],
    "usd-coin": [
        1.0,
        0.999671,
        0.999671
    ],
    "ripple": [
        0.525889,
        0.525413,
        0.525413
    ],
    "dogecoin": [
        0.16306,
        0.162804,
        0.162804
    ],
    "the-open-network": [
        7.34,
        7.36,
        7.36
    ],
    "cardano": [
        0.458188,
        0.457655,
        0.457655
    ],
    "shiba-inu": [
        2.566e-05,
        2.559e-05,
        2.559e-05
    ],
    "avalanche-2": [
        36.75,
        36.65,
        36.65
    ],
    "wrapped-bitcoin": [
        71148,
        71041,
        71041
    ],
    "chainlink": [
        17.38,
        17.35,
        17.35
    ],
    "tron": [
        0.11514,
        0.114835,
        0.114835
    ],
    "polkadot": [
        7.2,
        7.19,
        7.19
    ],
    "bitcoin-cash": [
        494.14,
        494.77,
        494.77
    ],
    "near": [
        7.52,
        7.52,
        7.52
    ],
    "uniswap": [
        10.66,
        10.62,
        10.62
    ],
    "internet-computer": [
        12.18,
        12.18,
        12.18
    ],
    "unus-sed-leo": [
        5.923810812706364,
        5.924793027850309
    ],
    "multi-collateral-dai": [
        1.0001541775823066,
        1.000069113199768
    ],
    "ethereum-classic": [
        29.387441989129655,
        29.460698955719895,
        29.423851669313404
    ],
    "aptos": [
        9.176436329436685,
        9.16947587642255,
        9.178745091289013
    ],
    "render": [
        10.679245737239167,
        10.660789178445784,
        10.644623779061076
    ],
    "hedera": [
        0.10359991230311966,
        0.10334529774544852,
        0.10327052970871427
    ],
    "kaspa": [
        0.18004612794181282,
        0.18000565691295234,
        0.18003773920502394
    ],
    "dogwifhat": [
        3.3274005802530526,
        3.3251427935891193,
        3.3326201240387223
    ],
    "cosmos": [
        8.628579792590395,
        8.613042839067042,
        8.614179871711974
    ],
    "immutable-x": [
        2.264845091931416,
        2.2611259000977224,
        2.261948489444371
    ],
    "filecoin": [
        6.048420293743958,
        6.034208814526637,
        6.042557514925304
    ],
    "arbitrum": [
        1.1074266269343915,
        1.1060290468243856,
        1.1060957147025636
    ],
    "mantle": [
        1.0355004802619883,
        1.0340568929869152,
        1.0331155179716993
    ],
    "stellar": [
        0.10630328802698771,
        0.10621973338109447,
        0.10624521863801674
    ],
    "cronos": [
        0.11488424629689634,
        0.11473693860438391,
        0.11484421630356567
    ],
    "monero": [
        163.4176332344143,
        163.43851141922104,
        163.69063259918107
    ],
    "stacks": [
        2.3681370687725787,
        2.36877565269069,
        2.3639311935195226
    ],
    "the-graph": [
        0.2989390688236012,
        0.2982938768146172,
        0.29843907067570724
    ],
    "bttc-bittorrent-chain": [
        1.16691172085955e-06,
        1.16739493824878e-06,
        1.16670358851069e-06
    ],
    "cheelee-cheelee": [
        20.987564455170908,
        21.004008404078473,
        20.97067613868638
    ],
    "VET": [
        0.0342648619606039,
        0.0341757644980644
    ],
    "STX": [
        1.96018090681332,
        1.94312681136669
    ],
    "FLR": [
        0.0280572218861115,
        0.0280389009629798
    ],
    "XMR": [
        155.295737980525,
        155.188147347795
    ],
    "SAGA": [
        2.827609212773917,
        2.81039661314113
    ],
    "AR": [
        43.18042703963509,
        42.9957677008812
    ],
    "ZETA": [
        1.34315063641458,
        1.33600332024875
    ],
    "BGB": [
        1.2304,
        1.2073,
        1.2073
    ],
    "FLOKI": [
        0.00026691,
        0.00026701,
        0.00025869
    ],
    "ENS": [
        24.9196844566543,
        24.9300277979312,
        24.940530807927
    ],
    "PIXEL": [
        0.49596,
        0.49394,
        0.49542
    ],
    "FTM": [
        0.813122254494612,
        0.814017225342486,
        0.814975057682819
    ],
    "INJ": [
        25.8086457389147,
        25.7996455630143,
        25.9201593958232
    ],
    "MKR": [
        2678.60835986045,
        2679.19881558213,
        2678.61942081851
    ],
    "ARKM": [
        2.626743482716449,
        2.628414754078233,
        2.629537862114028
    ],
    "RUNE": [
        6.1288108427853,
        6.12832356352594,
        6.11928554002858
    ],
    "FET": [
        2.10904700000918,
        2.10817167937075,
        2.11242844960338
    ],
    "qnt-quant": [
        90.61147318941666,
        90.34193732393095,
        90.20971976071162
    ],
    "wld-worldcoin": [
        5.021705979156382,
        5.030563545025462,
        5.014174097032941
    ],
    "akt-akash-network": [
        4.510927994753806,
        4.5100533394382145,
        4.506506835784275
    ],
    "neo-neo": [
        15.177779330325201,
        15.135991601760699,
        15.14014789512566
    ],
    "egld-elrond": [
        39.99071684376242,
        39.851000669605455,
        39.91238666285268
    ],
    "ron-ronin-token": [
        3.1487983429346675,
        3.150349309962213,
        3.125602414650633
    ],
    "sand-the-sandbox": [
        0.4673771510418595,
        0.46785277541521325,
        0.4679181811292568
    ],
    "wbnb-wrapped-bnb": [
        707.8763211498941,
        705.8408837905085,
        706.3155447148602
    ],
    "rbn-ribbon-finance": [
        0.9885661800071454,
        0.9879724354960426,
        0.980782160787907
    ],
    "ordi-ordinals": [
        57.99958133803073,
        58.12609071792909,
        58.119001386471965
    ],
    "mina-mina-protocol": [
        0.8692545386678585,
        0.8671268773760508,
        0.8639668214297651
    ],
    "kcs-kucoin-token": [
        10.317026164158378,
        10.310804805580206,
        10.318245146978908
    ],
    "pendle-pendle": [
        5.96118628278173,
        5.966873516838554,
        5.9557835468774645
    ],
    "xtz-tezos": [
        0.9422519107478582,
        0.941876643946643,
        0.9410600597480917
    ],
    "sei-sei": [
        0.5216429196662397,
        0.518663330993476,
        0.5202283024783505
    ],
    "xec-ecash": [
        4.715737572263624e-05,
        4.685353729126343e-05,
        4.691454328947019e-05
    ],
    "msol-marinade-staked-sol": [
        205.976831075791,
        205.858275042235,
        206.0266431687318
    ],
    "cfx-conflux-network": [
        0.2304306351491562,
        0.2302568283519473,
        0.23057347343751042
    ],
    "matic-network": [
        0.717504,
        0.715962,
        0.715962
    ],
    "pepe": [
        1.47e-05,
        1.467e-05,
        1.467e-05
    ],
    "litecoin": [
        85.61,
        85.47,
        85.47
    ],
    "leo-token": [
        6.03,
        6.02,
        6.02
    ],
    "okb": [
        48.697845779196754,
        48.65975317179539,
        48.674359260529286
    ],
    "first-digital-usd": [
        1.001533416886065,
        1.001214586210397,
        1.0012850652441037
    ],
    "arweave": [
        42.982272992524194,
        42.913219547765216,
        42.9126850681336
    ],
    "optimism-ethereum": [
        2.489854825179817,
        2.4854010999403227,
        2.487300173815748
    ],
    "bittensor": [
        416.74547268543364,
        415.3802188357582,
        415.2593181202765
    ],