{
    "bitcoin": [
        70813,
        70584,
        70584
    ],
    "ethereum": [
        3815.71,
        3807.29,
        3807.29
    ],
    "tether": [
        0.999856,
        0.999412,
        0.999412
    ],
    "binancecoin": [
        667.92,
        667.27,
        667.27
    ],
    "solana": [
        170.02,
        169.36,
        169.36
    ],
    "staked-ether": [
        3813.96,
        3808.86,
        3808.86
    ],
    "usd-coin": [
        1.0,
        1.0,
        1.0
    ],
    "ripple": [
        0.52631,
        0.52523,
        0.52523
    ],
    "dogecoin": [
        0.161354,
        0.160781,
        0.160781
    ],
    "the-open-network": [
        6.99,
        7.0,
        7.0
    ],
    "cardano": [
        0.464264,
        0.46269,
        0.46269
    ],
    "shiba-inu": [
        2.459e-05,
        2.446e-05,
        2.446e-05
    ],
    "avalanche-2": [
        36.0,
        35.87,
        35.87
    ],
    "wrapped-bitcoin": [
        70775,
        70570,
        70570
    ],
    "chainlink": [
        17.76,
        17.7,
        17.7
    ],
    "tron": [
        0.114292,
        0.114307,
        0.114307
    ],
    "polkadot": [
        7.2,
        7.2,
        7.2
    ],
    "bitcoin-cash": [
        475.23,
        474.9,
        474.9
    ],
    "near": [
        7.43,
        7.39,
        7.39
    ],
    "uniswap": [
        11.64,
        11.6,
        11.6
    ],
    "internet-computer": [
        12.24,
        12.21,
        12.21
    ],
    "unus-sed-leo": [
        5.923810812706364,
        5.924793027850309
    ],
    "multi-collateral-dai": [
        1.0001541775823066,
        1.000069113199768
    ],
    "ethereum-classic": [
        28.245398257432665,
        28.209715278628575,
        28.280479846943802
    ],
    "aptos": [
        9.179452801329253,
        9.137782291100816,
        9.123791647159607
    ],
    "render": [
        10.38056442634139,
        10.36887063796597,
        10.356452474285797
    ],
    "hedera": [
        0.10244310934285415,
        0.10239265911613597,
        0.10247291901441682
    ],
    "kaspa": [
        0.1761233368312648,
        0.1754808868260725,
        0.17675875137578595
    ],
    "dogwifhat": [
        3.46045841810878,
        3.425486861016194,
        3.413055457328113
    ],
    "cosmos": [
        8.53842694005189,
        8.524089072875466,
        8.526703871413538
    ],
    "immutable-x": [
        2.3078877696175177,
        2.3050625419727977,
        2.3055164556576586
    ],
    "filecoin": [
        6.007659770872386,
        5.9765162998140555,
        5.97105435869242
    ],
    "arbitrum": [
        1.110827573268557,
        1.1063548402870018,
        1.1058211592115277
    ],
    "mantle": [
        0.9685384798445306,
        0.9691093827154913,
        0.9658734203290006
    ],
    "stellar": [
        0.10672906486467987,
        0.10661718885533253,
        0.10665522626250373
    ],
    "cronos": [
        0.10944819707443151,
        0.1092293172867506,
        0.10925866872926732
    ],
    "monero": [
        157.81653091514121,
        158.74850090760108,
        158.70238479628833
    ],
    "stacks": [
        2.0997565489495957,
        2.0999917172258935,
        2.1106133430726497
    ],
    "the-graph": [
        0.30034204156782546,
        0.30010413139536857,
        0.2997824393659027
    ],
    "bttc-bittorrent-chain": [
        1.15516285625517e-06,
        1.1536899099252e-06,
        1.15297066418474e-06
    ],
    "cheelee-cheelee": [
        20.742495836499767,
        20.726951582058035,
        20.750302060486863
    ],
    "VET": [
        0.0342648619606039,
        0.0341757644980644
    ],
    "STX": [
        1.96018090681332,
        1.94312681136669
    ],
    "FLR": [
        0.0280572218861115,
        0.0280389009629798
    ],
    "XMR": [
        155.295737980525,
        155.188147347795
    ],
    "SAGA": [
        2.827609212773917,
        2.81039661314113
    ],
    "AR": [
        43.18042703963509,
        42.9957677008812
    ],
    "ZETA": [
        1.34315063641458,
        1.33600332024875
    ],
    "BGB": [
        1.3705,
        1.3705
    ],
    "FLOKI": [
        0.00026691,
        0.00026701,
        0.00025869
    ],
    "ENS": [
        25.2687931093583,
        25.1801615636781,
        25.1519987025995
    ],
    "PIXEL": [
        0.49013,
        0.48767,
        0.48924
    ],
    "FTM": [
        0.81494311061099,
        0.810825200275531,
        0.810846650526059
    ],
    "INJ": [
        25.2311692048576,
        25.2134548264614,
        25.1300755229221
    ],
    "MKR": [
        2618.19713759826,
        2621.10444575862,
        2615.17302339551
    ],
    "ARKM": [
        2.4701,
        2.4832,
        2.4884
    ],
    "RUNE": [
        6.18316291789175,
        6.20709375237811,
        6.20254785194535
    ],
    "FET": [
        2.13358108096614,
        2.12579972100354,
        2.1245227852172
    ],
    "qnt-quant": [
        91.18549985660779,
        91.12536917115965,
        91.27872248774649
    ],
    "wld-worldcoin": [
        4.808253100747908,
        4.798093283291368,
        4.800934148259945
    ],
    "akt-akash-network": [
        4.515221854129693,
        4.508146522241652,
        4.509792391364918
    ],
    "neo-neo": [
        15.06415377982482,
        15.052345815582074,
        15.052822474184683
    ],
    "egld-elrond": [
        39.46544558782357,
        39.357107038661866,
        39.35236025481312
    ],
    "ron-ronin-token": [
        3.0795969460694437,
        3.074359860280874,
        3.069088792133969
    ],
    "sand-the-sandbox": [
        0.46211040512407864,
        0.460645379319442,
        0.4604783595076095
    ],
    "wbnb-wrapped-bnb": [
        667.6494705153312,
        666.8644820752064,
        667.1070691594185
    ],
    "rbn-ribbon-finance": [
        0.9885661800071454,
        0.9879724354960426,
        0.980782160787907
    ],
    "ordi-ordinals": [
        54.36788426119102,
        54.69950820410162,
        55.240296542685
    ],
    "mina-mina-protocol": [
        0.8542478990194529,
        0.8534435223316743,
        0.8532355826839685
    ],
    "kcs-kucoin-token": [
        10.09155441165519,
        10.079163736856433,
        10.07494725176097
    ],
    "pendle-pendle": [
        6.312657873665487,
        6.29053928815075,
        6.268788417982518
    ],
    "xtz-tezos": [
        0.9492250573235239,
        0.9457641786745471,
        0.9465494990174497
    ],
    "sei-sei": [
        0.5225372160562965,
        0.5203362100421783,
        0.5204668801331479
    ],
    "xec-ecash": [
        4.661011959812396e-05,
        4.653490953538356e-05,
        4.654644469845494e-05
    ],
    "msol-marinade-staked-sol": [
        202.27586807644167,
        201.7468753237226,
        201.6745976670856
    ],
    "cfx-conflux-network": [
        0.2212836742468146,
        0.2212985412578897,
        0.2216218147611572
    ],
    "matic-network": [
        0.71693,
        0.714902,
        0.714902
    ],
    "pepe": [
        1.454e-05,
        1.446e-05,
        1.446e-05
    ],
    "litecoin": [
        83.27,
        83.11,
        83.11
    ],
    "leo-token": [
        5.95,
        5.94,
        5.94
    ],
    "okb": [
        47.98991748136041,
        47.94668641638521,
        47.97837535333734
    ],
    "first-digital-usd": [
        1.0000526165162817,
        1.000095582690435,
        1.0002595350507586
    ],
    "arweave": [
        45.63190169393013,
        45.7167375430751,
        45.737507415909086
    ],
    "optimism-ethereum": [
        2.463344097408291,
        2.4567910576913143,
        2.4571825611731244
    ],
    "bittensor": [
        395.43467491261373,
        393.00545808037464,
        392.747257483463
    ],
    "floki-inu": [
        0.0002929035758125612,
        0.0002880727214464635,
        0.00028692803275824565
    ],