{
    "bitcoin": [
        71117,
        70972,
        70972
    ],
    "ethereum": [
        3854.5,
        3848.7,
        3848.7
    ],
    "tether": [
        1.001,
        0.999996,
        0.999996
    ],
    "binancecoin": [
        707.19,
        705.64,
        705.64
    ],
    "solana": [
        173.34,
        172.98,
        172.98
    ],
    "staked-ether": [
        3851.79,
        3846.55,
        3846.55
    ],
    "usd-coin": [
        1.001,
        0.999943,
        0.999943
    ],
    "ripple": [
        0.524709,
        0.523841,
        0.523841
    ],
    "dogecoin": [
        0.162408,
        0.162059,
        0.162059
    ],
    "the-open-network": [
        7.35,
        7.34,
        7.34
    ],
    "cardano": [
        0.459504,
        0.45859,
        0.45859
    ],
    "shiba-inu": [
        2.564e-05,
        2.558e-05,
        2.558e-05
    ],
    "avalanche-2": [
        36.82,
        36.71,
        36.71
    ],
    "wrapped-bitcoin": [
        71104,
        71037,
        71037
    ],
    "chainlink": [
        17.39,
        17.35,
        17.35
    ],
    "tron": [
        0.114903,
        0.114715,
        0.114715
    ],
    "polkadot": [
        7.2,
        7.2,
        7.2
    ],
    "bitcoin-cash": [
        493.48,
        492.02,
        492.02
    ],
    "near": [
        7.53,
        7.5,
        7.5
    ],
    "uniswap": [
        10.71,
        10.68,
        10.68
    ],
    "internet-computer": [
        12.18,
        12.16,
        12.16
    ],
    "unus-sed-leo": [
        5.923810812706364,
        5.924793027850309
    ],
    "multi-collateral-dai": [
        1.0001541775823066,
        1.000069113199768
    ],
    "ethereum-classic": [
        29.38879726777562,
        29.387441989129655,
        29.460698955719895
    ],
    "aptos": [
        9.157213992227216,
        9.153320149127683,
        9.15906834542662
    ],
    "render": [
        10.559824393288164,
        10.562983013474925,
        10.55981909469419
    ],
    "hedera": [
        0.10352605742973182,
        0.10374391951658239,
        0.10367334602474097
    ],
    "kaspa": [
        0.18117750092778753,
        0.1813607960720939,
        0.18124595986316844
    ],
    "dogwifhat": [
        3.3266555374638855,
        3.320021777120197,
        3.3307500160798647
    ],
    "cosmos": [
        8.631537197355204,
        8.626215924424047,
        8.621547646279923
    ],
    "immutable-x": [
        2.2773639226109053,
        2.271945308506692,
        2.2698774250360936
    ],
    "filecoin": [
        6.042529994686203,
        6.0560765480884395,
        6.08672601819787
    ],
    "arbitrum": [
        1.1075586003849736,
        1.1069897731122558,
        1.1071596170487292
    ],
    "mantle": [
        1.0312173231507977,
        1.0301138635971943,
        1.031830791513476
    ],
    "stellar": [
        0.1063306293300442,
        0.10634588799552973,
        0.10625638071678996
    ],
    "cronos": [
        0.11569991930762255,
        0.11568003762578491,
        0.11548002325987998
    ],
    "monero": [
        163.31074589120183,
        163.31201280643313,
        163.18150767842673
    ],
    "stacks": [
        2.362539196247641,
        2.3683384498879,
        2.3692701511281284
    ],
    "the-graph": [
        0.29935361080656747,
        0.2989629551839442,
        0.29872959229801066
    ],
    "bttc-bittorrent-chain": [
        1.16487539015445e-06,
        1.16674123350986e-06,
        1.16466808038743e-06
    ],
    "cheelee-cheelee": [
        20.907834172737022,
        20.929854661967347,
        20.932810619965643
    ],
    "VET": [
        0.0342648619606039,
        0.0341757644980644
    ],
    "STX": [
        1.96018090681332,
        1.94312681136669
    ],
    "FLR": [
        0.0280572218861115,
        0.0280389009629798
    ],
    "XMR": [
        155.295737980525,
        155.188147347795
    ],
    "SAGA": [
        2.827609212773917,
        2.81039661314113
    ],
    "AR": [
        43.18042703963509,
        42.9957677008812
    ],
    "ZETA": [
        1.34315063641458,
        1.33600332024875
    ],
    "BGB": [
        1.2052,
        1.2052,
        1.2052
    ],
    "FLOKI": [
        0.00026691,
        0.00026701,
        0.00025869
    ],
    "ENS": [
        24.9080782050105,
        24.9209522860403,
        24.9499223867838
    ],
    "PIXEL": [
        0.49737,
        0.49551,
        0.49643
    ],
    "FTM": [
        0.813122254494612,
        0.814017225342486,
        0.814975057682819
    ],
    "INJ": [
        25.8086457389147,
        25.7996455630143,
        25.9201593958232
    ],
    "MKR": [
        2678.60835986045,
        2679.19881558213,
        2678.61942081851
    ],
    "ARKM": [
        2.626743482716449,
        2.628414754078233,
        2.629537862114028
    ],
    "RUNE": [
        6.1363689522959,
        6.12679041846682,
        6.12695895779739
    ],
    "FET": [
        2.12356080216832,
        2.11449930132483,
        2.11556373944325
    ],
    "qnt-quant": [
        90.3593925668614,
        90.4893478358143,
        90.42695188465818
    ],
    "wld-worldcoin": [
        5.018783894520173,
        5.046454994496689,
        5.045046412656355
    ],
    "akt-akash-network": [
        4.533816941405179,
        4.533321517803436,
        4.531359600456855
    ],
    "neo-neo": [
        15.069969608723948,
        15.093560598303773,
        15.073095342225354
    ],
    "egld-elrond": [
        39.69800017830595,
        39.61630430870555,
        39.643058161285964
    ],
    "ron-ronin-token": [
        3.1220484901319403,
        3.132735456858317,
        3.1271507706813577
    ],
    "sand-the-sandbox": [
        0.46506401076027254,
        0.46623944890125046,
        0.464196585728396
    ],
    "wbnb-wrapped-bnb": [
        704.911125954703,
        706.3598904406541,
        704.8639441636915
    ],
    "rbn-ribbon-finance": [
        0.9885661800071454,
        0.9879724354960426,
        0.980782160787907
    ],
    "ordi-ordinals": [
        57.70649708349997,
        58.119822151918434,
        58.09781876021448
    ],
    "mina-mina-protocol": [
        0.8624127758373082,
        0.8646253846525156,
        0.864252686932592
    ],
    "kcs-kucoin-token": [
        10.307050676311013,
        10.309389739410209,
        10.311623470161695
    ],
    "pendle-pendle": [
        6.0401511743222605,
        6.057697861553072,
        6.04034993714958
    ],
    "xtz-tezos": [
        0.9418887991662624,
        0.9422521281341047,
        0.9398370254167767
    ],
    "sei-sei": [
        0.5198532170225073,
        0.5183697686617587,
        0.5181436532029361
    ],
    "xec-ecash": [
        4.704727528778219e-05,
        4.698403044049539e-05,
        4.697552428226385e-05
    ],
    "msol-marinade-staked-sol": [
        205.84368886474988,
        206.2049665714088,
        206.15309324220206
    ],
    "cfx-conflux-network": [
        0.2212985412578897,
        0.2216218147611572,
        0.2294484355944873
    ],
    "matic-network": [
        0.717826,
        0.716397,
        0.716397
    ],
    "pepe": [
        1.472e-05,
        1.468e-05,
        1.468e-05
    ],
    "litecoin": [
        85.36,
        85.14,
        85.14
    ],
    "leo-token": [
        6.03,
        6.02,
        6.02
    ],
    "okb": [
        48.79742886726064,
        48.78861500213879,
        48.75789216418355
    ],
    "first-digital-usd": [
        1.0011001274848006,
        1.0010816735642256,
        1.0007784443507486
    ],
    "arweave": [
        43.14677561190774,
        43.23096889503075,
        43.13118117929338
    ],
    "optimism-ethereum": [
        2.4971146173307055,
        2.493467875571962,
        2.4916517299905556
    ],
    "bittensor": [
        413.9967156309803,
        414.6480221084815,
        415.27734003399223
    ],