{
    "bitcoin": [
        69791,
        69894,
        69725
    ],
    "ethereum": [
        3787.55,
        3783.99,
        3783.66
    ],
    "tether": [
        1.001,
        1.0,
        0.999078
    ],
    "binancecoin": [
        648.48,
        655.04,
        657.0
    ],
    "solana": [
        166.45,
        166.29,
        166.44
    ],
    "staked-ether": [
        3782.71,
        3779.82,
        3786.84
    ],
    "usd-coin": [
        1.001,
        0.999622,
        0.999255
    ],
    "ripple": [
        0.528125,
        0.528398,
        0.527246
    ],
    "dogecoin": [
        0.159642,
        0.159566,
        0.159455
    ],
    "the-open-network": [
        6.94,
        6.91,
        6.93
    ],
    "cardano": [
        0.457932,
        0.457731,
        0.457327
    ],
    "shiba-inu": [
        2.41e-05,
        2.406e-05,
        2.405e-05
    ],
    "avalanche-2": [
        35.04,
        35.14,
        35.15
    ],
    "wrapped-bitcoin": [
        69687,
        69746,
        69664
    ],
    "chainlink": [
        17.79,
        17.74,
        17.71
    ],
    "tron": [
        0.114235,
        0.113906,
        0.113849
    ],
    "polkadot": [
        7.04,
        7.04,
        7.08
    ],
    "bitcoin-cash": [
        469.93,
        470.26,
        470.05
    ],
    "near": [
        7.19,
        7.21,
        7.24
    ],
    "uniswap": [
        9.63,
        9.63,
        9.63
    ],
    "internet-computer": [
        12.35,
        12.34,
        12.29
    ],
    "unus-sed-leo": [
        5.923810812706364,
        5.924793027850309
    ],
    "multi-collateral-dai": [
        1.0001541775823066,
        1.000069113199768
    ],
    "ethereum-classic": [
        28.245398257432665,
        28.209715278628575,
        28.280479846943802
    ],
    "aptos": [
        8.876092346387145,
        8.915446248816142,
        8.917151568226465
    ],
    "render": [
        10.382509495978852,
        10.375069565234362,
        10.349647465851374
    ],
    "hedera": [
        0.10069222302852655,
        0.1011096612440306,
        0.10118189452571866
    ],
    "kaspa": [
        0.1746286267720777,
        0.17477311682168897,
        0.17510761370468583
    ],
    "dogwifhat": [
        3.3011822885631035,
        3.310063154363456,
        3.3046754767031614
    ],
    "cosmos": [
        8.393230462163666,
        8.428140468797281,
        8.4541617480515
    ],
    "immutable-x": [
        2.2774321615684583,
        2.275743432778714,
        2.2811328179269568
    ],
    "filecoin": [
        5.860069007819569,
        5.864187158088931,
        5.8656131247541765
    ],
    "arbitrum": [
        1.088300629248094,
        1.0904689430747854,
        1.0916590231432688
    ],
    "mantle": [
        0.9578831208719883,
        0.9589207790321926,
        0.9630239545279975
    ],
    "stellar": [
        0.10535344918292838,
        0.10558592724267227,
        0.1056291485206441
    ],
    "cronos": [
        0.10867403721497407,
        0.10883820295478808,
        0.10863207678606912
    ],
    "monero": [
        157.32839602807277,
        157.18406226389803,
        157.79073536205317
    ],
    "stacks": [
        2.0037056767825665,
        2.0140560434504073,
        2.0294031824787884
    ],
    "the-graph": [
        0.299342404237775,
        0.2997590952536823,
        0.29979620188356165
    ],
    "bttc-bittorrent-chain": [
        1.14045944561956e-06,
        1.14167012105733e-06,
        1.13993350617541e-06
    ],
    "cheelee-cheelee": [
        20.457596552237696,
        20.356911653631624,
        20.31700499078043
    ],
    "VET": [
        0.0342648619606039,
        0.0341757644980644
    ],
    "STX": [
        1.96018090681332,
        1.94312681136669
    ],
    "FLR": [
        0.0280572218861115,
        0.0280389009629798
    ],
    "XMR": [
        155.295737980525,
        155.188147347795
    ],
    "SAGA": [
        2.827609212773917,
        2.81039661314113
    ],
    "AR": [
        43.18042703963509,
        42.9957677008812
    ],
    "ZETA": [
        1.34315063641458,
        1.33600332024875
    ],
    "BGB": [
        1.3705,
        1.3705
    ],
    "FLOKI": [
        0.00026691,
        0.00026701,
        0.00025869
    ],
    "ENS": [
        24.9404877610928,
        24.9684913089807,
        24.9887000193202
    ],
    "PIXEL": [
        0.49721,
        0.49624,
        0.4959
    ],
    "FTM": [
        0.81494311061099,
        0.810825200275531,
        0.810846650526059
    ],
    "INJ": [
        24.9084783927811,
        25.0402618662602,
        25.108415484576
    ],
    "MKR": [
        2563.49943562424,
        2571.74260995276,
        2580.47980212285
    ],
    "ARKM": [
        2.4701,
        2.4832,
        2.4884
    ],
    "RUNE": [
        6.05577451780996,
        6.08963822659401,
        6.0867755405319
    ],
    "FET": [
        2.11216660227187,
        2.11741323408048,
        2.12315299770588
    ],
    "qnt-quant": [
        90.15949502689664,
        90.08430493946051,
        90.23650974222967
    ],
    "wld-worldcoin": [
        4.733843410416267,
        4.739481937683611,
        4.736938071337141
    ],
    "akt-akash-network": [
        4.342781920828725,
        4.337380115810765,
        4.33975883111115
    ],
    "neo-neo": [
        14.83509802470407,
        14.869549868540968,
        14.891666970743806
    ],
    "egld-elrond": [
        39.14768491399169,
        39.11392039714692,
        39.13005953018139
    ],
    "ron-ronin-token": [
        3.1140612355402713,
        3.116756322996101,
        3.111166338329062
    ],
    "sand-the-sandbox": [
        0.4545477358292458,
        0.4551775417340121,
        0.4549217677259879
    ],
    "wbnb-wrapped-bnb": [
        647.5470375075437,
        655.1799057564228,
        656.6546088251306
    ],
    "rbn-ribbon-finance": [
        0.9885661800071454,
        0.9879724354960426,
        0.980782160787907
    ],
    "ordi-ordinals": [
        51.463000230411296,
        51.90517900368027,
        52.81492286160954
    ],
    "mina-mina-protocol": [
        0.8447390763093867,
        0.8415367169022582,
        0.8427645159614136
    ],
    "kcs-kucoin-token": [
        10.07323262141488,
        10.080797945849175,
        10.066925028140323
    ],
    "pendle-pendle": [
        6.076655884060276,
        6.104226888834992,
        6.1155679581049895
    ],
    "xtz-tezos": [
        0.9328891200499622,
        0.934244780457739,
        0.9358126234554333
    ],
    "sei-sei": [
        0.5135438029831423,
        0.5151895502735598,
        0.5161202841504898
    ],
    "xec-ecash": [
        4.577007915392838e-05,
        4.574208844612352e-05,
        4.592561970303579e-05
    ],
    "msol-marinade-staked-sol": [
        197.50786076987998,
        197.91626866054207,
        197.88457288986544
    ],
    "cfx-conflux-network": [
        0.2168325969809699,
        0.21773531425478215,
        0.2185236241573932
    ],
    "matic-network": [
        0.711472,
        0.71022,
        0.711862
    ],
    "pepe": [
        1.443e-05,
        1.443e-05,
        1.443e-05
    ],
    "litecoin": [
        82.31,
        82.31,
        82.38
    ],
    "leo-token": [
        5.93,
        5.93,
        5.95
    ],
    "okb": [
        47.74940606039701,
        47.78630057726802,
        47.923292477607326
    ],
    "first-digital-usd": [
        0.9997964211892527,
        1.0003025062010786,
        0.9998073337045694
    ],
    "arweave": [
        45.523510974974435,
        46.01862856545398,
        46.09413073391977
    ],
    "optimism-ethereum": [
        2.4092270844594226,
        2.4112433362217214,
        2.4198639427482016
    ],
    "bittensor": [
        384.93112588252546,
        388.62966309890777,
        386.81495453287704
    ],