{
    "bitcoin": [
        69400,
        69385,
        69385
    ],
    "ethereum": [
        3697.66,
        3694.41,
        3694.41
    ],
    "tether": [
        0.999407,
        0.999537,
        0.999537
    ],
    "binancecoin": [
        692.04,
        693.1,
        693.1
    ],
    "solana": [
        162.97,
        162.76,
        162.76
    ],
    "staked-ether": [
        3696.31,
        3692.49,
        3692.49
    ],
    "usd-coin": [
        0.999846,
        0.999923,
        0.999923
    ],
    "ripple": [
        0.499412,
        0.499401,
        0.499401
    ],
    "dogecoin": [
        0.147855,
        0.147816,
        0.147816
    ],
    "the-open-network": [
        7.42,
        7.37,
        7.37
    ],
    "cardano": [
        0.443301,
        0.442808,
        0.442808
    ],
    "shiba-inu": [
        2.394e-05,
        2.394e-05,
        2.394e-05
    ],
    "avalanche-2": [
        33.43,
        33.39,
        33.39
    ],
    "wrapped-bitcoin": [
        69601,
        69548,
        69548
    ],
    "chainlink": [
        16.25,
        16.25,
        16.25
    ],
    "tron": [
        0.113068,
        0.113038,
        0.113038
    ],
    "polkadot": [
        6.6,
        6.6,
        6.6
    ],
    "bitcoin-cash": [
        480.74,
        480.42,
        480.42
    ],
    "near": [
        6.84,
        6.84,
        6.84
    ],
    "uniswap": [
        9.98,
        9.97,
        9.97
    ],
    "internet-computer": [
        11.54,
        11.55,
        11.55
    ],
    "unus-sed-leo": [
        5.923810812706364,
        5.924793027850309
    ],
    "multi-collateral-dai": [
        1.0001541775823066,
        1.000069113199768
    ],
    "ethereum-classic": [
        27.038433010111845,
        27.01468020968404,
        26.994847204212153
    ],
    "aptos": [
        8.502603841961195,
        8.494031187519475,
        8.475441520355977
    ],
    "render": [
        9.51874698073165,
        9.512759588559176,
        9.504578954438397
    ],
    "hedera": [
        0.09320815358248932,
        0.09314058114372303,
        0.09310079331040608
    ],
    "kaspa": [
        0.16615144393788409,
        0.1665473950442581,
        0.166636421832485
    ],
    "dogwifhat": [
        2.8171043587738716,
        2.811518208311336,
        2.811179335872834
    ],
    "cosmos": [
        8.088602987712482,
        8.091618654256857,
        8.089935385587426
    ],
    "immutable-x": [
        2.0719578636048497,
        2.066890760125072,
        2.066203674119403
    ],
    "filecoin": [
        6.36489633647695,
        6.355921236430037,
        6.364653065302352
    ],
    "arbitrum": [
        0.9956086107195633,
        0.9946633442163701,
        0.993649655699764
    ],
    "mantle": [
        0.9542582043431083,
        0.9553870683330743,
        0.9548428197286963
    ],
    "stellar": [
        0.09943543342019336,
        0.09937336262237498,
        0.09938091586479694
    ],
    "cronos": [
        0.11500273691091208,
        0.11487973339662148,
        0.11465495634891498
    ],
    "monero": [
        163.74655795337952,
        164.197699462995,
        164.1981809278446
    ],
    "stacks": [
        2.32796302159939,
        2.3183365751708895,
        2.3332976061051016
    ],
    "the-graph": [
        0.26969200447494956,
        0.26962324375176866,
        0.269555964695462
    ],
    "bttc-bittorrent-chain": [
        1.12529579781569e-06,
        1.12486614212441e-06,
        1.12478545039576e-06
    ],
    "cheelee-cheelee": [
        20.66735687279604,
        20.696167840169263,
        20.643620155260287
    ],
    "VET": [
        0.0342648619606039,
        0.0341757644980644
    ],
    "STX": [
        1.96018090681332,
        1.94312681136669
    ],
    "FLR": [
        0.0280572218861115,
        0.0280389009629798
    ],
    "XMR": [
        155.295737980525,
        155.188147347795
    ],
    "SAGA": [
        2.827609212773917,
        2.81039661314113
    ],
    "AR": [
        43.18042703963509,
        42.9957677008812
    ],
    "ZETA": [
        1.11698886903034,
        1.1142736398709,
        1.12400151652205
    ],
    "BGB": [
        1.1906,
        1.1906,
        1.1906
    ],
    "FLOKI": [
        0.00026691,
        0.00026701,
        0.00025869
    ],
    "ENS": [
        22.1703799227316,
        22.2102080226439,
        22.2005286970321
    ],
    "PIXEL": [
        0.43425,
        0.43399,
        0.43272
    ],
    "FTM": [
        0.722443923839706,
        0.722689371182714,
        0.722173357851921
    ],
    "INJ": [
        25.8086457389147,
        25.7996455630143,
        25.9201593958232
    ],
    "MKR": [
        2594.894715936144,
        2596.414635467978,
        2594.250306521202
    ],
    "ARKM": [
        2.626743482716449,
        2.628414754078233,
        2.629537862114028
    ],
    "RUNE": [
        5.60119668615743,
        5.59614887877571,
        5.55640078593295
    ],
    "FET": [
        1.82290414005883,
        1.82006484364913,
        1.81969959389216
    ],
    "qnt-quant": [
        85.05255803385529,
        85.06499472929825,
        85.14484856427478
    ],
    "wld-worldcoin": [
        4.456732270747104,
        4.444394085429975,
        4.446895874809917
    ],
    "akt-akash-network": [
        4.1829378782545685,
        4.181209295446733,
        4.177415027360522
    ],
    "neo-neo": [
        13.945656553782463,
        13.986588282740328,
        13.944115960527302
    ],
    "egld-elrond": [
        35.78636387779502,
        35.778353997469296,
        35.83269073954133
    ],
    "ron-ronin-token": [
        2.980848759386217,
        2.981560131136085,
        2.9771417596434113
    ],
    "sand-the-sandbox": [
        0.42960412216344457,
        0.42992429849437164,
        0.4296175130797053
    ],
    "wbnb-wrapped-bnb": [
        692.343748862731,
        692.8183971895321,
        692.9331739564701
    ],
    "rbn-ribbon-finance": [
        0.9885661800071454,
        0.9879724354960426,
        0.980782160787907
    ],
    "ordi-ordinals": [
        59.171065765798524,
        59.2054871510235,
        59.33578375242714
    ],
    "mina-mina-protocol": [
        0.7917615247329242,
        0.7905601730787719,
        0.7910615815147672
    ],
    "kcs-kucoin-token": [
        10.1958538798174,
        10.20449855098465,
        10.204825971973523
    ],
    "pendle-pendle": [
        5.5532763935092975,
        5.54796849412392,
        5.547352212223306
    ],
    "xtz-tezos": [
        0.8693947474881822,
        0.8679808971105493,
        0.8655904803948518
    ],
    "sei-sei": [
        0.5435061779353673,
        0.5438166143583508,
        0.5415119611471316
    ],
    "xec-ecash": [
        4.325732892661498e-05,
        4.327178417889706e-05,
        4.329157901621231e-05
    ],
    "msol-marinade-staked-sol": [
        194.71833342870264,
        194.50497144453655,
        194.50306404907616
    ],
    "cfx-conflux-network": [
        0.2272375731725614,
        0.2272375731725614,
        0.22709059873310986
    ],
    "matic-network": [
        0.663922,
        0.663472,
        0.663472
    ],
    "pepe": [
        1.309e-05,
        1.308e-05,
        1.308e-05
    ],
    "litecoin": [
        80.12,
        79.99,
        79.99
    ],
    "leo-token": [
        6.01,
        6.01,
        6.01
    ],
    "okb": [
        47.99527700620365,
        47.90182307840519,
        47.95536980854907
    ],
    "first-digital-usd": [
        1.0006690568105618,
        1.0005882771226753,
        1.000853943571005
    ],
    "arweave": [
        38.85590660862664,
        38.92569088714517,
        38.91362189798074
    ],
    "optimism-ethereum": [
        2.2361737743115238,
        2.2339002597508544,
        2.2299712188327723
    ],
    "bittensor": [
        386.93555948190436,
        385.68517060337547,
        384.6288959985288
    ],