{
    "bitcoin": [
        70278,
        70278,
        70345
    ],
    "ethereum": [
        3784.67,
        3784.67,
        3791.82
    ],
    "tether": [
        1.0,
        1.0,
        1.001
    ],
    "binancecoin": [
        665.21,
        665.21,
        670.54
    ],
    "solana": [
        168.57,
        168.57,
        168.71
    ],
    "staked-ether": [
        3778.59,
        3778.59,
        3789.55
    ],
    "usd-coin": [
        0.998177,
        0.998177,
        1.0
    ],
    "ripple": [
        0.525584,
        0.525584,
        0.526647
    ],
    "dogecoin": [
        0.159952,
        0.159952,
        0.160494
    ],
    "the-open-network": [
        7.01,
        7.01,
        7.06
    ],
    "cardano": [
        0.461129,
        0.461129,
        0.463047
    ],
    "shiba-inu": [
        2.43e-05,
        2.43e-05,
        2.436e-05
    ],
    "avalanche-2": [
        35.56,
        35.56,
        35.65
    ],
    "wrapped-bitcoin": [
        70330,
        70330,
        70343
    ],
    "chainlink": [
        17.61,
        17.61,
        17.64
    ],
    "tron": [
        0.114068,
        0.114068,
        0.114312
    ],
    "polkadot": [
        7.15,
        7.15,
        7.18
    ],
    "bitcoin-cash": [
        472.63,
        472.63,
        473.69
    ],
    "near": [
        7.39,
        7.39,
        7.44
    ],
    "uniswap": [
        11.46,
        11.46,
        11.45
    ],
    "internet-computer": [
        12.17,
        12.17,
        12.23
    ],
    "unus-sed-leo": [
        5.923810812706364,
        5.924793027850309
    ],
    "multi-collateral-dai": [
        1.0001541775823066,
        1.000069113199768
    ],
    "ethereum-classic": [
        28.245398257432665,
        28.209715278628575,
        28.280479846943802
    ],
    "aptos": [
        9.087396976286483,
        9.077043752396918,
        9.09783672201528
    ],
    "render": [
        10.335218110603698,
        10.323898097579399,
        10.341503161354982
    ],
    "hedera": [
        0.10194495708314355,
        0.10186554496006175,
        0.10211510810681294
    ],
    "kaspa": [
        0.1773564766384213,
        0.1778150446512263,
        0.1786818202784426
    ],
    "dogwifhat": [
        3.372286970929255,
        3.375469307815883,
        3.388709630486576
    ],
    "cosmos": [
        8.505486669807288,
        8.494223231770341,
        8.511074565810373
    ],
    "immutable-x": [
        2.303305486362911,
        2.3058979554096277,
        2.3141712483977392
    ],
    "filecoin": [
        5.935689375854979,
        5.941937977559869,
        5.958775392300392
    ],
    "arbitrum": [
        1.102069340785454,
        1.1017424562798592,
        1.103547015052565
    ],
    "mantle": [
        0.9656263084407806,
        0.9648164775626965,
        0.9626213501441354
    ],
    "stellar": [
        0.1066045043929987,
        0.10642748621619628,
        0.10662972619040738
    ],
    "cronos": [
        0.10897306307640886,
        0.10888891942506318,
        0.10913966217727022
    ],
    "monero": [
        158.5451738113286,
        158.79545095595057,
        159.01877745718218
    ],
    "stacks": [
        2.114794033388086,
        2.1169982684760003,
        2.1178885908296614
    ],
    "the-graph": [
        0.2988271275868721,
        0.2987192074652222,
        0.29986417445852215
    ],
    "bttc-bittorrent-chain": [
        1.15028725865602e-06,
        1.148910713595e-06,
        1.15042907262804e-06
    ],
    "cheelee-cheelee": [
        20.767239716401278,
        20.744807380868536,
        20.749983973626655
    ],
    "VET": [
        0.0342648619606039,
        0.0341757644980644
    ],
    "STX": [
        1.96018090681332,
        1.94312681136669
    ],
    "FLR": [
        0.0280572218861115,
        0.0280389009629798
    ],
    "XMR": [
        155.295737980525,
        155.188147347795
    ],
    "SAGA": [
        2.827609212773917,
        2.81039661314113
    ],
    "AR": [
        43.18042703963509,
        42.9957677008812
    ],
    "ZETA": [
        1.34315063641458,
        1.33600332024875
    ],
    "BGB": [
        1.3705,
        1.3705
    ],
    "FLOKI": [
        0.00026691,
        0.00026701,
        0.00025869
    ],
    "ENS": [
        24.8922029403032,
        25.0379126264407,
        25.0480044365462
    ],
    "PIXEL": [
        0.48478,
        0.4889,
        0.48906
    ],
    "FTM": [
        0.81494311061099,
        0.810825200275531,
        0.810846650526059
    ],
    "INJ": [
        24.9570678691278,
        25.0625535983551,
        25.0409201204435
    ],
    "MKR": [
        2618.19713759826,
        2621.10444575862,
        2615.17302339551
    ],
    "ARKM": [
        2.4701,
        2.4832,
        2.4884
    ],
    "RUNE": [
        6.14501290277918,
        6.16431400282859,
        6.16569785139845
    ],
    "FET": [
        2.10820728630984,
        2.11651766484266,
        2.11640040295807
    ],
    "qnt-quant": [
        91.28600051883598,
        91.15122493636544,
        91.238848342331
    ],
    "wld-worldcoin": [
        4.785134937077178,
        4.764363366518062,
        4.787973103747269
    ],
    "akt-akash-network": [
        4.507777277042196,
        4.489616718861643,
        4.483905188348125
    ],
    "neo-neo": [
        15.000347297297642,
        14.983572206166505,
        15.056006818914435
    ],
    "egld-elrond": [
        39.205822768187524,
        39.12121159193618,
        39.27448863676725
    ],
    "ron-ronin-token": [
        3.060986522129423,
        3.050826746833694,
        3.0629188695215626
    ],
    "sand-the-sandbox": [
        0.46164635068977755,
        0.45973914724787274,
        0.46116217214617056
    ],
    "wbnb-wrapped-bnb": [
        666.6953105071563,
        664.1837627864135,
        668.2248175204174
    ],
    "rbn-ribbon-finance": [
        0.9885661800071454,
        0.9879724354960426,
        0.980782160787907
    ],
    "ordi-ordinals": [
        55.216843135767256,
        55.59286538227659,
        56.01103491778067
    ],
    "mina-mina-protocol": [
        0.8491380557763902,
        0.8465702305630193,
        0.8484742677845866
    ],
    "kcs-kucoin-token": [
        10.087749672284472,
        10.069747685748057,
        10.095074562861797
    ],
    "pendle-pendle": [
        6.246637441647388,
        6.209321257972403,
        6.2150650383011605
    ],
    "xtz-tezos": [
        0.9466178090077262,
        0.9441296905308103,
        0.9458583098984338
    ],
    "sei-sei": [
        0.5188724265177154,
        0.5182273834425613,
        0.5203463650485147
    ],
    "xec-ecash": [
        4.64963003478388e-05,
        4.639472560285991e-05,
        4.650255171453001e-05
    ],
    "msol-marinade-staked-sol": [
        200.97909304997847,
        200.63447251402928,
        201.18009444366152
    ],
    "cfx-conflux-network": [
        0.2212836742468146,
        0.2212985412578897,
        0.2216218147611572
    ],
    "matic-network": [
        0.710304,
        0.710304,
        0.712257
    ],
    "pepe": [
        1.419e-05,
        1.419e-05,
        1.42e-05
    ],
    "litecoin": [
        82.72,
        82.72,
        83.04
    ],
    "leo-token": [
        5.94,
        5.94,
        5.95
    ],
    "okb": [
        47.97097879756356,
        47.999153931204816,
        48.08755628426629
    ],
    "first-digital-usd": [
        0.99992696297929,
        1.0002796048161993,
        1.0008837015317054
    ],
    "arweave": [
        45.42291896219146,
        45.53036693369935,
        45.55131750522635
    ],
    "optimism-ethereum": [
        2.4473393270108805,
        2.448101876614401,
        2.4537289674437543
    ],
    "bittensor": [
        392.83149388285545,
        392.8081365906452,
        393.0656727475546
    ],