{
    "bitcoin": [
        69270,
        69249,
        69269
    ],
    "ethereum": [
        3691.01,
        3690.13,
        3689.14
    ],
    "tether": [
        0.999749,
        0.999529,
        0.999557
    ],
    "binancecoin": [
        682.47,
        680.99,
        681.13
    ],
    "solana": [
        162.55,
        162.46,
        162.58
    ],
    "staked-ether": [
        3688.27,
        3690.13,
        3685.66
    ],
    "usd-coin": [
        0.999908,
        1.0,
        1.0
    ],
    "ripple": [
        0.50055,
        0.499146,
        0.499148
    ],
    "dogecoin": [
        0.149012,
        0.148966,
        0.149028
    ],
    "the-open-network": [
        7.27,
        7.29,
        7.3
    ],
    "cardano": [
        0.450784,
        0.449969,
        0.450521
    ],
    "shiba-inu": [
        2.363e-05,
        2.367e-05,
        2.371e-05
    ],
    "avalanche-2": [
        33.56,
        33.59,
        33.6
    ],
    "wrapped-bitcoin": [
        69307,
        69314,
        69269
    ],
    "chainlink": [
        16.34,
        16.35,
        16.33
    ],
    "tron": [
        0.112592,
        0.112594,
        0.112637
    ],
    "polkadot": [
        6.61,
        6.62,
        6.64
    ],
    "bitcoin-cash": [
        483.89,
        481.73,
        481.52
    ],
    "near": [
        6.82,
        6.86,
        6.83
    ],
    "uniswap": [
        9.8,
        9.82,
        9.78
    ],
    "internet-computer": [
        11.54,
        11.55,
        11.55
    ],
    "unus-sed-leo": [
        5.923810812706364,
        5.924793027850309
    ],
    "multi-collateral-dai": [
        1.0001541775823066,
        1.000069113199768
    ],
    "ethereum-classic": [
        26.571766666494675,
        26.635876915691053,
        26.65296384300906
    ],
    "aptos": [
        8.531265276154327,
        8.544211085208078,
        8.545067046201147
    ],
    "render": [
        9.57993953883134,
        9.599030915367258,
        9.620060364635172
    ],
    "hedera": [
        0.094147802562135,
        0.09430710690531352,
        0.09444674526587896
    ],
    "kaspa": [
        0.16726736189499833,
        0.1658365194231356,
        0.16547841419614287
    ],
    "dogwifhat": [
        2.8340285130060203,
        2.847899404266376,
        2.8586223732325706
    ],
    "cosmos": [
        8.087099249582844,
        8.102748593584991,
        8.094393879209296
    ],
    "immutable-x": [
        2.112055492800628,
        2.1187419375388545,
        2.117967121005225
    ],
    "filecoin": [
        6.00931198847481,
        6.038282752966002,
        6.05674149554673
    ],
    "arbitrum": [
        0.9910749573671357,
        0.9944186096203863,
        0.9940404450678174
    ],
    "mantle": [
        0.9621143348119958,
        0.9617734072051278,
        0.9595141878200155
    ],
    "stellar": [
        0.10003717286966227,
        0.10008734264350529,
        0.10011384696602361
    ],
    "cronos": [
        0.11257422042843554,
        0.11257633051696031,
        0.11291185631385901
    ],
    "monero": [
        158.54786863635485,
        158.6302393453419,
        157.97914220626026
    ],
    "stacks": [
        2.1827270133793313,
        2.1878606847432236,
        2.171889917805956
    ],
    "the-graph": [
        0.273148874441977,
        0.27370923680976206,
        0.2736726343269779
    ],
    "bttc-bittorrent-chain": [
        1.12038512718643e-06,
        1.12394946334044e-06,
        1.11778984574747e-06
    ],
    "cheelee-cheelee": [
        20.743537752471394,
        20.73801356480565,
        20.731056925258436
    ],
    "VET": [
        0.0342648619606039,
        0.0341757644980644
    ],
    "STX": [
        1.96018090681332,
        1.94312681136669
    ],
    "FLR": [
        0.0280572218861115,
        0.0280389009629798
    ],
    "XMR": [
        155.295737980525,
        155.188147347795
    ],
    "SAGA": [
        2.827609212773917,
        2.81039661314113
    ],
    "AR": [
        43.18042703963509,
        42.9957677008812
    ],
    "ZETA": [
        1.11698886903034,
        1.1142736398709,
        1.12400151652205
    ],
    "BGB": [
        1.1906,
        1.1906,
        1.1906
    ],
    "FLOKI": [
        0.00026691,
        0.00026701,
        0.00025869
    ],
    "ENS": [
        21.8903836124733,
        21.9601868171034,
        22.0101434879174
    ],
    "PIXEL": [
        0.43838,
        0.43944,
        0.4411
    ],
    "FTM": [
        0.718973777947399,
        0.7202009989635,
        0.720284391583343
    ],
    "INJ": [
        25.8086457389147,
        25.7996455630143,
        25.9201593958232
    ],
    "MKR": [
        2594.894715936144,
        2596.414635467978,
        2594.250306521202
    ],
    "ARKM": [
        2.626743482716449,
        2.628414754078233,
        2.629537862114028
    ],
    "RUNE": [
        5.60399608564965,
        5.59703337395947,
        5.59270052666441
    ],
    "FET": [
        1.8369765724239,
        1.83420891342411,
        1.83226197086827
    ],
    "qnt-quant": [
        86.17356138142542,
        86.20580237125884,
        85.9267179286142
    ],
    "wld-worldcoin": [
        4.408823491156454,
        4.401006359229299,
        4.414747140215671
    ],
    "akt-akash-network": [
        4.240481091116924,
        4.242896211383209,
        4.235623563119979
    ],
    "neo-neo": [
        14.132258849479605,
        14.134389362176934,
        14.055574432258247
    ],
    "egld-elrond": [
        36.358330752877016,
        36.37838981662564,
        36.35601025662057
    ],
    "ron-ronin-token": [
        2.9176937740597206,
        2.9139965328583024,
        2.9130280750771966
    ],
    "sand-the-sandbox": [
        0.4356992584197284,
        0.435579854625669,
        0.43594150669882503
    ],
    "wbnb-wrapped-bnb": [
        682.0713670582667,
        681.5933485231985,
        681.0407875558934
    ],
    "rbn-ribbon-finance": [
        0.9885661800071454,
        0.9879724354960426,
        0.980782160787907
    ],
    "ordi-ordinals": [
        62.09291343912357,
        62.099473141626135,
        62.26669803898842
    ],
    "mina-mina-protocol": [
        0.8015420241215948,
        0.8014956672924133,
        0.8040970926483817
    ],
    "kcs-kucoin-token": [
        10.334924492359859,
        10.329833549628392,
        10.354781479559705
    ],
    "pendle-pendle": [
        5.920309844791598,
        5.9140184541053245,
        5.911927372558721
    ],
    "xtz-tezos": [
        0.8731216755897351,
        0.873494395433712,
        0.8735422649761677
    ],
    "sei-sei": [
        0.5037758493540616,
        0.5048366436459126,
        0.5079601821218942
    ],
    "xec-ecash": [
        4.34957293939911e-05,
        4.342202005325121e-05,
        4.34353786153754e-05
    ],
    "msol-marinade-staked-sol": [
        194.01966173051832,
        193.95300262888637,
        193.8530949639779
    ],
    "cfx-conflux-network": [
        0.2272375731725614,
        0.2272375731725614,
        0.22709059873310986
    ],
    "matic-network": [
        0.666405,
        0.666958,
        0.667423
    ],
    "pepe": [
        1.281e-05,
        1.285e-05,
        1.284e-05
    ],
    "litecoin": [
        79.99,
        80.02,
        79.9
    ],
    "leo-token": [
        6.01,
        6.01,
        6.01
    ],
    "okb": [
        48.19306673998413,
        48.204192228949154,
        48.1259736029741
    ],
    "first-digital-usd": [
        1.0007011931258492,
        1.0004616597247837,
        1.0004470132686187
    ],
    "arweave": [
        38.86664112787735,
        38.99938003726503,
        39.13645571024891
    ],
    "optimism-ethereum": [
        2.250628166165671,
        2.2530611134687097,
        2.2615788528062106
    ],
    "bittensor": [
        388.380193329256,
        387.52058219310084,
        390.72995593858496
    ],