{
    "bitcoin": [
        69281,
        69271,
        69271
    ],
    "ethereum": [
        3681.22,
        3680.34,
        3680.34
    ],
    "tether": [
        0.999651,
        0.99968,
        0.99968
    ],
    "binancecoin": [
        684.36,
        684.32,
        684.32
    ],
    "solana": [
        162.02,
        162.28,
        162.28
    ],
    "staked-ether": [
        3679.15,
        3678.33,
        3678.33
    ],
    "usd-coin": [
        0.999965,
        0.999978,
        0.999978
    ],
    "ripple": [
        0.499785,
        0.499564,
        0.499564
    ],
    "dogecoin": [
        0.148112,
        0.148131,
        0.148131
    ],
    "the-open-network": [
        7.37,
        7.37,
        7.37
    ],
    "cardano": [
        0.444833,
        0.444521,
        0.444521
    ],
    "shiba-inu": [
        2.404e-05,
        2.399e-05,
        2.399e-05
    ],
    "avalanche-2": [
        33.63,
        33.6,
        33.6
    ],
    "wrapped-bitcoin": [
        69341,
        69327,
        69327
    ],
    "chainlink": [
        16.35,
        16.36,
        16.36
    ],
    "tron": [
        0.112651,
        0.112661,
        0.112661
    ],
    "polkadot": [
        6.62,
        6.62,
        6.62
    ],
    "bitcoin-cash": [
        481.5,
        482.45,
        482.45
    ],
    "near": [
        6.83,
        6.83,
        6.83
    ],
    "uniswap": [
        9.93,
        9.94,
        9.94
    ],
    "internet-computer": [
        11.54,
        11.55,
        11.55
    ],
    "unus-sed-leo": [
        5.923810812706364,
        5.924793027850309
    ],
    "multi-collateral-dai": [
        1.0001541775823066,
        1.000069113199768
    ],
    "ethereum-classic": [
        27.057801755698467,
        27.099220532842264,
        27.116486493993968
    ],
    "aptos": [
        8.474568552635475,
        8.465333049936769,
        8.473090566103433
    ],
    "render": [
        9.522459340670565,
        9.497134957058213,
        9.518292519267037
    ],
    "hedera": [
        0.09351931691223733,
        0.09335290459675959,
        0.09328810238701156
    ],
    "kaspa": [
        0.16680200788479696,
        0.16679987218213801,
        0.16656325755228307
    ],
    "dogwifhat": [
        2.8331256291203784,
        2.828149706521865,
        2.823400624447222
    ],
    "cosmos": [
        8.023187604516577,
        8.010680521541676,
        8.011414209668189
    ],
    "immutable-x": [
        2.080752770949508,
        2.0745648917045094,
        2.07319683978904
    ],
    "filecoin": [
        6.303650355994755,
        6.327809131221844,
        6.3541502928480424
    ],
    "arbitrum": [
        0.9895140907004206,
        0.9875769949625186,
        0.987987383979743
    ],
    "mantle": [
        0.949561424705036,
        0.9490375539761914,
        0.9492588424986328
    ],
    "stellar": [
        0.09968823837492014,
        0.09979638650937286,
        0.09980297740235035
    ],
    "cronos": [
        0.11453984066409374,
        0.11436415789901662,
        0.11462671292330946
    ],
    "monero": [
        163.0292171226474,
        163.17841470308156,
        163.18940929459276
    ],
    "stacks": [
        2.318739482091881,
        2.3267094119227805,
        2.321221365218822
    ],
    "the-graph": [
        0.27062574710588766,
        0.2703085641757478,
        0.2706465331145171
    ],
    "bttc-bittorrent-chain": [
        1.12362201172423e-06,
        1.12331508527821e-06,
        1.12315451322906e-06
    ],
    "cheelee-cheelee": [
        20.68635108762713,
        20.77079565482473,
        20.78323919765076
    ],
    "VET": [
        0.0342648619606039,
        0.0341757644980644
    ],
    "STX": [
        1.96018090681332,
        1.94312681136669
    ],
    "FLR": [
        0.0280572218861115,
        0.0280389009629798
    ],
    "XMR": [
        155.295737980525,
        155.188147347795
    ],
    "SAGA": [
        2.827609212773917,
        2.81039661314113
    ],
    "AR": [
        43.18042703963509,
        42.9957677008812
    ],
    "ZETA": [
        1.11698886903034,
        1.1142736398709,
        1.12400151652205
    ],
    "BGB": [
        1.1906,
        1.1906,
        1.1906
    ],
    "FLOKI": [
        0.00026691,
        0.00026701,
        0.00025869
    ],
    "ENS": [
        22.0497695045682,
        22.0403838363794,
        22.0697268658383
    ],
    "PIXEL": [
        0.43524,
        0.43485,
        0.4346
    ],
    "FTM": [
        0.722381161557866,
        0.721529524004647,
        0.722086562104278
    ],
    "INJ": [
        25.8086457389147,
        25.7996455630143,
        25.9201593958232
    ],
    "MKR": [
        2594.894715936144,
        2596.414635467978,
        2594.250306521202
    ],
    "ARKM": [
        2.626743482716449,
        2.628414754078233,
        2.629537862114028
    ],
    "RUNE": [
        5.48878147849219,
        5.48950488167039,
        5.48217370318457
    ],
    "FET": [
        1.83145808726852,
        1.82627661274796,
        1.82522449389264
    ],
    "qnt-quant": [
        85.89386277457808,
        85.81914939540775,
        85.89803451710652
    ],
    "wld-worldcoin": [
        4.4438168152619335,
        4.428895144122007,
        4.443163778464948
    ],
    "akt-akash-network": [
        4.198966573640928,
        4.200897780659338,
        4.202693929107888
    ],
    "neo-neo": [
        14.021009272361729,
        13.98678980608519,
        14.025620198283333
    ],
    "egld-elrond": [
        35.86326833111641,
        35.85701801251083,
        35.85530635539031
    ],
    "ron-ronin-token": [
        2.9652226023114974,
        2.959735772095911,
        2.957821953817889
    ],
    "sand-the-sandbox": [
        0.4342154718004028,
        0.4327095388225022,
        0.43355509533300285
    ],
    "wbnb-wrapped-bnb": [
        683.9020067654264,
        683.460181820487,
        683.8947841533957
    ],
    "rbn-ribbon-finance": [
        0.9885661800071454,
        0.9879724354960426,
        0.980782160787907
    ],
    "ordi-ordinals": [
        59.171065765798524,
        59.2054871510235,
        59.33578375242714
    ],
    "mina-mina-protocol": [
        0.7950324031677327,
        0.7940074868327457,
        0.7939859496068279
    ],
    "kcs-kucoin-token": [
        10.282167021832821,
        10.282830983461428,
        10.2814969602417
    ],
    "pendle-pendle": [
        5.544145178696883,
        5.526453459698706,
        5.519806797190272
    ],
    "xtz-tezos": [
        0.8714607220383745,
        0.8700900051968482,
        0.8718851240020009
    ],
    "sei-sei": [
        0.5274475408910448,
        0.529730610864452,
        0.5335956829654092
    ],
    "xec-ecash": [
        4.333714403584442e-05,
        4.330012745372618e-05,
        4.332010338081465e-05
    ],
    "msol-marinade-staked-sol": [
        193.6953035099393,
        193.4889450347224,
        193.5933634342187
    ],
    "cfx-conflux-network": [
        0.2272375731725614,
        0.2272375731725614,
        0.22709059873310986
    ],
    "matic-network": [
        0.665663,
        0.666079,
        0.666079
    ],
    "pepe": [
        1.3e-05,
        1.299e-05,
        1.299e-05
    ],
    "litecoin": [
        80.28,
        80.29,
        80.29
    ],
    "leo-token": [
        5.96,
        5.96,
        5.96
    ],
    "okb": [
        48.33137684051337,
        48.344138085077816,
        48.34199802479951
    ],
    "first-digital-usd": [
        1.0008897487431545,
        1.0005485120349833,
        1.0005156015789924
    ],
    "arweave": [
        38.86739551459746,
        38.79358757010827,
        38.76337324111283
    ],
    "optimism-ethereum": [
        2.2355807539144865,
        2.230969883590264,
        2.233683749273056
    ],
    "bittensor": [
        391.26391975143287,
        389.92953038806354,
        388.958916090474
    ],