{
    "bitcoin": [
        70664,
        70664,
        70635
    ],
    "ethereum": [
        3796.38,
        3796.38,
        3794.97
    ],
    "tether": [
        0.99996,
        0.99996,
        0.999247
    ],
    "binancecoin": [
        707.44,
        707.44,
        705.3
    ],
    "solana": [
        170.47,
        170.47,
        170.16
    ],
    "staked-ether": [
        3793.73,
        3793.73,
        3793.3
    ],
    "usd-coin": [
        1.0,
        1.0,
        0.999525
    ],
    "ripple": [
        0.521198,
        0.521198,
        0.520303
    ],
    "dogecoin": [
        0.160649,
        0.160649,
        0.160606
    ],
    "the-open-network": [
        7.35,
        7.35,
        7.36
    ],
    "cardano": [
        0.456668,
        0.456668,
        0.456104
    ],
    "shiba-inu": [
        2.537e-05,
        2.537e-05,
        2.534e-05
    ],
    "avalanche-2": [
        36.17,
        36.17,
        36.1
    ],
    "wrapped-bitcoin": [
        70863,
        70863,
        70751
    ],
    "chainlink": [
        17.37,
        17.37,
        17.37
    ],
    "tron": [
        0.11471,
        0.11471,
        0.114614
    ],
    "polkadot": [
        7.14,
        7.14,
        7.13
    ],
    "bitcoin-cash": [
        493.04,
        493.04,
        493.15
    ],
    "near": [
        7.34,
        7.34,
        7.32
    ],
    "uniswap": [
        10.62,
        10.62,
        10.62
    ],
    "internet-computer": [
        12.08,
        12.08,
        12.07
    ],
    "unus-sed-leo": [
        5.923810812706364,
        5.924793027850309
    ],
    "multi-collateral-dai": [
        1.0001541775823066,
        1.000069113199768
    ],
    "ethereum-classic": [
        29.387441989129655,
        29.460698955719895,
        29.423851669313404
    ],
    "aptos": [
        9.047620587097171,
        9.053209354523824,
        9.061946263226433
    ],
    "render": [
        10.463852774333747,
        10.468297879076308,
        10.474959394294716
    ],
    "hedera": [
        0.10128190289621666,
        0.10128806047251723,
        0.10120811029190659
    ],
    "kaspa": [
        0.1741441540237596,
        0.17442299169405362,
        0.17365172079464605
    ],
    "dogwifhat": [
        3.291259227505839,
        3.295950657592937,
        3.2883262527548425
    ],
    "cosmos": [
        8.686373896795448,
        8.68506062499558,
        8.61363174216079
    ],
    "immutable-x": [
        2.2203194512592863,
        2.2186822951026826,
        2.2169841167629842
    ],
    "filecoin": [
        5.922973801099455,
        5.924764369475229,
        5.927278947899821
    ],
    "arbitrum": [
        1.090279398561236,
        1.090429086427613,
        1.0900841761808482
    ],
    "mantle": [
        1.0379549879499745,
        1.038516021055491,
        1.0377737241324303
    ],
    "stellar": [
        0.10543852543444612,
        0.10549764178368763,
        0.10535094152895537
    ],
    "cronos": [
        0.11224840976832143,
        0.11232236873021371,
        0.11214901695539023
    ],
    "monero": [
        164.42246346730917,
        164.33755619390647,
        164.53175851793446
    ],
    "stacks": [
        2.3039750632407667,
        2.306449321803996,
        2.306263846712141
    ],
    "the-graph": [
        0.29415693568688217,
        0.2941483747150899,
        0.2937791606957415
    ],
    "bttc-bittorrent-chain": [
        1.16474817165003e-06,
        1.16658248834455e-06,
        1.1646784944859e-06
    ],
    "cheelee-cheelee": [
        21.076875561878577,
        21.154604245946196,
        21.139970968251088
    ],
    "VET": [
        0.0342648619606039,
        0.0341757644980644
    ],
    "STX": [
        1.96018090681332,
        1.94312681136669
    ],
    "FLR": [
        0.0280572218861115,
        0.0280389009629798
    ],
    "XMR": [
        155.295737980525,
        155.188147347795
    ],
    "SAGA": [
        2.827609212773917,
        2.81039661314113
    ],
    "AR": [
        43.18042703963509,
        42.9957677008812
    ],
    "ZETA": [
        1.34315063641458,
        1.33600332024875
    ],
    "BGB": [
        1.1918,
        1.1918,
        1.1918
    ],
    "FLOKI": [
        0.00026691,
        0.00026701,
        0.00025869
    ],
    "ENS": [
        24.1193599979336,
        24.1389951880854,
        24.1106174171368
    ],
    "PIXEL": [
        0.49196,
        0.49278,
        0.49032
    ],
    "FTM": [
        0.803428832999405,
        0.803531384886986,
        0.80315977761363
    ],
    "INJ": [
        25.8086457389147,
        25.7996455630143,
        25.9201593958232
    ],
    "MKR": [
        2614.877286949077,
        2611.337745218549,
        2603.764646830637
    ],
    "ARKM": [
        2.626743482716449,
        2.628414754078233,
        2.629537862114028
    ],
    "RUNE": [
        6.03808165375349,
        6.03322384410757,
        6.03281055085617
    ],
    "FET": [
        2.04996068938569,
        2.05379601855962,
        2.05093205710916
    ],
    "qnt-quant": [
        89.46891144994845,
        89.57440392491627,
        89.7196783932238
    ],
    "wld-worldcoin": [
        4.823374132073747,
        4.8273678618142375,
        4.835642353804603
    ],
    "akt-akash-network": [
        4.481977654445782,
        4.468791841308839,
        4.471329089778881
    ],
    "neo-neo": [
        14.892825049058706,
        14.887365775092956,
        14.932549077001886
    ],
    "egld-elrond": [
        39.160627054434435,
        39.16881533052189,
        39.07911531149423
    ],
    "ron-ronin-token": [
        3.1030592282176297,
        3.0995103862211018,
        3.1048147316472074
    ],
    "sand-the-sandbox": [
        0.4731683094613249,
        0.47208515922452116,
        0.4716208135522034
    ],
    "wbnb-wrapped-bnb": [
        706.0254749215269,
        707.3768735679128,
        706.6143802028104
    ],
    "rbn-ribbon-finance": [
        0.9885661800071454,
        0.9879724354960426,
        0.980782160787907
    ],
    "ordi-ordinals": [
        57.35967397025006,
        57.29508098603726,
        57.62759831582451
    ],
    "mina-mina-protocol": [
        0.8421377335348419,
        0.8470059384949519,
        0.8445298127187587
    ],
    "kcs-kucoin-token": [
        10.337133001394529,
        10.340906282007724,
        10.354601636538096
    ],
    "pendle-pendle": [
        5.944713936708483,
        5.956153534483729,
        5.957588427840059
    ],
    "xtz-tezos": [
        0.937866020397747,
        0.9406968606530365,
        0.9391207331715652
    ],
    "sei-sei": [
        0.5116076259863271,
        0.5126174656704885,
        0.511727265825496
    ],
    "xec-ecash": [
        4.685353729126343e-05,
        4.691454328947019e-05,
        4.693983462787597e-05
    ],
    "msol-marinade-staked-sol": [
        203.1977354175798,
        203.14847347696926,
        202.70168105264983
    ],
    "cfx-conflux-network": [
        0.23105948920675878,
        0.23058103477895378,
        0.23157410983964172
    ],
    "matic-network": [
        0.727982,
        0.727982,
        0.72802
    ],
    "pepe": [
        1.448e-05,
        1.448e-05,
        1.446e-05
    ],
    "litecoin": [
        84.99,
        84.99,
        84.96
    ],
    "leo-token": [
        5.99,
        5.99,
        5.99
    ],
    "okb": [
        48.86703031648603,
        48.85631072901935,
        48.80098503979866
    ],
    "first-digital-usd": [
        1.000351242324642,
        1.000344161093525,
        1.0005565360901207
    ],
    "arweave": [
        41.963033324362804,
        41.99053968282436,
        41.932772159955746
    ],
    "optimism-ethereum": [
        2.4815258584058344,
        2.482510240421258,
        2.478440671107999
    ],
    "bittensor": [
        422.1188925606658,
        422.7329205028916,
        422.3516944534747
    ],