{
    "bitcoin": [
        70979,
        71056,
        70942
    ],
    "ethereum": [
        3788.76,
        3789.42,
        3789.18
    ],
    "tether": [
        1.0,
        1.0,
        0.999778
    ],
    "binancecoin": [
        704.75,
        705.91,
        705.11
    ],
    "solana": [
        173.15,
        173.53,
        173.87
    ],
    "staked-ether": [
        3787.69,
        3786.04,
        3788.25
    ],
    "usd-coin": [
        1.0,
        1.001,
        0.999677
    ],
    "ripple": [
        0.52535,
        0.525624,
        0.525008
    ],
    "dogecoin": [
        0.162632,
        0.162763,
        0.162552
    ],
    "the-open-network": [
        7.46,
        7.5,
        7.41
    ],
    "cardano": [
        0.461444,
        0.462167,
        0.461666
    ],
    "shiba-inu": [
        2.569e-05,
        2.573e-05,
        2.571e-05
    ],
    "avalanche-2": [
        36.19,
        36.26,
        36.25
    ],
    "wrapped-bitcoin": [
        71008,
        70951,
        70946
    ],
    "chainlink": [
        17.89,
        17.95,
        17.96
    ],
    "tron": [
        0.114269,
        0.114431,
        0.114356
    ],
    "polkadot": [
        7.2,
        7.22,
        7.22
    ],
    "bitcoin-cash": [
        482.27,
        483.84,
        482.72
    ],
    "near": [
        7.57,
        7.59,
        7.58
    ],
    "uniswap": [
        11.21,
        11.26,
        11.21
    ],
    "internet-computer": [
        12.43,
        12.46,
        12.47
    ],
    "unus-sed-leo": [
        5.923810812706364,
        5.924793027850309
    ],
    "multi-collateral-dai": [
        1.0001541775823066,
        1.000069113199768
    ],
    "ethereum-classic": [
        28.245398257432665,
        28.209715278628575,
        28.280479846943802
    ],
    "aptos": [
        9.19855728076137,
        9.238334326759713,
        9.237208596914869
    ],
    "render": [
        10.541099716576467,
        10.558806831143038,
        10.567256805389647
    ],
    "hedera": [
        0.1027842589523537,
        0.10297601401192294,
        0.10305169117223095
    ],
    "kaspa": [
        0.1769345744544421,
        0.17784615939093498,
        0.17773964256311248
    ],
    "dogwifhat": [
        3.459447069006359,
        3.4798047648977355,
        3.487738172743943
    ],
    "cosmos": [
        8.52761550816227,
        8.534705444201453,
        8.530914410546895
    ],
    "immutable-x": [
        2.3276116121236177,
        2.3295481188918203,
        2.32506357594651
    ],
    "filecoin": [
        5.996116278048868,
        6.00875260346524,
        6.013356254715541
    ],
    "arbitrum": [
        1.1137164238762534,
        1.1156157595185174,
        1.1164511902358716
    ],
    "mantle": [
        0.966952005732232,
        0.9692650277625671,
        0.9693801467756423
    ],
    "stellar": [
        0.10658430589039042,
        0.10661191700851137,
        0.1067295059206404
    ],
    "cronos": [
        0.11213573174616005,
        0.11258438402002256,
        0.11289071444436707
    ],
    "monero": [
        160.88857534891287,
        160.9993651236776,
        160.91906021692557
    ],
    "stacks": [
        2.2280898250741195,
        2.2448675376042293,
        2.248715700847338
    ],
    "the-graph": [
        0.2995052103599463,
        0.29983706045092123,
        0.2997762203246607
    ],
    "bttc-bittorrent-chain": [
        1.16165806711407e-06,
        1.16317970186684e-06,
        1.16500302434914e-06
    ],
    "cheelee-cheelee": [
        20.843824850634302,
        20.835013115084735,
        20.859941103429446
    ],
    "VET": [
        0.0342648619606039,
        0.0341757644980644
    ],
    "STX": [
        1.96018090681332,
        1.94312681136669
    ],
    "FLR": [
        0.0280572218861115,
        0.0280389009629798
    ],
    "XMR": [
        155.295737980525,
        155.188147347795
    ],
    "SAGA": [
        2.827609212773917,
        2.81039661314113
    ],
    "AR": [
        43.18042703963509,
        42.9957677008812
    ],
    "ZETA": [
        1.34315063641458,
        1.33600332024875
    ],
    "BGB": [
        1.3705,
        1.3705
    ],
    "FLOKI": [
        0.00026691,
        0.00026701,
        0.00025869
    ],
    "ENS": [
        24.9101161640644,
        24.9373341907134,
        24.9690210373445
    ],
    "PIXEL": [
        0.48897,
        0.48725,
        0.4888
    ],
    "FTM": [
        0.81494311061099,
        0.810825200275531,
        0.810846650526059
    ],
    "INJ": [
        25.8086457389147,
        25.7996455630143,
        25.9201593958232
    ],
    "MKR": [
        2618.19713759826,
        2621.10444575862,
        2615.17302339551
    ],
    "ARKM": [
        2.4701,
        2.4832,
        2.4884
    ],
    "RUNE": [
        6.24844739593791,
        6.30174193376398,
        6.25681918759905
    ],
    "FET": [
        2.18630282502541,
        2.18448180958285,
        2.17118450147656
    ],
    "qnt-quant": [
        90.76923122951027,
        90.96077176218205,
        90.88647582076264
    ],
    "wld-worldcoin": [
        4.8260178863513,
        4.840374961474491,
        4.840697613483235
    ],
    "akt-akash-network": [
        4.442602732656957,
        4.441243802397004,
        4.474355889348618
    ],
    "neo-neo": [
        15.107270547168552,
        15.09999070173935,
        15.122200670277534
    ],
    "egld-elrond": [
        39.458072502992756,
        39.47060974200586,
        39.55602701120172
    ],
    "ron-ronin-token": [
        3.098517619391257,
        3.096350219538247,
        3.0979035178642715
    ],
    "sand-the-sandbox": [
        0.463767600107606,
        0.4644456307756994,
        0.46495496512181833
    ],
    "wbnb-wrapped-bnb": [
        704.4933560858196,
        705.7728152354042,
        705.1372188145767
    ],
    "rbn-ribbon-finance": [
        0.9885661800071454,
        0.9879724354960426,
        0.980782160787907
    ],
    "ordi-ordinals": [
        55.12251349947348,
        54.8658907729433,
        55.27259119928262
    ],
    "mina-mina-protocol": [
        0.8572125339697484,
        0.8604312416384061,
        0.8598728784216357
    ],
    "kcs-kucoin-token": [
        10.087645453581722,
        10.10228641107325,
        10.095597645917737
    ],
    "pendle-pendle": [
        6.078609642387459,
        6.093432360991373,
        6.104313872846411
    ],
    "xtz-tezos": [
        0.9539018604977881,
        0.953589528110889,
        0.9519471503311504
    ],
    "sei-sei": [
        0.5234522025500384,
        0.5240539416968015,
        0.5241404201734217
    ],
    "xec-ecash": [
        4.727994368858625e-05,
        4.736867710248596e-05,
        4.744626719985768e-05
    ],
    "msol-marinade-staked-sol": [
        206.15904914863597,
        206.28574578878337,
        206.57981702147796
    ],
    "cfx-conflux-network": [
        0.2212985412578897,
        0.2216218147611572,
        0.2294484355944873
    ],
    "matic-network": [
        0.715918,
        0.717212,
        0.716764
    ],
    "pepe": [
        1.452e-05,
        1.459e-05,
        1.454e-05
    ],
    "litecoin": [
        83.84,
        83.87,
        83.83
    ],
    "leo-token": [
        5.96,
        5.96,
        5.95
    ],
    "okb": [
        49.12456103508574,
        49.125100390579746,
        49.075239695796114
    ],
    "first-digital-usd": [
        0.999978728985893,
        0.9997949350109854,
        1.0000354340567164
    ],
    "arweave": [
        46.14087582336034,
        46.172165096292254,
        46.19326283430911
    ],
    "optimism-ethereum": [
        2.4831612697708967,
        2.487116980034182,
        2.4921304418428107
    ],
    "bittensor": [
        406.6224310601816,
        406.61608172958864,
        404.72222685423134
    ],