{
    "bitcoin": [
        69031,
        68832,
        69139
    ],
    "ethereum": [
        3766.66,
        3759.93,
        3774.7
    ],
    "tether": [
        0.998065,
        0.999311,
        1.0
    ],
    "binancecoin": [
        620.95,
        619.82,
        621.66
    ],
    "solana": [
        163.92,
        163.81,
        164.57
    ],
    "staked-ether": [
        3765.25,
        3759.1,
        3770.73
    ],
    "usd-coin": [
        0.99987,
        0.9992,
        1.0
    ],
    "ripple": [
        0.518482,
        0.519352,
        0.520473
    ],
    "dogecoin": [
        0.159688,
        0.159584,
        0.160552
    ],
    "the-open-network": [
        6.62,
        6.62,
        6.64
    ],
    "cardano": [
        0.450107,
        0.449745,
        0.451509
    ],
    "shiba-inu": [
        2.464e-05,
        2.46e-05,
        2.466e-05
    ],
    "avalanche-2": [
        35.31,
        35.26,
        35.66
    ],
    "wrapped-bitcoin": [
        69039,
        68877,
        69077
    ],
    "chainlink": [
        17.68,
        17.65,
        17.67
    ],
    "tron": [
        0.11308,
        0.112966,
        0.113176
    ],
    "polkadot": [
        7.07,
        7.06,
        7.09
    ],
    "bitcoin-cash": [
        466.83,
        466.75,
        468.39
    ],
    "near": [
        7.25,
        7.26,
        7.29
    ],
    "uniswap": [
        9.55,
        9.54,
        9.59
    ],
    "internet-computer": [
        11.99,
        11.98,
        11.99
    ],
    "unus-sed-leo": [
        5.923810812706364,
        5.924793027850309
    ],
    "multi-collateral-dai": [
        1.0001541775823066,
        1.000069113199768
    ],
    "ethereum-classic": [
        29.24604814725347,
        29.20352121967086
    ],
    "aptos": [
        8.957809154909178,
        8.951752388164289,
        8.976812701596582
    ],
    "render": [
        9.997453715420065,
        9.98048681049006,
        10.005727309190197
    ],
    "hedera": [
        0.10170174064797881,
        0.10167715839770783,
        0.1020386143084057
    ],
    "kaspa": [
        0.15642203886283193,
        0.15627792709562383,
        0.15862247515831204
    ],
    "dogwifhat": [
        3.337660939096638,
        3.340240591110041,
        3.3498344490001157
    ],
    "cosmos": [
        8.382756952117532,
        8.37842423296919,
        8.398703370146334
    ],
    "immutable-x": [
        2.239314050878032,
        2.2415676708274983,
        2.2511175503775798
    ],
    "filecoin": [
        5.766134743606964,
        5.7640373222900125,
        5.79218742825302
    ],
    "arbitrum": [
        1.1144354290437306,
        1.1123877465809748,
        1.1160603249428307
    ],
    "mantle": [
        0.962696321870223,
        0.9644995959624036,
        0.967363723512804
    ],
    "stellar": [
        0.10587696078301743,
        0.10579428198627336,
        0.10610449082644548
    ],
    "cronos": [
        0.11029434006378223,
        0.11013134478271558,
        0.11018003664322248
    ],
    "monero": [
        153.9980650855956,
        154.07031573676556,
        154.311775467019
    ],
    "stacks": [
        1.894055354116938,
        1.8951847670553157,
        1.9018113589833023
    ],
    "the-graph": [
        0.2988422106580424,
        0.29809418697648554,
        0.29958189609207375
    ],
    "bttc-bittorrent-chain": [
        1.15563238011393e-06,
        1.15281307501045e-06,
        1.15225741530377e-06
    ],
    "cheelee-cheelee": [
        20.535107295266847,
        20.52251646638989,
        20.51261627434125
    ],
    "VET": [
        0.0342648619606039,
        0.0341757644980644
    ],
    "STX": [
        1.96018090681332,
        1.94312681136669
    ],
    "FLR": [
        0.0280572218861115,
        0.0280389009629798
    ],
    "XMR": [
        155.295737980525,
        155.188147347795
    ],
    "SAGA": [
        2.827609212773917,
        2.81039661314113
    ],
    "AR": [
        43.18042703963509,
        42.9957677008812
    ],
    "ZETA": [
        1.34315063641458,
        1.33600332024875
    ],
    "BGB": [
        1.3705,
        1.3705
    ],
    "FLOKI": [
        0.00027295,
        0.00027004
    ],
    "ENS": [
        25.3998888268289,
        25.3796368406428,
        25.2810429411176
    ],
    "PIXEL": [
        0.5048456534680248,
        0.5075035299704171,
        0.5091358288893804
    ],
    "FTM": [
        0.81494311061099,
        0.810825200275531,
        0.810846650526059
    ],
    "INJ": [
        25.4948089189,
        25.7628291130794,
        25.5160456891002
    ],
    "MKR": [
        2573.84693042326,
        2577.06761976562,
        2578.91571158594
    ],
    "ARKM": [
        2.4754,
        2.476,
        2.4711
    ],
    "RUNE": [
        5.95492805167342,
        5.95674517719386,
        5.97765543609006
    ],
    "FET": [
        2.15395837688081,
        2.15259886979696,
        2.14787559527796
    ],
    "qnt-quant": [
        91.10264888593949,
        91.10323685437693,
        91.40408025665081
    ],
    "wld-worldcoin": [
        4.708374527343001,
        4.697412972502791,
        4.719539094640641
    ],
    "akt-akash-network": [
        4.4661801676228166,
        4.476552079767186,
        4.47835338535889
    ],
    "neo-neo": [
        14.738472219494172,
        14.735479325140235,
        14.786722785640265
    ],
    "egld-elrond": [
        38.75202873312926,
        38.716619006352154,
        38.74176888149576
    ],
    "ron-ronin-token": [
        3.222180501070135,
        3.212407572886783,
        3.2215046119673887
    ],
    "sand-the-sandbox": [
        0.45393899144619676,
        0.45522735121944363,
        0.45618201587721957
    ],
    "wbnb-wrapped-bnb": [
        621.7280932431364,
        620.8179933887736,
        621.5484989996334
    ],
    "rbn-ribbon-finance": [
        0.985882825478032,
        0.984024286507284,
        0.9853387206453462
    ],
    "ordi-ordinals": [
        46.69555524703059,
        46.369324973391436,
        46.61835548540265
    ],
    "mina-mina-protocol": [
        0.867842127266493,
        0.8660330346886573,
        0.8693373373687013
    ],
    "kcs-kucoin-token": [
        10.058554030644222,
        10.052181336191415,
        10.064318164843563
    ],
    "pendle-pendle": [
        6.109448789386738,
        6.068857846294709,
        6.0713924544396125
    ],
    "xtz-tezos": [
        0.936199725251753,
        0.9328052260412714,
        0.9366862678708266
    ],
    "sei-sei": [
        0.506919260981379,
        0.5056433145869933,
        0.5085118018406776
    ],
    "xec-ecash": [
        4.6391066914114e-05,
        4.634274976344766e-05,
        4.671910652398748e-05
    ],
    "msol-marinade-staked-sol": [
        195.5214325528862,
        195.42401916947173,
        195.76937744537904
    ],
    "cfx-conflux-network": [
        0.22114790417735863,
        0.22170056948842756,
        0.22173932132677368
    ],
    "matic-network": [
        0.69933,
        0.698336,
        0.701081
    ],
    "pepe": [
        1.491e-05,
        1.485e-05,
        1.491e-05
    ],
    "litecoin": [
        83.02,
        82.96,
        83.19
    ],
    "leo-token": [
        5.94,
        5.94,
        5.95
    ],
    "okb": [
        46.64992038154216,
        46.63108658173569,
        46.77025207758851
    ],
    "first-digital-usd": [
        0.9999201360264303,
        0.9996044988089542,
        0.9996093599304645
    ],
    "arweave": [
        42.746369648958115,
        42.79158071354652,
        42.89464018591163
    ],
    "optimism-ethereum": [
        2.4056315330641835,
        2.402940285228962,
        2.4140549971330225
    ],
    "bittensor": [
        379.24665368460194,
        379.22722691546136,
        379.72145709370875
    ],
    "floki-inu": [
        0.00027130118274377367,
        0.0002702919422739349,
        0.00027293275006592027
    ],