{
    "bitcoin": [
        71087,
        71163,
        71024
    ],
    "ethereum": [
        3843.28,
        3844.8,
        3831.86
    ],
    "tether": [
        0.999212,
        1.0,
        0.999294
    ],
    "binancecoin": [
        703.61,
        705.48,
        708.59
    ],
    "solana": [
        172.74,
        172.81,
        172.65
    ],
    "staked-ether": [
        3839.5,
        3844.5,
        3830.28
    ],
    "usd-coin": [
        0.999632,
        1.0,
        0.999646
    ],
    "ripple": [
        0.525273,
        0.525951,
        0.525345
    ],
    "dogecoin": [
        0.163209,
        0.16311,
        0.162439
    ],
    "the-open-network": [
        7.29,
        7.28,
        7.3
    ],
    "cardano": [
        0.458393,
        0.458968,
        0.458497
    ],
    "shiba-inu": [
        2.576e-05,
        2.576e-05,
        2.559e-05
    ],
    "avalanche-2": [
        36.6,
        36.69,
        36.66
    ],
    "wrapped-bitcoin": [
        71189,
        71256,
        71172
    ],
    "chainlink": [
        17.32,
        17.36,
        17.33
    ],
    "tron": [
        0.11479,
        0.114975,
        0.114848
    ],
    "polkadot": [
        7.2,
        7.21,
        7.2
    ],
    "bitcoin-cash": [
        493.55,
        493.97,
        494.03
    ],
    "near": [
        7.49,
        7.51,
        7.49
    ],
    "uniswap": [
        10.7,
        10.73,
        10.76
    ],
    "internet-computer": [
        12.19,
        12.2,
        12.16
    ],
    "unus-sed-leo": [
        5.923810812706364,
        5.924793027850309
    ],
    "multi-collateral-dai": [
        1.0001541775823066,
        1.000069113199768
    ],
    "ethereum-classic": [
        29.387441989129655,
        29.460698955719895,
        29.423851669313404
    ],
    "aptos": [
        9.200642172651571,
        9.20480461166737,
        9.191901726090528
    ],
    "render": [
        10.630815959042062,
        10.621204962434096,
        10.612383193906556
    ],
    "hedera": [
        0.1029930285982099,
        0.10311785159746692,
        0.10288478919220564
    ],
    "kaspa": [
        0.17920703293465964,
        0.17988585805594115,
        0.17806833487800813
    ],
    "dogwifhat": [
        3.3581109375175444,
        3.3745324506888483,
        3.357000389006585
    ],
    "cosmos": [
        8.60477902313796,
        8.604146197002523,
        8.612551236880412
    ],
    "immutable-x": [
        2.2609069249324762,
        2.260691253087539,
        2.253473796678616
    ],
    "filecoin": [
        6.021416882496419,
        6.023098719414109,
        6.013866036518867
    ],
    "arbitrum": [
        1.1083283774306667,
        1.1077565235898068,
        1.105392245542462
    ],
    "mantle": [
        1.0350012827719302,
        1.0353034448716245,
        1.0298903596265208
    ],
    "stellar": [
        0.10629408339490694,
        0.1063029856272197,
        0.10614157021098548
    ],
    "cronos": [
        0.11522673317454689,
        0.11521452273936249,
        0.11491816556173273
    ],
    "monero": [
        163.36915197896724,
        163.47312363719607,
        163.28830370967978
    ],
    "stacks": [
        2.3625902441206947,
        2.3654319718776935,
        2.337827229572752
    ],
    "the-graph": [
        0.2974198162125963,
        0.2972130650699433,
        0.2958540743852689
    ],
    "bttc-bittorrent-chain": [
        1.16681243594845e-06,
        1.16680226229394e-06,
        1.16773781984722e-06
    ],
    "cheelee-cheelee": [
        21.008326881796084,
        20.945813733799298,
        20.921593658981692
    ],
    "VET": [
        0.0342648619606039,
        0.0341757644980644
    ],
    "STX": [
        1.96018090681332,
        1.94312681136669
    ],
    "FLR": [
        0.0280572218861115,
        0.0280389009629798
    ],
    "XMR": [
        155.295737980525,
        155.188147347795
    ],
    "SAGA": [
        2.827609212773917,
        2.81039661314113
    ],
    "AR": [
        43.18042703963509,
        42.9957677008812
    ],
    "ZETA": [
        1.34315063641458,
        1.33600332024875
    ],
    "BGB": [
        1.2061,
        1.2061,
        1.2061
    ],
    "FLOKI": [
        0.00026691,
        0.00026701,
        0.00025869
    ],
    "ENS": [
        24.9926987158583,
        25.0713621661917,
        24.8718056182777
    ],
    "PIXEL": [
        0.49247,
        0.49557,
        0.49377
    ],
    "FTM": [
        0.813122254494612,
        0.814017225342486,
        0.814975057682819
    ],
    "INJ": [
        25.8086457389147,
        25.7996455630143,
        25.9201593958232
    ],
    "MKR": [
        2678.60835986045,
        2679.19881558213,
        2678.61942081851
    ],
    "ARKM": [
        2.626743482716449,
        2.628414754078233,
        2.629537862114028
    ],
    "RUNE": [
        6.09902445464607,
        6.08567388932854,
        6.09092078051091
    ],
    "FET": [
        2.10116595231503,
        2.1031806429944,
        2.09461052863757
    ],
    "qnt-quant": [
        90.17219389684374,
        90.20708975185929,
        90.21208095835797
    ],
    "wld-worldcoin": [
        5.003789718637768,
        4.99464985379371,
        5.011450826439394
    ],
    "akt-akash-network": [
        4.536454224005518,
        4.553127890954448,
        4.558752760524312
    ],
    "neo-neo": [
        15.108797693980403,
        15.109223240730474,
        15.090370056103868
    ],
    "egld-elrond": [
        39.76577839228932,
        39.84304001068303,
        39.648257764382144
    ],
    "ron-ronin-token": [
        3.14946792818998,
        3.1373736985178735,
        3.1344344953935726
    ],
    "sand-the-sandbox": [
        0.46955910879997037,
        0.47039138863360075,
        0.4699913804240253
    ],
    "wbnb-wrapped-bnb": [
        705.2764153086225,
        704.5748254406517,
        707.9461565298212
    ],
    "rbn-ribbon-finance": [
        0.9885661800071454,
        0.9879724354960426,
        0.980782160787907
    ],
    "ordi-ordinals": [
        57.602148320832676,
        57.33593932947672,
        57.14291616349896
    ],
    "mina-mina-protocol": [
        0.8655976836536217,
        0.8654994439211555,
        0.8649128975289404
    ],
    "kcs-kucoin-token": [
        10.427364575189845,
        10.404310798952094,
        10.393989840542412
    ],
    "pendle-pendle": [
        5.962234434612006,
        5.971778910069088,
        5.956547740322735
    ],
    "xtz-tezos": [
        0.9435313355282117,
        0.9421811951791808,
        0.9424851936882156
    ],
    "sei-sei": [
        0.5204409383672626,
        0.5189698990285929,
        0.518298171423616
    ],
    "xec-ecash": [
        4.685353729126343e-05,
        4.691454328947019e-05,
        4.693983462787597e-05
    ],
    "msol-marinade-staked-sol": [
        206.13678674258384,
        206.17798084721844,
        205.9237402040186
    ],
    "cfx-conflux-network": [
        0.2320845389789547,
        0.23183510105939986,
        0.2297273729663098
    ],
    "matic-network": [
        0.723061,
        0.72385,
        0.721558
    ],
    "pepe": [
        1.47e-05,
        1.472e-05,
        1.463e-05
    ],
    "litecoin": [
        84.86,
        85.05,
        84.94
    ],
    "leo-token": [
        6.03,
        6.02,
        6.02
    ],
    "okb": [
        48.64622244960403,
        48.641365325145124,
        48.72789644267686
    ],
    "first-digital-usd": [
        1.000846886304017,
        1.0011392789795468,
        1.0013524930029705
    ],
    "arweave": [
        42.84229777352823,
        43.007679355047664,
        42.894228878818744
    ],
    "optimism-ethereum": [
        2.493952052725104,
        2.493492539710692,
        2.490496581500027
    ],
    "bittensor": [
        415.79560771886594,
        414.8925828492617,
        414.7177710046827
    ],