{
    "bitcoin": [
        69084,
        68995,
        68995
    ],
    "ethereum": [
        3768.93,
        3762.45,
        3762.45
    ],
    "tether": [
        0.999658,
        0.999645,
        0.999645
    ],
    "binancecoin": [
        631.48,
        631.78,
        631.78
    ],
    "solana": [
        166.29,
        165.78,
        165.78
    ],
    "staked-ether": [
        3767.79,
        3761.52,
        3761.52
    ],
    "usd-coin": [
        0.999896,
        0.999905,
        0.999905
    ],
    "ripple": [
        0.520446,
        0.519732,
        0.519732
    ],
    "dogecoin": [
        0.15839,
        0.158091,
        0.158091
    ],
    "the-open-network": [
        6.78,
        6.79,
        6.79
    ],
    "cardano": [
        0.458935,
        0.458122,
        0.458122
    ],
    "shiba-inu": [
        2.397e-05,
        2.393e-05,
        2.393e-05
    ],
    "avalanche-2": [
        34.88,
        34.85,
        34.85
    ],
    "wrapped-bitcoin": [
        69089,
        69029,
        69029
    ],
    "chainlink": [
        17.61,
        17.61,
        17.61
    ],
    "tron": [
        0.113166,
        0.113128,
        0.113128
    ],
    "polkadot": [
        7.01,
        7.02,
        7.02
    ],
    "bitcoin-cash": [
        461.99,
        461.56,
        461.56
    ],
    "near": [
        7.05,
        7.04,
        7.04
    ],
    "uniswap": [
        9.51,
        9.5,
        9.5
    ],
    "internet-computer": [
        12.12,
        12.12,
        12.12
    ],
    "unus-sed-leo": [
        5.923810812706364,
        5.924793027850309
    ],
    "multi-collateral-dai": [
        1.0001541775823066,
        1.000069113199768
    ],
    "ethereum-classic": [
        28.48921596473561,
        28.469731619908817,
        28.433408083009436
    ],
    "aptos": [
        8.928748527714205,
        8.928995477055926,
        8.928610455489094
    ],
    "render": [
        10.083096911754346,
        10.06724082989563,
        10.060376495942268
    ],
    "hedera": [
        0.10054956756653717,
        0.1005690077415318,
        0.10037370905400095
    ],
    "kaspa": [
        0.17450520403841968,
        0.17364624828234426,
        0.1735965398608257
    ],
    "dogwifhat": [
        3.2882649601931737,
        3.2871040895095582,
        3.2881796863504817
    ],
    "cosmos": [
        8.349755021811584,
        8.344420265643645,
        8.342003035321
    ],
    "immutable-x": [
        2.285258557718481,
        2.284442891679106,
        2.291306101389807
    ],
    "filecoin": [
        5.786503694339106,
        5.7846899938120595,
        5.786840178844929
    ],
    "arbitrum": [
        1.1021990751180473,
        1.1008816539025161,
        1.100972307597826
    ],
    "mantle": [
        0.9651814959597694,
        0.9638480111363311,
        0.9625259007869906
    ],
    "stellar": [
        0.10505929482764614,
        0.10489017226093832,
        0.10482888334179151
    ],
    "cronos": [
        0.10822607244120343,
        0.1087226431499333,
        0.10843980913088165
    ],
    "monero": [
        157.49495412245716,
        157.13326182923456,
        157.08348637586067
    ],
    "stacks": [
        1.9699138779950334,
        1.9787431848182209,
        1.9768317305604468
    ],
    "the-graph": [
        0.2943663167306621,
        0.2943360930914499,
        0.2942711669413068
    ],
    "bttc-bittorrent-chain": [
        1.13837976913168e-06,
        1.13883302044288e-06,
        1.13939742778458e-06
    ],
    "cheelee-cheelee": [
        20.418922843602342,
        20.476687874356212,
        20.48092731422063
    ],
    "VET": [
        0.0342648619606039,
        0.0341757644980644
    ],
    "STX": [
        1.96018090681332,
        1.94312681136669
    ],
    "FLR": [
        0.0280572218861115,
        0.0280389009629798
    ],
    "XMR": [
        155.295737980525,
        155.188147347795
    ],
    "SAGA": [
        2.827609212773917,
        2.81039661314113
    ],
    "AR": [
        43.18042703963509,
        42.9957677008812
    ],
    "ZETA": [
        1.34315063641458,
        1.33600332024875
    ],
    "BGB": [
        1.3705,
        1.3705
    ],
    "FLOKI": [
        0.00027004,
        0.00026691,
        0.00026701
    ],
    "ENS": [
        25.0404974279488,
        25.0590585036423,
        25.0202167743617
    ],
    "PIXEL": [
        0.5075035299704171,
        0.5091358288893804,
        0.5094
    ],
    "FTM": [
        0.81494311061099,
        0.810825200275531,
        0.810846650526059
    ],
    "INJ": [
        24.9957190233235,
        24.9975413519559,
        24.9880415892694
    ],
    "MKR": [
        2591.33333757779,
        2568.06953013984,
        2572.53851737616
    ],
    "ARKM": [
        2.470387051676381,
        2.4754,
        2.4711
    ],
    "RUNE": [
        6.01714502834655,
        6.01546493156076,
        6.01332510922099
    ],
    "FET": [
        2.12639375312497,
        2.12539667724468,
        2.12353072606227
    ],
    "qnt-quant": [
        90.81592660201574,
        90.77744694239196,
        90.84792347426067
    ],
    "wld-worldcoin": [
        4.812209130149341,
        4.80595751885228,
        4.804482290298469
    ],
    "akt-akash-network": [
        4.387394301752825,
        4.3812677543960294,
        4.387051962735095
    ],
    "neo-neo": [
        14.738163151991143,
        14.719744530645357,
        14.74066380442994
    ],
    "egld-elrond": [
        38.86694352041569,
        38.763053663535025,
        38.79711059034624
    ],
    "ron-ronin-token": [
        3.1435745480576096,
        3.1352740260604026,
        3.1479629403783846
    ],
    "sand-the-sandbox": [
        0.4515619191682838,
        0.45049493306228694,
        0.45093866743950195
    ],
    "wbnb-wrapped-bnb": [
        631.1491385877276,
        631.37625446323,
        631.9086938512036
    ],
    "rbn-ribbon-finance": [
        0.9919202142170717,
        0.9885661800071454,
        0.9879724354960426
    ],
    "ordi-ordinals": [
        47.58825617940617,
        47.654122457467274,
        47.484786996399976
    ],
    "mina-mina-protocol": [
        0.8590064389991517,
        0.8571243108251013,
        0.8606546550391276
    ],
    "kcs-kucoin-token": [
        10.069438365330438,
        10.065735526571627,
        10.056564804426051
    ],
    "pendle-pendle": [
        6.183677339979431,
        6.158523247844831,
        6.160032048608895
    ],
    "xtz-tezos": [
        0.9212670497845197,
        0.9198340462823459,
        0.9209308785005311
    ],
    "sei-sei": [
        0.5079126503482243,
        0.5082110452818859,
        0.5082246819205337
    ],
    "xec-ecash": [
        4.563161660777931e-05,
        4.564529804809064e-05,
        4.556106276672298e-05
    ],
    "msol-marinade-staked-sol": [
        197.73262226499241,
        197.43202015168376,
        197.47952248253736
    ],
    "cfx-conflux-network": [
        0.22080648864430563,
        0.22110803398761325,
        0.221016713611846
    ],
    "matic-network": [
        0.706006,
        0.704974,
        0.704974
    ],
    "pepe": [
        1.445e-05,
        1.439e-05,
        1.439e-05
    ],
    "litecoin": [
        82.1,
        82.03,
        82.03
    ],
    "leo-token": [
        6.0,
        6.0,
        6.0
    ],
    "okb": [
        47.007699366956516,
        46.99150735662621,
        46.99143031635178
    ],
    "first-digital-usd": [
        0.9993683482023581,
        0.9995291313682388,
        0.9995513791301691
    ],
    "arweave": [
        42.979907692838545,
        42.934894188410006,
        42.93201300751929
    ],
    "optimism-ethereum": [
        2.4104489050682676,
        2.4065001325109505,
        2.4085552009363806
    ],
    "bittensor": [
        380.07118124504524,
        380.4394499340383,
        379.7923690106649
    ],