{
    "bitcoin": [
        70847,
        70954,
        70838
    ],
    "ethereum": [
        3803.08,
        3809.82,
        3806.74
    ],
    "tether": [
        1.0,
        1.0,
        0.999949
    ],
    "binancecoin": [
        697.04,
        699.7,
        702.48
    ],
    "solana": [
        173.55,
        173.54,
        173.05
    ],
    "staked-ether": [
        3803.91,
        3809.06,
        3806.77
    ],
    "usd-coin": [
        0.999625,
        1.0,
        0.999971
    ],
    "ripple": [
        0.525153,
        0.526125,
        0.52615
    ],
    "dogecoin": [
        0.162929,
        0.163251,
        0.162722
    ],
    "the-open-network": [
        7.57,
        7.76,
        7.67
    ],
    "cardano": [
        0.461684,
        0.462839,
        0.462764
    ],
    "shiba-inu": [
        2.508e-05,
        2.533e-05,
        2.538e-05
    ],
    "avalanche-2": [
        36.25,
        36.31,
        36.19
    ],
    "wrapped-bitcoin": [
        70895,
        70982,
        70866
    ],
    "chainlink": [
        17.77,
        17.77,
        17.73
    ],
    "tron": [
        0.114493,
        0.114586,
        0.114541
    ],
    "polkadot": [
        7.2,
        7.21,
        7.22
    ],
    "bitcoin-cash": [
        478.76,
        480.08,
        479.96
    ],
    "near": [
        7.5,
        7.51,
        7.5
    ],
    "uniswap": [
        11.4,
        11.37,
        11.35
    ],
    "internet-computer": [
        12.36,
        12.4,
        12.37
    ],
    "unus-sed-leo": [
        5.923810812706364,
        5.924793027850309
    ],
    "multi-collateral-dai": [
        1.0001541775823066,
        1.000069113199768
    ],
    "ethereum-classic": [
        28.245398257432665,
        28.209715278628575,
        28.280479846943802
    ],
    "aptos": [
        9.190849591355365,
        9.203369399761364,
        9.20345548581501
    ],
    "render": [
        10.339785029251646,
        10.389012926675893,
        10.409508769144626
    ],
    "hedera": [
        0.1020814842124831,
        0.10238712389948168,
        0.10225540512862416
    ],
    "kaspa": [
        0.1786362926512832,
        0.17797058145239045,
        0.1799690192443544
    ],
    "dogwifhat": [
        3.5446808896496256,
        3.5600584583637036,
        3.5133336671045834
    ],
    "cosmos": [
        8.549604623625012,
        8.557436117945816,
        8.550138506572766
    ],
    "immutable-x": [
        2.315553550254955,
        2.317010290194943,
        2.3175071831496545
    ],
    "filecoin": [
        5.961947770521167,
        5.9886106792640525,
        5.979284289757709
    ],
    "arbitrum": [
        1.1154943254745926,
        1.1163990774566628,
        1.1154599109008434
    ],
    "mantle": [
        0.964294203690356,
        0.9660383959499841,
        0.9657665978734148
    ],
    "stellar": [
        0.10595991635723737,
        0.10612717922163901,
        0.10615506934898543
    ],
    "cronos": [
        0.11236233621221332,
        0.1125231537133547,
        0.11266013466105784
    ],
    "monero": [
        160.28509477768966,
        160.31049967122672,
        159.6212150264008
    ],
    "stacks": [
        2.1968082895307277,
        2.204490346528706,
        2.1917664526925726
    ],
    "the-graph": [
        0.29913002450244003,
        0.2992402159656324,
        0.29934153370460315
    ],
    "bttc-bittorrent-chain": [
        1.16391911733335e-06,
        1.16471589253651e-06,
        1.16393100789795e-06
    ],
    "cheelee-cheelee": [
        20.872779653094373,
        20.880813367263187,
        20.811814346578405
    ],
    "VET": [
        0.0342648619606039,
        0.0341757644980644
    ],
    "STX": [
        1.96018090681332,
        1.94312681136669
    ],
    "FLR": [
        0.0280572218861115,
        0.0280389009629798
    ],
    "XMR": [
        155.295737980525,
        155.188147347795
    ],
    "SAGA": [
        2.827609212773917,
        2.81039661314113
    ],
    "AR": [
        43.18042703963509,
        42.9957677008812
    ],
    "ZETA": [
        1.34315063641458,
        1.33600332024875
    ],
    "BGB": [
        1.3705,
        1.3705
    ],
    "FLOKI": [
        0.00026691,
        0.00026701,
        0.00025869
    ],
    "ENS": [
        24.9502151247194,
        24.991673603297,
        25.0076178623254
    ],
    "PIXEL": [
        0.4825445685555302,
        0.48394,
        0.48588
    ],
    "FTM": [
        0.81494311061099,
        0.810825200275531,
        0.810846650526059
    ],
    "INJ": [
        25.406855154521,
        25.4624710427404,
        25.3725735907198
    ],
    "MKR": [
        2618.19713759826,
        2621.10444575862,
        2615.17302339551
    ],
    "ARKM": [
        2.4701,
        2.4832,
        2.4884
    ],
    "RUNE": [
        6.196,
        6.24844739593791,
        6.30174193376398
    ],
    "FET": [
        2.15164458421447,
        2.15690771472437,
        2.16150998069111
    ],
    "qnt-quant": [
        91.07487423584435,
        91.28355640327203,
        90.90371960202278
    ],
    "wld-worldcoin": [
        4.819858811542072,
        4.817061834025703,
        4.8096700069696645
    ],
    "akt-akash-network": [
        4.475053547101532,
        4.4792651733334425,
        4.464947643625982
    ],
    "neo-neo": [
        15.061095100976965,
        15.051898418186052,
        15.041175893485695
    ],
    "egld-elrond": [
        39.42426279163744,
        39.46978519866587,
        39.4359169281574
    ],
    "ron-ronin-token": [
        3.090954319667305,
        3.1015243596008677,
        3.107023229166797
    ],
    "sand-the-sandbox": [
        0.4651890857666465,
        0.46545143765804553,
        0.46418232101978496
    ],
    "wbnb-wrapped-bnb": [
        697.2214131813707,
        700.1383330003563,
        700.4747543058324
    ],
    "rbn-ribbon-finance": [
        0.9885661800071454,
        0.9879724354960426,
        0.980782160787907
    ],
    "ordi-ordinals": [
        54.370803239676185,
        53.38958178128314,
        54.15184852588498
    ],
    "mina-mina-protocol": [
        0.8592875727328567,
        0.8598997439840094,
        0.8595941479945296
    ],
    "kcs-kucoin-token": [
        10.084429307806419,
        10.101861600731423,
        10.1000200209966
    ],
    "pendle-pendle": [
        6.068506927302382,
        6.088885666614026,
        6.074508725139891
    ],
    "xtz-tezos": [
        0.9526798258537131,
        0.9499244837807936,
        0.9498374394153355
    ],
    "sei-sei": [
        0.5232957224075091,
        0.5233971811707296,
        0.5211068675712475
    ],
    "xec-ecash": [
        4.695982768861962e-05,
        4.726097957023145e-05,
        4.722639292745233e-05
    ],
    "msol-marinade-staked-sol": [
        206.10597827583064,
        206.34613261302184,
        206.15652793303192
    ],
    "cfx-conflux-network": [
        0.2212836742468146,
        0.2212985412578897,
        0.2216218147611572
    ],
    "matic-network": [
        0.714893,
        0.71637,
        0.716633
    ],
    "pepe": [
        1.461e-05,
        1.463e-05,
        1.452e-05
    ],
    "litecoin": [
        83.58,
        83.8,
        83.83
    ],
    "leo-token": [
        5.95,
        5.96,
        5.96
    ],
    "okb": [
        49.45537442631155,
        49.37574379694897,
        49.23370057005759
    ],
    "first-digital-usd": [
        1.0003484006342518,
        1.0003242610895955,
        1.000328383522268
    ],
    "arweave": [
        45.06477260967271,
        45.21394379893907,
        45.62837527139563
    ],
    "optimism-ethereum": [
        2.4883189370838585,
        2.492793075054353,
        2.4903427326039487
    ],
    "bittensor": [
        399.816983560798,
        401.6285245998094,
        402.1386320875908
    ],