{
    "bitcoin": [
        69387,
        69415,
        69415
    ],
    "ethereum": [
        3691.67,
        3691.75,
        3691.75
    ],
    "tether": [
        0.999399,
        0.999624,
        0.999624
    ],
    "binancecoin": [
        691.59,
        691.92,
        691.92
    ],
    "solana": [
        162.1,
        162.2,
        162.2
    ],
    "staked-ether": [
        3691.71,
        3690.0,
        3690.0
    ],
    "usd-coin": [
        0.999815,
        1.0,
        1.0
    ],
    "ripple": [
        0.497762,
        0.498049,
        0.498049
    ],
    "dogecoin": [
        0.147534,
        0.147431,
        0.147431
    ],
    "the-open-network": [
        7.36,
        7.38,
        7.38
    ],
    "cardano": [
        0.441679,
        0.441797,
        0.441797
    ],
    "shiba-inu": [
        2.382e-05,
        2.381e-05,
        2.381e-05
    ],
    "avalanche-2": [
        33.32,
        33.29,
        33.29
    ],
    "wrapped-bitcoin": [
        69424,
        69551,
        69551
    ],
    "chainlink": [
        16.13,
        16.14,
        16.14
    ],
    "tron": [
        0.113523,
        0.113484,
        0.113484
    ],
    "polkadot": [
        6.56,
        6.56,
        6.56
    ],
    "bitcoin-cash": [
        480.1,
        479.0,
        479.0
    ],
    "near": [
        6.83,
        6.82,
        6.82
    ],
    "uniswap": [
        9.99,
        9.99,
        9.99
    ],
    "internet-computer": [
        11.54,
        11.55,
        11.55
    ],
    "unus-sed-leo": [
        5.923810812706364,
        5.924793027850309
    ],
    "multi-collateral-dai": [
        1.0001541775823066,
        1.000069113199768
    ],
    "ethereum-classic": [
        26.942870187838505,
        26.920929657360208,
        26.912286769238328
    ],
    "aptos": [
        8.455028677506567,
        8.439437414550005,
        8.44709744311425
    ],
    "render": [
        9.474794723948266,
        9.457197914347377,
        9.470978355302798
    ],
    "hedera": [
        0.09261329049038981,
        0.09257305069264093,
        0.09253786842316636
    ],
    "kaspa": [
        0.16615144393788409,
        0.1665473950442581,
        0.166636421832485
    ],
    "dogwifhat": [
        2.7933769253435954,
        2.791568143474628,
        2.7817989091284936
    ],
    "cosmos": [
        8.05598013148561,
        8.047903680894924,
        8.048896857035716
    ],
    "immutable-x": [
        2.06132042331249,
        2.0596168223392453,
        2.060731234576744
    ],
    "filecoin": [
        6.318866176503242,
        6.243137547972763,
        6.275680795688403
    ],
    "arbitrum": [
        0.9902013768440296,
        0.9896883641024873,
        0.9903594073005653
    ],
    "mantle": [
        0.952161216119727,
        0.9518701247025592,
        0.9522055257634185
    ],
    "stellar": [
        0.09911543971752654,
        0.09912852301500537,
        0.09916146817056594
    ],
    "cronos": [
        0.11417970079143823,
        0.11413434774152806,
        0.11434820026703817
    ],
    "monero": [
        163.53239323074192,
        163.34633385413255,
        163.4159528189154
    ],
    "stacks": [
        2.340312677631135,
        2.3422156741888562,
        2.350705817239542
    ],
    "the-graph": [
        0.26786867338204245,
        0.26763706545603244,
        0.26729926232825224
    ],
    "bttc-bittorrent-chain": [
        1.12294688746652e-06,
        1.12371596170997e-06,
        1.12173958506395e-06
    ],
    "cheelee-cheelee": [
        20.604238098818,
        20.633160582836712,
        20.67370289226879
    ],
    "VET": [
        0.0342648619606039,
        0.0341757644980644
    ],
    "STX": [
        1.96018090681332,
        1.94312681136669
    ],
    "FLR": [
        0.0280572218861115,
        0.0280389009629798
    ],
    "XMR": [
        155.295737980525,
        155.188147347795
    ],
    "SAGA": [
        2.827609212773917,
        2.81039661314113
    ],
    "AR": [
        43.18042703963509,
        42.9957677008812
    ],
    "ZETA": [
        1.11698886903034,
        1.1142736398709,
        1.12400151652205
    ],
    "BGB": [
        1.1906,
        1.1906,
        1.1906
    ],
    "FLOKI": [
        0.00026691,
        0.00026701,
        0.00025869
    ],
    "ENS": [
        22.0220475539001,
        22.0209137198837,
        22.0502378461117
    ],
    "PIXEL": [
        0.43271,
        0.43258,
        0.43271
    ],
    "FTM": [
        0.720111289182039,
        0.719360396913521,
        0.717562076180914
    ],
    "INJ": [
        25.8086457389147,
        25.7996455630143,
        25.9201593958232
    ],
    "MKR": [
        2594.894715936144,
        2596.414635467978,
        2594.250306521202
    ],
    "ARKM": [
        2.626743482716449,
        2.628414754078233,
        2.629537862114028
    ],
    "RUNE": [
        5.55783492851606,
        5.55186093635946,
        5.54755283751487
    ],
    "FET": [
        1.80887796385234,
        1.81122237323935,
        1.81063959624164
    ],
    "qnt-quant": [
        85.0059184898398,
        84.98616786519882,
        85.10053204015529
    ],
    "wld-worldcoin": [
        4.41863375686461,
        4.414974994383824,
        4.420575570821213
    ],
    "akt-akash-network": [
        4.173086575539795,
        4.1770267342868195,
        4.174896159953853
    ],
    "neo-neo": [
        13.82807839003983,
        13.853780929025783,
        13.864321051524263
    ],
    "egld-elrond": [
        35.754703730785835,
        35.72469811881504,
        35.76666088067556
    ],
    "ron-ronin-token": [
        2.9648248868003337,
        2.9637457081659724,
        2.9701078779764516
    ],
    "sand-the-sandbox": [
        0.4283219021459132,
        0.427258266125247,
        0.42839346520336463
    ],
    "wbnb-wrapped-bnb": [
        691.9339070391727,
        691.7698168180474,
        692.0612564991551
    ],
    "rbn-ribbon-finance": [
        0.9885661800071454,
        0.9879724354960426,
        0.980782160787907
    ],
    "ordi-ordinals": [
        59.171065765798524,
        59.2054871510235,
        59.33578375242714
    ],
    "mina-mina-protocol": [
        0.7860439356375691,
        0.7864668481240136,
        0.7866693879407212
    ],
    "kcs-kucoin-token": [
        10.231669698395585,
        10.229410838746901,
        10.225892487760369
    ],
    "pendle-pendle": [
        5.564095610824971,
        5.5592248509710664,
        5.556956512936377
    ],
    "xtz-tezos": [
        0.8649896641162482,
        0.8641082452697044,
        0.8631523718512703
    ],
    "sei-sei": [
        0.535023269638797,
        0.5363278355973654,
        0.537051852394915
    ],
    "xec-ecash": [
        4.326622946588316e-05,
        4.326627341152563e-05,
        4.320690795587897e-05
    ],
    "msol-marinade-staked-sol": [
        193.8470071031295,
        193.9366090219364,
        193.70863678679572
    ],
    "cfx-conflux-network": [
        0.2272375731725614,
        0.2272375731725614,
        0.22709059873310986
    ],
    "matic-network": [
        0.662109,
        0.661935,
        0.661935
    ],
    "pepe": [
        1.294e-05,
        1.293e-05,
        1.293e-05
    ],
    "litecoin": [
        79.82,
        79.95,
        79.95
    ],
    "leo-token": [
        5.97,
        5.96,
        5.96
    ],
    "okb": [
        48.04598594805956,
        48.08223208142555,
        48.0708855730667
    ],
    "first-digital-usd": [
        1.0004488223532795,
        1.0008862604526219,
        1.0008464953824094
    ],
    "arweave": [
        38.50831970115578,
        38.499059880683845,
        38.55722773573854
    ],
    "optimism-ethereum": [
        2.225398208097394,
        2.2201827402615204,
        2.2200967667279006
    ],
    "bittensor": [
        391.8199115008014,
        392.000364430246,
        391.45136686640706
    ],