{
    "bitcoin": [
        69450,
        69450,
        69514
    ],
    "ethereum": [
        3697.56,
        3697.56,
        3702.77
    ],
    "tether": [
        0.999788,
        0.999788,
        1.0
    ],
    "binancecoin": [
        693.5,
        693.5,
        693.79
    ],
    "solana": [
        163.44,
        163.44,
        163.42
    ],
    "staked-ether": [
        3696.53,
        3696.53,
        3698.62
    ],
    "usd-coin": [
        1.0,
        1.0,
        1.0
    ],
    "ripple": [
        0.500144,
        0.500144,
        0.500346
    ],
    "dogecoin": [
        0.148294,
        0.148294,
        0.148278
    ],
    "the-open-network": [
        7.39,
        7.39,
        7.38
    ],
    "cardano": [
        0.445123,
        0.445123,
        0.446137
    ],
    "shiba-inu": [
        2.405e-05,
        2.405e-05,
        2.398e-05
    ],
    "avalanche-2": [
        33.52,
        33.52,
        33.56
    ],
    "wrapped-bitcoin": [
        69473,
        69473,
        69552
    ],
    "chainlink": [
        16.32,
        16.32,
        16.34
    ],
    "tron": [
        0.112984,
        0.112984,
        0.113072
    ],
    "polkadot": [
        6.62,
        6.62,
        6.62
    ],
    "bitcoin-cash": [
        482.56,
        482.56,
        482.18
    ],
    "near": [
        6.88,
        6.88,
        6.88
    ],
    "uniswap": [
        10.0,
        10.0,
        10.0
    ],
    "internet-computer": [
        11.54,
        11.55,
        11.55
    ],
    "unus-sed-leo": [
        5.923810812706364,
        5.924793027850309
    ],
    "multi-collateral-dai": [
        1.0001541775823066,
        1.000069113199768
    ],
    "ethereum-classic": [
        27.057801755698467,
        27.099220532842264,
        27.116486493993968
    ],
    "aptos": [
        8.532836509533402,
        8.51893941862066,
        8.5285917357652
    ],
    "render": [
        9.574532385057818,
        9.551351910437504,
        9.562837432830525
    ],
    "hedera": [
        0.09359832085122166,
        0.09363862002853227,
        0.0935883512387603
    ],
    "kaspa": [
        0.16631866702057654,
        0.16653688521221333,
        0.16746696423790228
    ],
    "dogwifhat": [
        2.83687098708885,
        2.8332566614492705,
        2.836485749555292
    ],
    "cosmos": [
        8.026654447587399,
        8.046577528023123,
        8.07109983982542
    ],
    "immutable-x": [
        2.0865156301064576,
        2.0823580506858885,
        2.086534056249403
    ],
    "filecoin": [
        6.38130422424099,
        6.385666772954932,
        6.389262030110184
    ],
    "arbitrum": [
        0.9964371093899209,
        0.996687805909008,
        0.9974141304564864
    ],
    "mantle": [
        0.9530326303013683,
        0.9526742142109864,
        0.9540517928474859
    ],
    "stellar": [
        0.099626777616037,
        0.09966129871494138,
        0.09973243362786037
    ],
    "cronos": [
        0.11535873827332824,
        0.11534998959243772,
        0.11528225123718985
    ],
    "monero": [
        163.96684378678378,
        163.93645239571686,
        163.41200223157986
    ],
    "stacks": [
        2.3320249017997714,
        2.3389466521913653,
        2.3281465173473754
    ],
    "the-graph": [
        0.2715758836713265,
        0.2714660965633715,
        0.2715785632140814
    ],
    "bttc-bittorrent-chain": [
        1.12524561502339e-06,
        1.12331716321958e-06,
        1.12382036441557e-06
    ],
    "cheelee-cheelee": [
        20.742192795232317,
        20.691237990041035,
        20.667725392115404
    ],
    "VET": [
        0.0342648619606039,
        0.0341757644980644
    ],
    "STX": [
        1.96018090681332,
        1.94312681136669
    ],
    "FLR": [
        0.0280572218861115,
        0.0280389009629798
    ],
    "XMR": [
        155.295737980525,
        155.188147347795
    ],
    "SAGA": [
        2.827609212773917,
        2.81039661314113
    ],
    "AR": [
        43.18042703963509,
        42.9957677008812
    ],
    "ZETA": [
        1.11698886903034,
        1.1142736398709,
        1.12400151652205
    ],
    "BGB": [
        1.1906,
        1.1906,
        1.1906
    ],
    "FLOKI": [
        0.00026691,
        0.00026701,
        0.00025869
    ],
    "ENS": [
        22.3144242212515,
        22.3973204286427,
        22.3499440919777
    ],
    "PIXEL": [
        0.43674,
        0.43491,
        0.43554
    ],
    "FTM": [
        0.724411421712387,
        0.723118851830527,
        0.722619730053722
    ],
    "INJ": [
        25.8086457389147,
        25.7996455630143,
        25.9201593958232
    ],
    "MKR": [
        2594.894715936144,
        2596.414635467978,
        2594.250306521202
    ],
    "ARKM": [
        2.626743482716449,
        2.628414754078233,
        2.629537862114028
    ],
    "RUNE": [
        5.53000901006123,
        5.52970840257643,
        5.54302945788238
    ],
    "FET": [
        1.83492086839,
        1.83002822297321,
        1.83217517183163
    ],
    "qnt-quant": [
        85.3241071786776,
        85.33493861921504,
        85.37357465280053
    ],
    "wld-worldcoin": [
        4.444019965312752,
        4.454412787165659,
        4.4527321486550075
    ],
    "akt-akash-network": [
        4.173028762234328,
        4.170045537355873,
        4.184188351400542
    ],
    "neo-neo": [
        14.029824344292749,
        14.06291891202873,
        14.038727399390384
    ],
    "egld-elrond": [
        35.92976846131817,
        35.9224878172366,
        35.94454792809242
    ],
    "ron-ronin-token": [
        2.981792451400321,
        2.9883224869701444,
        2.9853668713719217
    ],
    "sand-the-sandbox": [
        0.4322681263676404,
        0.43240140073343,
        0.43238150746770304
    ],
    "wbnb-wrapped-bnb": [
        691.9696759084067,
        693.1017466879997,
        692.6385541776017
    ],
    "rbn-ribbon-finance": [
        0.9885661800071454,
        0.9879724354960426,
        0.980782160787907
    ],
    "ordi-ordinals": [
        59.171065765798524,
        59.2054871510235,
        59.33578375242714
    ],
    "mina-mina-protocol": [
        0.797535974166188,
        0.797765435589315,
        0.7960499382044154
    ],
    "kcs-kucoin-token": [
        10.254685099410132,
        10.254629415098902,
        10.252438482230986
    ],
    "pendle-pendle": [
        5.566482619116106,
        5.564968067934558,
        5.583648437979132
    ],
    "xtz-tezos": [
        0.8719412322875809,
        0.869836249364818,
        0.8688796843738487
    ],
    "sei-sei": [
        0.5468108265363902,
        0.544139802088654,
        0.5465262652464289
    ],
    "xec-ecash": [
        4.329310132228427e-05,
        4.329219175745127e-05,
        4.327674418392889e-05
    ],
    "msol-marinade-staked-sol": [
        194.69681174127174,
        194.80760856603638,
        194.87250173881418
    ],
    "cfx-conflux-network": [
        0.2272375731725614,
        0.2272375731725614,
        0.22709059873310986
    ],
    "matic-network": [
        0.66697,
        0.66697,
        0.667415
    ],
    "pepe": [
        1.312e-05,
        1.312e-05,
        1.316e-05
    ],
    "litecoin": [
        80.1,
        80.1,
        80.06
    ],
    "leo-token": [
        6.01,
        6.01,
        6.01
    ],
    "okb": [
        48.053938506198364,
        48.07085400884874,
        48.066831535965235
    ],
    "first-digital-usd": [
        1.0008250004314672,
        1.0002962028471167,
        1.0005458990986968
    ],
    "arweave": [
        38.95571676631522,
        38.96271861649369,
        39.044930300822195
    ],
    "optimism-ethereum": [
        2.24280691479001,
        2.2482260912416554,
        2.2486940832072686
    ],
    "bittensor": [
        388.03771287493873,
        387.2152041755974,
        387.3106654066282
    ],