{
    "bitcoin": [
        70696,
        70730,
        70687
    ],
    "ethereum": [
        3796.32,
        3800.12,
        3801.77
    ],
    "tether": [
        0.999306,
        0.999695,
        0.999468
    ],
    "binancecoin": [
        703.63,
        707.02,
        708.38
    ],
    "solana": [
        170.13,
        170.21,
        170.27
    ],
    "staked-ether": [
        3795.97,
        3799.01,
        3801.17
    ],
    "usd-coin": [
        0.999469,
        1.0,
        0.99945
    ],
    "ripple": [
        0.520142,
        0.520431,
        0.520823
    ],
    "dogecoin": [
        0.160347,
        0.160395,
        0.160535
    ],
    "the-open-network": [
        7.36,
        7.37,
        7.4
    ],
    "cardano": [
        0.455363,
        0.455595,
        0.455915
    ],
    "shiba-inu": [
        2.528e-05,
        2.526e-05,
        2.524e-05
    ],
    "avalanche-2": [
        36.04,
        36.04,
        36.04
    ],
    "wrapped-bitcoin": [
        70845,
        70823,
        70861
    ],
    "chainlink": [
        17.36,
        17.39,
        17.37
    ],
    "tron": [
        0.114658,
        0.114585,
        0.114555
    ],
    "polkadot": [
        7.12,
        7.12,
        7.11
    ],
    "bitcoin-cash": [
        497.25,
        496.11,
        495.13
    ],
    "near": [
        7.31,
        7.29,
        7.3
    ],
    "uniswap": [
        10.6,
        10.6,
        10.61
    ],
    "internet-computer": [
        12.08,
        12.08,
        12.08
    ],
    "unus-sed-leo": [
        5.923810812706364,
        5.924793027850309
    ],
    "multi-collateral-dai": [
        1.0001541775823066,
        1.000069113199768
    ],
    "ethereum-classic": [
        29.387441989129655,
        29.460698955719895,
        29.423851669313404
    ],
    "aptos": [
        9.0871001825565,
        9.083389749925116,
        9.101661109911944
    ],
    "render": [
        10.409980162291614,
        10.412563262611094,
        10.4350567859725
    ],
    "hedera": [
        0.10159319812671411,
        0.1013925180174162,
        0.10146433802001222
    ],
    "kaspa": [
        0.17233966973734566,
        0.1724077555058785,
        0.1732148297791471
    ],
    "dogwifhat": [
        3.261679142612513,
        3.2503745653983507,
        3.253568863283197
    ],
    "cosmos": [
        8.600921585415913,
        8.591979917682123,
        8.601180239837253
    ],
    "immutable-x": [
        2.2112927255760484,
        2.2237929575645765,
        2.2323199856773686
    ],
    "filecoin": [
        5.928885150093599,
        5.923616717211148,
        5.927835332798894
    ],
    "arbitrum": [
        1.0886162148305991,
        1.087462970695875,
        1.0894448075227054
    ],
    "mantle": [
        1.036803821697225,
        1.0357859801289884,
        1.0372816472660817
    ],
    "stellar": [
        0.10516373279110915,
        0.10508721799798619,
        0.10540185023992327
    ],
    "cronos": [
        0.11253073014905421,
        0.11260089853662414,
        0.11329137098696786
    ],
    "monero": [
        164.93306091353972,
        165.12096777885597,
        165.12622007027593
    ],
    "stacks": [
        2.3227680325208833,
        2.316789746894025,
        2.305565415550055
    ],
    "the-graph": [
        0.2932070850199966,
        0.2932306187413536,
        0.2937819360468975
    ],
    "bttc-bittorrent-chain": [
        1.16262825607171e-06,
        1.16055987816664e-06,
        1.16126700514878e-06
    ],
    "cheelee-cheelee": [
        21.07536334126074,
        21.144023208356106,
        21.186603773211868
    ],
    "VET": [
        0.0342648619606039,
        0.0341757644980644
    ],
    "STX": [
        1.96018090681332,
        1.94312681136669
    ],
    "FLR": [
        0.0280572218861115,
        0.0280389009629798
    ],
    "XMR": [
        155.295737980525,
        155.188147347795
    ],
    "SAGA": [
        2.827609212773917,
        2.81039661314113
    ],
    "AR": [
        43.18042703963509,
        42.9957677008812
    ],
    "ZETA": [
        1.34315063641458,
        1.33600332024875
    ],
    "BGB": [
        1.21,
        1.2136,
        1.2136
    ],
    "FLOKI": [
        0.00026691,
        0.00026701,
        0.00025869
    ],
    "ENS": [
        24.0975655004851,
        24.0300438227287,
        24.078575519407
    ],
    "PIXEL": [
        0.49028,
        0.48936,
        0.48936
    ],
    "FTM": [
        0.803617033582706,
        0.802376584807796,
        0.802706082334807
    ],
    "INJ": [
        25.8086457389147,
        25.7996455630143,
        25.9201593958232
    ],
    "MKR": [
        2603.764646830637,
        2607.966977020812,
        2605.557480659932
    ],
    "ARKM": [
        2.626743482716449,
        2.628414754078233,
        2.629537862114028
    ],
    "RUNE": [
        6.01026964328134,
        6.00274091545983,
        6.02601825823278
    ],
    "FET": [
        2.04692880317717,
        2.04457065355062,
        2.03900405305898
    ],
    "qnt-quant": [
        89.13372395655473,
        89.19224029740732,
        89.39565648152639
    ],
    "wld-worldcoin": [
        4.822435062075421,
        4.811639513620221,
        4.820433368611414
    ],
    "akt-akash-network": [
        4.474857452066158,
        4.468129393224328,
        4.477021567586299
    ],
    "neo-neo": [
        14.88468853681578,
        14.866117456476431,
        14.90660348501206
    ],
    "egld-elrond": [
        38.94201123994472,
        38.8879785903284,
        38.89801367313695
    ],
    "ron-ronin-token": [
        3.0886295543726856,
        3.085957536675217,
        3.0857511673802915
    ],
    "sand-the-sandbox": [
        0.4706699185414987,
        0.46998609186816087,
        0.47225311416629245
    ],
    "wbnb-wrapped-bnb": [
        704.8109168875397,
        706.0915945285969,
        709.2338723471898
    ],
    "rbn-ribbon-finance": [
        0.9885661800071454,
        0.9879724354960426,
        0.980782160787907
    ],
    "ordi-ordinals": [
        57.53236935329396,
        57.46270687902526,
        57.4197334623955
    ],
    "mina-mina-protocol": [
        0.8428693075904964,
        0.8411467177532127,
        0.843821025691048
    ],
    "kcs-kucoin-token": [
        10.354547505085211,
        10.361830181819244,
        10.377860470316772
    ],
    "pendle-pendle": [
        5.965864001061488,
        5.9512218464953754,
        5.961663849916266
    ],
    "xtz-tezos": [
        0.9388110382647855,
        0.9387054984647943,
        0.9410392174885783
    ],
    "sei-sei": [
        0.5120220767409871,
        0.5115967219590993,
        0.5102479075094462
    ],
    "xec-ecash": [
        4.685353729126343e-05,
        4.691454328947019e-05,
        4.693983462787597e-05
    ],
    "msol-marinade-staked-sol": [
        202.93607424987576,
        202.65389271761308,
        203.030877930318
    ],
    "cfx-conflux-network": [
        0.2309353516811811,
        0.23012789007738269,
        0.23068396491546161
    ],
    "matic-network": [
        0.726032,
        0.728106,
        0.729638
    ],
    "pepe": [
        1.441e-05,
        1.437e-05,
        1.435e-05
    ],
    "litecoin": [
        84.59,
        84.44,
        84.34
    ],
    "leo-token": [
        5.99,
        5.99,
        5.99
    ],
    "okb": [
        48.717200159188856,
        48.69856690475042,
        48.73132436310106
    ],
    "first-digital-usd": [
        1.0009461323081819,
        1.0010556416543877,
        1.0010917329833717
    ],
    "arweave": [
        41.87934402031472,
        41.90237218080689,
        41.934617880938085
    ],
    "optimism-ethereum": [
        2.474300615860842,
        2.47210915245211,
        2.476972232346306
    ],
    "bittensor": [
        425.82287549532754,
        425.05334932412035,
        425.06155557480014
    ],