{
    "bitcoin": [
        71004,
        70970,
        70970
    ],
    "ethereum": [
        3811.21,
        3808.13,
        3808.13
    ],
    "tether": [
        0.999716,
        0.999379,
        0.999379
    ],
    "binancecoin": [
        699.62,
        699.38,
        699.38
    ],
    "solana": [
        173.59,
        173.54,
        173.54
    ],
    "staked-ether": [
        3809.57,
        3806.7,
        3806.7
    ],
    "usd-coin": [
        0.999921,
        0.999763,
        0.999763
    ],
    "ripple": [
        0.527304,
        0.526928,
        0.526928
    ],
    "dogecoin": [
        0.162618,
        0.162849,
        0.162849
    ],
    "the-open-network": [
        7.23,
        7.23,
        7.23
    ],
    "cardano": [
        0.459187,
        0.459142,
        0.459142
    ],
    "shiba-inu": [
        2.582e-05,
        2.59e-05,
        2.59e-05
    ],
    "avalanche-2": [
        36.26,
        36.24,
        36.24
    ],
    "wrapped-bitcoin": [
        70918,
        70923,
        70923
    ],
    "chainlink": [
        17.79,
        17.8,
        17.8
    ],
    "tron": [
        0.114162,
        0.114121,
        0.114121
    ],
    "polkadot": [
        7.2,
        7.2,
        7.2
    ],
    "bitcoin-cash": [
        478.88,
        478.93,
        478.93
    ],
    "near": [
        7.52,
        7.51,
        7.51
    ],
    "uniswap": [
        11.12,
        11.18,
        11.18
    ],
    "internet-computer": [
        12.32,
        12.34,
        12.34
    ],
    "unus-sed-leo": [
        5.923810812706364,
        5.924793027850309
    ],
    "multi-collateral-dai": [
        1.0001541775823066,
        1.000069113199768
    ],
    "ethereum-classic": [
        29.522670624570246,
        29.509396220288984,
        29.442286990402334
    ],
    "aptos": [
        9.26315362560941,
        9.259837746539207,
        9.233204677640636
    ],
    "render": [
        10.454881030886733,
        10.438355702904001,
        10.394271706351702
    ],
    "hedera": [
        0.10314496221902392,
        0.10318491910638278,
        0.10286591150019962
    ],
    "kaspa": [
        0.18249765270131532,
        0.18197967368124957,
        0.18220137460192434
    ],
    "dogwifhat": [
        3.4416585167022196,
        3.43470683365723,
        3.4029502572057333
    ],
    "cosmos": [
        8.561930828973225,
        8.569755735469217,
        8.559016017948723
    ],
    "immutable-x": [
        2.3026499291013147,
        2.2988657373179557,
        2.2904272317224126
    ],
    "filecoin": [
        6.009378894126831,
        6.005827376930535,
        5.993347683582706
    ],
    "arbitrum": [
        1.1136409525587532,
        1.1125053212323126,
        1.1074501094189344
    ],
    "mantle": [
        0.9785641702971007,
        0.979393142177205,
        0.9779265181130262
    ],
    "stellar": [
        0.1066395919717093,
        0.10657247199684353,
        0.10643763269399743
    ],
    "cronos": [
        0.1175108947624516,
        0.11841556752016122,
        0.11767210296305519
    ],
    "monero": [
        163.0541775022051,
        163.00819370334807,
        163.17661759626662
    ],
    "stacks": [
        2.2587665872771905,
        2.25856201537436,
        2.2585573119366957
    ],
    "the-graph": [
        0.30080434794052785,
        0.30038875975438284,
        0.2996256438377319
    ],
    "bttc-bittorrent-chain": [
        1.15632972793728e-06,
        1.15674830390529e-06,
        1.1584954948708e-06
    ],
    "cheelee-cheelee": [
        21.152431462701312,
        21.119999876887043,
        21.1755608453959
    ],
    "VET": [
        0.0342648619606039,
        0.0341757644980644
    ],
    "STX": [
        1.96018090681332,
        1.94312681136669
    ],
    "FLR": [
        0.0280572218861115,
        0.0280389009629798
    ],
    "XMR": [
        155.295737980525,
        155.188147347795
    ],
    "SAGA": [
        2.827609212773917,
        2.81039661314113
    ],
    "AR": [
        43.18042703963509,
        42.9957677008812
    ],
    "ZETA": [
        1.34315063641458,
        1.33600332024875
    ],
    "BGB": [
        1.3705,
        1.3705
    ],
    "FLOKI": [
        0.00026691,
        0.00026701,
        0.00025869
    ],
    "ENS": [
        24.9372952578416,
        24.8033002180992,
        24.6411709047365
    ],
    "PIXEL": [
        0.49596,
        0.4964,
        0.49386
    ],
    "FTM": [
        0.81494311061099,
        0.810825200275531,
        0.810846650526059
    ],
    "INJ": [
        25.8086457389147,
        25.7996455630143,
        25.9201593958232
    ],
    "MKR": [
        2658.89260369574,
        2655.56278151193,
        2646.61559260119
    ],
    "ARKM": [
        2.4701,
        2.4832,
        2.4884
    ],
    "RUNE": [
        6.24993690993758,
        6.24995345624184,
        6.24993789301255
    ],
    "FET": [
        2.16847229997815,
        2.16067951535518,
        2.15341480791256
    ],
    "qnt-quant": [
        90.23504931563974,
        90.16781266150521,
        90.24499515318801
    ],
    "wld-worldcoin": [
        4.880713572063857,
        4.903329551567425,
        4.909919568738278
    ],
    "akt-akash-network": [
        4.478714569318822,
        4.498058240211253,
        4.5068455824946065
    ],
    "neo-neo": [
        15.175125222221393,
        15.168192033750461,
        15.169814345152432
    ],
    "egld-elrond": [
        39.57502637549506,
        39.584943551908054,
        39.51140973412239
    ],
    "ron-ronin-token": [
        3.1375505222775493,
        3.1350346981467654,
        3.1333969419114784
    ],
    "sand-the-sandbox": [
        0.46653891930835484,
        0.4665252230306452,
        0.46615834621994484
    ],
    "wbnb-wrapped-bnb": [
        699.4668035188859,
        700.5017867587362,
        699.1120574233253
    ],
    "rbn-ribbon-finance": [
        0.9885661800071454,
        0.9879724354960426,
        0.980782160787907
    ],
    "ordi-ordinals": [
        57.11325654197055,
        56.97549508666591,
        56.59683764474944
    ],
    "mina-mina-protocol": [
        0.8686493481488278,
        0.8708156227109428,
        0.8673294641540097
    ],
    "kcs-kucoin-token": [
        10.08798344788702,
        10.091374549703499,
        10.108523555192463
    ],
    "pendle-pendle": [
        6.087598762801022,
        6.082371841801241,
        6.060574689397671
    ],
    "xtz-tezos": [
        0.9520325551874269,
        0.9522762158449903,
        0.9509865246335014
    ],
    "sei-sei": [
        0.5227161183167061,
        0.5219143772964272,
        0.5203086479891044
    ],
    "xec-ecash": [
        4.720758172483598e-05,
        4.719469039764559e-05,
        4.711730749112629e-05
    ],
    "msol-marinade-staked-sol": [
        206.9483834529241,
        206.91715663135403,
        206.56843419054317
    ],
    "cfx-conflux-network": [
        0.2212985412578897,
        0.2216218147611572,
        0.2294484355944873
    ],
    "matic-network": [
        0.711636,
        0.711731,
        0.711731
    ],
    "pepe": [
        1.44e-05,
        1.443e-05,
        1.443e-05
    ],
    "litecoin": [
        83.84,
        83.82,
        83.82
    ],
    "leo-token": [
        5.93,
        5.94,
        5.94
    ],
    "okb": [
        48.979798409026465,
        48.99657255964602,
        48.952146252714414
    ],
    "first-digital-usd": [
        0.9999707443598084,
        0.9995441970187599,
        0.9995536838273047
    ],
    "arweave": [
        44.36226629526971,
        44.302211640049556,
        44.340940496885246
    ],
    "optimism-ethereum": [
        2.5104037850615946,
        2.5091065969466118,
        2.4951872541620763
    ],
    "bittensor": [
        410.52014007806514,
        409.38649464705185,
        407.17183879109217
    ],