{
    "bitcoin": [
        68857,
        68889,
        68889
    ],
    "ethereum": [
        3758.67,
        3760.74,
        3760.74
    ],
    "tether": [
        0.99877,
        0.999657,
        0.999657
    ],
    "binancecoin": [
        629.85,
        629.36,
        629.36
    ],
    "solana": [
        165.13,
        165.29,
        165.29
    ],
    "staked-ether": [
        3758.44,
        3758.1,
        3758.1
    ],
    "usd-coin": [
        1.0,
        1.0,
        1.0
    ],
    "ripple": [
        0.519341,
        0.519333,
        0.519333
    ],
    "dogecoin": [
        0.157622,
        0.157659,
        0.157659
    ],
    "the-open-network": [
        6.77,
        6.76,
        6.76
    ],
    "cardano": [
        0.456236,
        0.456166,
        0.456166
    ],
    "shiba-inu": [
        2.384e-05,
        2.383e-05,
        2.383e-05
    ],
    "avalanche-2": [
        34.72,
        34.78,
        34.78
    ],
    "wrapped-bitcoin": [
        68890,
        68967,
        68967
    ],
    "chainlink": [
        17.61,
        17.62,
        17.62
    ],
    "tron": [
        0.11324,
        0.113199,
        0.113199
    ],
    "polkadot": [
        7.0,
        7.0,
        7.0
    ],
    "bitcoin-cash": [
        460.93,
        461.03,
        461.03
    ],
    "near": [
        7.03,
        7.04,
        7.04
    ],
    "uniswap": [
        9.48,
        9.46,
        9.46
    ],
    "internet-computer": [
        12.13,
        12.12,
        12.12
    ],
    "unus-sed-leo": [
        5.923810812706364,
        5.924793027850309
    ],
    "multi-collateral-dai": [
        1.0001541775823066,
        1.000069113199768
    ],
    "ethereum-classic": [
        28.48921596473561,
        28.469731619908817,
        28.433408083009436
    ],
    "aptos": [
        8.880976477933777,
        8.860410402109993,
        8.880302612664424
    ],
    "render": [
        10.063752900719955,
        10.080593536764216,
        10.098951864011394
    ],
    "hedera": [
        0.09998217048562118,
        0.10005401662799167,
        0.1001991595260508
    ],
    "kaspa": [
        0.1722707273761889,
        0.17438392560931243,
        0.17445060432233953
    ],
    "dogwifhat": [
        3.2505983476946003,
        3.2643460868524223,
        3.2951835160119622
    ],
    "cosmos": [
        8.321329813247154,
        8.322852820995214,
        8.334092918533772
    ],
    "immutable-x": [
        2.2683055770328986,
        2.267980047540506,
        2.2758755216726976
    ],
    "filecoin": [
        5.764351758055649,
        5.773300130014214,
        5.78593733198522
    ],
    "arbitrum": [
        1.0953892672330237,
        1.0959990044759198,
        1.097260062501674
    ],
    "mantle": [
        0.9597476718803962,
        0.9578196563136429,
        0.9579995276816828
    ],
    "stellar": [
        0.10461631800440091,
        0.10457702958685747,
        0.10465347978215264
    ],
    "cronos": [
        0.10770155941563718,
        0.10770525314639207,
        0.10785611038062244
    ],
    "monero": [
        156.53422139409815,
        156.90463476919163,
        156.80823940005496
    ],
    "stacks": [
        1.9516052043192078,
        1.954356475431704,
        1.963681740251393
    ],
    "the-graph": [
        0.2933289067655514,
        0.29253361932505106,
        0.2930448573116014
    ],
    "bttc-bittorrent-chain": [
        1.13494840424463e-06,
        1.13108411994409e-06,
        1.1306006523114e-06
    ],
    "cheelee-cheelee": [
        20.51246513925871,
        20.457318622881,
        20.385649356614344
    ],
    "VET": [
        0.0342648619606039,
        0.0341757644980644
    ],
    "STX": [
        1.96018090681332,
        1.94312681136669
    ],
    "FLR": [
        0.0280572218861115,
        0.0280389009629798
    ],
    "XMR": [
        155.295737980525,
        155.188147347795
    ],
    "SAGA": [
        2.827609212773917,
        2.81039661314113
    ],
    "AR": [
        43.18042703963509,
        42.9957677008812
    ],
    "ZETA": [
        1.34315063641458,
        1.33600332024875
    ],
    "BGB": [
        1.3705,
        1.3705
    ],
    "FLOKI": [
        0.00027004,
        0.00026691,
        0.00026701
    ],
    "ENS": [
        25.0590585036423,
        25.0202167743617,
        24.9501287177725
    ],
    "PIXEL": [
        0.5075035299704171,
        0.5091358288893804,
        0.5094
    ],
    "FTM": [
        0.81494311061099,
        0.810825200275531,
        0.810846650526059
    ],
    "INJ": [
        24.9880415892694,
        24.9093314844729,
        25.0524542017678
    ],
    "MKR": [
        2591.33333757779,
        2568.06953013984,
        2572.53851737616
    ],
    "ARKM": [
        2.4549,
        2.4617,
        2.4612
    ],
    "RUNE": [
        5.98108039775146,
        5.99099481800894,
        5.98930715886528
    ],
    "FET": [
        2.11274210448303,
        2.11722246439567,
        2.12069083281816
    ],
    "qnt-quant": [
        90.65822167391198,
        90.62580813369989,
        91.00182553482843
    ],
    "wld-worldcoin": [
        4.773333563091821,
        4.760531113451836,
        4.766490451186966
    ],
    "akt-akash-network": [
        4.376519484694998,
        4.3692273443663625,
        4.372052935971684
    ],
    "neo-neo": [
        14.671460853031753,
        14.683705159964413,
        14.67499694375668
    ],
    "egld-elrond": [
        38.59889333613991,
        38.63692406003979,
        38.70388303309371
    ],
    "ron-ronin-token": [
        3.136370449687182,
        3.138403511627214,
        3.1385479845086413
    ],
    "sand-the-sandbox": [
        0.44726090436829524,
        0.448752497905501,
        0.449735854411642
    ],
    "wbnb-wrapped-bnb": [
        630.4185276438302,
        630.0372267592215,
        629.8961942398021
    ],
    "rbn-ribbon-finance": [
        0.9885661800071454,
        0.9879724354960426,
        0.980782160787907
    ],
    "ordi-ordinals": [
        47.26356034106721,
        47.36025695467891,
        48.135438978973646
    ],
    "mina-mina-protocol": [
        0.8605680703563117,
        0.8609346722304791,
        0.8620948574003985
    ],
    "kcs-kucoin-token": [
        10.05491495582817,
        10.053740453708512,
        10.044842555258498
    ],
    "pendle-pendle": [
        6.125549515512598,
        6.161997172967417,
        6.188542444864868
    ],
    "xtz-tezos": [
        0.9160915481177587,
        0.9151857277642333,
        0.9155212577995409
    ],
    "sei-sei": [
        0.5088514544576948,
        0.5063192031080078,
        0.5095989787681906
    ],
    "xec-ecash": [
        4.54843460346445e-05,
        4.560426258116304e-05,
        4.549193360965149e-05
    ],
    "msol-marinade-staked-sol": [
        196.64662665081613,
        196.9155606967241,
        197.01587156941613
    ],
    "cfx-conflux-network": [
        0.21979719337357356,
        0.21930616864458521,
        0.21932917653640202
    ],
    "matic-network": [
        0.702629,
        0.702499,
        0.702499
    ],
    "pepe": [
        1.425e-05,
        1.435e-05,
        1.435e-05
    ],
    "litecoin": [
        81.94,
        81.97,
        81.97
    ],
    "leo-token": [
        6.04,
        6.03,
        6.03
    ],
    "okb": [
        47.02341699280634,
        47.057569618630666,
        46.980113749157425
    ],
    "first-digital-usd": [
        1.000174620356919,
        0.9995536247797264,
        0.9996941477379766
    ],
    "arweave": [
        42.570919858168,
        42.59688568546282,
        42.608338246231284
    ],
    "optimism-ethereum": [
        2.3991527798495436,
        2.4069505753979996,
        2.409834217244627
    ],
    "bittensor": [
        378.8659514268384,
        378.8787013000188,
        380.1585909752242
    ],