{
    "bitcoin": [
        71056,
        70942,
        70967
    ],
    "ethereum": [
        3789.42,
        3789.18,
        3797.45
    ],
    "tether": [
        1.0,
        0.999778,
        1.0
    ],
    "binancecoin": [
        705.91,
        705.11,
        704.95
    ],
    "solana": [
        173.53,
        173.87,
        173.66
    ],
    "staked-ether": [
        3786.04,
        3788.25,
        3797.63
    ],
    "usd-coin": [
        1.001,
        0.999677,
        1.0
    ],
    "ripple": [
        0.525624,
        0.525008,
        0.526296
    ],
    "dogecoin": [
        0.162763,
        0.162552,
        0.162692
    ],
    "the-open-network": [
        7.5,
        7.41,
        7.38
    ],
    "cardano": [
        0.462167,
        0.461666,
        0.463076
    ],
    "shiba-inu": [
        2.573e-05,
        2.571e-05,
        2.567e-05
    ],
    "avalanche-2": [
        36.26,
        36.25,
        36.4
    ],
    "wrapped-bitcoin": [
        70951,
        70946,
        71040
    ],
    "chainlink": [
        17.95,
        17.96,
        18.01
    ],
    "tron": [
        0.114431,
        0.114356,
        0.114337
    ],
    "polkadot": [
        7.22,
        7.22,
        7.27
    ],
    "bitcoin-cash": [
        483.84,
        482.72,
        484.14
    ],
    "near": [
        7.59,
        7.58,
        7.61
    ],
    "uniswap": [
        11.26,
        11.21,
        11.25
    ],
    "internet-computer": [
        12.46,
        12.47,
        12.53
    ],
    "unus-sed-leo": [
        5.923810812706364,
        5.924793027850309
    ],
    "multi-collateral-dai": [
        1.0001541775823066,
        1.000069113199768
    ],
    "ethereum-classic": [
        28.245398257432665,
        28.209715278628575,
        28.280479846943802
    ],
    "aptos": [
        9.238334326759713,
        9.237208596914869,
        9.28387072960559
    ],
    "render": [
        10.558806831143038,
        10.567256805389647,
        10.609529976965804
    ],
    "hedera": [
        0.10297601401192294,
        0.10305169117223095,
        0.10350980358265721
    ],
    "kaspa": [
        0.17784615939093498,
        0.17773964256311248,
        0.17912926520987302
    ],
    "dogwifhat": [
        3.4798047648977355,
        3.487738172743943,
        3.4858041905348753
    ],
    "cosmos": [
        8.534705444201453,
        8.530914410546895,
        8.561332288258198
    ],
    "immutable-x": [
        2.3295481188918203,
        2.32506357594651,
        2.3118201908668485
    ],
    "filecoin": [
        6.00875260346524,
        6.013356254715541,
        6.023690159706263
    ],
    "arbitrum": [
        1.1156157595185174,
        1.1164511902358716,
        1.1206930978871767
    ],
    "mantle": [
        0.9692650277625671,
        0.9693801467756423,
        0.9703090522044989
    ],
    "stellar": [
        0.10661191700851137,
        0.1067295059206404,
        0.10672811690889476
    ],
    "cronos": [
        0.11258438402002256,
        0.11289071444436707,
        0.11315454330088823
    ],
    "monero": [
        160.9993651236776,
        160.91906021692557,
        160.95318580812767
    ],
    "stacks": [
        2.2448675376042293,
        2.248715700847338,
        2.2486030672505994
    ],
    "the-graph": [
        0.29983706045092123,
        0.2997762203246607,
        0.3002844904168919
    ],
    "bttc-bittorrent-chain": [
        1.16317970186684e-06,
        1.16500302434914e-06,
        1.1665930000518e-06
    ],
    "cheelee-cheelee": [
        20.835013115084735,
        20.859941103429446,
        20.915679984689824
    ],
    "VET": [
        0.0342648619606039,
        0.0341757644980644
    ],
    "STX": [
        1.96018090681332,
        1.94312681136669
    ],
    "FLR": [
        0.0280572218861115,
        0.0280389009629798
    ],
    "XMR": [
        155.295737980525,
        155.188147347795
    ],
    "SAGA": [
        2.827609212773917,
        2.81039661314113
    ],
    "AR": [
        43.18042703963509,
        42.9957677008812
    ],
    "ZETA": [
        1.34315063641458,
        1.33600332024875
    ],
    "BGB": [
        1.3705,
        1.3705
    ],
    "FLOKI": [
        0.00026691,
        0.00026701,
        0.00025869
    ],
    "ENS": [
        24.9373341907134,
        24.9690210373445,
        25.0501726142027
    ],
    "PIXEL": [
        0.48725,
        0.4888,
        0.48854
    ],
    "FTM": [
        0.81494311061099,
        0.810825200275531,
        0.810846650526059
    ],
    "INJ": [
        25.8086457389147,
        25.7996455630143,
        25.9201593958232
    ],
    "MKR": [
        2621.10444575862,
        2615.17302339551,
        2655.69223081047
    ],
    "ARKM": [
        2.4701,
        2.4832,
        2.4884
    ],
    "RUNE": [
        6.24844739593791,
        6.30174193376398,
        6.25681918759905
    ],
    "FET": [
        2.18448180958285,
        2.17118450147656,
        2.17764508922625
    ],
    "qnt-quant": [
        90.96077176218205,
        90.88647582076264,
        91.00681659527896
    ],
    "wld-worldcoin": [
        4.840374961474491,
        4.840697613483235,
        4.8518084464235605
    ],
    "akt-akash-network": [
        4.441243802397004,
        4.474355889348618,
        4.478694393731603
    ],
    "neo-neo": [
        15.09999070173935,
        15.122200670277534,
        15.198118504446134
    ],
    "egld-elrond": [
        39.47060974200586,
        39.55602701120172,
        39.487653177099844
    ],
    "ron-ronin-token": [
        3.096350219538247,
        3.0979035178642715,
        3.1098936002859108
    ],
    "sand-the-sandbox": [
        0.4644456307756994,
        0.46495496512181833,
        0.4664295630554479
    ],
    "wbnb-wrapped-bnb": [
        705.7728152354042,
        705.1372188145767,
        704.0976662643449
    ],
    "rbn-ribbon-finance": [
        0.9885661800071454,
        0.9879724354960426,
        0.980782160787907
    ],
    "ordi-ordinals": [
        54.8658907729433,
        55.27259119928262,
        55.371914556019064
    ],
    "mina-mina-protocol": [
        0.8604312416384061,
        0.8598728784216357,
        0.8576191769950772
    ],
    "kcs-kucoin-token": [
        10.10228641107325,
        10.095597645917737,
        10.134189526080657
    ],
    "pendle-pendle": [
        6.093432360991373,
        6.104313872846411,
        6.133634300298804
    ],
    "xtz-tezos": [
        0.953589528110889,
        0.9519471503311504,
        0.9534955174922717
    ],
    "sei-sei": [
        0.5240539416968015,
        0.5241404201734217,
        0.5239596309891349
    ],
    "xec-ecash": [
        4.736867710248596e-05,
        4.744626719985768e-05,
        4.746343196437004e-05
    ],
    "msol-marinade-staked-sol": [
        206.28574578878337,
        206.57981702147796,
        206.28294368990862
    ],
    "cfx-conflux-network": [
        0.2212985412578897,
        0.2216218147611572,
        0.2294484355944873
    ],
    "matic-network": [
        0.717212,
        0.716764,
        0.720978
    ],
    "pepe": [
        1.459e-05,
        1.454e-05,
        1.453e-05
    ],
    "litecoin": [
        83.87,
        83.83,
        83.95
    ],
    "leo-token": [
        5.96,
        5.95,
        5.94
    ],
    "okb": [
        49.125100390579746,
        49.075239695796114,
        49.435433337834255
    ],
    "first-digital-usd": [
        0.9997949350109854,
        1.0000354340567164,
        1.0000391663825905
    ],
    "arweave": [
        46.172165096292254,
        46.19326283430911,
        45.73466785394244
    ],
    "optimism-ethereum": [
        2.487116980034182,
        2.4921304418428107,
        2.513708942063044
    ],
    "bittensor": [
        406.61608172958864,
        404.72222685423134,
        405.4334064687524
    ],