{
    "bitcoin": [
        70881,
        70977,
        70977
    ],
    "ethereum": [
        3828.22,
        3828.89,
        3828.89
    ],
    "tether": [
        0.998942,
        0.999719,
        0.999719
    ],
    "binancecoin": [
        704.24,
        706.07,
        706.07
    ],
    "solana": [
        171.47,
        171.6,
        171.6
    ],
    "staked-ether": [
        3828.86,
        3827.09,
        3827.09
    ],
    "usd-coin": [
        0.998907,
        0.999968,
        0.999968
    ],
    "ripple": [
        0.523527,
        0.523298,
        0.523298
    ],
    "dogecoin": [
        0.1611,
        0.161125,
        0.161125
    ],
    "the-open-network": [
        7.39,
        7.41,
        7.41
    ],
    "cardano": [
        0.457175,
        0.457838,
        0.457838
    ],
    "shiba-inu": [
        2.54e-05,
        2.543e-05,
        2.543e-05
    ],
    "avalanche-2": [
        36.5,
        36.51,
        36.51
    ],
    "wrapped-bitcoin": [
        71026,
        71031,
        71031
    ],
    "chainlink": [
        17.31,
        17.34,
        17.34
    ],
    "tron": [
        0.114764,
        0.114784,
        0.114784
    ],
    "polkadot": [
        7.19,
        7.21,
        7.21
    ],
    "bitcoin-cash": [
        494.42,
        495.4,
        495.4
    ],
    "near": [
        7.4,
        7.4,
        7.4
    ],
    "uniswap": [
        10.65,
        10.65,
        10.65
    ],
    "internet-computer": [
        12.06,
        12.08,
        12.08
    ],
    "unus-sed-leo": [
        5.923810812706364,
        5.924793027850309
    ],
    "multi-collateral-dai": [
        1.0001541775823066,
        1.000069113199768
    ],
    "ethereum-classic": [
        29.387441989129655,
        29.460698955719895,
        29.423851669313404
    ],
    "aptos": [
        9.169882453325865,
        9.167863250175612,
        9.1535502107311
    ],
    "render": [
        10.601375792216007,
        10.601935486917307,
        10.597084103241556
    ],
    "hedera": [
        0.10219898601955238,
        0.10219409895518915,
        0.10214176317976556
    ],
    "kaspa": [
        0.17591922679825314,
        0.17551135402038165,
        0.17522046710210007
    ],
    "dogwifhat": [
        3.307883600334664,
        3.311580895710295,
        3.313812562728331
    ],
    "cosmos": [
        8.736267725609537,
        8.743440636486216,
        8.737160162645173
    ],
    "immutable-x": [
        2.22524351581957,
        2.226724987175139,
        2.226431810678582
    ],
    "filecoin": [
        5.969720914762107,
        5.973733822338068,
        5.972842438654307
    ],
    "arbitrum": [
        1.098753147259021,
        1.098830695834025,
        1.0995186025934611
    ],
    "mantle": [
        1.0462724082602364,
        1.0489435615491542,
        1.0494867696124814
    ],
    "stellar": [
        0.10615834195210085,
        0.10629492175465924,
        0.10631414497781255
    ],
    "cronos": [
        0.11488577060151176,
        0.11501633049087481,
        0.1148784741418229
    ],
    "monero": [
        163.12859646687977,
        163.39289944871587,
        163.57494157334773
    ],
    "stacks": [
        2.332456096800071,
        2.3250615533037933,
        2.326512626322882
    ],
    "the-graph": [
        0.2952731936761931,
        0.29518878746873584,
        0.2955136209262133
    ],
    "bttc-bittorrent-chain": [
        1.16658945841331e-06,
        1.16799897677989e-06,
        1.16567047864904e-06
    ],
    "cheelee-cheelee": [
        21.159477090855642,
        21.163027788504273,
        21.158823699250224
    ],
    "VET": [
        0.0342648619606039,
        0.0341757644980644
    ],
    "STX": [
        1.96018090681332,
        1.94312681136669
    ],
    "FLR": [
        0.0280572218861115,
        0.0280389009629798
    ],
    "XMR": [
        155.295737980525,
        155.188147347795
    ],
    "SAGA": [
        2.827609212773917,
        2.81039661314113
    ],
    "AR": [
        43.18042703963509,
        42.9957677008812
    ],
    "ZETA": [
        1.34315063641458,
        1.33600332024875
    ],
    "BGB": [
        1.2159,
        1.2159,
        1.2159
    ],
    "FLOKI": [
        0.00026691,
        0.00026701,
        0.00025869
    ],
    "ENS": [
        24.2278482401814,
        24.2389912721444,
        24.2299137479691
    ],
    "PIXEL": [
        0.503,
        0.50884,
        0.50967
    ],
    "FTM": [
        0.813122254494612,
        0.814017225342486,
        0.814975057682819
    ],
    "INJ": [
        25.8086457389147,
        25.7996455630143,
        25.9201593958232
    ],
    "MKR": [
        2679.19881558213,
        2678.61942081851,
        2620.616509040572
    ],
    "ARKM": [
        2.626743482716449,
        2.628414754078233,
        2.629537862114028
    ],
    "RUNE": [
        6.1101474722698,
        6.10851030338717,
        6.10646578992503
    ],
    "FET": [
        2.07861526420275,
        2.0826030742632,
        2.08074363541864
    ],
    "qnt-quant": [
        90.40663566540609,
        90.19261144395432,
        90.18674935380099
    ],
    "wld-worldcoin": [
        4.860539100024595,
        4.862007794073431,
        4.862786996339583
    ],
    "akt-akash-network": [
        4.5341254260462405,
        4.539452477612536,
        4.528224999393754
    ],
    "neo-neo": [
        15.186052858085123,
        15.166053432324887,
        15.156599431604295
    ],
    "egld-elrond": [
        39.62328242488665,
        39.50412175486103,
        39.53476352264854
    ],
    "ron-ronin-token": [
        3.1223465434226285,
        3.120940793250748,
        3.1165920909528886
    ],
    "sand-the-sandbox": [
        0.47936632444791805,
        0.47763624949231065,
        0.47774801165705305
    ],
    "wbnb-wrapped-bnb": [
        703.8588562440664,
        704.3927060200599,
        706.5816213486225
    ],
    "rbn-ribbon-finance": [
        0.9885661800071454,
        0.9879724354960426,
        0.980782160787907
    ],
    "ordi-ordinals": [
        58.048796513981024,
        58.24622608749561,
        58.259808347445734
    ],
    "mina-mina-protocol": [
        0.8551899837825949,
        0.8555533007745427,
        0.8543685556213705
    ],
    "kcs-kucoin-token": [
        10.41448330440444,
        10.416184477920908,
        10.414410403129544
    ],
    "pendle-pendle": [
        5.951285018363313,
        5.949561674400771,
        5.937782877675536
    ],
    "xtz-tezos": [
        0.9467061316531207,
        0.9441520260008118,
        0.9432382899129451
    ],
    "sei-sei": [
        0.519610916772574,
        0.5166952821048064,
        0.5179672134073394
    ],
    "xec-ecash": [
        4.685353729126343e-05,
        4.691454328947019e-05,
        4.693983462787597e-05
    ],
    "msol-marinade-staked-sol": [
        204.37307667755647,
        204.4269952280408,
        204.5417300650434
    ],
    "cfx-conflux-network": [
        0.2317294666760042,
        0.2323038787904199,
        0.23274463725576724
    ],
    "matic-network": [
        0.73244,
        0.732914,
        0.732914
    ],
    "pepe": [
        1.445e-05,
        1.446e-05,
        1.446e-05
    ],
    "litecoin": [
        85.28,
        85.37,
        85.37
    ],
    "leo-token": [
        6.03,
        6.02,
        6.02
    ],
    "okb": [
        48.81152292315804,
        48.94059195322088,
        48.91173018909683
    ],
    "first-digital-usd": [
        1.0010153184025035,
        1.0005545360571575,
        1.000636538426773
    ],
    "arweave": [
        42.36334531869395,
        42.29851056201593,
        42.21658904141423
    ],
    "optimism-ethereum": [
        2.4970486759998556,
        2.5007874363160063,
        2.5015110629123627
    ],
    "bittensor": [
        430.00295789155604,
        429.30649092437426,
        428.7588508682676
    ],