{
    "bitcoin": [
        68911,
        68911,
        69203
    ],
    "ethereum": [
        3662.34,
        3662.34,
        3673.68
    ],
    "tether": [
        0.998823,
        0.998823,
        0.9992
    ],
    "binancecoin": [
        671.52,
        671.52,
        677.08
    ],
    "solana": [
        159.8,
        159.8,
        160.99
    ],
    "staked-ether": [
        3661.6,
        3661.6,
        3672.34
    ],
    "usd-coin": [
        0.99897,
        0.99897,
        1.001
    ],
    "ripple": [
        0.479805,
        0.479805,
        0.486286
    ],
    "dogecoin": [
        0.14662,
        0.14662,
        0.147592
    ],
    "the-open-network": [
        7.11,
        7.11,
        7.25
    ],
    "cardano": [
        0.442913,
        0.442913,
        0.446773
    ],
    "shiba-inu": [
        2.279e-05,
        2.279e-05,
        2.301e-05
    ],
    "avalanche-2": [
        32.62,
        32.62,
        33.02
    ],
    "wrapped-bitcoin": [
        69058,
        69058,
        69187
    ],
    "chainlink": [
        16.05,
        16.05,
        16.19
    ],
    "tron": [
        0.112125,
        0.112125,
        0.112737
    ],
    "polkadot": [
        6.47,
        6.47,
        6.52
    ],
    "bitcoin-cash": [
        476.16,
        476.16,
        478.18
    ],
    "near": [
        6.57,
        6.57,
        6.65
    ],
    "uniswap": [
        9.74,
        9.74,
        9.79
    ],
    "internet-computer": [
        12.44,
        11.15,
        11.57
    ],
    "unus-sed-leo": [
        5.923810812706364,
        5.924793027850309
    ],
    "multi-collateral-dai": [
        1.0001541775823066,
        1.000069113199768
    ],
    "ethereum-classic": [
        29.423851669313404,
        26.536325960385252,
        26.626994294785703
    ],
    "aptos": [
        8.441885918306037,
        8.43795575958129,
        8.47880343322181
    ],
    "render": [
        9.062359396987956,
        9.265071567462094,
        9.349237254490749
    ],
    "hedera": [
        0.09092133861252837,
        0.09199057165074583,
        0.09302464020365728
    ],
    "kaspa": [
        0.1666806593490946,
        0.15405756059851308,
        0.16284230911645634
    ],
    "dogwifhat": [
        2.829223032974495,
        2.866055519563157,
        2.857793206036248
    ],
    "cosmos": [
        7.885510354644535,
        7.923833253357451,
        7.95671252490863
    ],
    "immutable-x": [
        2.0324806978181758,
        2.045048606738127,
        2.0663146865749953
    ],
    "filecoin": [
        6.00416374175669,
        6.021963972721426,
        6.046558106688283
    ],
    "arbitrum": [
        0.968160452678639,
        0.9692920706543727,
        0.9695275516863794
    ],
    "mantle": [
        0.9411511603052306,
        0.9436105702860234,
        0.9467471231433477
    ],
    "stellar": [
        0.09714915039044633,
        0.09825564569476887,
        0.09875102260291073
    ],
    "cronos": [
        0.11057578945560076,
        0.11028888194225658,
        0.1109738532741975
    ],
    "monero": [
        159.91384200783173,
        160.13468109068742,
        159.6200833791148
    ],
    "stacks": [
        2.178741398225969,
        2.189047161181888,
        2.1809068264586866
    ],
    "the-graph": [
        0.26417326946114195,
        0.26702468643108995,
        0.26828503046597685
    ],
    "bttc-bittorrent-chain": [
        1.12542397739673e-06,
        1.12675980030432e-06,
        1.12760001311564e-06
    ],
    "cheelee-cheelee": [
        20.7237856345811,
        20.685706700713197,
        20.636861910264287
    ],
    "VET": [
        0.0342648619606039,
        0.0341757644980644
    ],
    "STX": [
        1.96018090681332,
        1.94312681136669
    ],
    "FLR": [
        0.0280572218861115,
        0.0280389009629798
    ],
    "XMR": [
        155.295737980525,
        155.188147347795
    ],
    "SAGA": [
        2.827609212773917,
        2.81039661314113
    ],
    "AR": [
        43.18042703963509,
        42.9957677008812
    ],
    "ZETA": [
        1.10147441657475,
        1.1067923072109,
        1.10963144887022
    ],
    "BGB": [
        1.1906,
        1.1906,
        1.1906
    ],
    "FLOKI": [
        0.00026691,
        0.00026701,
        0.00025869
    ],
    "ENS": [
        21.8349736912641,
        21.7187712852296,
        21.702626518865
    ],
    "PIXEL": [
        0.41103,
        0.42808,
        0.429
    ],
    "FTM": [
        0.780122308864868,
        0.703012113391802,
        0.712502118514626
    ],
    "INJ": [
        25.8086457389147,
        25.7996455630143,
        25.9201593958232
    ],
    "MKR": [
        2594.894715936144,
        2596.414635467978,
        2594.250306521202
    ],
    "ARKM": [
        2.626743482716449,
        2.628414754078233,
        2.629537862114028
    ],
    "RUNE": [
        6.19039315563686,
        6.05302447771022,
        5.39033886607727
    ],
    "FET": [
        1.82148468701416,
        1.81254931597217,
        1.81655946245714
    ],
    "qnt-quant": [
        83.21898347017414,
        84.55052503973234,
        85.23968020476305
    ],
    "wld-worldcoin": [
        4.30048236279317,
        4.349207361070353,
        4.349207361070353
    ],
    "akt-akash-network": [
        4.177972422927526,
        4.194736971810463,
        4.200282262980046
    ],
    "neo-neo": [
        13.568677445654902,
        13.506064060246887,
        13.593190699579468
    ],
    "egld-elrond": [
        35.50563075306017,
        35.64909465463783,
        35.77550950082779
    ],
    "ron-ronin-token": [
        2.8741423063995097,
        2.8730749708606713,
        2.883720815362539
    ],
    "sand-the-sandbox": [
        0.4258795648221447,
        0.4280335720047548,
        0.42855644831386697
    ],
    "wbnb-wrapped-bnb": [
        674.916465720805,
        675.3519731592202,
        676.3112114728116
    ],
    "rbn-ribbon-finance": [
        0.9885661800071454,
        0.9879724354960426,
        0.980782160787907
    ],
    "ordi-ordinals": [
        62.09291343912357,
        62.099473141626135,
        62.26669803898842
    ],
    "mina-mina-protocol": [
        0.7898737855493129,
        0.7931127670892082,
        0.7960892632268259
    ],
    "kcs-kucoin-token": [
        10.293778109135113,
        10.267253936812214,
        10.246137973934415
    ],
    "pendle-pendle": [
        5.920309844791598,
        5.9140184541053245,
        5.911927372558721
    ],
    "xtz-tezos": [
        0.8558611442463716,
        0.8616539812964417,
        0.8662314239457437
    ],
    "sei-sei": [
        0.5049126458431553,
        0.5050943478182768,
        0.5078625643886215
    ],
    "xec-ecash": [
        4.26556861196071e-05,
        4.284414654544513e-05,
        4.280113403732863e-05
    ],
    "msol-marinade-staked-sol": [
        191.44773692760197,
        192.00527474440636,
        192.07462505717766
    ],
    "cfx-conflux-network": [
        0.2272375731725614,
        0.2272375731725614,
        0.22709059873310986
    ],
    "matic-network": [
        0.655114,
        0.655114,
        0.661453
    ],
    "pepe": [
        1.376e-05,
        1.376e-05,
        1.376e-05
    ],
    "litecoin": [
        78.03,
        78.03,
        78.95
    ],
    "leo-token": [
        6.02,
        6.02,
        6.03
    ],
    "okb": [
        47.69588538435094,
        47.78212026268159,
        47.812554499709556
    ],
    "first-digital-usd": [
        0.9993793998798267,
        0.9994812692608736,
        1.0002333051871608
    ],
    "arweave": [
        37.932224278958756,
        38.472910975995816,
        38.77315614544577
    ],
    "optimism-ethereum": [
        2.2145268249009082,
        2.2223058720312667,
        2.2246545657427124
    ],
    "bittensor": [
        379.4124940129912,
        382.3030987936626,
        382.6532226968553
    ],