{
    "bitcoin": [
        69041,
        69048,
        69048
    ],
    "ethereum": [
        3774.82,
        3770.39,
        3770.39
    ],
    "tether": [
        0.999756,
        0.999551,
        0.999551
    ],
    "binancecoin": [
        629.54,
        628.91,
        628.91
    ],
    "solana": [
        165.5,
        165.35,
        165.35
    ],
    "staked-ether": [
        3771.68,
        3770.07,
        3770.07
    ],
    "usd-coin": [
        0.999758,
        0.999976,
        0.999976
    ],
    "ripple": [
        0.523133,
        0.522463,
        0.522463
    ],
    "dogecoin": [
        0.158187,
        0.158151,
        0.158151
    ],
    "the-open-network": [
        6.8,
        6.8,
        6.8
    ],
    "cardano": [
        0.456023,
        0.454978,
        0.454978
    ],
    "shiba-inu": [
        2.389e-05,
        2.387e-05,
        2.387e-05
    ],
    "avalanche-2": [
        34.87,
        34.85,
        34.85
    ],
    "wrapped-bitcoin": [
        69094,
        69084,
        69084
    ],
    "chainlink": [
        17.67,
        17.66,
        17.66
    ],
    "tron": [
        0.113325,
        0.113365,
        0.113365
    ],
    "polkadot": [
        7.02,
        7.0,
        7.0
    ],
    "bitcoin-cash": [
        467.9,
        468.23,
        468.23
    ],
    "near": [
        7.11,
        7.1,
        7.1
    ],
    "uniswap": [
        9.51,
        9.5,
        9.5
    ],
    "internet-computer": [
        12.12,
        12.1,
        12.1
    ],
    "unus-sed-leo": [
        5.923810812706364,
        5.924793027850309
    ],
    "multi-collateral-dai": [
        1.0001541775823066,
        1.000069113199768
    ],
    "ethereum-classic": [
        28.41667840420823,
        28.404603891029932,
        28.414907098991577
    ],
    "aptos": [
        8.888894247213443,
        8.876326897897709,
        8.864582287164
    ],
    "render": [
        10.123899583914456,
        10.117688970808675,
        10.11461640563525
    ],
    "hedera": [
        0.1011358458577206,
        0.10093200690629535,
        0.10087314201671217
    ],
    "kaspa": [
        0.1749001485040954,
        0.17564676986106906,
        0.17545327727692198
    ],
    "dogwifhat": [
        3.2557246055809377,
        3.252691541639633,
        3.2421094889201805
    ],
    "cosmos": [
        8.369814783650957,
        8.354645087500126,
        8.34907210557296
    ],
    "immutable-x": [
        2.2840826166548824,
        2.28120884444874,
        2.2825216018113776
    ],
    "filecoin": [
        5.789333235922576,
        5.7823128815572895,
        5.788724179125135
    ],
    "arbitrum": [
        1.095187884478395,
        1.0948657195168283,
        1.0936847442159823
    ],
    "mantle": [
        0.9598575118171225,
        0.9614967006188566,
        0.9638418842353416
    ],
    "stellar": [
        0.10498309598579449,
        0.10478637380421853,
        0.10468997278944789
    ],
    "cronos": [
        0.10652536044460413,
        0.10645834699089077,
        0.10643498624508349
    ],
    "monero": [
        155.9960179121252,
        156.08968339580653,
        156.1662437951172
    ],
    "stacks": [
        1.9929776715986622,
        1.9857532462788345,
        1.9808624401880208
    ],
    "the-graph": [
        0.2936542575673351,
        0.29354169297379323,
        0.2936597898521657
    ],
    "bttc-bittorrent-chain": [
        1.12935404652473e-06,
        1.13231920925377e-06,
        1.12879946726897e-06
    ],
    "cheelee-cheelee": [
        20.40998603802273,
        20.418306064054544,
        20.49651563877315
    ],
    "VET": [
        0.0342648619606039,
        0.0341757644980644
    ],
    "STX": [
        1.96018090681332,
        1.94312681136669
    ],
    "FLR": [
        0.0280572218861115,
        0.0280389009629798
    ],
    "XMR": [
        155.295737980525,
        155.188147347795
    ],
    "SAGA": [
        2.827609212773917,
        2.81039661314113
    ],
    "AR": [
        43.18042703963509,
        42.9957677008812
    ],
    "ZETA": [
        1.34315063641458,
        1.33600332024875
    ],
    "BGB": [
        1.3705,
        1.3705
    ],
    "FLOKI": [
        0.00026691,
        0.00026701,
        0.00025869
    ],
    "ENS": [
        25.0297481872787,
        24.9908601921309,
        24.9904117239027
    ],
    "PIXEL": [
        0.5075035299704171,
        0.5091358288893804,
        0.5094
    ],
    "FTM": [
        0.81494311061099,
        0.810825200275531,
        0.810846650526059
    ],
    "INJ": [
        24.7789399069881,
        24.7777848658383,
        24.7679108988117
    ],
    "MKR": [
        2572.53851737616,
        2576.69979805102,
        2579.92939086964
    ],
    "ARKM": [
        2.4697,
        2.4675,
        2.4591
    ],
    "RUNE": [
        6.01839676777602,
        6.01878585856271,
        6.01918521685328
    ],
    "FET": [
        2.12096339479727,
        2.11668847292815,
        2.11184401577861
    ],
    "qnt-quant": [
        91.44387774653757,
        91.25100760473771,
        91.23614340032432
    ],
    "wld-worldcoin": [
        4.759552353608531,
        4.748952515011696,
        4.735115312207525
    ],
    "akt-akash-network": [
        4.330224584480217,
        4.32479473933434,
        4.304954633087023
    ],
    "neo-neo": [
        14.786792772377083,
        14.76850803525324,
        14.776199806655514
    ],
    "egld-elrond": [
        38.86091523133385,
        38.921925047186754,
        38.906512499030576
    ],
    "ron-ronin-token": [
        3.135998334224305,
        3.129963743795392,
        3.138530083584927
    ],
    "sand-the-sandbox": [
        0.4526268841354553,
        0.4520033181130219,
        0.4506369195692947
    ],
    "wbnb-wrapped-bnb": [
        629.759905046732,
        629.592372996304,
        629.1271189308142
    ],
    "rbn-ribbon-finance": [
        0.9885661800071454,
        0.9879724354960426,
        0.980782160787907
    ],
    "ordi-ordinals": [
        47.80744501919685,
        47.87000840993404,
        47.503259894485275
    ],
    "mina-mina-protocol": [
        0.8549541229723298,
        0.8540911960728927,
        0.8536692480382403
    ],
    "kcs-kucoin-token": [
        10.054156334431074,
        10.071944859372975,
        10.061030716731798
    ],
    "pendle-pendle": [
        6.179167336821896,
        6.164925284934159,
        6.14666873344161
    ],
    "xtz-tezos": [
        0.9315934282482715,
        0.9301740384304955,
        0.9291551278732427
    ],
    "sei-sei": [
        0.5074028905347111,
        0.5062241011768124,
        0.505606048194349
    ],
    "xec-ecash": [
        4.566384526393692e-05,
        4.573697128393669e-05,
        4.557936021024433e-05
    ],
    "msol-marinade-staked-sol": [
        197.24892265757487,
        197.05123427898812,
        197.16249702217976
    ],
    "cfx-conflux-network": [
        0.21913992260872173,
        0.21893576329921596,
        0.21927155457432917
    ],
    "matic-network": [
        0.703455,
        0.703057,
        0.703057
    ],
    "pepe": [
        1.422e-05,
        1.421e-05,
        1.421e-05
    ],
    "litecoin": [
        82.08,
        81.91,
        81.91
    ],
    "leo-token": [
        6.03,
        6.02,
        6.02
    ],
    "okb": [
        46.971715395907545,
        46.93030097531729,
        46.94518297871371
    ],
    "first-digital-usd": [
        0.9994187630229643,
        0.9997600791378687,
        0.9995932436301875
    ],
    "arweave": [
        43.95702749680364,
        43.844273956378686,
        43.76765151685601
    ],
    "optimism-ethereum": [
        2.41934285822533,
        2.4180558316763294,
        2.4189087748536005
    ],
    "bittensor": [
        381.91595679727976,
        381.3382386444694,
        381.2237374009409
    ],