{
    "bitcoin": [
        70791,
        70791,
        71010
    ],
    "ethereum": [
        3799.33,
        3799.33,
        3804.07
    ],
    "tether": [
        1.0,
        1.0,
        1.001
    ],
    "binancecoin": [
        702.31,
        702.31,
        702.99
    ],
    "solana": [
        172.54,
        172.54,
        173.05
    ],
    "staked-ether": [
        3799.54,
        3799.54,
        3800.48
    ],
    "usd-coin": [
        1.0,
        1.0,
        1.0
    ],
    "ripple": [
        0.527364,
        0.527364,
        0.527967
    ],
    "dogecoin": [
        0.16243,
        0.16243,
        0.162829
    ],
    "the-open-network": [
        7.25,
        7.25,
        7.27
    ],
    "cardano": [
        0.460037,
        0.460037,
        0.460611
    ],
    "shiba-inu": [
        2.56e-05,
        2.56e-05,
        2.574e-05
    ],
    "avalanche-2": [
        36.05,
        36.05,
        36.11
    ],
    "wrapped-bitcoin": [
        70772,
        70772,
        70981
    ],
    "chainlink": [
        17.69,
        17.69,
        17.67
    ],
    "tron": [
        0.114313,
        0.114313,
        0.11441
    ],
    "polkadot": [
        7.2,
        7.2,
        7.21
    ],
    "bitcoin-cash": [
        480.14,
        480.14,
        480.75
    ],
    "near": [
        7.56,
        7.56,
        7.56
    ],
    "uniswap": [
        10.95,
        10.95,
        10.96
    ],
    "internet-computer": [
        12.31,
        12.31,
        12.29
    ],
    "unus-sed-leo": [
        5.923810812706364,
        5.924793027850309
    ],
    "multi-collateral-dai": [
        1.0001541775823066,
        1.000069113199768
    ],
    "ethereum-classic": [
        29.424230927875612,
        29.443569504236788,
        29.446400771256968
    ],
    "aptos": [
        9.254163707890575,
        9.26256061849279,
        9.261367266590494
    ],
    "render": [
        10.488937405736252,
        10.517761502394544,
        10.512278616442867
    ],
    "hedera": [
        0.10257959913784898,
        0.10265723430619172,
        0.10262096246942568
    ],
    "kaspa": [
        0.18249765270131532,
        0.18197967368124957,
        0.18220137460192434
    ],
    "dogwifhat": [
        3.3853606315709066,
        3.3986877306585335,
        3.4040880638840254
    ],
    "cosmos": [
        8.611252407997533,
        8.630170746914848,
        8.629505392219325
    ],
    "immutable-x": [
        2.29031877633179,
        2.2970400615507436,
        2.2921537053210517
    ],
    "filecoin": [
        5.987894929116673,
        6.001218055131954,
        6.00286603068529
    ],
    "arbitrum": [
        1.1073717415016278,
        1.1089938169809936,
        1.1090909261835151
    ],
    "mantle": [
        0.9796004922954403,
        0.9811933503853282,
        0.9798809655269113
    ],
    "stellar": [
        0.10674449752942475,
        0.10690378736222043,
        0.10683642551443566
    ],
    "cronos": [
        0.11743611498427384,
        0.11735157608733508,
        0.11717133321715258
    ],
    "monero": [
        164.02324947522624,
        164.23463394758588,
        164.18296327285125
    ],
    "stacks": [
        2.2158996833543187,
        2.2147487674100867,
        2.221249405030846
    ],
    "the-graph": [
        0.3007017122269266,
        0.300873316425371,
        0.3005435025180973
    ],
    "bttc-bittorrent-chain": [
        1.15928548097433e-06,
        1.15691523425734e-06,
        1.15846834423262e-06
    ],
    "cheelee-cheelee": [
        21.03365122098722,
        21.08849431597839,
        21.097570438546033
    ],
    "VET": [
        0.0342648619606039,
        0.0341757644980644
    ],
    "STX": [
        1.96018090681332,
        1.94312681136669
    ],
    "FLR": [
        0.0280572218861115,
        0.0280389009629798
    ],
    "XMR": [
        155.295737980525,
        155.188147347795
    ],
    "SAGA": [
        2.827609212773917,
        2.81039661314113
    ],
    "AR": [
        43.18042703963509,
        42.9957677008812
    ],
    "ZETA": [
        1.34315063641458,
        1.33600332024875
    ],
    "BGB": [
        1.3705,
        1.3705
    ],
    "FLOKI": [
        0.00026691,
        0.00026701,
        0.00025869
    ],
    "ENS": [
        24.1155087876909,
        24.0699495561061,
        24.0408687747362
    ],
    "PIXEL": [
        0.50246,
        0.50335,
        0.50267
    ],
    "FTM": [
        0.81494311061099,
        0.810825200275531,
        0.810846650526059
    ],
    "INJ": [
        25.8086457389147,
        25.7996455630143,
        25.9201593958232
    ],
    "MKR": [
        2658.89260369574,
        2655.56278151193,
        2646.61559260119
    ],
    "ARKM": [
        2.4701,
        2.4832,
        2.4884
    ],
    "RUNE": [
        6.24993690993758,
        6.24995345624184,
        6.24993789301255
    ],
    "FET": [
        2.15898851718492,
        2.15252588334012,
        2.1558993523454
    ],
    "qnt-quant": [
        90.3319018471409,
        90.26078549338116,
        90.37713218467015
    ],
    "wld-worldcoin": [
        5.075962272105484,
        5.093448223646983,
        5.004634548044284
    ],
    "akt-akash-network": [
        4.510146357468027,
        4.507047921023659,
        4.557357777149773
    ],
    "neo-neo": [
        15.173739035563285,
        15.157172366404744,
        15.192964011756473
    ],
    "egld-elrond": [
        39.6305645421925,
        39.61156527083717,
        39.55944728749409
    ],
    "ron-ronin-token": [
        3.1258279464616843,
        3.1372612523032006,
        3.131849998794728
    ],
    "sand-the-sandbox": [
        0.4693188827619962,
        0.4704617990295943,
        0.47005135878824444
    ],
    "wbnb-wrapped-bnb": [
        701.8206011027719,
        700.0996392374533,
        702.248605184354
    ],
    "rbn-ribbon-finance": [
        0.9885661800071454,
        0.9879724354960426,
        0.980782160787907
    ],
    "ordi-ordinals": [
        55.80753473683994,
        56.030037350350256,
        56.06403509792844
    ],
    "mina-mina-protocol": [
        0.8662765929176637,
        0.8673435193416651,
        0.8692099097262089
    ],
    "kcs-kucoin-token": [
        10.09773577092673,
        10.111726088868036,
        10.110052268257826
    ],
    "pendle-pendle": [
        6.060920780644722,
        6.071869424605108,
        6.080945981294197
    ],
    "xtz-tezos": [
        0.9502304257541406,
        0.9507735144177563,
        0.9495339162625464
    ],
    "sei-sei": [
        0.5195481256392569,
        0.5215174779672809,
        0.5217099563017233
    ],
    "xec-ecash": [
        4.719872645353764e-05,
        4.710438982763175e-05,
        4.707991470953234e-05
    ],
    "msol-marinade-staked-sol": [
        205.81656909946162,
        205.62948201749396,
        206.46230012720486
    ],
    "cfx-conflux-network": [
        0.2212985412578897,
        0.2216218147611572,
        0.2294484355944873
    ],
    "matic-network": [
        0.711481,
        0.711481,
        0.713079
    ],
    "pepe": [
        1.429e-05,
        1.429e-05,
        1.433e-05
    ],
    "litecoin": [
        84.08,
        84.08,
        84.21
    ],
    "leo-token": [
        5.94,
        5.94,
        5.94
    ],
    "okb": [
        48.859703505120976,
        48.935880259176045,
        48.90285234312776
    ],
    "first-digital-usd": [
        0.999904865165312,
        1.0001281447966097,
        1.0000616096725539
    ],
    "arweave": [
        44.31801561025503,
        44.308982591939255,
        44.28933063778471
    ],
    "optimism-ethereum": [
        2.498321897823197,
        2.5027366728520946,
        2.504256626243247
    ],
    "bittensor": [
        409.4292005960087,
        410.0940244932348,
        411.7665906537367
    ],