{
    "bitcoin": [
        71468,
        71288,
        71349
    ],
    "ethereum": [
        3840.64,
        3838.87,
        3845.71
    ],
    "tether": [
        0.999516,
        0.998997,
        0.999769
    ],
    "binancecoin": [
        707.94,
        706.13,
        702.78
    ],
    "solana": [
        173.31,
        173.02,
        173.0
    ],
    "staked-ether": [
        3839.94,
        3838.15,
        3847.42
    ],
    "usd-coin": [
        0.999909,
        0.99917,
        1.0
    ],
    "ripple": [
        0.527188,
        0.526501,
        0.526727
    ],
    "dogecoin": [
        0.163586,
        0.163117,
        0.16317
    ],
    "the-open-network": [
        7.34,
        7.35,
        7.33
    ],
    "cardano": [
        0.4611,
        0.460079,
        0.460769
    ],
    "shiba-inu": [
        2.572e-05,
        2.565e-05,
        2.567e-05
    ],
    "avalanche-2": [
        37.02,
        36.94,
        36.92
    ],
    "wrapped-bitcoin": [
        71508,
        71418,
        71458
    ],
    "chainlink": [
        17.49,
        17.45,
        17.49
    ],
    "tron": [
        0.114705,
        0.114673,
        0.114892
    ],
    "polkadot": [
        7.26,
        7.26,
        7.26
    ],
    "bitcoin-cash": [
        498.56,
        497.72,
        498.33
    ],
    "near": [
        7.51,
        7.5,
        7.48
    ],
    "uniswap": [
        10.74,
        10.7,
        10.76
    ],
    "internet-computer": [
        12.24,
        12.22,
        12.22
    ],
    "unus-sed-leo": [
        5.923810812706364,
        5.924793027850309
    ],
    "multi-collateral-dai": [
        1.0001541775823066,
        1.000069113199768
    ],
    "ethereum-classic": [
        29.387441989129655,
        29.460698955719895,
        29.423851669313404
    ],
    "aptos": [
        9.25157527869971,
        9.238879302871899,
        9.234336336805585
    ],
    "render": [
        10.721096895984342,
        10.690144291301884,
        10.657386476886328
    ],
    "hedera": [
        0.10351627896823892,
        0.10333463737477366,
        0.1030041844664863
    ],
    "kaspa": [
        0.17962541151413264,
        0.17910272867248336,
        0.17852547765370783
    ],
    "dogwifhat": [
        3.3793863089875256,
        3.372684618018608,
        3.3692678803318126
    ],
    "cosmos": [
        8.751151976334409,
        8.736789894376631,
        8.745133004774294
    ],
    "immutable-x": [
        2.2465424621477386,
        2.2458175229575117,
        2.2428841292405854
    ],
    "filecoin": [
        6.034225714830008,
        6.017434250214086,
        6.016566864517467
    ],
    "arbitrum": [
        1.1083437810875927,
        1.1078785403131552,
        1.106675880867948
    ],
    "mantle": [
        1.0391773039089915,
        1.0379251064996216,
        1.0383485994902668
    ],
    "stellar": [
        0.1067525195788995,
        0.10659870217087719,
        0.10660432666459295
    ],
    "cronos": [
        0.11681446475685416,
        0.1165435183512614,
        0.11617237021630598
    ],
    "monero": [
        164.01681935401265,
        164.69573646544788,
        164.81998829528285
    ],
    "stacks": [
        2.3589886471462886,
        2.338096252552295,
        2.327610067053112
    ],
    "the-graph": [
        0.29959859090848034,
        0.2989923817331438,
        0.2983129186700675
    ],
    "bttc-bittorrent-chain": [
        1.1747758836863e-06,
        1.17471155560505e-06,
        1.17380055219793e-06
    ],
    "cheelee-cheelee": [
        20.960625630016892,
        20.96173037533382,
        21.012960363061648
    ],
    "VET": [
        0.0342648619606039,
        0.0341757644980644
    ],
    "STX": [
        1.96018090681332,
        1.94312681136669
    ],
    "FLR": [
        0.0280572218861115,
        0.0280389009629798
    ],
    "XMR": [
        155.295737980525,
        155.188147347795
    ],
    "SAGA": [
        2.827609212773917,
        2.81039661314113
    ],
    "AR": [
        43.18042703963509,
        42.9957677008812
    ],
    "ZETA": [
        1.34315063641458,
        1.33600332024875
    ],
    "BGB": [
        1.2159,
        1.2159,
        1.2159
    ],
    "FLOKI": [
        0.00026691,
        0.00026701,
        0.00025869
    ],
    "ENS": [
        24.5987685693323,
        24.5598186388272,
        24.4804495703292
    ],
    "PIXEL": [
        0.49706,
        0.49579,
        0.4971
    ],
    "FTM": [
        0.813122254494612,
        0.814017225342486,
        0.814975057682819
    ],
    "INJ": [
        25.8086457389147,
        25.7996455630143,
        25.9201593958232
    ],
    "MKR": [
        2678.60835986045,
        2679.19881558213,
        2678.61942081851
    ],
    "ARKM": [
        2.626743482716449,
        2.628414754078233,
        2.629537862114028
    ],
    "RUNE": [
        6.17468896643905,
        6.17428071730148,
        6.16603091879561
    ],
    "FET": [
        2.11106472308865,
        2.10710349633148,
        2.10398365332398
    ],
    "qnt-quant": [
        90.87319408111382,
        90.75856840773129,
        90.5814398756118
    ],
    "wld-worldcoin": [
        4.935482833782471,
        4.941232860159996,
        4.927262972459506
    ],
    "akt-akash-network": [
        4.585568681970599,
        4.579812806503429,
        4.5784603546917415
    ],
    "neo-neo": [
        15.188254968636885,
        15.162444537685936,
        15.17514973818794
    ],
    "egld-elrond": [
        39.83664913187443,
        39.79601499640233,
        39.715389837274934
    ],
    "ron-ronin-token": [
        3.150026043377726,
        3.1455211923107935,
        3.146865471616107
    ],
    "sand-the-sandbox": [
        0.4812483334882961,
        0.4803410717632749,
        0.4809325401905887
    ],
    "wbnb-wrapped-bnb": [
        708.4943307568321,
        706.4113643359885,
        703.8529924430508
    ],
    "rbn-ribbon-finance": [
        0.9885661800071454,
        0.9879724354960426,
        0.980782160787907
    ],
    "ordi-ordinals": [
        58.7210576703202,
        58.39981599552361,
        58.21132660964879
    ],
    "mina-mina-protocol": [
        0.8659051101063706,
        0.8648339753684997,
        0.8644083233479594
    ],
    "kcs-kucoin-token": [
        10.480800146470905,
        10.475192693937652,
        10.484567117267972
    ],
    "pendle-pendle": [
        5.963241490961442,
        5.976423587569908,
        5.971884410758804
    ],
    "xtz-tezos": [
        0.9482242280380149,
        0.9460258963232911,
        0.9478970019608721
    ],
    "sei-sei": [
        0.5287917283806641,
        0.52697631050472,
        0.5238491222633624
    ],
    "xec-ecash": [
        4.685353729126343e-05,
        4.691454328947019e-05,
        4.693983462787597e-05
    ],
    "msol-marinade-staked-sol": [
        206.8056680780235,
        206.67532380989104,
        206.35506928508505
    ],
    "cfx-conflux-network": [
        0.23172446178914768,
        0.2317213789302069,
        0.23292221504739957
    ],
    "matic-network": [
        0.734424,
        0.732317,
        0.734055
    ],
    "pepe": [
        1.464e-05,
        1.461e-05,
        1.464e-05
    ],
    "litecoin": [
        85.56,
        85.47,
        85.62
    ],
    "leo-token": [
        6.03,
        6.02,
        6.02
    ],
    "okb": [
        48.91392203246676,
        49.02175399565009,
        49.07368825105099
    ],
    "first-digital-usd": [
        1.000518571261477,
        1.0006366746173379,
        1.001148263497192
    ],
    "arweave": [
        43.10368136345232,
        43.13156185836948,
        42.94105391058065
    ],
    "optimism-ethereum": [
        2.5156072377327994,
        2.51329781929568,
        2.509677318170421
    ],
    "bittensor": [
        432.24683400383805,
        431.3791295577484,
        428.8672739441524
    ],