{
    "bitcoin": [
        71108,
        71052,
        71052
    ],
    "ethereum": [
        3866.31,
        3864.41,
        3864.41
    ],
    "tether": [
        1.001,
        1.0,
        1.0
    ],
    "binancecoin": [
        698.95,
        698.54,
        698.54
    ],
    "solana": [
        173.61,
        173.51,
        173.51
    ],
    "staked-ether": [
        3867.43,
        3862.34,
        3862.34
    ],
    "usd-coin": [
        1.001,
        0.999952,
        0.999952
    ],
    "ripple": [
        0.525797,
        0.525508,
        0.525508
    ],
    "dogecoin": [
        0.163409,
        0.163223,
        0.163223
    ],
    "the-open-network": [
        7.19,
        7.19,
        7.19
    ],
    "cardano": [
        0.461404,
        0.461129,
        0.461129
    ],
    "shiba-inu": [
        2.592e-05,
        2.591e-05,
        2.591e-05
    ],
    "avalanche-2": [
        36.49,
        36.46,
        36.46
    ],
    "wrapped-bitcoin": [
        71087,
        71050,
        71050
    ],
    "chainlink": [
        17.77,
        17.74,
        17.74
    ],
    "tron": [
        0.114655,
        0.114595,
        0.114595
    ],
    "polkadot": [
        7.26,
        7.25,
        7.25
    ],
    "bitcoin-cash": [
        494.89,
        495.42,
        495.42
    ],
    "near": [
        7.68,
        7.66,
        7.66
    ],
    "uniswap": [
        11.18,
        11.16,
        11.16
    ],
    "internet-computer": [
        12.33,
        12.32,
        12.32
    ],
    "unus-sed-leo": [
        5.923810812706364,
        5.924793027850309
    ],
    "multi-collateral-dai": [
        1.0001541775823066,
        1.000069113199768
    ],
    "ethereum-classic": [
        29.59241834823406,
        29.590961501851606,
        29.716644817092764
    ],
    "aptos": [
        9.310036998381985,
        9.321077387357759,
        9.315358936443543
    ],
    "render": [
        10.741399729763685,
        10.73510044587747,
        10.73236426794848
    ],
    "hedera": [
        0.10463011204121662,
        0.10445644732507901,
        0.10437582630515221
    ],
    "kaspa": [
        0.17816823706463003,
        0.17843941358516455,
        0.17771668545862415
    ],
    "dogwifhat": [
        3.403011400096947,
        3.400062334304127,
        3.394449862595918
    ],
    "cosmos": [
        8.692917049588681,
        8.693585053275912,
        8.692237234043986
    ],
    "immutable-x": [
        2.2871148991583223,
        2.2878836098193256,
        2.288247244848292
    ],
    "filecoin": [
        6.0785288365959484,
        6.073224015879784,
        6.079386307346837
    ],
    "arbitrum": [
        1.123218939050198,
        1.123450537339326,
        1.1237362936682551
    ],
    "mantle": [
        1.036969711490445,
        1.0363647763897066,
        1.0375736777724551
    ],
    "stellar": [
        0.10693910036752732,
        0.10697775050015296,
        0.10706716106913833
    ],
    "cronos": [
        0.11857016012932076,
        0.11873889870613799,
        0.11902541072341274
    ],
    "monero": [
        162.79365446765325,
        163.0161098992115,
        163.1748380682736
    ],
    "stacks": [
        2.401237361920135,
        2.405857453477358,
        2.406313469331597
    ],
    "the-graph": [
        0.3040426284876359,
        0.30430023595100414,
        0.3044840727657411
    ],
    "bttc-bittorrent-chain": [
        1.18646750675014e-06,
        1.18617655443591e-06,
        1.18419839355125e-06
    ],
    "cheelee-cheelee": [
        21.30499105286872,
        21.291295484508513,
        21.264076862408377
    ],
    "VET": [
        0.0342648619606039,
        0.0341757644980644
    ],
    "STX": [
        1.96018090681332,
        1.94312681136669
    ],
    "FLR": [
        0.0280572218861115,
        0.0280389009629798
    ],
    "XMR": [
        155.295737980525,
        155.188147347795
    ],
    "SAGA": [
        2.827609212773917,
        2.81039661314113
    ],
    "AR": [
        43.18042703963509,
        42.9957677008812
    ],
    "ZETA": [
        1.34315063641458,
        1.33600332024875
    ],
    "BGB": [
        1.3705,
        1.3705
    ],
    "FLOKI": [
        0.00026691,
        0.00026701,
        0.00025869
    ],
    "ENS": [
        25.3403981942477,
        25.2905738169535,
        25.2892980530107
    ],
    "PIXEL": [
        0.5006,
        0.49861,
        0.49974
    ],
    "FTM": [
        0.81494311061099,
        0.810825200275531,
        0.810846650526059
    ],
    "INJ": [
        25.8086457389147,
        25.7996455630143,
        25.9201593958232
    ],
    "MKR": [
        2678.60835986045,
        2679.19881558213,
        2678.61942081851
    ],
    "ARKM": [
        2.4701,
        2.4832,
        2.4884
    ],
    "RUNE": [
        6.21407679895685,
        6.2158111438088,
        6.21801824312706
    ],
    "FET": [
        2.15876800003614,
        2.15911555992968,
        2.15595852829024
    ],
    "qnt-quant": [
        90.5264383679945,
        90.44372221798601,
        90.49826859599403
    ],
    "wld-worldcoin": [
        4.928609830613862,
        4.919539071428763,
        4.936790944093124
    ],
    "akt-akash-network": [
        4.6566677627590325,
        4.655354943708815,
        4.652185102482611
    ],
    "neo-neo": [
        15.29723945601102,
        15.313548989316622,
        15.301622159162395
    ],
    "egld-elrond": [
        40.25863060560396,
        40.28081008521308,
        40.26716367282196
    ],
    "ron-ronin-token": [
        3.1708610035641187,
        3.1717600058553583,
        3.1751490376843243
    ],
    "sand-the-sandbox": [
        0.47218150712338625,
        0.47205655991982026,
        0.4718394959419615
    ],
    "wbnb-wrapped-bnb": [
        697.5450881401027,
        697.9959598194247,
        698.4707412892706
    ],
    "rbn-ribbon-finance": [
        0.9885661800071454,
        0.9879724354960426,
        0.980782160787907
    ],
    "ordi-ordinals": [
        58.037572878173975,
        57.62107438686837,
        57.56129747700291
    ],
    "mina-mina-protocol": [
        0.8741006790959759,
        0.8728338228817192,
        0.8740831624966412
    ],
    "kcs-kucoin-token": [
        10.209965430108943,
        10.21622469540796,
        10.216957074512537
    ],
    "pendle-pendle": [
        6.17107958675661,
        6.190035844982579,
        6.168415295785822
    ],
    "xtz-tezos": [
        0.9556830147437186,
        0.9559935182857593,
        0.9577425375674152
    ],
    "sei-sei": [
        0.5299283208428627,
        0.5300708357777927,
        0.5299554304535268
    ],
    "xec-ecash": [
        4.764610776971682e-05,
        4.764979191232413e-05,
        4.762153440240294e-05
    ],
    "msol-marinade-staked-sol": [
        206.73912276192843,
        206.84586716906796,
        207.09011876883605
    ],
    "cfx-conflux-network": [
        0.2212985412578897,
        0.2216218147611572,
        0.2294484355944873
    ],
    "matic-network": [
        0.725476,
        0.724679,
        0.724679
    ],
    "pepe": [
        1.456e-05,
        1.454e-05,
        1.454e-05
    ],
    "litecoin": [
        85.41,
        85.36,
        85.36
    ],
    "leo-token": [
        6.03,
        6.03,
        6.03
    ],
    "okb": [
        48.61851340289786,
        48.626186546478834,
        48.62570058080256
    ],
    "first-digital-usd": [
        0.9999077409248179,
        0.9998228164085473,
        1.00019138337498
    ],
    "arweave": [
        44.393707373974614,
        44.32229114512726,
        44.265942415250784
    ],
    "optimism-ethereum": [
        2.524054704742435,
        2.5219559105666556,
        2.5225641629785533
    ],
    "bittensor": [
        419.4877493104822,
        418.4805097075814,
        418.41533130061936
    ],