{
    "bitcoin": [
        68778,
        68778,
        69022
    ],
    "ethereum": [
        3762.81,
        3762.81,
        3759.9
    ],
    "tether": [
        0.999394,
        0.999394,
        1.0
    ],
    "binancecoin": [
        626.49,
        626.49,
        626.55
    ],
    "solana": [
        164.6,
        164.6,
        165.16
    ],
    "staked-ether": [
        3762.81,
        3762.81,
        3757.75
    ],
    "usd-coin": [
        1.0,
        1.0,
        1.001
    ],
    "ripple": [
        0.519898,
        0.519898,
        0.520109
    ],
    "dogecoin": [
        0.158065,
        0.158065,
        0.158462
    ],
    "the-open-network": [
        6.79,
        6.79,
        6.83
    ],
    "cardano": [
        0.456723,
        0.456723,
        0.459853
    ],
    "shiba-inu": [
        2.438e-05,
        2.438e-05,
        2.448e-05
    ],
    "avalanche-2": [
        35.0,
        35.0,
        35.04
    ],
    "wrapped-bitcoin": [
        68864,
        68864,
        68928
    ],
    "chainlink": [
        17.58,
        17.58,
        17.61
    ],
    "tron": [
        0.113457,
        0.113457,
        0.113837
    ],
    "polkadot": [
        7.01,
        7.01,
        7.01
    ],
    "bitcoin-cash": [
        464.37,
        464.37,
        465.66
    ],
    "near": [
        7.11,
        7.11,
        7.11
    ],
    "uniswap": [
        9.48,
        9.48,
        9.55
    ],
    "internet-computer": [
        11.98,
        11.98,
        11.98
    ],
    "unus-sed-leo": [
        5.923810812706364,
        5.924793027850309
    ],
    "multi-collateral-dai": [
        1.0001541775823066,
        1.000069113199768
    ],
    "ethereum-classic": [
        29.24604814725347,
        29.20352121967086
    ],
    "aptos": [
        8.895484079574643,
        8.923808068378369,
        8.945228729983311
    ],
    "render": [
        9.988426890774964,
        10.00744141318389,
        10.061822403823387
    ],
    "hedera": [
        0.10081760613624025,
        0.10111174122725142,
        0.10142927400381384
    ],
    "kaspa": [
        0.16894775479467478,
        0.16974409576396196,
        0.1720575083790784
    ],
    "dogwifhat": [
        3.2661289160509153,
        3.266912538570747,
        3.3161498826348113
    ],
    "cosmos": [
        8.33085934427879,
        8.340247318095427,
        8.33139996149053
    ],
    "immutable-x": [
        2.2241523195467843,
        2.2336821861811025,
        2.249535924371352
    ],
    "filecoin": [
        5.782767120236702,
        5.7890756505132375,
        5.803252923986231
    ],
    "arbitrum": [
        1.1027729232263987,
        1.1050446977707975,
        1.1076246138073804
    ],
    "mantle": [
        0.9637669807427214,
        0.9636640654257577,
        0.9644238886642674
    ],
    "stellar": [
        0.10528985413006349,
        0.10533165765276169,
        0.10540878991183857
    ],
    "cronos": [
        0.10911180109840354,
        0.10915875674383979,
        0.108876185116852
    ],
    "monero": [
        155.12135374149136,
        154.91042696861982,
        155.36848902724142
    ],
    "stacks": [
        1.8859658188367092,
        1.8895182512545246,
        1.9012596987428612
    ],
    "the-graph": [
        0.29366909407411795,
        0.2939260159508869,
        0.2945708142914059
    ],
    "bttc-bittorrent-chain": [
        1.15321748710159e-06,
        1.15326752149941e-06,
        1.15003748656713e-06
    ],
    "cheelee-cheelee": [
        20.740354824791673,
        20.721390450176123,
        20.75834630636905
    ],
    "VET": [
        0.0342648619606039,
        0.0341757644980644
    ],
    "STX": [
        1.96018090681332,
        1.94312681136669
    ],
    "FLR": [
        0.0280572218861115,
        0.0280389009629798
    ],
    "XMR": [
        155.295737980525,
        155.188147347795
    ],
    "SAGA": [
        2.827609212773917,
        2.81039661314113
    ],
    "AR": [
        43.18042703963509,
        42.9957677008812
    ],
    "ZETA": [
        1.34315063641458,
        1.33600332024875
    ],
    "BGB": [
        1.3705,
        1.3705
    ],
    "FLOKI": [
        0.00027295,
        0.00027004
    ],
    "ENS": [
        25.1110150660274,
        25.1503103571092,
        25.1696384002276
    ],
    "PIXEL": [
        0.5075035299704171,
        0.5091358288893804,
        0.5094
    ],
    "FTM": [
        0.81494311061099,
        0.810825200275531,
        0.810846650526059
    ],
    "INJ": [
        24.9936947846015,
        24.9989960408,
        24.9791965148043
    ],
    "MKR": [
        2591.765955158,
        2591.33333757779,
        2568.06953013984
    ],
    "ARKM": [
        2.4482,
        2.4537,
        2.4861
    ],
    "RUNE": [
        5.98611635031278,
        5.98672716987946,
        5.98184413945957
    ],
    "FET": [
        2.1391925915533,
        2.13802735364709,
        2.15146667896276
    ],
    "qnt-quant": [
        90.53126480823839,
        90.60419946339206,
        90.77355287950289
    ],
    "wld-worldcoin": [
        4.81281840595246,
        4.8187897675009985,
        4.866402425581189
    ],
    "akt-akash-network": [
        4.432618101161472,
        4.433145572734593,
        4.352081265885124
    ],
    "neo-neo": [
        14.654594456759096,
        14.67959696267287,
        14.656731768950658
    ],
    "egld-elrond": [
        38.53852261296055,
        38.608889282972775,
        38.754850148210764
    ],
    "ron-ronin-token": [
        3.16870245393441,
        3.183501445716803,
        3.169477517151078
    ],
    "sand-the-sandbox": [
        0.4520395460025886,
        0.45272788595664576,
        0.4553169870855939
    ],
    "wbnb-wrapped-bnb": [
        626.3227415392826,
        626.4590045385384,
        625.5689128971412
    ],
    "rbn-ribbon-finance": [
        0.9752773297809587,
        0.9763452655853586,
        0.9864478248214058
    ],
    "ordi-ordinals": [
        47.46503457485081,
        47.549469107802764,
        47.712458070642995
    ],
    "mina-mina-protocol": [
        0.8599872819508394,
        0.8632393557058865,
        0.8616492172629199
    ],
    "kcs-kucoin-token": [
        10.082613560361837,
        10.07294383481989,
        10.08014129132984
    ],
    "pendle-pendle": [
        6.050438305754694,
        6.06476528216972,
        6.036705423284503
    ],
    "xtz-tezos": [
        0.9257727552155308,
        0.927052654843459,
        0.9243089135267318
    ],
    "sei-sei": [
        0.5021263978363282,
        0.5031971657413902,
        0.5039398936527021
    ],
    "xec-ecash": [
        4.630114687195724e-05,
        4.610380137458734e-05,
        4.624859792698627e-05
    ],
    "msol-marinade-staked-sol": [
        196.29809829606174,
        197.08580361679824,
        196.78781195220776
    ],
    "cfx-conflux-network": [
        0.2240163353702115,
        0.22507495308357547,
        0.2253684520961491
    ],
    "matic-network": [
        0.704134,
        0.704134,
        0.705464
    ],
    "pepe": [
        1.444e-05,
        1.444e-05,
        1.448e-05
    ],
    "litecoin": [
        82.79,
        82.79,
        83.03
    ],
    "leo-token": [
        6.0,
        6.0,
        6.01
    ],
    "okb": [
        46.56476797681532,
        46.579854520432406,
        46.71354135741279
    ],
    "first-digital-usd": [
        0.9997254721096731,
        1.0000103938622618,
        0.999951631881934
    ],
    "arweave": [
        42.92070315164095,
        43.02030716197903,
        43.410854629225916
    ],
    "optimism-ethereum": [
        2.3992790714329186,
        2.4010003500252344,
        2.4037084997648623
    ],
    "bittensor": [
        378.4499676032635,
        378.8768560637245,
        381.6855472216525
    ],
    "floki-inu": [
        0.0002686473590802932,
        0.0002690066443256616,
        0.0002695537036258879
    ],