{
    "bitcoin": [
        71052,
        71052,
        71006
    ],
    "ethereum": [
        3864.41,
        3864.41,
        3857.38
    ],
    "tether": [
        1.0,
        1.0,
        0.999469
    ],
    "binancecoin": [
        698.54,
        698.54,
        699.11
    ],
    "solana": [
        173.51,
        173.51,
        173.46
    ],
    "staked-ether": [
        3862.34,
        3862.34,
        3857.82
    ],
    "usd-coin": [
        0.999952,
        0.999952,
        0.999352
    ],
    "ripple": [
        0.525508,
        0.525508,
        0.524919
    ],
    "dogecoin": [
        0.163223,
        0.163223,
        0.162778
    ],
    "the-open-network": [
        7.19,
        7.19,
        7.17
    ],
    "cardano": [
        0.461129,
        0.461129,
        0.461258
    ],
    "shiba-inu": [
        2.591e-05,
        2.591e-05,
        2.584e-05
    ],
    "avalanche-2": [
        36.46,
        36.46,
        36.52
    ],
    "wrapped-bitcoin": [
        71050,
        71050,
        71033
    ],
    "chainlink": [
        17.74,
        17.74,
        17.73
    ],
    "tron": [
        0.114595,
        0.114595,
        0.114587
    ],
    "polkadot": [
        7.25,
        7.25,
        7.25
    ],
    "bitcoin-cash": [
        495.42,
        495.42,
        495.8
    ],
    "near": [
        7.66,
        7.66,
        7.67
    ],
    "uniswap": [
        11.16,
        11.16,
        11.2
    ],
    "internet-computer": [
        12.32,
        12.32,
        12.34
    ],
    "unus-sed-leo": [
        5.923810812706364,
        5.924793027850309
    ],
    "multi-collateral-dai": [
        1.0001541775823066,
        1.000069113199768
    ],
    "ethereum-classic": [
        29.59241834823406,
        29.590961501851606,
        29.716644817092764
    ],
    "aptos": [
        9.321077387357759,
        9.315358936443543,
        9.291117764302664
    ],
    "render": [
        10.73510044587747,
        10.73236426794848,
        10.759304614190937
    ],
    "hedera": [
        0.10445644732507901,
        0.10437582630515221,
        0.10482572994204309
    ],
    "kaspa": [
        0.17843941358516455,
        0.17771668545862415,
        0.182143322307312
    ],
    "dogwifhat": [
        3.400062334304127,
        3.394449862595918,
        3.402694083490582
    ],
    "cosmos": [
        8.693585053275912,
        8.692237234043986,
        8.708177838518393
    ],
    "immutable-x": [
        2.2878836098193256,
        2.288247244848292,
        2.279978304843738
    ],
    "filecoin": [
        6.073224015879784,
        6.079386307346837,
        6.062223057852892
    ],
    "arbitrum": [
        1.123450537339326,
        1.1237362936682551,
        1.1213334652399596
    ],
    "mantle": [
        1.0363647763897066,
        1.0375736777724551,
        1.0359253934231119
    ],
    "stellar": [
        0.10697775050015296,
        0.10706716106913833,
        0.10675987869092309
    ],
    "cronos": [
        0.11873889870613799,
        0.11902541072341274,
        0.11908153138877862
    ],
    "monero": [
        163.0161098992115,
        163.1748380682736,
        163.44091513276896
    ],
    "stacks": [
        2.405857453477358,
        2.406313469331597,
        2.398127405754286
    ],
    "the-graph": [
        0.30430023595100414,
        0.3044840727657411,
        0.30368364970830575
    ],
    "bttc-bittorrent-chain": [
        1.18617655443591e-06,
        1.18419839355125e-06,
        1.18559863666645e-06
    ],
    "cheelee-cheelee": [
        21.291295484508513,
        21.264076862408377,
        21.273408284209893
    ],
    "VET": [
        0.0342648619606039,
        0.0341757644980644
    ],
    "STX": [
        1.96018090681332,
        1.94312681136669
    ],
    "FLR": [
        0.0280572218861115,
        0.0280389009629798
    ],
    "XMR": [
        155.295737980525,
        155.188147347795
    ],
    "SAGA": [
        2.827609212773917,
        2.81039661314113
    ],
    "AR": [
        43.18042703963509,
        42.9957677008812
    ],
    "ZETA": [
        1.34315063641458,
        1.33600332024875
    ],
    "BGB": [
        1.3705,
        1.3705
    ],
    "FLOKI": [
        0.00026691,
        0.00026701,
        0.00025869
    ],
    "ENS": [
        25.2905738169535,
        25.2892980530107,
        25.4898640099936
    ],
    "PIXEL": [
        0.49861,
        0.49974,
        0.50506
    ],
    "FTM": [
        0.81494311061099,
        0.810825200275531,
        0.810846650526059
    ],
    "INJ": [
        25.8086457389147,
        25.7996455630143,
        25.9201593958232
    ],
    "MKR": [
        2678.60835986045,
        2679.19881558213,
        2678.61942081851
    ],
    "ARKM": [
        2.4701,
        2.4832,
        2.4884
    ],
    "RUNE": [
        6.2158111438088,
        6.21801824312706,
        6.2290925055138
    ],
    "FET": [
        2.15911555992968,
        2.15595852829024,
        2.15386351329622
    ],
    "qnt-quant": [
        90.44372221798601,
        90.49826859599403,
        90.5367271430338
    ],
    "wld-worldcoin": [
        4.919539071428763,
        4.936790944093124,
        4.918586762278453
    ],
    "akt-akash-network": [
        4.655354943708815,
        4.652185102482611,
        4.640702401589228
    ],
    "neo-neo": [
        15.313548989316622,
        15.301622159162395,
        15.294059894938105
    ],
    "egld-elrond": [
        40.28081008521308,
        40.26716367282196,
        40.14443246921049
    ],
    "ron-ronin-token": [
        3.1717600058553583,
        3.1751490376843243,
        3.19492804215871
    ],
    "sand-the-sandbox": [
        0.47205655991982026,
        0.4718394959419615,
        0.47006714522368853
    ],
    "wbnb-wrapped-bnb": [
        697.9959598194247,
        698.4707412892706,
        699.4723121551998
    ],
    "rbn-ribbon-finance": [
        0.9885661800071454,
        0.9879724354960426,
        0.980782160787907
    ],
    "ordi-ordinals": [
        57.62107438686837,
        57.56129747700291,
        57.734487906708765
    ],
    "mina-mina-protocol": [
        0.8728338228817192,
        0.8740831624966412,
        0.8746490015223923
    ],
    "kcs-kucoin-token": [
        10.21622469540796,
        10.216957074512537,
        10.217510226597865
    ],
    "pendle-pendle": [
        6.190035844982579,
        6.168415295785822,
        6.189197984573841
    ],
    "xtz-tezos": [
        0.9559935182857593,
        0.9577425375674152,
        0.9584751070644519
    ],
    "sei-sei": [
        0.5300708357777927,
        0.5299554304535268,
        0.5294395303572472
    ],
    "xec-ecash": [
        4.764979191232413e-05,
        4.762153440240294e-05,
        4.777171612759255e-05
    ],
    "msol-marinade-staked-sol": [
        206.84586716906796,
        207.09011876883605,
        207.1130844199844
    ],
    "cfx-conflux-network": [
        0.2212985412578897,
        0.2216218147611572,
        0.2294484355944873
    ],
    "matic-network": [
        0.724679,
        0.724679,
        0.724394
    ],
    "pepe": [
        1.454e-05,
        1.454e-05,
        1.452e-05
    ],
    "litecoin": [
        85.36,
        85.36,
        85.13
    ],
    "leo-token": [
        6.03,
        6.03,
        6.03
    ],
    "okb": [
        48.626186546478834,
        48.62570058080256,
        48.673736586004964
    ],
    "first-digital-usd": [
        0.9998228164085473,
        1.00019138337498,
        0.999959636955645
    ],
    "arweave": [
        44.32229114512726,
        44.265942415250784,
        44.40335769333022
    ],
    "optimism-ethereum": [
        2.5219559105666556,
        2.5225641629785533,
        2.5187060544986246
    ],
    "bittensor": [
        418.4805097075814,
        418.41533130061936,
        418.25738599260796
    ],