{
    "bitcoin": [
        71519,
        71519,
        71349
    ],
    "ethereum": [
        3852.67,
        3852.67,
        3842.66
    ],
    "tether": [
        1.001,
        1.001,
        1.0
    ],
    "binancecoin": [
        715.4,
        715.4,
        716.62
    ],
    "solana": [
        173.61,
        173.61,
        172.87
    ],
    "staked-ether": [
        3849.41,
        3849.41,
        3840.19
    ],
    "usd-coin": [
        1.002,
        1.002,
        1.001
    ],
    "ripple": [
        0.528104,
        0.528104,
        0.526552
    ],
    "dogecoin": [
        0.163813,
        0.163813,
        0.16335
    ],
    "the-open-network": [
        7.35,
        7.35,
        7.33
    ],
    "cardano": [
        0.461686,
        0.461686,
        0.46115
    ],
    "shiba-inu": [
        2.577e-05,
        2.577e-05,
        2.572e-05
    ],
    "avalanche-2": [
        36.9,
        36.9,
        36.76
    ],
    "wrapped-bitcoin": [
        71471,
        71471,
        71397
    ],
    "chainlink": [
        17.45,
        17.45,
        17.41
    ],
    "tron": [
        0.115267,
        0.115267,
        0.115013
    ],
    "polkadot": [
        7.25,
        7.25,
        7.24
    ],
    "bitcoin-cash": [
        496.8,
        496.8,
        495.66
    ],
    "near": [
        7.54,
        7.54,
        7.53
    ],
    "uniswap": [
        10.78,
        10.78,
        10.72
    ],
    "internet-computer": [
        12.19,
        12.19,
        12.17
    ],
    "unus-sed-leo": [
        5.923810812706364,
        5.924793027850309
    ],
    "multi-collateral-dai": [
        1.0001541775823066,
        1.000069113199768
    ],
    "ethereum-classic": [
        29.387441989129655,
        29.460698955719895,
        29.423851669313404
    ],
    "aptos": [
        9.22419384909209,
        9.227897649723237,
        9.210173776486563
    ],
    "render": [
        10.64294977057751,
        10.656909537128216,
        10.635600030727472
    ],
    "hedera": [
        0.10334562195198274,
        0.10359667341207705,
        0.10341569635340528
    ],
    "kaspa": [
        0.17677286713484724,
        0.17710601881866392,
        0.17722510818460757
    ],
    "dogwifhat": [
        3.36253003247079,
        3.372761904107658,
        3.3612117485373822
    ],
    "cosmos": [
        8.641519106967069,
        8.64262685878071,
        8.631994205208654
    ],
    "immutable-x": [
        2.251429518957861,
        2.2521998568022883,
        2.2477225778456216
    ],
    "filecoin": [
        6.033925139850527,
        6.043578265531527,
        6.031499609929615
    ],
    "arbitrum": [
        1.1085852256991127,
        1.1091363184345648,
        1.1074835787286448
    ],
    "mantle": [
        1.03213763206662,
        1.0326476368474846,
        1.0332228893248177
    ],
    "stellar": [
        0.10649818388610242,
        0.10654093064421653,
        0.10641986088881203
    ],
    "cronos": [
        0.11523327781985408,
        0.11531288468374952,
        0.11512195928567752
    ],
    "monero": [
        163.69796596825717,
        163.84679429343447,
        163.95549793955934
    ],
    "stacks": [
        2.284860180932207,
        2.288380508079709,
        2.2719365637700863
    ],
    "the-graph": [
        0.2965580997067225,
        0.2970525583964693,
        0.29663702668085123
    ],
    "bttc-bittorrent-chain": [
        1.17290600300393e-06,
        1.17493978320775e-06,
        1.17260998136727e-06
    ],
    "cheelee-cheelee": [
        20.943585381185258,
        20.942235466326174,
        20.923663099510662
    ],
    "VET": [
        0.0342648619606039,
        0.0341757644980644
    ],
    "STX": [
        1.96018090681332,
        1.94312681136669
    ],
    "FLR": [
        0.0280572218861115,
        0.0280389009629798
    ],
    "XMR": [
        155.295737980525,
        155.188147347795
    ],
    "SAGA": [
        2.827609212773917,
        2.81039661314113
    ],
    "AR": [
        43.18042703963509,
        42.9957677008812
    ],
    "ZETA": [
        1.34315063641458,
        1.33600332024875
    ],
    "BGB": [
        1.2061,
        1.2061,
        1.2061
    ],
    "FLOKI": [
        0.00026691,
        0.00026701,
        0.00025869
    ],
    "ENS": [
        24.9102954745826,
        24.998480705631,
        24.9201501900332
    ],
    "PIXEL": [
        0.50098,
        0.50286,
        0.49979
    ],
    "FTM": [
        0.813122254494612,
        0.814017225342486,
        0.814975057682819
    ],
    "INJ": [
        25.8086457389147,
        25.7996455630143,
        25.9201593958232
    ],
    "MKR": [
        2678.60835986045,
        2679.19881558213,
        2678.61942081851
    ],
    "ARKM": [
        2.626743482716449,
        2.628414754078233,
        2.629537862114028
    ],
    "RUNE": [
        6.12487150797274,
        6.12415455736752,
        6.12191152813352
    ],
    "FET": [
        2.10749700753121,
        2.10358082624927,
        2.10125007340677
    ],
    "qnt-quant": [
        90.43093181554065,
        90.46830042038944,
        90.43169559366214
    ],
    "wld-worldcoin": [
        4.995943195138728,
        4.9995918103776855,
        4.988309551214054
    ],
    "akt-akash-network": [
        4.558344690057978,
        4.541545143830487,
        4.5369161962015285
    ],
    "neo-neo": [
        15.120918492285515,
        15.117725709833987,
        15.113409886993374
    ],
    "egld-elrond": [
        39.749447270347716,
        39.84042601593378,
        39.75348488391964
    ],
    "ron-ronin-token": [
        3.149879029908787,
        3.1550868711425353,
        3.1564527240422118
    ],
    "sand-the-sandbox": [
        0.49078318013438776,
        0.4863658688942662,
        0.4840242610932691
    ],
    "wbnb-wrapped-bnb": [
        713.1076677366307,
        714.1555772956248,
        715.0420863177163
    ],
    "rbn-ribbon-finance": [
        0.9885661800071454,
        0.9879724354960426,
        0.980782160787907
    ],
    "ordi-ordinals": [
        57.47804851140454,
        57.5513609259263,
        57.42194340950901
    ],
    "mina-mina-protocol": [
        0.8682382523529781,
        0.8679298742420728,
        0.8653911349715503
    ],
    "kcs-kucoin-token": [
        10.393519588903455,
        10.395466413634153,
        10.39151886826832
    ],
    "pendle-pendle": [
        5.948641637832927,
        5.956500687571768,
        5.962668217472814
    ],
    "xtz-tezos": [
        0.9454691477789614,
        0.9455862325705549,
        0.9452016453672147
    ],
    "sei-sei": [
        0.5212763536887083,
        0.5227498445487769,
        0.5221893772564602
    ],
    "xec-ecash": [
        4.685353729126343e-05,
        4.691454328947019e-05,
        4.693983462787597e-05
    ],
    "msol-marinade-staked-sol": [
        206.4457854997117,
        206.60615369233926,
        206.22036556371026
    ],
    "cfx-conflux-network": [
        0.2319704453016206,
        0.2327555558117073,
        0.2318286573848679
    ],
    "matic-network": [
        0.727003,
        0.727003,
        0.725802
    ],
    "pepe": [
        1.47e-05,
        1.47e-05,
        1.466e-05
    ],
    "litecoin": [
        85.5,
        85.5,
        85.36
    ],
    "leo-token": [
        6.03,
        6.02,
        6.02
    ],
    "okb": [
        48.83273234260264,
        48.72447753958192,
        48.74265324755334
    ],
    "first-digital-usd": [
        1.0012570655343982,
        1.001084126963275,
        1.0007830628046555
    ],
    "arweave": [
        42.90223886793853,
        42.97322412515586,
        43.01141180216336
    ],
    "optimism-ethereum": [
        2.5008254498254505,
        2.505029648706828,
        2.497403436703275
    ],
    "bittensor": [
        419.4319243507038,
        420.2206024003057,
        420.0403256847251
    ],