{
    "bitcoin": [
        69058,
        68865,
        69041
    ],
    "ethereum": [
        3776.09,
        3765.47,
        3774.82
    ],
    "tether": [
        1.0,
        0.999648,
        0.999756
    ],
    "binancecoin": [
        629.35,
        627.85,
        629.54
    ],
    "solana": [
        165.49,
        165.1,
        165.5
    ],
    "staked-ether": [
        3774.78,
        3765.91,
        3771.68
    ],
    "usd-coin": [
        1.0,
        0.998817,
        0.999758
    ],
    "ripple": [
        0.519344,
        0.518988,
        0.523133
    ],
    "dogecoin": [
        0.158223,
        0.157923,
        0.158187
    ],
    "the-open-network": [
        6.77,
        6.77,
        6.8
    ],
    "cardano": [
        0.45634,
        0.454896,
        0.456023
    ],
    "shiba-inu": [
        2.381e-05,
        2.377e-05,
        2.389e-05
    ],
    "avalanche-2": [
        34.82,
        34.72,
        34.87
    ],
    "wrapped-bitcoin": [
        69097,
        68926,
        69094
    ],
    "chainlink": [
        17.66,
        17.6,
        17.67
    ],
    "tron": [
        0.113387,
        0.113101,
        0.113325
    ],
    "polkadot": [
        7.0,
        6.98,
        7.02
    ],
    "bitcoin-cash": [
        469.23,
        466.94,
        467.9
    ],
    "near": [
        7.09,
        7.09,
        7.11
    ],
    "uniswap": [
        9.5,
        9.48,
        9.51
    ],
    "internet-computer": [
        12.14,
        12.09,
        12.12
    ],
    "unus-sed-leo": [
        5.923810812706364,
        5.924793027850309
    ],
    "multi-collateral-dai": [
        1.0001541775823066,
        1.000069113199768
    ],
    "ethereum-classic": [
        28.40554631761332,
        28.405498645224643,
        28.4280347615256
    ],
    "aptos": [
        8.874795805266103,
        8.847999568658459,
        8.899666803494902
    ],
    "render": [
        10.091334252276734,
        10.08679169925608,
        10.138361019640172
    ],
    "hedera": [
        0.10028810025417505,
        0.10056755302651664,
        0.10142308265563511
    ],
    "kaspa": [
        0.1749001485040954,
        0.17564676986106906,
        0.17545327727692198
    ],
    "dogwifhat": [
        3.262503076650725,
        3.255180906150461,
        3.2652573414046455
    ],
    "cosmos": [
        8.334713316042702,
        8.325485421288272,
        8.369132183768402
    ],
    "immutable-x": [
        2.2617909374691214,
        2.2684671331094592,
        2.2837866809652843
    ],
    "filecoin": [
        5.7714355175649805,
        5.761899782894036,
        5.794593653010289
    ],
    "arbitrum": [
        1.095163609079,
        1.091691908060529,
        1.0992346164130975
    ],
    "mantle": [
        0.9637205464192306,
        0.9625011067786001,
        0.9606477390366337
    ],
    "stellar": [
        0.10462074093793979,
        0.1044839999031775,
        0.10506424348942557
    ],
    "cronos": [
        0.10722586381342361,
        0.1069672021981031,
        0.10667805011162941
    ],
    "monero": [
        155.87758997719405,
        155.99159216363438,
        156.16218757377945
    ],
    "stacks": [
        1.9896013531191787,
        1.9845348377059382,
        1.9997803590638976
    ],
    "the-graph": [
        0.29285152845547197,
        0.2918631832022062,
        0.2935827047857842
    ],
    "bttc-bittorrent-chain": [
        1.13187528870797e-06,
        1.13267546561581e-06,
        1.12980429577225e-06
    ],
    "cheelee-cheelee": [
        20.398404892162397,
        20.472645213741,
        20.444497402516916
    ],
    "VET": [
        0.0342648619606039,
        0.0341757644980644
    ],
    "STX": [
        1.96018090681332,
        1.94312681136669
    ],
    "FLR": [
        0.0280572218861115,
        0.0280389009629798
    ],
    "XMR": [
        155.295737980525,
        155.188147347795
    ],
    "SAGA": [
        2.827609212773917,
        2.81039661314113
    ],
    "AR": [
        43.18042703963509,
        42.9957677008812
    ],
    "ZETA": [
        1.34315063641458,
        1.33600332024875
    ],
    "BGB": [
        1.3705,
        1.3705
    ],
    "FLOKI": [
        0.00026691,
        0.00026701,
        0.00025869
    ],
    "ENS": [
        24.9189742374674,
        24.9500451245335,
        25.0800414318482
    ],
    "PIXEL": [
        0.5075035299704171,
        0.5091358288893804,
        0.5094
    ],
    "FTM": [
        0.81494311061099,
        0.810825200275531,
        0.810846650526059
    ],
    "INJ": [
        24.9006906832297,
        24.9043355531597,
        24.917681425629
    ],
    "MKR": [
        2572.53851737616,
        2576.69979805102,
        2579.92939086964
    ],
    "ARKM": [
        2.4627,
        2.4692,
        2.4707
    ],
    "RUNE": [
        6.00127151120022,
        6.00598444949928,
        6.0176644882749
    ],
    "FET": [
        2.1173738783204,
        2.11594964585261,
        2.12295451660631
    ],
    "qnt-quant": [
        90.91582588559368,
        91.35199712903604,
        91.44025058333469
    ],
    "wld-worldcoin": [
        4.749677027607438,
        4.747078433001679,
        4.762591776344318
    ],
    "akt-akash-network": [
        4.444741987946355,
        4.445410904012757,
        4.336062859009731
    ],
    "neo-neo": [
        14.675722584519264,
        14.71482602592723,
        14.803425805678001
    ],
    "egld-elrond": [
        38.608788064609946,
        38.59073675725537,
        38.88180824124773
    ],
    "ron-ronin-token": [
        3.1309609590767695,
        3.1165602224779385,
        3.1444658396681886
    ],
    "sand-the-sandbox": [
        0.4499827699112638,
        0.4509503685702846,
        0.4526828298868235
    ],
    "wbnb-wrapped-bnb": [
        629.0472434860703,
        628.9328144988837,
        630.051483282442
    ],
    "rbn-ribbon-finance": [
        0.9885661800071454,
        0.9879724354960426,
        0.980782160787907
    ],
    "ordi-ordinals": [
        47.97051691037998,
        47.907511099810726,
        48.246288827697875
    ],
    "mina-mina-protocol": [
        0.8587061017681501,
        0.8565753812026452,
        0.856678154122592
    ],
    "kcs-kucoin-token": [
        10.049452004520587,
        10.052081241775783,
        10.06028447941443
    ],
    "pendle-pendle": [
        6.152720678273647,
        6.133860841381212,
        6.189740803071958
    ],
    "xtz-tezos": [
        0.9244031426618904,
        0.9269128514285602,
        0.9337781355385139
    ],
    "sei-sei": [
        0.5067720449566633,
        0.5048554444500484,
        0.5092009440571809
    ],
    "xec-ecash": [
        4.561506249229896e-05,
        4.549931649108835e-05,
        4.566742805809827e-05
    ],
    "msol-marinade-staked-sol": [
        197.14632704500647,
        196.72155247175672,
        197.4365742921018
    ],
    "cfx-conflux-network": [
        0.21857263642438798,
        0.21810232040281544,
        0.21972543503120234
    ],
    "matic-network": [
        0.701791,
        0.699705,
        0.703455
    ],
    "pepe": [
        1.403e-05,
        1.406e-05,
        1.422e-05
    ],
    "litecoin": [
        82.06,
        81.84,
        82.08
    ],
    "leo-token": [
        6.03,
        6.01,
        6.03
    ],
    "okb": [
        46.937790413223,
        46.95047871988298,
        47.00521202660235
    ],
    "first-digital-usd": [
        0.9998271224967866,
        0.9998515865423213,
        0.9998574543154952
    ],
    "arweave": [
        43.45712558689646,
        43.432002930734704,
        43.89253596805372
    ],
    "optimism-ethereum": [
        2.412395208908461,
        2.4108700818405566,
        2.4223941033940064
    ],
    "bittensor": [
        383.2078402848899,
        382.63052225697254,
        382.5853486857173
    ],