{
    "bitcoin": [
        68899,
        68819,
        68819
    ],
    "ethereum": [
        3767.77,
        3758.37,
        3758.37
    ],
    "tether": [
        0.999655,
        0.999493,
        0.999493
    ],
    "binancecoin": [
        643.78,
        645.16,
        645.16
    ],
    "solana": [
        165.62,
        165.12,
        165.12
    ],
    "staked-ether": [
        3763.21,
        3757.96,
        3757.96
    ],
    "usd-coin": [
        0.999997,
        0.999232,
        0.999232
    ],
    "ripple": [
        0.52293,
        0.521568,
        0.521568
    ],
    "dogecoin": [
        0.15845,
        0.158015,
        0.158015
    ],
    "the-open-network": [
        6.93,
        6.89,
        6.89
    ],
    "cardano": [
        0.456,
        0.455016,
        0.455016
    ],
    "shiba-inu": [
        2.389e-05,
        2.384e-05,
        2.384e-05
    ],
    "avalanche-2": [
        34.87,
        34.72,
        34.72
    ],
    "wrapped-bitcoin": [
        68833,
        68898,
        68898
    ],
    "chainlink": [
        17.66,
        17.61,
        17.61
    ],
    "tron": [
        0.113628,
        0.113525,
        0.113525
    ],
    "polkadot": [
        7.0,
        6.99,
        6.99
    ],
    "bitcoin-cash": [
        472.16,
        465.62,
        465.62
    ],
    "near": [
        7.11,
        7.09,
        7.09
    ],
    "uniswap": [
        9.55,
        9.52,
        9.52
    ],
    "internet-computer": [
        12.14,
        12.14,
        12.14
    ],
    "unus-sed-leo": [
        5.923810812706364,
        5.924793027850309
    ],
    "multi-collateral-dai": [
        1.0001541775823066,
        1.000069113199768
    ],
    "ethereum-classic": [
        28.245398257432665,
        28.209715278628575,
        28.280479846943802
    ],
    "aptos": [
        8.813591019342828,
        8.785962243999233,
        8.781706835507647
    ],
    "render": [
        10.096903771821562,
        10.138302372341945,
        10.171383126296531
    ],
    "hedera": [
        0.10063799406358143,
        0.10034102441496218,
        0.10037046898182994
    ],
    "kaspa": [
        0.17510307979240505,
        0.17335500245062002,
        0.1721449272310519
    ],
    "dogwifhat": [
        3.220656682806886,
        3.2106200702575847,
        3.211766053068259
    ],
    "cosmos": [
        8.358241709420348,
        8.340049429892924,
        8.343075817100404
    ],
    "immutable-x": [
        2.2586599374547505,
        2.2466485950909334,
        2.250390589836383
    ],
    "filecoin": [
        5.766031381442558,
        5.755056811562116,
        5.754229394464861
    ],
    "arbitrum": [
        1.0768050054332154,
        1.0747164186270728,
        1.077036091149268
    ],
    "mantle": [
        0.9563491906086375,
        0.954050993511373,
        0.9563154960691034
    ],
    "stellar": [
        0.10476476758491816,
        0.10481343849459683,
        0.10480476944993321
    ],
    "cronos": [
        0.10703326487981375,
        0.10695384261784438,
        0.10697193012806912
    ],
    "monero": [
        155.32344378668893,
        155.06024337806952,
        154.9051519283242
    ],
    "stacks": [
        1.9698876084133814,
        1.966623022413948,
        1.9657065276604275
    ],
    "the-graph": [
        0.2947952945393879,
        0.29411229070301453,
        0.29413657228937534
    ],
    "bttc-bittorrent-chain": [
        1.13418035954233e-06,
        1.13603055464106e-06,
        1.13272053244538e-06
    ],
    "cheelee-cheelee": [
        20.362378869647287,
        20.36920745772615,
        20.38853575602991
    ],
    "VET": [
        0.0342648619606039,
        0.0341757644980644
    ],
    "STX": [
        1.96018090681332,
        1.94312681136669
    ],
    "FLR": [
        0.0280572218861115,
        0.0280389009629798
    ],
    "XMR": [
        155.295737980525,
        155.188147347795
    ],
    "SAGA": [
        2.827609212773917,
        2.81039661314113
    ],
    "AR": [
        43.18042703963509,
        42.9957677008812
    ],
    "ZETA": [
        1.34315063641458,
        1.33600332024875
    ],
    "BGB": [
        1.3705,
        1.3705
    ],
    "FLOKI": [
        0.00026691,
        0.00026701,
        0.00025869
    ],
    "ENS": [
        25.0082199433542,
        24.8623304296531,
        24.9404877610928
    ],
    "PIXEL": [
        0.49671,
        0.49428,
        0.49598
    ],
    "FTM": [
        0.81494311061099,
        0.810825200275531,
        0.810846650526059
    ],
    "INJ": [
        24.425428716051,
        24.3578519455713,
        24.462944233804
    ],
    "MKR": [
        2565.97797413587,
        2566.42637836626,
        2563.49943562424
    ],
    "ARKM": [
        2.47168020676058,
        2.4701,
        2.4832
    ],
    "RUNE": [
        6.05244118955545,
        6.05343901608717,
        6.06121632428645
    ],
    "FET": [
        2.09824325109536,
        2.09171844833915,
        2.09878432724091
    ],
    "qnt-quant": [
        90.43849473743916,
        90.40891340430443,
        90.31213799897066
    ],
    "wld-worldcoin": [
        4.722689693187214,
        4.712393270681368,
        4.722492862709296
    ],
    "akt-akash-network": [
        4.3078405503377155,
        4.305886098423181,
        4.309555193738769
    ],
    "neo-neo": [
        14.765793324145333,
        14.697696918176057,
        14.71475183236144
    ],
    "egld-elrond": [
        38.937076014472105,
        38.856761411447664,
        38.904970781041975
    ],
    "ron-ronin-token": [
        3.097919310743139,
        3.1006470196536,
        3.1000018158619698
    ],
    "sand-the-sandbox": [
        0.4497685553586491,
        0.4490618459388495,
        0.4497095365761502
    ],
    "wbnb-wrapped-bnb": [
        642.6663421655528,
        642.8352562144005,
        643.6061609000217
    ],
    "rbn-ribbon-finance": [
        0.9885661800071454,
        0.9879724354960426,
        0.980782160787907
    ],
    "ordi-ordinals": [
        49.030613847811686,
        48.874632281148635,
        48.887042915747216
    ],
    "mina-mina-protocol": [
        0.8422986789072039,
        0.8387096858662224,
        0.8400043998067139
    ],
    "kcs-kucoin-token": [
        10.072334689323991,
        10.04174443142851,
        10.042614415891931
    ],
    "pendle-pendle": [
        6.124270190761013,
        6.0953694002693695,
        6.088975978888103
    ],
    "xtz-tezos": [
        0.9270036732062296,
        0.9278201552147043,
        0.9270077745069004
    ],
    "sei-sei": [
        0.5021071960726113,
        0.5010935047059017,
        0.5010247396416436
    ],
    "xec-ecash": [
        4.562224811287254e-05,
        4.549197851318091e-05,
        4.547508054936488e-05
    ],
    "msol-marinade-staked-sol": [
        197.25004495573623,
        197.01212344502062,
        196.905841285069
    ],
    "cfx-conflux-network": [
        0.21664424464131155,
        0.21600766123176435,
        0.21630988698392792
    ],
    "matic-network": [
        0.703634,
        0.701862,
        0.701862
    ],
    "pepe": [
        1.436e-05,
        1.433e-05,
        1.433e-05
    ],
    "litecoin": [
        81.91,
        81.65,
        81.65
    ],
    "leo-token": [
        6.03,
        6.02,
        6.02
    ],
    "okb": [
        47.52756075256109,
        47.29955695014421,
        47.22318760825211
    ],
    "first-digital-usd": [
        0.9995673460202223,
        0.9998266111931284,
        0.9999439602522023
    ],
    "arweave": [
        44.869857618377466,
        44.905671054581525,
        44.886506354596264
    ],
    "optimism-ethereum": [
        2.4001533687058947,
        2.3928159888247085,
        2.3954089349103715
    ],
    "bittensor": [
        384.27441232300345,
        382.37291821132794,
        383.21042200378747
    ],