{
    "bitcoin": [
        70810,
        71295,
        71295
    ],
    "ethereum": [
        3792.96,
        3811.87,
        3811.87
    ],
    "tether": [
        0.999716,
        1.001,
        1.001
    ],
    "binancecoin": [
        700.25,
        702.57,
        702.57
    ],
    "solana": [
        172.79,
        173.8,
        173.8
    ],
    "staked-ether": [
        3795.13,
        3810.8,
        3810.8
    ],
    "usd-coin": [
        0.999276,
        1.001,
        1.001
    ],
    "ripple": [
        0.527319,
        0.529342,
        0.529342
    ],
    "dogecoin": [
        0.162704,
        0.163629,
        0.163629
    ],
    "the-open-network": [
        7.24,
        7.28,
        7.28
    ],
    "cardano": [
        0.459544,
        0.462001,
        0.462001
    ],
    "shiba-inu": [
        2.562e-05,
        2.585e-05,
        2.585e-05
    ],
    "avalanche-2": [
        36.01,
        36.26,
        36.26
    ],
    "wrapped-bitcoin": [
        70877,
        71244,
        71244
    ],
    "chainlink": [
        17.63,
        17.73,
        17.73
    ],
    "tron": [
        0.114344,
        0.114481,
        0.114481
    ],
    "polkadot": [
        7.19,
        7.22,
        7.22
    ],
    "bitcoin-cash": [
        479.41,
        481.73,
        481.73
    ],
    "near": [
        7.59,
        7.62,
        7.62
    ],
    "uniswap": [
        10.93,
        10.95,
        10.95
    ],
    "internet-computer": [
        12.27,
        12.35,
        12.35
    ],
    "unus-sed-leo": [
        5.923810812706364,
        5.924793027850309
    ],
    "multi-collateral-dai": [
        1.0001541775823066,
        1.000069113199768
    ],
    "ethereum-classic": [
        29.414213688861345,
        29.54011308560038,
        29.577846204956987
    ],
    "aptos": [
        9.258454280603434,
        9.284291052149223,
        9.306576879562227
    ],
    "render": [
        10.557808994205308,
        10.619767390786842,
        10.628059303437272
    ],
    "hedera": [
        0.10271517840732378,
        0.1031757233300997,
        0.10332503188535704
    ],
    "kaspa": [
        0.18249765270131532,
        0.18197967368124957,
        0.18220137460192434
    ],
    "dogwifhat": [
        3.4110910801870893,
        3.4583419895260765,
        3.4794791829986327
    ],
    "cosmos": [
        8.635431640755133,
        8.648890352830913,
        8.646131758099402
    ],
    "immutable-x": [
        2.2844973722313497,
        2.2955600579167026,
        2.3024798221369056
    ],
    "filecoin": [
        6.009856883183475,
        6.033128392113342,
        6.037921258332268
    ],
    "arbitrum": [
        1.1082162454235605,
        1.1120591043614696,
        1.1145163665056748
    ],
    "mantle": [
        0.9817320494282248,
        0.9899978296011652,
        0.9901260827805933
    ],
    "stellar": [
        0.10677427200980795,
        0.10702347781715642,
        0.10711022380878962
    ],
    "cronos": [
        0.11742134449488723,
        0.11756748824530391,
        0.11780338983771425
    ],
    "monero": [
        164.6176958704475,
        164.86123226380244,
        165.00386067371625
    ],
    "stacks": [
        2.237575876237701,
        2.298126470225339,
        2.304061904530364
    ],
    "the-graph": [
        0.30100149828760936,
        0.30254327082814636,
        0.30402259767180106
    ],
    "bttc-bittorrent-chain": [
        1.1607930020356e-06,
        1.16131894534557e-06,
        1.16263093515585e-06
    ],
    "cheelee-cheelee": [
        21.086820040129624,
        21.103325124982764,
        21.046134880851447
    ],
    "VET": [
        0.0342648619606039,
        0.0341757644980644
    ],
    "STX": [
        1.96018090681332,
        1.94312681136669
    ],
    "FLR": [
        0.0280572218861115,
        0.0280389009629798
    ],
    "XMR": [
        155.295737980525,
        155.188147347795
    ],
    "SAGA": [
        2.827609212773917,
        2.81039661314113
    ],
    "AR": [
        43.18042703963509,
        42.9957677008812
    ],
    "ZETA": [
        1.34315063641458,
        1.33600332024875
    ],
    "BGB": [
        1.3705,
        1.3705
    ],
    "FLOKI": [
        0.00026691,
        0.00026701,
        0.00025869
    ],
    "ENS": [
        24.250104620685,
        24.4870003377398,
        24.5373688610047
    ],
    "PIXEL": [
        0.50265,
        0.5011,
        0.4995493506686317
    ],
    "FTM": [
        0.81494311061099,
        0.810825200275531,
        0.810846650526059
    ],
    "INJ": [
        25.8086457389147,
        25.7996455630143,
        25.9201593958232
    ],
    "MKR": [
        2658.89260369574,
        2655.56278151193,
        2646.61559260119
    ],
    "ARKM": [
        2.4701,
        2.4832,
        2.4884
    ],
    "RUNE": [
        6.24993690993758,
        6.24995345624184,
        6.24993789301255
    ],
    "FET": [
        2.16192623343441,
        2.17014315535384,
        2.16850454940741
    ],
    "qnt-quant": [
        90.33592831031375,
        90.52108502521581,
        90.51339491405265
    ],
    "wld-worldcoin": [
        4.976751858355864,
        5.007663368335973,
        5.008443227136394
    ],
    "akt-akash-network": [
        4.574384102033852,
        4.609912244914056,
        4.615062064024484
    ],
    "neo-neo": [
        15.24920648606666,
        15.23368070142822,
        15.303339232272862
    ],
    "egld-elrond": [
        39.67293921890147,
        39.74347175558842,
        39.77998237030212
    ],
    "ron-ronin-token": [
        3.1371524607919663,
        3.1385659758057227,
        3.147173532418669
    ],
    "sand-the-sandbox": [
        0.4742293365652952,
        0.4721674066807476,
        0.4728341830545872
    ],
    "wbnb-wrapped-bnb": [
        702.2673771121893,
        703.2816465190336,
        701.9632222491917
    ],
    "rbn-ribbon-finance": [
        0.9885661800071454,
        0.9879724354960426,
        0.980782160787907
    ],
    "ordi-ordinals": [
        55.95276141062066,
        56.374579087252535,
        56.592613815825224
    ],
    "mina-mina-protocol": [
        0.8688560175432622,
        0.8702524764133674,
        0.8711842551897618
    ],
    "kcs-kucoin-token": [
        10.104977957498537,
        10.10563321586967,
        10.114519405487613
    ],
    "pendle-pendle": [
        6.072934671571097,
        6.101769715361108,
        6.112061828034909
    ],
    "xtz-tezos": [
        0.9500490668817654,
        0.9505281745864836,
        0.951751981532215
    ],
    "sei-sei": [
        0.5227909333666388,
        0.5252518963017628,
        0.5270130813889563
    ],
    "xec-ecash": [
        4.714419067033204e-05,
        4.710808265711899e-05,
        4.746358347191264e-05
    ],
    "msol-marinade-staked-sol": [
        206.31566836959752,
        206.5367181524694,
        207.38426234604222
    ],
    "cfx-conflux-network": [
        0.2212985412578897,
        0.2216218147611572,
        0.2294484355944873
    ],
    "matic-network": [
        0.711734,
        0.714244,
        0.714244
    ],
    "pepe": [
        1.426e-05,
        1.436e-05,
        1.436e-05
    ],
    "litecoin": [
        83.96,
        84.36,
        84.36
    ],
    "leo-token": [
        5.93,
        5.94,
        5.94
    ],
    "okb": [
        48.90357568804125,
        48.75433442696974,
        48.818758274672184
    ],
    "first-digital-usd": [
        0.999393967939425,
        1.0001627528779822,
        1.0003667359533337
    ],
    "arweave": [
        44.7222413993035,
        44.82243631011881,
        44.94362536154262
    ],
    "optimism-ethereum": [
        2.507003965834901,
        2.518076317297714,
        2.5214194596325026
    ],
    "bittensor": [
        414.3588438290884,
        416.1414882435023,
        417.1231917739643
    ],