{
    "bitcoin": [
        70744,
        70677,
        70677
    ],
    "ethereum": [
        3800.99,
        3794.55,
        3794.55
    ],
    "tether": [
        0.999603,
        0.999646,
        0.999646
    ],
    "binancecoin": [
        703.43,
        700.74,
        700.74
    ],
    "solana": [
        169.69,
        169.17,
        169.17
    ],
    "staked-ether": [
        3800.45,
        3794.35,
        3794.35
    ],
    "usd-coin": [
        0.999913,
        1.0,
        1.0
    ],
    "ripple": [
        0.520945,
        0.520486,
        0.520486
    ],
    "dogecoin": [
        0.160298,
        0.159906,
        0.159906
    ],
    "the-open-network": [
        7.58,
        7.54,
        7.54
    ],
    "cardano": [
        0.458032,
        0.456935,
        0.456935
    ],
    "shiba-inu": [
        2.508e-05,
        2.498e-05,
        2.498e-05
    ],
    "avalanche-2": [
        35.79,
        35.61,
        35.61
    ],
    "wrapped-bitcoin": [
        70782,
        70692,
        70692
    ],
    "chainlink": [
        17.3,
        17.29,
        17.29
    ],
    "tron": [
        0.11455,
        0.114542,
        0.114542
    ],
    "polkadot": [
        7.1,
        7.08,
        7.08
    ],
    "bitcoin-cash": [
        493.78,
        493.02,
        493.02
    ],
    "near": [
        7.32,
        7.29,
        7.29
    ],
    "uniswap": [
        10.68,
        10.65,
        10.65
    ],
    "internet-computer": [
        12.04,
        11.98,
        11.98
    ],
    "unus-sed-leo": [
        5.923810812706364,
        5.924793027850309
    ],
    "multi-collateral-dai": [
        1.0001541775823066,
        1.000069113199768
    ],
    "ethereum-classic": [
        29.387441989129655,
        29.460698955719895,
        29.423851669313404
    ],
    "aptos": [
        9.052219345977509,
        9.021547468852127,
        9.025697484352689
    ],
    "render": [
        10.296550413020343,
        10.232758895157074,
        10.25267028937531
    ],
    "hedera": [
        0.10068399730780532,
        0.10077395106197075,
        0.1008916046821877
    ],
    "kaspa": [
        0.17500836121780702,
        0.17495442068105546,
        0.17535863257973675
    ],
    "dogwifhat": [
        3.2276993335406696,
        3.2032629146357654,
        3.212281166590083
    ],
    "cosmos": [
        8.578581627044777,
        8.543975335602017,
        8.558432052660487
    ],
    "immutable-x": [
        2.275424144554508,
        2.263281876076224,
        2.2663633190795394
    ],
    "filecoin": [
        5.928116612520319,
        5.916086798322291,
        5.9238341629710005
    ],
    "arbitrum": [
        1.0844240652557622,
        1.0805880168431248,
        1.0814035241453965
    ],
    "mantle": [
        1.0215603104606887,
        1.0180142413929065,
        1.0177714910053315
    ],
    "stellar": [
        0.10512969294516496,
        0.10506770546519699,
        0.10513273668764964
    ],
    "cronos": [
        0.1137529252102989,
        0.1134123190027309,
        0.1132195331289622
    ],
    "monero": [
        166.88274498846698,
        166.69602187039973,
        166.8259653801065
    ],
    "stacks": [
        2.351819007151421,
        2.340050925465929,
        2.3559987873630415
    ],
    "the-graph": [
        0.2921262918066744,
        0.291115100804769,
        0.2914373541789112
    ],
    "bttc-bittorrent-chain": [
        1.15938273226571e-06,
        1.15744634894909e-06,
        1.15853877909601e-06
    ],
    "cheelee-cheelee": [
        21.241641416080146,
        21.162617430176365,
        21.161620237985083
    ],
    "VET": [
        0.0342648619606039,
        0.0341757644980644
    ],
    "STX": [
        1.96018090681332,
        1.94312681136669
    ],
    "FLR": [
        0.0280572218861115,
        0.0280389009629798
    ],
    "XMR": [
        155.295737980525,
        155.188147347795
    ],
    "SAGA": [
        2.827609212773917,
        2.81039661314113
    ],
    "AR": [
        43.18042703963509,
        42.9957677008812
    ],
    "ZETA": [
        1.34315063641458,
        1.33600332024875
    ],
    "BGB": [
        1.2225,
        1.2225,
        1.2225
    ],
    "FLOKI": [
        0.00026691,
        0.00026701,
        0.00025869
    ],
    "ENS": [
        23.8601571400482,
        23.8499687482655,
        23.8201669121023
    ],
    "PIXEL": [
        0.49858,
        0.49542,
        0.49484
    ],
    "FTM": [
        0.806479533698492,
        0.803021610310486,
        0.803688396269601
    ],
    "INJ": [
        25.8086457389147,
        25.7996455630143,
        25.9201593958232
    ],
    "MKR": [
        2616.352767202066,
        2623.124115757666,
        2598.45988820454
    ],
    "ARKM": [
        2.626743482716449,
        2.628414754078233,
        2.629537862114028
    ],
    "RUNE": [
        5.99294563804727,
        5.99257461314384,
        5.99437042088065
    ],
    "FET": [
        2.01933767677196,
        2.00691252210793,
        2.00689017026394
    ],
    "qnt-quant": [
        90.12386454584157,
        89.92304165623746,
        89.9020031330909
    ],
    "wld-worldcoin": [
        4.84262646224398,
        4.820755484967224,
        4.831939407988973
    ],
    "akt-akash-network": [
        4.515870048547746,
        4.504521284169144,
        4.502440826195261
    ],
    "neo-neo": [
        14.850874755071146,
        14.820321265699032,
        14.819604263001786
    ],
    "egld-elrond": [
        38.747038698476196,
        38.581179748190195,
        38.68985655947648
    ],
    "ron-ronin-token": [
        3.0804198171407773,
        3.074236455064851,
        3.078707900603072
    ],
    "sand-the-sandbox": [
        0.4681947559913321,
        0.466662743391532,
        0.4667391164019448
    ],
    "wbnb-wrapped-bnb": [
        703.4614214312963,
        701.9125167535366,
        701.6877401802657
    ],
    "rbn-ribbon-finance": [
        0.9885661800071454,
        0.9879724354960426,
        0.980782160787907
    ],
    "ordi-ordinals": [
        59.11139570742067,
        58.9498104636556,
        59.37247242359604
    ],
    "mina-mina-protocol": [
        0.8367944157969391,
        0.836385989916798,
        0.8351573432823551
    ],
    "kcs-kucoin-token": [
        10.299091075337303,
        10.292099240413808,
        10.292936176066686
    ],
    "pendle-pendle": [
        5.8927321347193615,
        5.86265402113136,
        5.868854127668715
    ],
    "xtz-tezos": [
        0.9355094855949692,
        0.93161625549512,
        0.930156313692268
    ],
    "sei-sei": [
        0.5120220767409871,
        0.5115967219590993,
        0.5102479075094462
    ],
    "xec-ecash": [
        4.685353729126343e-05,
        4.691454328947019e-05,
        4.693983462787597e-05
    ],
    "msol-marinade-staked-sol": [
        202.60471370925717,
        201.122828831402,
        202.15019329704367
    ],
    "cfx-conflux-network": [
        0.23208370833796485,
        0.23058187595010318,
        0.23093355704633234
    ],
    "matic-network": [
        0.722772,
        0.720926,
        0.720926
    ],
    "pepe": [
        1.427e-05,
        1.419e-05,
        1.419e-05
    ],
    "litecoin": [
        84.2,
        84.02,
        84.02
    ],
    "leo-token": [
        5.99,
        5.99,
        5.99
    ],
    "okb": [
        48.92253775677114,
        48.891292940332534,
        48.8902218290783
    ],
    "first-digital-usd": [
        1.0015994667059578,
        1.001386117028477,
        1.001069576210882
    ],
    "arweave": [
        41.640801725528014,
        41.476654583250756,
        41.57642728589227
    ],
    "optimism-ethereum": [
        2.471464504809406,
        2.4627470759649603,
        2.4656732327510253
    ],
    "bittensor": [
        426.7279639278756,
        420.1368984760727,
        420.5700525019778
    ],