{
    "bitcoin": [
        68907,
        68859,
        68941
    ],
    "ethereum": [
        3764.41,
        3761.85,
        3766.73
    ],
    "tether": [
        1.0,
        0.999597,
        1.0
    ],
    "binancecoin": [
        639.73,
        641.77,
        642.15
    ],
    "solana": [
        165.57,
        165.27,
        165.54
    ],
    "staked-ether": [
        3764.66,
        3762.01,
        3764.66
    ],
    "usd-coin": [
        1.001,
        0.999628,
        1.0
    ],
    "ripple": [
        0.521446,
        0.521003,
        0.523487
    ],
    "dogecoin": [
        0.158348,
        0.158395,
        0.158569
    ],
    "the-open-network": [
        6.92,
        6.9,
        6.93
    ],
    "cardano": [
        0.456085,
        0.455816,
        0.455774
    ],
    "shiba-inu": [
        2.386e-05,
        2.382e-05,
        2.388e-05
    ],
    "avalanche-2": [
        34.88,
        34.86,
        34.89
    ],
    "wrapped-bitcoin": [
        68988,
        68872,
        68957
    ],
    "chainlink": [
        17.66,
        17.63,
        17.65
    ],
    "tron": [
        0.113524,
        0.11347,
        0.113595
    ],
    "polkadot": [
        6.99,
        6.99,
        7.0
    ],
    "bitcoin-cash": [
        470.6,
        471.69,
        472.56
    ],
    "near": [
        7.11,
        7.11,
        7.13
    ],
    "uniswap": [
        9.53,
        9.54,
        9.56
    ],
    "internet-computer": [
        12.15,
        12.14,
        12.15
    ],
    "unus-sed-leo": [
        5.923810812706364,
        5.924793027850309
    ],
    "multi-collateral-dai": [
        1.0001541775823066,
        1.000069113199768
    ],
    "ethereum-classic": [
        28.245398257432665,
        28.209715278628575,
        28.280479846943802
    ],
    "aptos": [
        8.886911064908745,
        8.891772446854379,
        8.886036259833864
    ],
    "render": [
        10.045364793776608,
        10.044336985746456,
        10.055305189646448
    ],
    "hedera": [
        0.10078396797194725,
        0.1007136937620721,
        0.10094337054364716
    ],
    "kaspa": [
        0.17368321734408934,
        0.17436317427080764,
        0.17255871435992517
    ],
    "dogwifhat": [
        3.236863262987172,
        3.2365878351281037,
        3.235854940978608
    ],
    "cosmos": [
        8.353584202680013,
        8.352360903481546,
        8.363847253638859
    ],
    "immutable-x": [
        2.2618917212434604,
        2.2627212895615876,
        2.267082963561398
    ],
    "filecoin": [
        5.7656419197168525,
        5.766283794803232,
        5.771432955787815
    ],
    "arbitrum": [
        1.0888271869731285,
        1.0864145834422434,
        1.0894400910109938
    ],
    "mantle": [
        0.9571954623708556,
        0.9569479338928857,
        0.9545281239563334
    ],
    "stellar": [
        0.10452632429689945,
        0.10452303312778453,
        0.1047596107896863
    ],
    "cronos": [
        0.1071491637048796,
        0.10731041365800592,
        0.10723842372126532
    ],
    "monero": [
        155.64828749429768,
        155.52518299995427,
        155.51352117711247
    ],
    "stacks": [
        1.9769127091380412,
        1.9765107222514573,
        1.9776818214542111
    ],
    "the-graph": [
        0.29374730413106703,
        0.2938845333940548,
        0.2951135973027748
    ],
    "bttc-bittorrent-chain": [
        1.13233115315418e-06,
        1.12897151699904e-06,
        1.13228828454565e-06
    ],
    "cheelee-cheelee": [
        20.414661245641952,
        20.428500013649778,
        20.372886332349204
    ],
    "VET": [
        0.0342648619606039,
        0.0341757644980644
    ],
    "STX": [
        1.96018090681332,
        1.94312681136669
    ],
    "FLR": [
        0.0280572218861115,
        0.0280389009629798
    ],
    "XMR": [
        155.295737980525,
        155.188147347795
    ],
    "SAGA": [
        2.827609212773917,
        2.81039661314113
    ],
    "AR": [
        43.18042703963509,
        42.9957677008812
    ],
    "ZETA": [
        1.34315063641458,
        1.33600332024875
    ],
    "BGB": [
        1.3705,
        1.3705
    ],
    "FLOKI": [
        0.00026691,
        0.00026701,
        0.00025869
    ],
    "ENS": [
        24.8416407786262,
        25.0306732026311,
        25.0795811326888
    ],
    "PIXEL": [
        0.50094,
        0.50199,
        0.50086
    ],
    "FTM": [
        0.81494311061099,
        0.810825200275531,
        0.810846650526059
    ],
    "INJ": [
        24.3621748251943,
        24.4537674384679,
        24.4890805806194
    ],
    "MKR": [
        2565.97797413587,
        2566.42637836626,
        2563.49943562424
    ],
    "ARKM": [
        2.456710154453979,
        2.4556,
        2.468386691616663
    ],
    "RUNE": [
        6.05244118955545,
        6.05343901608717,
        6.06121632428645
    ],
    "FET": [
        2.10179553390713,
        2.09952353091034,
        2.099869650558
    ],
    "qnt-quant": [
        90.74207394387963,
        90.71546548873314,
        90.7332863595001
    ],
    "wld-worldcoin": [
        4.747999821876419,
        4.751173488842862,
        4.750620749805344
    ],
    "akt-akash-network": [
        4.306899045967876,
        4.310157020438892,
        4.291136019540738
    ],
    "neo-neo": [
        14.772386752993242,
        14.762359454656366,
        14.797755226704815
    ],
    "egld-elrond": [
        39.02073722370351,
        39.03517790443919,
        39.010213378512375
    ],
    "ron-ronin-token": [
        3.1166679496676415,
        3.108477944383323,
        3.1146889278513754
    ],
    "sand-the-sandbox": [
        0.4515436596339331,
        0.4507121829198128,
        0.45099286199308225
    ],
    "wbnb-wrapped-bnb": [
        643.7581408567318,
        642.649896663572,
        640.9810810931392
    ],
    "rbn-ribbon-finance": [
        0.9885661800071454,
        0.9879724354960426,
        0.980782160787907
    ],
    "ordi-ordinals": [
        48.04204247238742,
        48.01895763907879,
        48.56024850903229
    ],
    "mina-mina-protocol": [
        0.8464798370788942,
        0.8457030746195585,
        0.8472717999015805
    ],
    "kcs-kucoin-token": [
        10.069782383798321,
        10.07910756429799,
        10.07203550738431
    ],
    "pendle-pendle": [
        6.12054044017242,
        6.1263226382965925,
        6.139384745488039
    ],
    "xtz-tezos": [
        0.9298706147435031,
        0.9277823080148768,
        0.9274077357383049
    ],
    "sei-sei": [
        0.5028179477285271,
        0.5029013643319485,
        0.5042560278783639
    ],
    "xec-ecash": [
        4.569526168252456e-05,
        4.552811337070656e-05,
        4.560223885677202e-05
    ],
    "msol-marinade-staked-sol": [
        197.21389526388825,
        197.24396559650387,
        197.28478789312476
    ],
    "cfx-conflux-network": [
        0.21721006181399508,
        0.21741488024425396,
        0.21729611177472058
    ],
    "matic-network": [
        0.703301,
        0.703345,
        0.704725
    ],
    "pepe": [
        1.431e-05,
        1.433e-05,
        1.431e-05
    ],
    "litecoin": [
        81.62,
        81.66,
        81.78
    ],
    "leo-token": [
        6.04,
        6.04,
        6.04
    ],
    "okb": [
        47.593262291627006,
        47.6623958196967,
        47.725297782991774
    ],
    "first-digital-usd": [
        0.999948066221348,
        1.0002225720537314,
        1.0002790570966087
    ],
    "arweave": [
        44.831567454642844,
        44.93849863130536,
        45.13302727030001
    ],
    "optimism-ethereum": [
        2.4116820822377854,
        2.410004568400447,
        2.4109037802230273
    ],
    "bittensor": [
        382.94619526080703,
        383.088834364993,
        383.809159832646
    ],