{
    "bitcoin": [
        69223,
        69281,
        69281
    ],
    "ethereum": [
        3676.01,
        3681.22,
        3681.22
    ],
    "tether": [
        0.999435,
        0.999651,
        0.999651
    ],
    "binancecoin": [
        681.07,
        684.36,
        684.36
    ],
    "solana": [
        161.61,
        162.02,
        162.02
    ],
    "staked-ether": [
        3676.04,
        3679.15,
        3679.15
    ],
    "usd-coin": [
        0.999756,
        0.999965,
        0.999965
    ],
    "ripple": [
        0.498955,
        0.499785,
        0.499785
    ],
    "dogecoin": [
        0.147869,
        0.148112,
        0.148112
    ],
    "the-open-network": [
        7.36,
        7.37,
        7.37
    ],
    "cardano": [
        0.444223,
        0.444833,
        0.444833
    ],
    "shiba-inu": [
        2.403e-05,
        2.404e-05,
        2.404e-05
    ],
    "avalanche-2": [
        33.59,
        33.63,
        33.63
    ],
    "wrapped-bitcoin": [
        69299,
        69341,
        69341
    ],
    "chainlink": [
        16.31,
        16.35,
        16.35
    ],
    "tron": [
        0.112524,
        0.112651,
        0.112651
    ],
    "polkadot": [
        6.6,
        6.62,
        6.62
    ],
    "bitcoin-cash": [
        480.43,
        481.5,
        481.5
    ],
    "near": [
        6.83,
        6.83,
        6.83
    ],
    "uniswap": [
        9.92,
        9.93,
        9.93
    ],
    "internet-computer": [
        11.54,
        11.55,
        11.55
    ],
    "unus-sed-leo": [
        5.923810812706364,
        5.924793027850309
    ],
    "multi-collateral-dai": [
        1.0001541775823066,
        1.000069113199768
    ],
    "ethereum-classic": [
        27.057801755698467,
        27.099220532842264,
        27.116486493993968
    ],
    "aptos": [
        8.463637086033714,
        8.465805212971269,
        8.474568552635475
    ],
    "render": [
        9.4639417752784,
        9.51317418390319,
        9.522459340670565
    ],
    "hedera": [
        0.09332842111380549,
        0.0934094365160677,
        0.09351931691223733
    ],
    "kaspa": [
        0.16689088302798535,
        0.16642637010032527,
        0.16680200788479696
    ],
    "dogwifhat": [
        2.8202671583583734,
        2.834633721388056,
        2.8331256291203784
    ],
    "cosmos": [
        7.997477878662425,
        8.016100269263474,
        8.023187604516577
    ],
    "immutable-x": [
        2.073133326831039,
        2.0758286444062,
        2.080752770949508
    ],
    "filecoin": [
        6.276837882766759,
        6.290081141172192,
        6.303650355994755
    ],
    "arbitrum": [
        0.9849949867513657,
        0.9883968741699444,
        0.9895140907004206
    ],
    "mantle": [
        0.9483798512742964,
        0.9488003398347263,
        0.949561424705036
    ],
    "stellar": [
        0.09945140169757427,
        0.09961493729604483,
        0.09968823837492014
    ],
    "cronos": [
        0.11425752530573485,
        0.11438757935790188,
        0.11453984066409374
    ],
    "monero": [
        162.34838761631968,
        163.08871018931333,
        163.0292171226474
    ],
    "stacks": [
        2.3197584111943765,
        2.3261184174125757,
        2.318739482091881
    ],
    "the-graph": [
        0.27012424223128173,
        0.2703677175748988,
        0.27062574710588766
    ],
    "bttc-bittorrent-chain": [
        1.12352912904561e-06,
        1.12389106718679e-06,
        1.12362201172423e-06
    ],
    "cheelee-cheelee": [
        20.734088564022912,
        20.68549931128603,
        20.68635108762713
    ],
    "VET": [
        0.0342648619606039,
        0.0341757644980644
    ],
    "STX": [
        1.96018090681332,
        1.94312681136669
    ],
    "FLR": [
        0.0280572218861115,
        0.0280389009629798
    ],
    "XMR": [
        155.295737980525,
        155.188147347795
    ],
    "SAGA": [
        2.827609212773917,
        2.81039661314113
    ],
    "AR": [
        43.18042703963509,
        42.9957677008812
    ],
    "ZETA": [
        1.11698886903034,
        1.1142736398709,
        1.12400151652205
    ],
    "BGB": [
        1.1906,
        1.1906,
        1.1906
    ],
    "FLOKI": [
        0.00026691,
        0.00026701,
        0.00025869
    ],
    "ENS": [
        22.0403449721624,
        22.0600793257162,
        22.0497695045682
    ],
    "PIXEL": [
        0.43707,
        0.43522,
        0.43524
    ],
    "FTM": [
        0.721401420927972,
        0.722620834737723,
        0.722381161557866
    ],
    "INJ": [
        25.8086457389147,
        25.7996455630143,
        25.9201593958232
    ],
    "MKR": [
        2594.894715936144,
        2596.414635467978,
        2594.250306521202
    ],
    "ARKM": [
        2.626743482716449,
        2.628414754078233,
        2.629537862114028
    ],
    "RUNE": [
        5.46621181143294,
        5.46828723976851,
        5.48878147849219
    ],
    "FET": [
        1.83278470719724,
        1.83200805641939,
        1.83145808726852
    ],
    "qnt-quant": [
        85.68971883382687,
        85.87943030851721,
        85.89386277457808
    ],
    "wld-worldcoin": [
        4.434532690720545,
        4.441954990032279,
        4.4438168152619335
    ],
    "akt-akash-network": [
        4.202700120970039,
        4.1998765753752165,
        4.198966573640928
    ],
    "neo-neo": [
        14.021453450413542,
        14.019483299565191,
        14.021009272361729
    ],
    "egld-elrond": [
        35.87612170908464,
        35.89788575605572,
        35.86326833111641
    ],
    "ron-ronin-token": [
        2.953864157387297,
        2.9615545940509587,
        2.9652226023114974
    ],
    "sand-the-sandbox": [
        0.4327478617206523,
        0.4336103891569207,
        0.4342154718004028
    ],
    "wbnb-wrapped-bnb": [
        681.7242073423347,
        683.0003917242608,
        683.9020067654264
    ],
    "rbn-ribbon-finance": [
        0.9885661800071454,
        0.9879724354960426,
        0.980782160787907
    ],
    "ordi-ordinals": [
        59.171065765798524,
        59.2054871510235,
        59.33578375242714
    ],
    "mina-mina-protocol": [
        0.7955657599096478,
        0.7955348233538282,
        0.7950324031677327
    ],
    "kcs-kucoin-token": [
        10.27166735192047,
        10.27748961192114,
        10.282167021832821
    ],
    "pendle-pendle": [
        5.53453066154489,
        5.541342527262,
        5.544145178696883
    ],
    "xtz-tezos": [
        0.8702870033711484,
        0.8709860636214624,
        0.8714607220383745
    ],
    "sei-sei": [
        0.5314220716934954,
        0.5263660796375844,
        0.5274475408910448
    ],
    "xec-ecash": [
        4.333714403584442e-05,
        4.330012745372618e-05,
        4.332010338081465e-05
    ],
    "msol-marinade-staked-sol": [
        193.40089187861153,
        193.56590781303686,
        193.6953035099393
    ],
    "cfx-conflux-network": [
        0.2272375731725614,
        0.2272375731725614,
        0.22709059873310986
    ],
    "matic-network": [
        0.664342,
        0.665663,
        0.665663
    ],
    "pepe": [
        1.295e-05,
        1.3e-05,
        1.3e-05
    ],
    "litecoin": [
        80.13,
        80.28,
        80.28
    ],
    "leo-token": [
        5.96,
        5.96,
        5.96
    ],
    "okb": [
        48.25757929081997,
        48.31073928730107,
        48.33137684051337
    ],
    "first-digital-usd": [
        1.0009271211185886,
        1.0006268849150857,
        1.0008897487431545
    ],
    "arweave": [
        38.8549413087016,
        38.854092823722844,
        38.86739551459746
    ],
    "optimism-ethereum": [
        2.2212433556527684,
        2.2330451467020556,
        2.2355807539144865
    ],
    "bittensor": [
        389.25092785626674,
        391.00522545377106,
        391.26391975143287
    ],