{
    "bitcoin": [
        69203,
        69124,
        69008
    ],
    "ethereum": [
        3673.68,
        3677.18,
        3670.66
    ],
    "tether": [
        0.9992,
        0.999287,
        0.999295
    ],
    "binancecoin": [
        677.08,
        677.52,
        677.2
    ],
    "solana": [
        160.99,
        161.0,
        161.1
    ],
    "staked-ether": [
        3672.34,
        3677.17,
        3666.08
    ],
    "usd-coin": [
        1.001,
        0.999902,
        1.0
    ],
    "ripple": [
        0.486286,
        0.489927,
        0.489544
    ],
    "dogecoin": [
        0.147592,
        0.146941,
        0.14684
    ],
    "the-open-network": [
        7.25,
        7.23,
        7.22
    ],
    "cardano": [
        0.446773,
        0.446331,
        0.445719
    ],
    "shiba-inu": [
        2.301e-05,
        2.32e-05,
        2.338e-05
    ],
    "avalanche-2": [
        33.02,
        33.23,
        33.19
    ],
    "wrapped-bitcoin": [
        69187,
        69139,
        69039
    ],
    "chainlink": [
        16.19,
        16.17,
        16.19
    ],
    "tron": [
        0.112737,
        0.112911,
        0.112763
    ],
    "polkadot": [
        6.52,
        6.54,
        6.54
    ],
    "bitcoin-cash": [
        478.18,
        480.81,
        477.07
    ],
    "near": [
        6.65,
        6.67,
        6.67
    ],
    "uniswap": [
        9.79,
        9.76,
        9.74
    ],
    "internet-computer": [
        11.57,
        11.58,
        11.53
    ],
    "unus-sed-leo": [
        5.923810812706364,
        5.924793027850309
    ],
    "multi-collateral-dai": [
        1.0001541775823066,
        1.000069113199768
    ],
    "ethereum-classic": [
        26.571766666494675,
        26.635876915691053,
        26.65296384300906
    ],
    "aptos": [
        8.447607537043895,
        8.466610546240519,
        8.430769977265959
    ],
    "render": [
        9.31414360181412,
        9.342472434763028,
        9.349967621066813
    ],
    "hedera": [
        0.09231131560391476,
        0.09277156558114291,
        0.09241554359215925
    ],
    "kaspa": [
        0.1666806593490946,
        0.15405756059851308,
        0.16284230911645634
    ],
    "dogwifhat": [
        2.84465145748926,
        2.8503797172957075,
        2.828275469428296
    ],
    "cosmos": [
        7.955631612230531,
        7.982427810424022,
        7.954115695682828
    ],
    "immutable-x": [
        2.0919162044675703,
        2.0996030660651717,
        2.0878960747770448
    ],
    "filecoin": [
        6.010392557876324,
        6.018423438662144,
        6.026690600966291
    ],
    "arbitrum": [
        0.9686723533682052,
        0.9679942194280154,
        0.9599130534600384
    ],
    "mantle": [
        0.9458521893285445,
        0.950226670689283,
        0.9491236071148128
    ],
    "stellar": [
        0.09873901013823885,
        0.09912504863464373,
        0.0986639431902086
    ],
    "cronos": [
        0.11103179252167812,
        0.1117723643435694,
        0.11144583254028798
    ],
    "monero": [
        160.08562198919856,
        160.46248187329627,
        161.680785700875
    ],
    "stacks": [
        2.16469551046738,
        2.174498689249849,
        2.1745663819672254
    ],
    "the-graph": [
        0.2671501301963077,
        0.2678755001709707,
        0.26784952004757817
    ],
    "bttc-bittorrent-chain": [
        1.12652784264548e-06,
        1.12769973980153e-06,
        1.1259023441957e-06
    ],
    "cheelee-cheelee": [
        20.626614328754844,
        20.652372132220986,
        20.68467923565385
    ],
    "VET": [
        0.0342648619606039,
        0.0341757644980644
    ],
    "STX": [
        1.96018090681332,
        1.94312681136669
    ],
    "FLR": [
        0.0280572218861115,
        0.0280389009629798
    ],
    "XMR": [
        155.295737980525,
        155.188147347795
    ],
    "SAGA": [
        2.827609212773917,
        2.81039661314113
    ],
    "AR": [
        43.18042703963509,
        42.9957677008812
    ],
    "ZETA": [
        1.10963284561603,
        1.11005934343439,
        1.11698886903034
    ],
    "BGB": [
        1.1906,
        1.1906,
        1.1906
    ],
    "FLOKI": [
        0.00026691,
        0.00026701,
        0.00025869
    ],
    "ENS": [
        21.7494836772852,
        21.7780020231012,
        21.9271028888783
    ],
    "PIXEL": [
        0.42877,
        0.42753,
        0.43069
    ],
    "FTM": [
        0.710700053644284,
        0.705857179951684,
        0.706606191312564
    ],
    "INJ": [
        25.8086457389147,
        25.7996455630143,
        25.9201593958232
    ],
    "MKR": [
        2594.894715936144,
        2596.414635467978,
        2594.250306521202
    ],
    "ARKM": [
        2.626743482716449,
        2.628414754078233,
        2.629537862114028
    ],
    "RUNE": [
        6.19039315563686,
        6.05302447771022,
        5.39033886607727
    ],
    "FET": [
        1.81270191156077,
        1.80467930947974,
        1.80921797368919
    ],
    "qnt-quant": [
        85.04775436686188,
        85.34293604307705,
        85.24287346733364
    ],
    "wld-worldcoin": [
        4.312159967413401,
        4.310078917604448,
        4.296948418922886
    ],
    "akt-akash-network": [
        4.192103024681476,
        4.191385109083372,
        4.184714884455829
    ],
    "neo-neo": [
        13.643133419996262,
        13.767358015700085,
        13.730041740320518
    ],
    "egld-elrond": [
        36.05977984801863,
        36.17405562375528,
        36.060635862955586
    ],
    "ron-ronin-token": [
        2.894328237338038,
        2.8960518957094834,
        2.891614476852271
    ],
    "sand-the-sandbox": [
        0.42705732949428266,
        0.42750516087363183,
        0.42664823959008
    ],
    "wbnb-wrapped-bnb": [
        677.4070446170749,
        677.5090543937054,
        676.7122555237174
    ],
    "rbn-ribbon-finance": [
        0.9885661800071454,
        0.9879724354960426,
        0.980782160787907
    ],
    "ordi-ordinals": [
        62.09291343912357,
        62.099473141626135,
        62.26669803898842
    ],
    "mina-mina-protocol": [
        0.7924111172504457,
        0.7929383367697811,
        0.7860128837544922
    ],
    "kcs-kucoin-token": [
        10.271884998064008,
        10.274072775977496,
        10.243150274959689
    ],
    "pendle-pendle": [
        5.920309844791598,
        5.9140184541053245,
        5.911927372558721
    ],
    "xtz-tezos": [
        0.8669392735229179,
        0.8698564936975339,
        0.8638187878991257
    ],
    "sei-sei": [
        0.5054261207323798,
        0.5049961982862551,
        0.49911364069623
    ],
    "xec-ecash": [
        4.279953481483231e-05,
        4.304978190546858e-05,
        4.281123680211598e-05
    ],
    "msol-marinade-staked-sol": [
        192.66685916256537,
        192.40556433369372,
        191.67471818778623
    ],
    "cfx-conflux-network": [
        0.2272375731725614,
        0.2272375731725614,
        0.22709059873310986
    ],
    "matic-network": [
        0.661453,
        0.661152,
        0.659686
    ],
    "pepe": [
        1.376e-05,
        1.376e-05,
        1.376e-05
    ],
    "litecoin": [
        78.95,
        78.99,
        78.91
    ],
    "leo-token": [
        6.03,
        6.02,
        6.03
    ],
    "okb": [
        47.823463292665664,
        48.10708264113182,
        48.242345836865645
    ],
    "first-digital-usd": [
        1.000449626424178,
        1.0002227859486135,
        0.9998602377897996
    ],
    "arweave": [
        38.53289338651624,
        38.75240474454671,
        38.74297092481855
    ],
    "optimism-ethereum": [
        2.209211705060493,
        2.2095696871609176,
        2.2014797832479904
    ],
    "bittensor": [
        386.7715283574352,
        387.26269479306075,
        383.4429128792218
    ],