{
    "bitcoin": [
        71081,
        70928,
        70928
    ],
    "ethereum": [
        3832.78,
        3822.4,
        3822.4
    ],
    "tether": [
        0.99958,
        0.999137,
        0.999137
    ],
    "binancecoin": [
        706.82,
        706.41,
        706.41
    ],
    "solana": [
        171.28,
        170.43,
        170.43
    ],
    "staked-ether": [
        3829.89,
        3821.22,
        3821.22
    ],
    "usd-coin": [
        1.0,
        0.9993,
        0.9993
    ],
    "ripple": [
        0.52372,
        0.522715,
        0.522715
    ],
    "dogecoin": [
        0.161324,
        0.161273,
        0.161273
    ],
    "the-open-network": [
        7.39,
        7.37,
        7.37
    ],
    "cardano": [
        0.457858,
        0.457279,
        0.457279
    ],
    "shiba-inu": [
        2.547e-05,
        2.539e-05,
        2.539e-05
    ],
    "avalanche-2": [
        36.53,
        36.45,
        36.45
    ],
    "wrapped-bitcoin": [
        71122,
        71021,
        71021
    ],
    "chainlink": [
        17.38,
        17.33,
        17.33
    ],
    "tron": [
        0.11482,
        0.114671,
        0.114671
    ],
    "polkadot": [
        7.22,
        7.19,
        7.19
    ],
    "bitcoin-cash": [
        494.83,
        493.44,
        493.44
    ],
    "near": [
        7.4,
        7.39,
        7.39
    ],
    "uniswap": [
        10.62,
        10.6,
        10.6
    ],
    "internet-computer": [
        12.11,
        12.09,
        12.09
    ],
    "unus-sed-leo": [
        5.923810812706364,
        5.924793027850309
    ],
    "multi-collateral-dai": [
        1.0001541775823066,
        1.000069113199768
    ],
    "ethereum-classic": [
        29.387441989129655,
        29.460698955719895,
        29.423851669313404
    ],
    "aptos": [
        9.151975102891432,
        9.139406017424681,
        9.12512718884735
    ],
    "render": [
        10.599377640734602,
        10.583460054206261,
        10.564397771518
    ],
    "hedera": [
        0.1021009316047593,
        0.10185299526251916,
        0.10168112563358513
    ],
    "kaspa": [
        0.17532738755871458,
        0.17517248035696598,
        0.17312296399937024
    ],
    "dogwifhat": [
        3.3245537204585536,
        3.300005909039828,
        3.2934825214982295
    ],
    "cosmos": [
        8.751580648696763,
        8.743388823662679,
        8.734345625883948
    ],
    "immutable-x": [
        2.2392064328735968,
        2.2348758374360522,
        2.2279119018277633
    ],
    "filecoin": [
        5.973193086845808,
        5.966169850554017,
        5.957120758706185
    ],
    "arbitrum": [
        1.1007272692786958,
        1.0989966256058712,
        1.0969271513883232
    ],
    "mantle": [
        1.0494401367094133,
        1.0480026541443173,
        1.0481338376458875
    ],
    "stellar": [
        0.10625385020978731,
        0.10617333134851394,
        0.10590057467675132
    ],
    "cronos": [
        0.11465009036361269,
        0.11446541827062283,
        0.11407370071999812
    ],
    "monero": [
        163.98370966442565,
        163.76405972614143,
        163.80616268887292
    ],
    "stacks": [
        2.3171575505554487,
        2.3109868741545374,
        2.3099155310425328
    ],
    "the-graph": [
        0.2953251974273724,
        0.2952867012150741,
        0.2948329766543737
    ],
    "bttc-bittorrent-chain": [
        1.16561621015528e-06,
        1.1650267079736e-06,
        1.1671005738453e-06
    ],
    "cheelee-cheelee": [
        21.13089794870382,
        21.140479979847484,
        21.16492395403133
    ],
    "VET": [
        0.0342648619606039,
        0.0341757644980644
    ],
    "STX": [
        1.96018090681332,
        1.94312681136669
    ],
    "FLR": [
        0.0280572218861115,
        0.0280389009629798
    ],
    "XMR": [
        155.295737980525,
        155.188147347795
    ],
    "SAGA": [
        2.827609212773917,
        2.81039661314113
    ],
    "AR": [
        43.18042703963509,
        42.9957677008812
    ],
    "ZETA": [
        1.34315063641458,
        1.33600332024875
    ],
    "BGB": [
        1.2159,
        1.2159,
        1.2159
    ],
    "FLOKI": [
        0.00026691,
        0.00026701,
        0.00025869
    ],
    "ENS": [
        24.2398596716071,
        24.1699965567022,
        24.1501099119506
    ],
    "PIXEL": [
        0.50819,
        0.50602,
        0.50434
    ],
    "FTM": [
        0.813122254494612,
        0.814017225342486,
        0.814975057682819
    ],
    "INJ": [
        25.8086457389147,
        25.7996455630143,
        25.9201593958232
    ],
    "MKR": [
        2623.42274407148,
        2617.006592850232,
        2614.877286949077
    ],
    "ARKM": [
        2.626743482716449,
        2.628414754078233,
        2.629537862114028
    ],
    "RUNE": [
        6.12019466205024,
        6.10693338006707,
        6.09024983590889
    ],
    "FET": [
        2.07937110047037,
        2.07157910158679,
        2.0663708463391
    ],
    "qnt-quant": [
        90.27257556576174,
        90.09261209447676,
        90.07231363815642
    ],
    "wld-worldcoin": [
        4.866298780617279,
        4.867887892129601,
        4.8563719786085215
    ],
    "akt-akash-network": [
        4.536489856278697,
        4.547056119485821,
        4.544887746750699
    ],
    "neo-neo": [
        15.119126274004863,
        15.054964224346612,
        14.999894073045558
    ],
    "egld-elrond": [
        39.62017120332651,
        39.68785306122584,
        39.66766723659109
    ],
    "ron-ronin-token": [
        3.1197215246560672,
        3.1143929239946937,
        3.112078568332535
    ],
    "sand-the-sandbox": [
        0.47773268124439333,
        0.4751133207167709,
        0.4749002387479455
    ],
    "wbnb-wrapped-bnb": [
        705.7351343180842,
        706.2121768277477,
        706.4240668453705
    ],
    "rbn-ribbon-finance": [
        0.9885661800071454,
        0.9879724354960426,
        0.980782160787907
    ],
    "ordi-ordinals": [
        58.26112488427126,
        58.08965009052988,
        57.891244922441174
    ],
    "mina-mina-protocol": [
        0.854459729884218,
        0.8518555716532588,
        0.8498057125535317
    ],
    "kcs-kucoin-token": [
        10.381688982005553,
        10.371195384217504,
        10.350473686110721
    ],
    "pendle-pendle": [
        5.937782877675536,
        5.939812617898431,
        5.932602036458323
    ],
    "xtz-tezos": [
        0.9452325127948569,
        0.9444459715056571,
        0.941861240631177
    ],
    "sei-sei": [
        0.5181038373961822,
        0.5166522715183196,
        0.5154213310841345
    ],
    "xec-ecash": [
        4.685353729126343e-05,
        4.691454328947019e-05,
        4.693983462787597e-05
    ],
    "msol-marinade-staked-sol": [
        204.17427104017756,
        204.06567904856095,
        203.7231123470961
    ],
    "cfx-conflux-network": [
        0.2331051842081177,
        0.23276675318876708,
        0.23247474350725034
    ],
    "matic-network": [
        0.734427,
        0.7323,
        0.7323
    ],
    "pepe": [
        1.443e-05,
        1.437e-05,
        1.437e-05
    ],
    "litecoin": [
        85.68,
        85.67,
        85.67
    ],
    "leo-token": [
        6.03,
        6.02,
        6.02
    ],
    "okb": [
        48.93845810029162,
        48.84696902808792,
        48.80371040084572
    ],
    "first-digital-usd": [
        1.0006042140388038,
        1.0003047958272562,
        1.0006379961067013
    ],
    "arweave": [
        42.32030153263801,
        42.321942035234215,
        42.27874320647267
    ],
    "optimism-ethereum": [
        2.505743832793428,
        2.4988359674008755,
        2.494159829586854
    ],
    "bittensor": [
        429.6857733110279,
        428.90862188146383,
        427.2509961040584
    ],