{
    "bitcoin": [
        68895,
        69080,
        69080
    ],
    "ethereum": [
        3764.18,
        3772.71,
        3772.71
    ],
    "tether": [
        0.99987,
        1.002,
        1.002
    ],
    "binancecoin": [
        624.49,
        626.82,
        626.82
    ],
    "solana": [
        165.04,
        165.31,
        165.31
    ],
    "staked-ether": [
        3763.82,
        3771.31,
        3771.31
    ],
    "usd-coin": [
        0.999914,
        0.999635,
        0.999635
    ],
    "ripple": [
        0.520257,
        0.520987,
        0.520987
    ],
    "dogecoin": [
        0.158137,
        0.158543,
        0.158543
    ],
    "the-open-network": [
        6.76,
        6.75,
        6.75
    ],
    "cardano": [
        0.459222,
        0.459019,
        0.459019
    ],
    "shiba-inu": [
        2.456e-05,
        2.459e-05,
        2.459e-05
    ],
    "avalanche-2": [
        35.33,
        35.3,
        35.3
    ],
    "wrapped-bitcoin": [
        68963,
        69069,
        69069
    ],
    "chainlink": [
        17.59,
        17.61,
        17.61
    ],
    "tron": [
        0.113725,
        0.113781,
        0.113781
    ],
    "polkadot": [
        7.03,
        7.03,
        7.03
    ],
    "bitcoin-cash": [
        466.54,
        467.29,
        467.29
    ],
    "near": [
        7.13,
        7.13,
        7.13
    ],
    "uniswap": [
        9.54,
        9.55,
        9.55
    ],
    "internet-computer": [
        12.01,
        12.01,
        12.01
    ],
    "unus-sed-leo": [
        5.923810812706364,
        5.924793027850309
    ],
    "multi-collateral-dai": [
        1.0001541775823066,
        1.000069113199768
    ],
    "ethereum-classic": [
        29.24604814725347,
        29.20352121967086
    ],
    "aptos": [
        8.9218548604707,
        8.939267646886028,
        8.941178815001056
    ],
    "render": [
        9.990211794748644,
        10.015539971736755,
        10.02000712647713
    ],
    "hedera": [
        0.10083196219673696,
        0.10083837996064329,
        0.10082348429921466
    ],
    "kaspa": [
        0.17490989908554488,
        0.17426434243787334,
        0.17214415652818416
    ],
    "dogwifhat": [
        3.320449759499005,
        3.316034453727681,
        3.312460971054668
    ],
    "cosmos": [
        8.374395781308415,
        8.374750742062144,
        8.37018582592725
    ],
    "immutable-x": [
        2.2325869629522708,
        2.232260360725638,
        2.2320889424255883
    ],
    "filecoin": [
        5.818286649493709,
        5.819519904465829,
        5.819532290677852
    ],
    "arbitrum": [
        1.1059384900539886,
        1.1078608749640042,
        1.1090452202351577
    ],
    "mantle": [
        0.9665671985519005,
        0.9693429197282267,
        0.9659309325180376
    ],
    "stellar": [
        0.10515718946828137,
        0.10526663003754763,
        0.10529663389288973
    ],
    "cronos": [
        0.10985811218961065,
        0.11011087968407957,
        0.10998060035539287
    ],
    "monero": [
        153.9397495032371,
        154.16522609274273,
        154.39480767493424
    ],
    "stacks": [
        1.8922908062544233,
        1.8962228212636145,
        1.895164109987272
    ],
    "the-graph": [
        0.29424036266077774,
        0.29475043559957587,
        0.2948515572029533
    ],
    "bttc-bittorrent-chain": [
        1.1505209596469e-06,
        1.14948683687281e-06,
        1.15252861128846e-06
    ],
    "cheelee-cheelee": [
        20.648590888519717,
        20.708179986419978,
        20.73448741648842
    ],
    "VET": [
        0.0342648619606039,
        0.0341757644980644
    ],
    "STX": [
        1.96018090681332,
        1.94312681136669
    ],
    "FLR": [
        0.0280572218861115,
        0.0280389009629798
    ],
    "XMR": [
        155.295737980525,
        155.188147347795
    ],
    "SAGA": [
        2.827609212773917,
        2.81039661314113
    ],
    "AR": [
        43.18042703963509,
        42.9957677008812
    ],
    "ZETA": [
        1.34315063641458,
        1.33600332024875
    ],
    "BGB": [
        1.3705,
        1.3705
    ],
    "FLOKI": [
        0.00027295,
        0.00027004
    ],
    "ENS": [
        25.2882823328515,
        25.2986284089138,
        25.2792367804971
    ],
    "PIXEL": [
        0.5075035299704171,
        0.5091358288893804,
        0.5094
    ],
    "FTM": [
        0.81494311061099,
        0.810825200275531,
        0.810846650526059
    ],
    "INJ": [
        25.0689277806069,
        25.086938675839,
        25.1042442694945
    ],
    "MKR": [
        2585.82085335581,
        2591.765955158,
        2591.33333757779
    ],
    "ARKM": [
        2.4639,
        2.4679,
        2.4701
    ],
    "RUNE": [
        6.00292847235469,
        6.00365704034696,
        6.00447193113665
    ],
    "FET": [
        2.14524618215586,
        2.15077736922522,
        2.149788994726
    ],
    "qnt-quant": [
        90.60942913137912,
        90.78470086747329,
        90.8411728928107
    ],
    "wld-worldcoin": [
        4.831829813160205,
        4.849632842522136,
        4.848744213360984
    ],
    "akt-akash-network": [
        4.448873334771146,
        4.443178018996611,
        4.4389815226081595
    ],
    "neo-neo": [
        14.714667409538798,
        14.742712610487892,
        14.73312789420729
    ],
    "egld-elrond": [
        38.72024347911242,
        38.79479132690008,
        38.70829625380098
    ],
    "ron-ronin-token": [
        3.181691751485537,
        3.193411672522627,
        3.1898525466417813
    ],
    "sand-the-sandbox": [
        0.45259117976950475,
        0.45344747548138387,
        0.4540282221443687
    ],
    "wbnb-wrapped-bnb": [
        624.0959718905978,
        625.8464809227196,
        626.5949903484282
    ],
    "rbn-ribbon-finance": [
        0.9748569965865247,
        0.9745400841316961,
        0.9748983595826686
    ],
    "ordi-ordinals": [
        47.971322159442956,
        47.86061247779232,
        47.974453176811146
    ],
    "mina-mina-protocol": [
        0.8610671562893765,
        0.8617773152451355,
        0.8622690950264952
    ],
    "kcs-kucoin-token": [
        10.076453574903585,
        10.085879328088689,
        10.083268811919282
    ],
    "pendle-pendle": [
        6.106408441278048,
        6.093806823413624,
        6.111901764304318
    ],
    "xtz-tezos": [
        0.9267807993058552,
        0.9292373785233162,
        0.928182315497982
    ],
    "sei-sei": [
        0.5026810882057534,
        0.5031274876422963,
        0.5032475429694456
    ],
    "xec-ecash": [
        4.657935825348652e-05,
        4.642597948188934e-05,
        4.665911179944633e-05
    ],
    "msol-marinade-staked-sol": [
        196.90229753229045,
        197.08800454435786,
        197.27487611222008
    ],
    "cfx-conflux-network": [
        0.22326389401471883,
        0.22367371598908264,
        0.2237927163458391
    ],
    "matic-network": [
        0.704633,
        0.705203,
        0.705203
    ],
    "pepe": [
        1.455e-05,
        1.452e-05,
        1.452e-05
    ],
    "litecoin": [
        82.81,
        82.95,
        82.95
    ],
    "leo-token": [
        5.98,
        5.98,
        5.98
    ],
    "okb": [
        46.70284486144498,
        46.789281076795646,
        46.752579052437746
    ],
    "first-digital-usd": [
        0.9994918720561453,
        0.9997989096334268,
        0.9994346535844252
    ],
    "arweave": [
        43.163043351936984,
        43.27367969418033,
        43.27190068471574
    ],
    "optimism-ethereum": [
        2.4016880582897624,
        2.4058648009497956,
        2.407871726793162
    ],
    "bittensor": [
        378.8443209950459,
        379.6164264985213,
        379.9795203000983
    ],
    "floki-inu": [
        0.0002702550235324135,
        0.00027065703526746147,
        0.0002706124477989803
    ],