{
    "bitcoin": [
        71547,
        71653,
        71636
    ],
    "ethereum": [
        3823.24,
        3834.43,
        3821.04
    ],
    "tether": [
        0.999459,
        0.999623,
        0.998516
    ],
    "binancecoin": [
        703.46,
        704.63,
        703.05
    ],
    "solana": [
        171.79,
        172.09,
        172.0
    ],
    "staked-ether": [
        3821.67,
        3832.37,
        3824.28
    ],
    "usd-coin": [
        1.0,
        1.0,
        0.998487
    ],
    "ripple": [
        0.526868,
        0.527378,
        0.526169
    ],
    "dogecoin": [
        0.160713,
        0.161024,
        0.161083
    ],
    "the-open-network": [
        7.5,
        7.5,
        7.45
    ],
    "cardano": [
        0.48426,
        0.48279,
        0.484545
    ],
    "shiba-inu": [
        2.528e-05,
        2.533e-05,
        2.524e-05
    ],
    "avalanche-2": [
        36.19,
        36.31,
        36.39
    ],
    "wrapped-bitcoin": [
        71502,
        71609,
        71745
    ],
    "chainlink": [
        17.57,
        17.61,
        17.55
    ],
    "tron": [
        0.114546,
        0.114602,
        0.114446
    ],
    "polkadot": [
        7.24,
        7.26,
        7.23
    ],
    "bitcoin-cash": [
        515.87,
        516.46,
        516.98
    ],
    "near": [
        7.39,
        7.41,
        7.4
    ],
    "uniswap": [
        10.51,
        10.56,
        10.55
    ],
    "internet-computer": [
        12.94,
        12.73,
        12.66
    ],
    "unus-sed-leo": [
        5.923810812706364,
        5.924793027850309
    ],
    "multi-collateral-dai": [
        1.0001541775823066,
        1.000069113199768
    ],
    "ethereum-classic": [
        29.387441989129655,
        29.460698955719895,
        29.423851669313404
    ],
    "aptos": [
        9.256113877860022,
        9.250221423102124,
        9.217553061896295
    ],
    "render": [
        10.391828669722003,
        10.410715384427888,
        10.414324455510663
    ],
    "hedera": [
        0.10151646677169794,
        0.10152284579962603,
        0.10130283045494255
    ],
    "kaspa": [
        0.17324202593031615,
        0.17303412048779207,
        0.17452518814788182
    ],
    "dogwifhat": [
        3.2894769455028765,
        3.2930499210242856,
        3.2741305540233108
    ],
    "cosmos": [
        8.599890772550548,
        8.607086420319789,
        8.622591119426854
    ],
    "immutable-x": [
        2.2466009591669946,
        2.252485932094901,
        2.2519283353769524
    ],
    "filecoin": [
        6.385399262330443,
        6.4009074088148825,
        6.395017288220719
    ],
    "arbitrum": [
        1.09928666292476,
        1.1023460012888682,
        1.0982529339025604
    ],
    "mantle": [
        1.0213495336577503,
        1.0218170257116304,
        1.019568124338765
    ],
    "stellar": [
        0.10637694532047354,
        0.10641589153706202,
        0.10645963578147616
    ],
    "cronos": [
        0.11601235540623522,
        0.11594089459130481,
        0.11650977788639269
    ],
    "monero": [
        173.30041754368588,
        173.24416349286682,
        170.59477671853085
    ],
    "stacks": [
        2.474106905127441,
        2.4817223442050578,
        2.489700218759116
    ],
    "the-graph": [
        0.2953542870997092,
        0.29569934405191806,
        0.29506180111929525
    ],
    "bttc-bittorrent-chain": [
        1.17195930667895e-06,
        1.17431580435972e-06,
        1.17630810057765e-06
    ],
    "cheelee-cheelee": [
        21.21861550279229,
        21.263872401682917,
        21.403628556862174
    ],
    "VET": [
        0.0342648619606039,
        0.0341757644980644
    ],
    "STX": [
        1.96018090681332,
        1.94312681136669
    ],
    "FLR": [
        0.0280572218861115,
        0.0280389009629798
    ],
    "XMR": [
        155.295737980525,
        155.188147347795
    ],
    "SAGA": [
        2.827609212773917,
        2.81039661314113
    ],
    "AR": [
        43.18042703963509,
        42.9957677008812
    ],
    "ZETA": [
        1.24240267283791,
        1.24570613429196,
        1.24690898829529
    ],
    "BGB": [
        1.2225,
        1.2225,
        1.2225
    ],
    "FLOKI": [
        0.00026691,
        0.00026701,
        0.00025869
    ],
    "ENS": [
        24.232567469368,
        24.2007319986823,
        24.4546814933062
    ],
    "PIXEL": [
        0.49774,
        0.49583,
        0.49205
    ],
    "FTM": [
        0.806479533698492,
        0.803021610310486,
        0.803688396269601
    ],
    "INJ": [
        25.8086457389147,
        25.7996455630143,
        25.9201593958232
    ],
    "MKR": [
        2610.615735805745,
        2606.912244285069,
        2602.61935743211
    ],
    "ARKM": [
        2.626743482716449,
        2.628414754078233,
        2.629537862114028
    ],
    "RUNE": [
        6.17321487917282,
        6.17337478715349,
        6.19039315563686
    ],
    "FET": [
        2.03515850403692,
        2.03136329078659,
        2.02557459132641
    ],
    "qnt-quant": [
        90.01745116444427,
        90.14636220059849,
        90.05707853204696
    ],
    "wld-worldcoin": [
        4.915340072815814,
        4.918111224027029,
        4.908078249772882
    ],
    "akt-akash-network": [
        4.46247469503889,
        4.468671151757989,
        4.481849610934028
    ],
    "neo-neo": [
        15.22377159528627,
        15.199254340327672,
        15.204210617447679
    ],
    "egld-elrond": [
        39.58188815445002,
        39.70992645991401,
        39.5915143189807
    ],
    "ron-ronin-token": [
        3.07049825921565,
        3.074130949181038,
        3.0824610771081375
    ],
    "sand-the-sandbox": [
        0.47241050669180484,
        0.4725084415596103,
        0.4708748504411146
    ],
    "wbnb-wrapped-bnb": [
        703.864323272094,
        703.909648633444,
        704.5801195838493
    ],
    "rbn-ribbon-finance": [
        0.9885661800071454,
        0.9879724354960426,
        0.980782160787907
    ],
    "ordi-ordinals": [
        61.448234644197434,
        61.483053657553924,
        61.81069049734637
    ],
    "mina-mina-protocol": [
        0.8635259655055719,
        0.8662159698353018,
        0.8614334825988427
    ],
    "kcs-kucoin-token": [
        10.391526833788193,
        10.388702298994936,
        10.42755550061166
    ],
    "pendle-pendle": [
        5.920309844791598,
        5.9140184541053245,
        5.911927372558721
    ],
    "xtz-tezos": [
        0.9504435207398888,
        0.9495353575472504,
        0.9496249784213848
    ],
    "sei-sei": [
        0.547337467767932,
        0.5480158110691745,
        0.5491051745780711
    ],
    "xec-ecash": [
        4.754539294144785e-05,
        4.761170112856403e-05,
        4.756578169286588e-05
    ],
    "msol-marinade-staked-sol": [
        204.89953595703855,
        204.9145373971152,
        205.05448950733236
    ],
    "cfx-conflux-network": [
        0.23093837274382295,
        0.23033035473457364,
        0.22918696759996754
    ],
    "matic-network": [
        0.718322,
        0.719065,
        0.717691
    ],
    "pepe": [
        1.432e-05,
        1.437e-05,
        1.426e-05
    ],
    "litecoin": [
        84.16,
        84.37,
        84.32
    ],
    "leo-token": [
        5.99,
        5.99,
        5.99
    ],
    "okb": [
        49.901875906147545,
        49.91830168159808,
        49.96201111923747
    ],
    "first-digital-usd": [
        1.0012455153047932,
        1.0012834510471973,
        1.001315803745966
    ],
    "arweave": [
        42.05943306966004,
        42.13285960849484,
        41.97481748517773
    ],
    "optimism-ethereum": [
        2.5306285024373736,
        2.5340711371306295,
        2.5196961447652297
    ],
    "bittensor": [
        428.9372576783778,
        429.9672151602251,
        426.28996756176485
    ],