{
    "bitcoin": [
        70991,
        71180,
        71180
    ],
    "ethereum": [
        3808.27,
        3808.77,
        3808.77
    ],
    "tether": [
        1.0,
        1.002,
        1.002
    ],
    "binancecoin": [
        698.92,
        698.53,
        698.53
    ],
    "solana": [
        172.69,
        172.93,
        172.93
    ],
    "staked-ether": [
        3807.47,
        3806.99,
        3806.99
    ],
    "usd-coin": [
        1.0,
        1.0,
        1.0
    ],
    "ripple": [
        0.52514,
        0.525786,
        0.525786
    ],
    "dogecoin": [
        0.16307,
        0.163137,
        0.163137
    ],
    "the-open-network": [
        7.52,
        7.51,
        7.51
    ],
    "cardano": [
        0.462144,
        0.4618,
        0.4618
    ],
    "shiba-inu": [
        2.568e-05,
        2.587e-05,
        2.587e-05
    ],
    "avalanche-2": [
        36.28,
        36.3,
        36.3
    ],
    "wrapped-bitcoin": [
        71034,
        71177,
        71177
    ],
    "chainlink": [
        17.82,
        17.88,
        17.88
    ],
    "tron": [
        0.114606,
        0.114653,
        0.114653
    ],
    "polkadot": [
        7.21,
        7.22,
        7.22
    ],
    "bitcoin-cash": [
        480.32,
        481.3,
        481.3
    ],
    "near": [
        7.56,
        7.56,
        7.56
    ],
    "uniswap": [
        11.25,
        11.19,
        11.19
    ],
    "internet-computer": [
        12.37,
        12.37,
        12.37
    ],
    "unus-sed-leo": [
        5.923810812706364,
        5.924793027850309
    ],
    "multi-collateral-dai": [
        1.0001541775823066,
        1.000069113199768
    ],
    "ethereum-classic": [
        28.245398257432665,
        28.209715278628575,
        28.280479846943802
    ],
    "aptos": [
        9.214033662598288,
        9.225925343774495,
        9.210173425551515
    ],
    "render": [
        10.465452995910866,
        10.48978837761635,
        10.501402816484626
    ],
    "hedera": [
        0.10252611004036781,
        0.102579468260027,
        0.10250367316864455
    ],
    "kaspa": [
        0.17641620819252848,
        0.1758321142133626,
        0.17623661899019955
    ],
    "dogwifhat": [
        3.4749175335953164,
        3.484392701660358,
        3.489441563676216
    ],
    "cosmos": [
        8.528812038566175,
        8.534058732684688,
        8.525035254328932
    ],
    "immutable-x": [
        2.3160599097477395,
        2.3132895865312726,
        2.3096573877785467
    ],
    "filecoin": [
        5.98126133416494,
        5.988989060102794,
        5.980269150089974
    ],
    "arbitrum": [
        1.112599564409138,
        1.1143415513740433,
        1.1131337659331868
    ],
    "mantle": [
        0.9684150809491779,
        0.9686838343597621,
        0.9705177539021582
    ],
    "stellar": [
        0.10639032241961353,
        0.10653228638548431,
        0.10648558021146404
    ],
    "cronos": [
        0.11276500138286176,
        0.11269774584962583,
        0.11278843985690393
    ],
    "monero": [
        160.45456836616592,
        160.42095082413857,
        160.34999877554824
    ],
    "stacks": [
        2.22600598941402,
        2.2078203980858113,
        2.21042428881677
    ],
    "the-graph": [
        0.2997560253403564,
        0.2999175130780532,
        0.2996919321770646
    ],
    "bttc-bittorrent-chain": [
        1.1649062137162e-06,
        1.16709728122719e-06,
        1.16616269890025e-06
    ],
    "cheelee-cheelee": [
        20.81773050418714,
        20.83431600761767,
        20.851425924859285
    ],
    "VET": [
        0.0342648619606039,
        0.0341757644980644
    ],
    "STX": [
        1.96018090681332,
        1.94312681136669
    ],
    "FLR": [
        0.0280572218861115,
        0.0280389009629798
    ],
    "XMR": [
        155.295737980525,
        155.188147347795
    ],
    "SAGA": [
        2.827609212773917,
        2.81039661314113
    ],
    "AR": [
        43.18042703963509,
        42.9957677008812
    ],
    "ZETA": [
        1.34315063641458,
        1.33600332024875
    ],
    "BGB": [
        1.3705,
        1.3705
    ],
    "FLOKI": [
        0.00026691,
        0.00026701,
        0.00025869
    ],
    "ENS": [
        25.0495732285718,
        24.9332990110259,
        24.9516203469821
    ],
    "PIXEL": [
        0.48554,
        0.48324,
        0.48423
    ],
    "FTM": [
        0.81494311061099,
        0.810825200275531,
        0.810846650526059
    ],
    "INJ": [
        25.3725735907198,
        25.7797290311593,
        25.7809410694839
    ],
    "MKR": [
        2618.19713759826,
        2621.10444575862,
        2615.17302339551
    ],
    "ARKM": [
        2.4701,
        2.4832,
        2.4884
    ],
    "RUNE": [
        6.24844739593791,
        6.30174193376398,
        6.25681918759905
    ],
    "FET": [
        2.17903711755205,
        2.17623004931696,
        2.1727744158505
    ],
    "qnt-quant": [
        90.98287380794203,
        91.1304908487642,
        91.14099577741959
    ],
    "wld-worldcoin": [
        4.815543408795733,
        4.830264569940849,
        4.837747654478706
    ],
    "akt-akash-network": [
        4.448841199892692,
        4.455607911626583,
        4.455552221751301
    ],
    "neo-neo": [
        15.073314383117266,
        15.10147371438063,
        15.074752862532662
    ],
    "egld-elrond": [
        39.377664434296534,
        39.33042331515701,
        39.202386661654515
    ],
    "ron-ronin-token": [
        3.0941919412749272,
        3.0999482464530956,
        3.0936372384708495
    ],
    "sand-the-sandbox": [
        0.46289844425913573,
        0.4629127726246674,
        0.4617513876332568
    ],
    "wbnb-wrapped-bnb": [
        700.277180004553,
        697.2107409952041,
        697.5296928160539
    ],
    "rbn-ribbon-finance": [
        0.9885661800071454,
        0.9879724354960426,
        0.980782160787907
    ],
    "ordi-ordinals": [
        54.56014595214204,
        54.72187955390328,
        54.72624087914653
    ],
    "mina-mina-protocol": [
        0.8551062375325085,
        0.8559127460489058,
        0.8548300234842974
    ],
    "kcs-kucoin-token": [
        10.092678724365257,
        10.101092243088964,
        10.105002441934307
    ],
    "pendle-pendle": [
        6.0667887304634975,
        6.08109213473963,
        6.0681678565193
    ],
    "xtz-tezos": [
        0.9484336792065414,
        0.950227251980227,
        0.9492372636468984
    ],
    "sei-sei": [
        0.5221334254495608,
        0.5226165592508472,
        0.5227066020791136
    ],
    "xec-ecash": [
        4.732974165641584e-05,
        4.739883154026029e-05,
        4.734140397246664e-05
    ],
    "msol-marinade-staked-sol": [
        205.81195805795795,
        206.04356018957043,
        205.77496886584072
    ],
    "cfx-conflux-network": [
        0.2212985412578897,
        0.2216218147611572,
        0.2294484355944873
    ],
    "matic-network": [
        0.716437,
        0.715657,
        0.715657
    ],
    "pepe": [
        1.453e-05,
        1.449e-05,
        1.449e-05
    ],
    "litecoin": [
        83.84,
        83.93,
        83.93
    ],
    "leo-token": [
        5.96,
        5.96,
        5.96
    ],
    "okb": [
        49.309434140828365,
        49.29833630428861,
        49.34391057926922
    ],
    "first-digital-usd": [
        1.0004453071330095,
        0.9999051229766784,
        0.9997094952327008
    ],
    "arweave": [
        45.490477677145485,
        45.47807100237473,
        45.56188065341681
    ],
    "optimism-ethereum": [
        2.485393411495868,
        2.4864260221357193,
        2.4858005740182927
    ],
    "bittensor": [
        404.94684131080487,
        405.4369564762072,
        404.73113329191705
    ],
    "floki-inu": [
        0.0003237432864174255,
        0.00032292656313426016,
        0.00032646317298631585
    ],