{
    "bitcoin": [
        69093,
        69310,
        69310
    ],
    "ethereum": [
        3686.06,
        3697.76,
        3697.76
    ],
    "tether": [
        0.999168,
        0.99978,
        0.99978
    ],
    "binancecoin": [
        679.58,
        683.65,
        683.65
    ],
    "solana": [
        162.35,
        162.9,
        162.9
    ],
    "staked-ether": [
        3689.37,
        3694.29,
        3694.29
    ],
    "usd-coin": [
        1.001,
        1.001,
        1.001
    ],
    "ripple": [
        0.491667,
        0.493472,
        0.493472
    ],
    "dogecoin": [
        0.147552,
        0.148454,
        0.148454
    ],
    "the-open-network": [
        7.21,
        7.23,
        7.23
    ],
    "cardano": [
        0.448258,
        0.450242,
        0.450242
    ],
    "shiba-inu": [
        2.343e-05,
        2.367e-05,
        2.367e-05
    ],
    "avalanche-2": [
        33.32,
        33.6,
        33.6
    ],
    "wrapped-bitcoin": [
        69153,
        69342,
        69342
    ],
    "chainlink": [
        16.34,
        16.39,
        16.39
    ],
    "tron": [
        0.112833,
        0.112833,
        0.112833
    ],
    "polkadot": [
        6.58,
        6.6,
        6.6
    ],
    "bitcoin-cash": [
        480.67,
        484.17,
        484.17
    ],
    "near": [
        6.73,
        6.73,
        6.73
    ],
    "uniswap": [
        9.81,
        9.84,
        9.84
    ],
    "internet-computer": [
        11.53,
        11.54,
        11.54
    ],
    "unus-sed-leo": [
        5.923810812706364,
        5.924793027850309
    ],
    "multi-collateral-dai": [
        1.0001541775823066,
        1.000069113199768
    ],
    "ethereum-classic": [
        26.571766666494675,
        26.635876915691053,
        26.65296384300906
    ],
    "aptos": [
        8.509396426049266,
        8.549628026526074,
        8.553688863337038
    ],
    "render": [
        9.479524099129812,
        9.514392912040062,
        9.523840598003112
    ],
    "hedera": [
        0.09330009464893149,
        0.09352759331721486,
        0.09363690359573379
    ],
    "kaspa": [
        0.162963585709615,
        0.16254817953939438,
        0.1648319286681705
    ],
    "dogwifhat": [
        2.8477868527873764,
        2.844347071244873,
        2.8390961045832466
    ],
    "cosmos": [
        8.038746012933473,
        8.046351741088836,
        8.05101457727421
    ],
    "immutable-x": [
        2.1112580253474333,
        2.1173589382313436,
        2.117914899781905
    ],
    "filecoin": [
        6.049222334589148,
        6.074613230495118,
        6.104904813387295
    ],
    "arbitrum": [
        0.9713977075499853,
        0.9784518112183598,
        0.9814493375434177
    ],
    "mantle": [
        0.9549913453488486,
        0.9580056651929506,
        0.9594874452706421
    ],
    "stellar": [
        0.09917298852131498,
        0.09924255459231748,
        0.099291023357527
    ],
    "cronos": [
        0.11152132881533712,
        0.11150133139301924,
        0.11177240199259565
    ],
    "monero": [
        161.16564945331595,
        161.0053435802214,
        160.24875847492146
    ],
    "stacks": [
        2.1918210203623034,
        2.184262014038883,
        2.1915775669505027
    ],
    "the-graph": [
        0.27108674197664057,
        0.27178918040182604,
        0.2719750177262502
    ],
    "bttc-bittorrent-chain": [
        1.12220373935071e-06,
        1.12232294341244e-06,
        1.11918674960888e-06
    ],
    "cheelee-cheelee": [
        20.69721547592717,
        20.70599415782601,
        20.73897585815131
    ],
    "VET": [
        0.0342648619606039,
        0.0341757644980644
    ],
    "STX": [
        1.96018090681332,
        1.94312681136669
    ],
    "FLR": [
        0.0280572218861115,
        0.0280389009629798
    ],
    "XMR": [
        155.295737980525,
        155.188147347795
    ],
    "SAGA": [
        2.827609212773917,
        2.81039661314113
    ],
    "AR": [
        43.18042703963509,
        42.9957677008812
    ],
    "ZETA": [
        1.11005934343439,
        1.11698886903034,
        1.1142736398709
    ],
    "BGB": [
        1.1906,
        1.1906,
        1.1906
    ],
    "FLOKI": [
        0.00026691,
        0.00026701,
        0.00025869
    ],
    "ENS": [
        21.9888875268595,
        22.027455728986,
        21.9501173807149
    ],
    "PIXEL": [
        0.43471,
        0.43806,
        0.43595
    ],
    "FTM": [
        0.717139011226608,
        0.719422857395857,
        0.71823877505463
    ],
    "INJ": [
        25.8086457389147,
        25.7996455630143,
        25.9201593958232
    ],
    "MKR": [
        2594.894715936144,
        2596.414635467978,
        2594.250306521202
    ],
    "ARKM": [
        2.626743482716449,
        2.628414754078233,
        2.629537862114028
    ],
    "RUNE": [
        5.61600104820845,
        5.61738099517538,
        5.63448366894316
    ],
    "FET": [
        1.80999171978396,
        1.82607444761184,
        1.81890065936045
    ],
    "qnt-quant": [
        85.94577603655239,
        86.30822762204583,
        86.78048072005376
    ],
    "wld-worldcoin": [
        4.312193363963867,
        4.3211006991843215,
        4.333301399052965
    ],
    "akt-akash-network": [
        4.203458294709231,
        4.211807777449449,
        4.241271343306032
    ],
    "neo-neo": [
        13.916335591775843,
        14.088632908208893,
        14.178215200428513
    ],
    "egld-elrond": [
        36.43639663223205,
        36.52968169951249,
        36.59168798131776
    ],
    "ron-ronin-token": [
        2.9195590039133243,
        2.929877629934892,
        2.926947496464253
    ],
    "sand-the-sandbox": [
        0.43260043933215575,
        0.43458521339971207,
        0.43631490796908434
    ],
    "wbnb-wrapped-bnb": [
        679.8227530510605,
        681.7815853154098,
        683.0467362213693
    ],
    "rbn-ribbon-finance": [
        0.9885661800071454,
        0.9879724354960426,
        0.980782160787907
    ],
    "ordi-ordinals": [
        62.09291343912357,
        62.099473141626135,
        62.26669803898842
    ],
    "mina-mina-protocol": [
        0.7981568899510866,
        0.7989129086213784,
        0.8003916270749735
    ],
    "kcs-kucoin-token": [
        10.294675862778343,
        10.305256126763743,
        10.291000481243264
    ],
    "pendle-pendle": [
        5.920309844791598,
        5.9140184541053245,
        5.911927372558721
    ],
    "xtz-tezos": [
        0.8733718748872012,
        0.8739266570445304,
        0.8740424871034952
    ],
    "sei-sei": [
        0.5069023321626253,
        0.5059905181350264,
        0.5077078033066347
    ],
    "xec-ecash": [
        4.322988153236567e-05,
        4.331286941114876e-05,
        4.347195250040832e-05
    ],
    "msol-marinade-staked-sol": [
        193.93004566912686,
        194.25806200814836,
        194.15205421080196
    ],
    "cfx-conflux-network": [
        0.2272375731725614,
        0.2272375731725614,
        0.22709059873310986
    ],
    "matic-network": [
        0.662428,
        0.66402,
        0.66402
    ],
    "pepe": [
        1.376e-05,
        1.291e-05,
        1.291e-05
    ],
    "litecoin": [
        79.22,
        79.63,
        79.63
    ],
    "leo-token": [
        6.03,
        6.03,
        6.03
    ],
    "okb": [
        48.3192299122888,
        48.27951101334709,
        48.26745772298452
    ],
    "first-digital-usd": [
        0.9998548858700186,
        1.0001518398437481,
        1.0010822763115848
    ],
    "arweave": [
        38.881664418067984,
        38.90262141518071,
        38.79070420628637
    ],
    "optimism-ethereum": [
        2.2347227130038783,
        2.2452829035143056,
        2.2525899632876976
    ],
    "bittensor": [
        394.34755164909984,
        393.96229120353115,
        393.0980780764741
    ],