{
    "bitcoin": [
        71162,
        71162,
        71065
    ],
    "ethereum": [
        3813.78,
        3813.78,
        3808.66
    ],
    "tether": [
        0.99975,
        0.99975,
        0.999305
    ],
    "binancecoin": [
        699.02,
        699.02,
        700.31
    ],
    "solana": [
        171.95,
        171.95,
        172.04
    ],
    "staked-ether": [
        3811.23,
        3811.23,
        3807.36
    ],
    "usd-coin": [
        1.0,
        1.0,
        0.999658
    ],
    "ripple": [
        0.524085,
        0.524085,
        0.523879
    ],
    "dogecoin": [
        0.161144,
        0.161144,
        0.160926
    ],
    "the-open-network": [
        7.52,
        7.52,
        7.5
    ],
    "cardano": [
        0.463821,
        0.463821,
        0.463806
    ],
    "shiba-inu": [
        2.53e-05,
        2.53e-05,
        2.525e-05
    ],
    "avalanche-2": [
        36.02,
        36.02,
        35.99
    ],
    "wrapped-bitcoin": [
        71177,
        71177,
        71131
    ],
    "chainlink": [
        17.47,
        17.47,
        17.48
    ],
    "tron": [
        0.114156,
        0.114156,
        0.114112
    ],
    "polkadot": [
        7.15,
        7.15,
        7.14
    ],
    "bitcoin-cash": [
        512.0,
        512.0,
        512.2
    ],
    "near": [
        7.43,
        7.43,
        7.42
    ],
    "uniswap": [
        10.68,
        10.68,
        10.65
    ],
    "internet-computer": [
        12.08,
        12.08,
        12.07
    ],
    "unus-sed-leo": [
        5.923810812706364,
        5.924793027850309
    ],
    "multi-collateral-dai": [
        1.0001541775823066,
        1.000069113199768
    ],
    "ethereum-classic": [
        29.387441989129655,
        29.460698955719895,
        29.423851669313404
    ],
    "aptos": [
        9.158818381870349,
        9.15154400974828,
        9.155421879661127
    ],
    "render": [
        10.408312209671617,
        10.4059655435626,
        10.412375178959447
    ],
    "hedera": [
        0.10101466209092283,
        0.10108095115069114,
        0.10107604749384648
    ],
    "kaspa": [
        0.17583395014859327,
        0.1752074590203612,
        0.17452793072963202
    ],
    "dogwifhat": [
        3.3078853646196795,
        3.3068719780970435,
        3.3107986788781716
    ],
    "cosmos": [
        8.648285044013353,
        8.63837503786276,
        8.633141059497891
    ],
    "immutable-x": [
        2.247773745252771,
        2.2398333956872873,
        2.239504821266791
    ],
    "filecoin": [
        6.001892264285728,
        5.998981298828447,
        6.005320495046171
    ],
    "arbitrum": [
        1.0920601192907946,
        1.092765372498978,
        1.093083947407582
    ],
    "mantle": [
        1.0204654987879536,
        1.0192022708075934,
        1.0189913768419563
    ],
    "stellar": [
        0.10558157776479414,
        0.10552804105358929,
        0.10552508071845434
    ],
    "cronos": [
        0.11495706653504667,
        0.11508650768132109,
        0.11508866560865089
    ],
    "monero": [
        172.98977715490298,
        173.1674266580223,
        173.00934314878802
    ],
    "stacks": [
        2.3944106804614393,
        2.3908115525165363,
        2.3842884423649915
    ],
    "the-graph": [
        0.294199187613218,
        0.2941868442223485,
        0.2944067267275025
    ],
    "bttc-bittorrent-chain": [
        1.16168507606012e-06,
        1.16348242197565e-06,
        1.16369554223066e-06
    ],
    "cheelee-cheelee": [
        21.121666493917367,
        21.035445065897964,
        20.99985051088823
    ],
    "VET": [
        0.0342648619606039,
        0.0341757644980644
    ],
    "STX": [
        1.96018090681332,
        1.94312681136669
    ],
    "FLR": [
        0.0280572218861115,
        0.0280389009629798
    ],
    "XMR": [
        155.295737980525,
        155.188147347795
    ],
    "SAGA": [
        2.827609212773917,
        2.81039661314113
    ],
    "AR": [
        43.18042703963509,
        42.9957677008812
    ],
    "ZETA": [
        1.22988208366352,
        1.23250889339322,
        1.23341199405814
    ],
    "BGB": [
        1.2225,
        1.2225,
        1.2225
    ],
    "FLOKI": [
        0.00026691,
        0.00026701,
        0.00025869
    ],
    "ENS": [
        23.9400177808047,
        23.888916030991,
        23.8892199440216
    ],
    "PIXEL": [
        0.50398,
        0.50684,
        0.50385
    ],
    "FTM": [
        0.806479533698492,
        0.803021610310486,
        0.803688396269601
    ],
    "INJ": [
        25.8086457389147,
        25.7996455630143,
        25.9201593958232
    ],
    "MKR": [
        2604.633844654313,
        2600.420979439572,
        2602.260456051735
    ],
    "ARKM": [
        2.626743482716449,
        2.628414754078233,
        2.629537862114028
    ],
    "RUNE": [
        6.12959936639942,
        6.15329364534661,
        6.15351318044026
    ],
    "FET": [
        2.0394711528668,
        2.04111606658492,
        2.0435760372127
    ],
    "qnt-quant": [
        90.24898244436777,
        90.47220116982092,
        90.23268236836691
    ],
    "wld-worldcoin": [
        4.945582078500099,
        4.943223619779606,
        4.945535640663785
    ],
    "akt-akash-network": [
        4.523033619808569,
        4.526786603082844,
        4.527408539828725
    ],
    "neo-neo": [
        15.118668535839195,
        15.120634166018238,
        15.13596736520227
    ],
    "egld-elrond": [
        39.17630776781773,
        39.07762540337463,
        39.084094325059134
    ],
    "ron-ronin-token": [
        3.0691321312918487,
        3.0711904422065666,
        3.0698059803786855
    ],
    "sand-the-sandbox": [
        0.4698294842155868,
        0.4693773714276032,
        0.46977480173729674
    ],
    "wbnb-wrapped-bnb": [
        699.1210459488041,
        699.4787233950509,
        700.5871237348672
    ],
    "rbn-ribbon-finance": [
        0.9885661800071454,
        0.9879724354960426,
        0.980782160787907
    ],
    "ordi-ordinals": [
        61.33382380491155,
        61.15798061944269,
        61.158413200719906
    ],
    "mina-mina-protocol": [
        0.8550527785772487,
        0.856560440177635,
        0.8564107197597718
    ],
    "kcs-kucoin-token": [
        10.37292367562674,
        10.394480692148676,
        10.374146482812915
    ],
    "pendle-pendle": [
        5.954069412850565,
        5.945831171348034,
        5.941953618158936
    ],
    "xtz-tezos": [
        0.9450842343378044,
        0.942779189730406,
        0.941879733328482
    ],
    "sei-sei": [
        0.5415714449396389,
        0.5401241664971195,
        0.5406387858958625
    ],
    "xec-ecash": [
        4.691518053202566e-05,
        4.684380703103741e-05,
        4.686610427146972e-05
    ],
    "msol-marinade-staked-sol": [
        205.0630113632205,
        205.16451555918883,
        205.3388225911924
    ],
    "cfx-conflux-network": [
        0.2298981037367479,
        0.23026465583392797,
        0.22991485582666316
    ],
    "matic-network": [
        0.715929,
        0.715929,
        0.714835
    ],
    "pepe": [
        1.442e-05,
        1.442e-05,
        1.441e-05
    ],
    "litecoin": [
        84.08,
        84.08,
        83.91
    ],
    "leo-token": [
        5.99,
        5.99,
        5.99
    ],
    "okb": [
        49.40397357564624,
        49.39307102962946,
        49.37303143484806
    ],
    "first-digital-usd": [
        1.0013627443674527,
        1.0011398644408374,
        1.0008414166807813
    ],
    "arweave": [
        42.29382841095338,
        42.1869771454882,
        42.220151872695205
    ],
    "optimism-ethereum": [
        2.500631918282237,
        2.500565174946681,
        2.50068007845701
    ],
    "bittensor": [
        430.09285709233984,
        431.62396972501205,
        431.1180163169719
    ],