{
    "bitcoin": [
        68819,
        68920,
        69036
    ],
    "ethereum": [
        3758.37,
        3762.29,
        3759.78
    ],
    "tether": [
        0.999493,
        0.999965,
        1.001
    ],
    "binancecoin": [
        645.16,
        646.14,
        646.2
    ],
    "solana": [
        165.12,
        165.34,
        165.7
    ],
    "staked-ether": [
        3757.96,
        3761.28,
        3757.43
    ],
    "usd-coin": [
        0.999232,
        1.0,
        1.0
    ],
    "ripple": [
        0.521568,
        0.522602,
        0.523265
    ],
    "dogecoin": [
        0.158015,
        0.15819,
        0.158787
    ],
    "the-open-network": [
        6.89,
        6.9,
        6.88
    ],
    "cardano": [
        0.455016,
        0.455853,
        0.45592
    ],
    "shiba-inu": [
        2.384e-05,
        2.382e-05,
        2.38e-05
    ],
    "avalanche-2": [
        34.72,
        34.8,
        34.9
    ],
    "wrapped-bitcoin": [
        68898,
        68933,
        69008
    ],
    "chainlink": [
        17.61,
        17.63,
        17.67
    ],
    "tron": [
        0.113525,
        0.113672,
        0.113752
    ],
    "polkadot": [
        6.99,
        7.0,
        7.01
    ],
    "bitcoin-cash": [
        465.62,
        466.95,
        467.54
    ],
    "near": [
        7.09,
        7.12,
        7.12
    ],
    "uniswap": [
        9.52,
        9.54,
        9.55
    ],
    "internet-computer": [
        12.14,
        12.19,
        12.19
    ],
    "unus-sed-leo": [
        5.923810812706364,
        5.924793027850309
    ],
    "multi-collateral-dai": [
        1.0001541775823066,
        1.000069113199768
    ],
    "ethereum-classic": [
        28.245398257432665,
        28.209715278628575,
        28.280479846943802
    ],
    "aptos": [
        8.781706835507647,
        8.790876065167922,
        8.773095978054108
    ],
    "render": [
        10.171383126296531,
        10.199749959169981,
        10.188615235600539
    ],
    "hedera": [
        0.10037046898182994,
        0.10039787367584806,
        0.10046012657208939
    ],
    "kaspa": [
        0.1721449272310519,
        0.17207893688756745,
        0.17092784993976945
    ],
    "dogwifhat": [
        3.211766053068259,
        3.2103830431141662,
        3.2116997996915133
    ],
    "cosmos": [
        8.343075817100404,
        8.346353057288406,
        8.34467727905343
    ],
    "immutable-x": [
        2.250390589836383,
        2.256962746246181,
        2.251970087643442
    ],
    "filecoin": [
        5.754229394464861,
        5.763375462048388,
        5.761504705810012
    ],
    "arbitrum": [
        1.077036091149268,
        1.0791721457992138,
        1.079468049147879
    ],
    "mantle": [
        0.9563154960691034,
        0.9562215883734569,
        0.9538094910401052
    ],
    "stellar": [
        0.10480476944993321,
        0.1049076316015001,
        0.10497619033515082
    ],
    "cronos": [
        0.10697193012806912,
        0.10685766573673336,
        0.10699804844260803
    ],
    "monero": [
        154.9051519283242,
        154.99558450518524,
        155.00283379097425
    ],
    "stacks": [
        1.9657065276604275,
        1.9679570916049702,
        1.9704143183899598
    ],
    "the-graph": [
        0.29413657228937534,
        0.29475228749274973,
        0.2949014819502964
    ],
    "bttc-bittorrent-chain": [
        1.13272053244538e-06,
        1.13542603271592e-06,
        1.13565173044118e-06
    ],
    "cheelee-cheelee": [
        20.38853575602991,
        20.41649044127461,
        20.361520171418814
    ],
    "VET": [
        0.0342648619606039,
        0.0341757644980644
    ],
    "STX": [
        1.96018090681332,
        1.94312681136669
    ],
    "FLR": [
        0.0280572218861115,
        0.0280389009629798
    ],
    "XMR": [
        155.295737980525,
        155.188147347795
    ],
    "SAGA": [
        2.827609212773917,
        2.81039661314113
    ],
    "AR": [
        43.18042703963509,
        42.9957677008812
    ],
    "ZETA": [
        1.34315063641458,
        1.33600332024875
    ],
    "BGB": [
        1.3705,
        1.3705
    ],
    "FLOKI": [
        0.00026691,
        0.00026701,
        0.00025869
    ],
    "ENS": [
        24.8623304296531,
        24.9404877610928,
        24.9684913089807
    ],
    "PIXEL": [
        0.49598,
        0.49411,
        0.49479
    ],
    "FTM": [
        0.81494311061099,
        0.810825200275531,
        0.810846650526059
    ],
    "INJ": [
        24.462944233804,
        24.4987186056342,
        24.3926253078018
    ],
    "MKR": [
        2565.97797413587,
        2566.42637836626,
        2563.49943562424
    ],
    "ARKM": [
        2.4701,
        2.4832,
        2.4884
    ],
    "RUNE": [
        6.05244118955545,
        6.05343901608717,
        6.06121632428645
    ],
    "FET": [
        2.09878432724091,
        2.10146893808184,
        2.10038019906281
    ],
    "qnt-quant": [
        90.31213799897066,
        90.25150957893233,
        90.19217715724868
    ],
    "wld-worldcoin": [
        4.722492862709296,
        4.721309940339221,
        4.729014891300257
    ],
    "akt-akash-network": [
        4.309555193738769,
        4.311731685133924,
        4.316666680568788
    ],
    "neo-neo": [
        14.71475183236144,
        14.746280232720412,
        14.771734893629379
    ],
    "egld-elrond": [
        38.904970781041975,
        38.9492864714849,
        39.08152849881705
    ],
    "ron-ronin-token": [
        3.1000018158619698,
        3.10781534687575,
        3.099449164440644
    ],
    "sand-the-sandbox": [
        0.4497095365761502,
        0.4502129565424987,
        0.450947251213524
    ],
    "wbnb-wrapped-bnb": [
        643.6061609000217,
        645.2722150423606,
        644.4087744762239
    ],
    "rbn-ribbon-finance": [
        0.9885661800071454,
        0.9879724354960426,
        0.980782160787907
    ],
    "ordi-ordinals": [
        48.887042915747216,
        48.51982053169907,
        48.6284615300099
    ],
    "mina-mina-protocol": [
        0.8400043998067139,
        0.8396825575157779,
        0.8391587059463669
    ],
    "kcs-kucoin-token": [
        10.042614415891931,
        10.045950017689494,
        10.016316698836933
    ],
    "pendle-pendle": [
        6.088975978888103,
        6.088403114291634,
        6.081518519808249
    ],
    "xtz-tezos": [
        0.9270077745069004,
        0.9297283908336232,
        0.9299395074367616
    ],
    "sei-sei": [
        0.5010247396416436,
        0.5016345653527249,
        0.5014813113268015
    ],
    "xec-ecash": [
        4.547508054936488e-05,
        4.553027088768473e-05,
        4.542610306603191e-05
    ],
    "msol-marinade-staked-sol": [
        196.905841285069,
        197.05240164296993,
        197.1936689373555
    ],
    "cfx-conflux-network": [
        0.21630988698392792,
        0.21613162010731912,
        0.216231647950934
    ],
    "matic-network": [
        0.701862,
        0.703318,
        0.70392
    ],
    "pepe": [
        1.433e-05,
        1.434e-05,
        1.437e-05
    ],
    "litecoin": [
        81.65,
        81.78,
        81.75
    ],
    "leo-token": [
        6.02,
        6.02,
        6.02
    ],
    "okb": [
        47.22318760825211,
        47.237761955628116,
        47.09974542984111
    ],
    "first-digital-usd": [
        0.9999439602522023,
        1.0000037584135433,
        0.9997517283816705
    ],
    "arweave": [
        44.886506354596264,
        45.1252176848935,
        45.12399865680442
    ],
    "optimism-ethereum": [
        2.3954089349103715,
        2.398232343326746,
        2.3925686578795875
    ],
    "bittensor": [
        383.21042200378747,
        383.84468182883415,
        384.5533743306439
    ],