{
    "bitcoin": [
        70376,
        70587,
        70587
    ],
    "ethereum": [
        3805.96,
        3817.38,
        3817.38
    ],
    "tether": [
        1.0,
        1.001,
        1.001
    ],
    "binancecoin": [
        665.87,
        668.53,
        668.53
    ],
    "solana": [
        168.49,
        169.21,
        169.21
    ],
    "staked-ether": [
        3805.27,
        3816.23,
        3816.23
    ],
    "usd-coin": [
        0.999385,
        1.001,
        1.001
    ],
    "ripple": [
        0.526506,
        0.527617,
        0.527617
    ],
    "dogecoin": [
        0.160518,
        0.160976,
        0.160976
    ],
    "the-open-network": [
        7.01,
        7.03,
        7.03
    ],
    "cardano": [
        0.461565,
        0.464406,
        0.464406
    ],
    "shiba-inu": [
        2.438e-05,
        2.449e-05,
        2.449e-05
    ],
    "avalanche-2": [
        35.82,
        35.91,
        35.91
    ],
    "wrapped-bitcoin": [
        70434,
        70565,
        70565
    ],
    "chainlink": [
        17.73,
        17.74,
        17.74
    ],
    "tron": [
        0.114019,
        0.114301,
        0.114301
    ],
    "polkadot": [
        7.15,
        7.18,
        7.18
    ],
    "bitcoin-cash": [
        474.46,
        475.44,
        475.44
    ],
    "near": [
        7.4,
        7.41,
        7.41
    ],
    "uniswap": [
        10.73,
        10.9,
        10.9
    ],
    "internet-computer": [
        12.22,
        12.26,
        12.26
    ],
    "unus-sed-leo": [
        5.923810812706364,
        5.924793027850309
    ],
    "multi-collateral-dai": [
        1.0001541775823066,
        1.000069113199768
    ],
    "ethereum-classic": [
        28.245398257432665,
        28.209715278628575,
        28.280479846943802
    ],
    "aptos": [
        9.145746237600948,
        9.160267766386772,
        9.179585125614306
    ],
    "render": [
        10.329936911823749,
        10.350583256845491,
        10.37073475402009
    ],
    "hedera": [
        0.10201209764057834,
        0.10220161939100253,
        0.10234306984670433
    ],
    "kaspa": [
        0.17884769999034963,
        0.17925730137453766,
        0.17866553129706153
    ],
    "dogwifhat": [
        3.4218178171983293,
        3.4507034940754613,
        3.47341324762419
    ],
    "cosmos": [
        8.494706858741813,
        8.504172403074497,
        8.517920664526132
    ],
    "immutable-x": [
        2.313768578073125,
        2.315772474303889,
        2.3153801179991422
    ],
    "filecoin": [
        5.953671986257168,
        5.978858621823642,
        5.984669650727845
    ],
    "arbitrum": [
        1.1045571652359505,
        1.1072765706485506,
        1.1094046905279902
    ],
    "mantle": [
        0.9697613738516799,
        0.9691107278010777,
        0.9686635695505889
    ],
    "stellar": [
        0.10626909362824755,
        0.10646159118560189,
        0.10646499929268283
    ],
    "cronos": [
        0.10892391689397678,
        0.10913429422352182,
        0.10928771647525898
    ],
    "monero": [
        157.11833915815998,
        156.8670454235911,
        156.9019664714002
    ],
    "stacks": [
        2.087802669330441,
        2.0949472805338747,
        2.0958794994003003
    ],
    "the-graph": [
        0.3004912850682339,
        0.3010294521884369,
        0.30128041933147
    ],
    "bttc-bittorrent-chain": [
        1.1522405701204e-06,
        1.15412137906909e-06,
        1.15396593860381e-06
    ],
    "cheelee-cheelee": [
        20.602535655838267,
        20.628311935729116,
        20.6248695291802
    ],
    "VET": [
        0.0342648619606039,
        0.0341757644980644
    ],
    "STX": [
        1.96018090681332,
        1.94312681136669
    ],
    "FLR": [
        0.0280572218861115,
        0.0280389009629798
    ],
    "XMR": [
        155.295737980525,
        155.188147347795
    ],
    "SAGA": [
        2.827609212773917,
        2.81039661314113
    ],
    "AR": [
        43.18042703963509,
        42.9957677008812
    ],
    "ZETA": [
        1.34315063641458,
        1.33600332024875
    ],
    "BGB": [
        1.3705,
        1.3705
    ],
    "FLOKI": [
        0.00026691,
        0.00026701,
        0.00025869
    ],
    "ENS": [
        25.3585639420972,
        25.2980844141216,
        25.3080588298233
    ],
    "PIXEL": [
        0.49252,
        0.49252,
        0.49185
    ],
    "FTM": [
        0.81494311061099,
        0.810825200275531,
        0.810846650526059
    ],
    "INJ": [
        25.1865809531981,
        25.2534149195004,
        25.2561675681382
    ],
    "MKR": [
        2607.42735825316,
        2605.40682667063,
        2604.68026195994
    ],
    "ARKM": [
        2.4701,
        2.4832,
        2.4884
    ],
    "RUNE": [
        6.17470504592002,
        6.18708032023869,
        6.18316291789175
    ],
    "FET": [
        2.11764324775362,
        2.12210034978549,
        2.12268493553298
    ],
    "qnt-quant": [
        91.05278043581924,
        91.10060635330235,
        91.29710089438817
    ],
    "wld-worldcoin": [
        4.749722134955179,
        4.773272728685602,
        4.779844035373266
    ],
    "akt-akash-network": [
        4.477136940944301,
        4.478944818837796,
        4.489258764427078
    ],
    "neo-neo": [
        14.939866254926413,
        14.94674469956316,
        15.009648561281058
    ],
    "egld-elrond": [
        39.313970648281156,
        39.36846387353822,
        39.46474910605078
    ],
    "ron-ronin-token": [
        3.0852676958815737,
        3.0854853390346757,
        3.088631648684409
    ],
    "sand-the-sandbox": [
        0.45966849270063737,
        0.4605833532000375,
        0.4622665789425848
    ],
    "wbnb-wrapped-bnb": [
        665.5184031381461,
        666.9330409382537,
        668.3185426892585
    ],
    "rbn-ribbon-finance": [
        0.9885661800071454,
        0.9879724354960426,
        0.980782160787907
    ],
    "ordi-ordinals": [
        53.5175605508087,
        53.783476183330514,
        53.92377477395737
    ],
    "mina-mina-protocol": [
        0.8474564108082439,
        0.8483846355714717,
        0.8514115561795164
    ],
    "kcs-kucoin-token": [
        10.082194717488496,
        10.073271026688497,
        10.097881891052024
    ],
    "pendle-pendle": [
        6.231751505781082,
        6.248438774522822,
        6.249807648873065
    ],
    "xtz-tezos": [
        0.9469476689936822,
        0.94675620170527,
        0.9483189004946379
    ],
    "sei-sei": [
        0.5194538463482334,
        0.5197727860271273,
        0.5210653173131201
    ],
    "xec-ecash": [
        4.643514189876148e-05,
        4.653711122904094e-05,
        4.661432131044427e-05
    ],
    "msol-marinade-staked-sol": [
        200.71579410910596,
        200.86601349261517,
        201.1072400438333
    ],
    "cfx-conflux-network": [
        0.22019812431732982,
        0.22080565559025087,
        0.2212836742468146
    ],
    "matic-network": [
        0.712007,
        0.714346,
        0.714346
    ],
    "pepe": [
        1.441e-05,
        1.444e-05,
        1.444e-05
    ],
    "litecoin": [
        82.76,
        83.05,
        83.05
    ],
    "leo-token": [
        5.95,
        5.95,
        5.95
    ],
    "okb": [
        48.72130178148691,
        48.01632865629815,
        48.06985143126202
    ],
    "first-digital-usd": [
        1.0003761778094309,
        1.0003310470716709,
        1.0000595866609387
    ],
    "arweave": [
        45.8868909744027,
        45.80080477103067,
        45.71053726379475
    ],
    "optimism-ethereum": [
        2.447050636684334,
        2.4519874955035257,
        2.4552341789914607
    ],
    "bittensor": [
        395.48696805152935,
        395.75057351148354,
        395.98816748838334
    ],