{
    "bitcoin": [
        71458,
        71547,
        71547
    ],
    "ethereum": [
        3813.98,
        3823.24,
        3823.24
    ],
    "tether": [
        0.999763,
        0.999459,
        0.999459
    ],
    "binancecoin": [
        701.92,
        703.46,
        703.46
    ],
    "solana": [
        171.35,
        171.79,
        171.79
    ],
    "staked-ether": [
        3813.89,
        3821.67,
        3821.67
    ],
    "usd-coin": [
        1.001,
        1.0,
        1.0
    ],
    "ripple": [
        0.526864,
        0.526868,
        0.526868
    ],
    "dogecoin": [
        0.160256,
        0.160713,
        0.160713
    ],
    "the-open-network": [
        7.5,
        7.5,
        7.5
    ],
    "cardano": [
        0.484902,
        0.48426,
        0.48426
    ],
    "shiba-inu": [
        2.514e-05,
        2.528e-05,
        2.528e-05
    ],
    "avalanche-2": [
        36.07,
        36.19,
        36.19
    ],
    "wrapped-bitcoin": [
        71396,
        71502,
        71502
    ],
    "chainlink": [
        17.56,
        17.57,
        17.57
    ],
    "tron": [
        0.114432,
        0.114546,
        0.114546
    ],
    "polkadot": [
        7.23,
        7.24,
        7.24
    ],
    "bitcoin-cash": [
        514.39,
        515.87,
        515.87
    ],
    "near": [
        7.35,
        7.39,
        7.39
    ],
    "uniswap": [
        10.47,
        10.51,
        10.51
    ],
    "internet-computer": [
        12.81,
        12.94,
        12.94
    ],
    "unus-sed-leo": [
        5.923810812706364,
        5.924793027850309
    ],
    "multi-collateral-dai": [
        1.0001541775823066,
        1.000069113199768
    ],
    "ethereum-classic": [
        29.387441989129655,
        29.460698955719895,
        29.423851669313404
    ],
    "aptos": [
        9.252144861634765,
        9.240439754398794,
        9.256113877860022
    ],
    "render": [
        10.380785450756887,
        10.388771281368806,
        10.391828669722003
    ],
    "hedera": [
        0.10127071488472152,
        0.10140870913602935,
        0.10151646677169794
    ],
    "kaspa": [
        0.17301137014043438,
        0.17316260613568005,
        0.17324202593031615
    ],
    "dogwifhat": [
        3.2673702641393527,
        3.276862210898031,
        3.2894769455028765
    ],
    "cosmos": [
        8.576317029509022,
        8.591168239449393,
        8.599890772550548
    ],
    "immutable-x": [
        2.242351962537532,
        2.2438451099301284,
        2.2466009591669946
    ],
    "filecoin": [
        6.338138005700886,
        6.378530792932975,
        6.385399262330443
    ],
    "arbitrum": [
        1.0967998672164925,
        1.0972503728547283,
        1.09928666292476
    ],
    "mantle": [
        1.0173720586396453,
        1.0190855566957004,
        1.0213495336577503
    ],
    "stellar": [
        0.10623431738894315,
        0.10628790911501891,
        0.10637694532047354
    ],
    "cronos": [
        0.11581611413088586,
        0.11594551990800518,
        0.11601235540623522
    ],
    "monero": [
        172.87532761746496,
        173.2334721001223,
        173.30041754368588
    ],
    "stacks": [
        2.4666216693954506,
        2.4714258501933917,
        2.474106905127441
    ],
    "the-graph": [
        0.2941885446901029,
        0.2946314956670529,
        0.2953542870997092
    ],
    "bttc-bittorrent-chain": [
        1.17276652998888e-06,
        1.17293198418979e-06,
        1.17195930667895e-06
    ],
    "cheelee-cheelee": [
        21.242329927278405,
        21.254001626996963,
        21.21861550279229
    ],
    "VET": [
        0.0342648619606039,
        0.0341757644980644
    ],
    "STX": [
        1.96018090681332,
        1.94312681136669
    ],
    "FLR": [
        0.0280572218861115,
        0.0280389009629798
    ],
    "XMR": [
        155.295737980525,
        155.188147347795
    ],
    "SAGA": [
        2.827609212773917,
        2.81039661314113
    ],
    "AR": [
        43.18042703963509,
        42.9957677008812
    ],
    "ZETA": [
        1.24240267283791,
        1.24570613429196,
        1.24690898829529
    ],
    "BGB": [
        1.2225,
        1.2225,
        1.2225
    ],
    "FLOKI": [
        0.00026691,
        0.00026701,
        0.00025869
    ],
    "ENS": [
        24.0100372712603,
        24.0867731080268,
        24.232567469368
    ],
    "PIXEL": [
        0.49518,
        0.49661,
        0.49774
    ],
    "FTM": [
        0.806479533698492,
        0.803021610310486,
        0.803688396269601
    ],
    "INJ": [
        25.8086457389147,
        25.7996455630143,
        25.9201593958232
    ],
    "MKR": [
        2606.884334328854,
        2610.304806439841,
        2610.615735805745
    ],
    "ARKM": [
        2.626743482716449,
        2.628414754078233,
        2.629537862114028
    ],
    "RUNE": [
        6.17321487917282,
        6.17337478715349,
        6.19039315563686
    ],
    "FET": [
        2.02851658717685,
        2.0354733489792,
        2.03515850403692
    ],
    "qnt-quant": [
        90.00612422093255,
        90.21358258297934,
        90.01745116444427
    ],
    "wld-worldcoin": [
        4.899889793572219,
        4.912273392312382,
        4.915340072815814
    ],
    "akt-akash-network": [
        4.457577997519427,
        4.461396197978305,
        4.46247469503889
    ],
    "neo-neo": [
        15.195026887347433,
        15.195026887347433,
        15.22377159528627
    ],
    "egld-elrond": [
        39.61668959706939,
        39.67207271587895,
        39.58188815445002
    ],
    "ron-ronin-token": [
        3.0616911511850406,
        3.0697522462138505,
        3.07049825921565
    ],
    "sand-the-sandbox": [
        0.4712337656729984,
        0.4722361727874115,
        0.47241050669180484
    ],
    "wbnb-wrapped-bnb": [
        702.5243987864841,
        702.9481827213136,
        703.864323272094
    ],
    "rbn-ribbon-finance": [
        0.9885661800071454,
        0.9879724354960426,
        0.980782160787907
    ],
    "ordi-ordinals": [
        61.448234644197434,
        61.483053657553924,
        61.81069049734637
    ],
    "mina-mina-protocol": [
        0.8616306105514541,
        0.862090602539494,
        0.8635259655055719
    ],
    "kcs-kucoin-token": [
        10.357404924818649,
        10.38406084629855,
        10.391526833788193
    ],
    "pendle-pendle": [
        5.920309844791598,
        5.9140184541053245,
        5.911927372558721
    ],
    "xtz-tezos": [
        0.9458333769845386,
        0.9480996080209859,
        0.9504435207398888
    ],
    "sei-sei": [
        0.5428058687239761,
        0.543357258567289,
        0.547337467767932
    ],
    "xec-ecash": [
        4.728992362658176e-05,
        4.712506719284628e-05,
        4.754539294144785e-05
    ],
    "msol-marinade-staked-sol": [
        204.56432391860167,
        205.19605966583578,
        204.89953595703855
    ],
    "cfx-conflux-network": [
        0.2308241116345619,
        0.23104927738743758,
        0.23093837274382295
    ],
    "matic-network": [
        0.716104,
        0.718322,
        0.718322
    ],
    "pepe": [
        1.426e-05,
        1.432e-05,
        1.432e-05
    ],
    "litecoin": [
        84.17,
        84.16,
        84.16
    ],
    "leo-token": [
        5.99,
        5.99,
        5.99
    ],
    "okb": [
        49.88200098344382,
        49.89791545638422,
        49.901875906147545
    ],
    "first-digital-usd": [
        1.0009148497866331,
        1.0010556656621605,
        1.0012455153047932
    ],
    "arweave": [
        41.87080918381961,
        41.926691658638255,
        42.05943306966004
    ],
    "optimism-ethereum": [
        2.517311552159298,
        2.5230586724910493,
        2.5306285024373736
    ],
    "bittensor": [
        427.12525351488364,
        427.407827334139,
        428.9372576783778
    ],