{
    "bitcoin": [
        71115,
        71075,
        71174
    ],
    "ethereum": [
        3807.77,
        3807.38,
        3811.9
    ],
    "tether": [
        1.001,
        1.001,
        1.0
    ],
    "binancecoin": [
        706.24,
        708.24,
        708.81
    ],
    "solana": [
        174.08,
        173.99,
        174.0
    ],
    "staked-ether": [
        3806.49,
        3805.51,
        3808.83
    ],
    "usd-coin": [
        1.0,
        1.0,
        1.0
    ],
    "ripple": [
        0.526845,
        0.526012,
        0.526682
    ],
    "dogecoin": [
        0.16377,
        0.163987,
        0.164395
    ],
    "the-open-network": [
        7.36,
        7.36,
        7.41
    ],
    "cardano": [
        0.464001,
        0.463151,
        0.463579
    ],
    "shiba-inu": [
        2.579e-05,
        2.578e-05,
        2.574e-05
    ],
    "avalanche-2": [
        36.52,
        36.47,
        36.47
    ],
    "wrapped-bitcoin": [
        71166,
        71063,
        71045
    ],
    "chainlink": [
        18.05,
        18.04,
        18.02
    ],
    "tron": [
        0.113966,
        0.113905,
        0.113933
    ],
    "polkadot": [
        7.27,
        7.26,
        7.26
    ],
    "bitcoin-cash": [
        484.59,
        484.5,
        484.69
    ],
    "near": [
        7.69,
        7.66,
        7.63
    ],
    "uniswap": [
        11.27,
        11.3,
        11.27
    ],
    "internet-computer": [
        12.6,
        12.54,
        12.53
    ],
    "unus-sed-leo": [
        5.923810812706364,
        5.924793027850309
    ],
    "multi-collateral-dai": [
        1.0001541775823066,
        1.000069113199768
    ],
    "ethereum-classic": [
        28.245398257432665,
        28.209715278628575,
        28.280479846943802
    ],
    "aptos": [
        9.306939535781513,
        9.292527985273585,
        9.298746175338653
    ],
    "render": [
        10.685421056550775,
        10.70277628370775,
        10.759953557404552
    ],
    "hedera": [
        0.10366579093457462,
        0.1037555564095685,
        0.10412723213825385
    ],
    "kaspa": [
        0.179810710255697,
        0.180040831945704,
        0.17847126924882356
    ],
    "dogwifhat": [
        3.518147213774767,
        3.511511304604508,
        3.5090024835366043
    ],
    "cosmos": [
        8.57911485061885,
        8.585133513838672,
        8.589069943528193
    ],
    "immutable-x": [
        2.315767212469927,
        2.316956050665535,
        2.31662315104485
    ],
    "filecoin": [
        6.03361276532347,
        6.02808137591766,
        6.0184060393912056
    ],
    "arbitrum": [
        1.1205458161727384,
        1.1219128878707616,
        1.122096884881584
    ],
    "mantle": [
        0.970650285008619,
        0.9710504273214066,
        0.9761354240548359
    ],
    "stellar": [
        0.10670487221970384,
        0.10671138855461201,
        0.10681468341919792
    ],
    "cronos": [
        0.11334512283334985,
        0.11335450639170129,
        0.11336961759376883
    ],
    "monero": [
        160.85690495416898,
        160.84287321896264,
        160.7188996851155
    ],
    "stacks": [
        2.2585059476955207,
        2.2579609496037816,
        2.2638422244844976
    ],
    "the-graph": [
        0.3019025861135742,
        0.30192868506853165,
        0.30271228907626335
    ],
    "bttc-bittorrent-chain": [
        1.16419659459711e-06,
        1.16506473145773e-06,
        1.16330296614158e-06
    ],
    "cheelee-cheelee": [
        20.938187058636842,
        20.94274758817088,
        20.940036799537136
    ],
    "VET": [
        0.0342648619606039,
        0.0341757644980644
    ],
    "STX": [
        1.96018090681332,
        1.94312681136669
    ],
    "FLR": [
        0.0280572218861115,
        0.0280389009629798
    ],
    "XMR": [
        155.295737980525,
        155.188147347795
    ],
    "SAGA": [
        2.827609212773917,
        2.81039661314113
    ],
    "AR": [
        43.18042703963509,
        42.9957677008812
    ],
    "ZETA": [
        1.34315063641458,
        1.33600332024875
    ],
    "BGB": [
        1.3705,
        1.3705
    ],
    "FLOKI": [
        0.00026691,
        0.00026701,
        0.00025869
    ],
    "ENS": [
        25.1086649509154,
        25.1089684737951,
        25.0805693733831
    ],
    "PIXEL": [
        0.49267,
        0.49541,
        0.49347
    ],
    "FTM": [
        0.81494311061099,
        0.810825200275531,
        0.810846650526059
    ],
    "INJ": [
        25.8086457389147,
        25.7996455630143,
        25.9201593958232
    ],
    "MKR": [
        2654.76861700887,
        2657.45779916069,
        2650.60574342053
    ],
    "ARKM": [
        2.4701,
        2.4832,
        2.4884
    ],
    "RUNE": [
        6.30174193376398,
        6.25681918759905,
        6.30179725641171
    ],
    "FET": [
        2.19663617661813,
        2.20345168273401,
        2.20679676305007
    ],
    "qnt-quant": [
        90.54971352917892,
        90.07887855931335,
        90.78860957678137
    ],
    "wld-worldcoin": [
        4.890506537626841,
        4.903946394424739,
        4.940066466746993
    ],
    "akt-akash-network": [
        4.482440824810166,
        4.477857262416182,
        4.47824094262314
    ],
    "neo-neo": [
        15.205829082614862,
        15.19035850299316,
        15.249642864174907
    ],
    "egld-elrond": [
        39.803962832858154,
        39.77424515804898,
        39.8617003445775
    ],
    "ron-ronin-token": [
        3.117059441090663,
        3.1166128206824495,
        3.1235454110378438
    ],
    "sand-the-sandbox": [
        0.468350198716583,
        0.46767898824741055,
        0.46784392937053054
    ],
    "wbnb-wrapped-bnb": [
        704.8590592179763,
        708.0513745148218,
        707.7302623038222
    ],
    "rbn-ribbon-finance": [
        0.9885661800071454,
        0.9879724354960426,
        0.980782160787907
    ],
    "ordi-ordinals": [
        56.32904156593612,
        56.42235173119279,
        57.02440429171765
    ],
    "mina-mina-protocol": [
        0.8630213896719309,
        0.8632316418572288,
        0.8616548112723722
    ],
    "kcs-kucoin-token": [
        10.125976619201712,
        10.134477659457396,
        10.123967315952468
    ],
    "pendle-pendle": [
        6.151336601209198,
        6.142620767075651,
        6.144210953884651
    ],
    "xtz-tezos": [
        0.9532505280455721,
        0.9541297924461734,
        0.9553890250260835
    ],
    "sei-sei": [
        0.527740351954669,
        0.5281274959321021,
        0.5272936160193016
    ],
    "xec-ecash": [
        4.749715471786701e-05,
        4.748780848076443e-05,
        4.756886618399116e-05
    ],
    "msol-marinade-staked-sol": [
        206.94653700123877,
        207.02844313843272,
        207.15484303355063
    ],
    "cfx-conflux-network": [
        0.2212985412578897,
        0.2216218147611572,
        0.2294484355944873
    ],
    "matic-network": [
        0.720618,
        0.719033,
        0.719482
    ],
    "pepe": [
        1.456e-05,
        1.45e-05,
        1.458e-05
    ],
    "litecoin": [
        84.08,
        84.06,
        84.06
    ],
    "leo-token": [
        5.95,
        5.94,
        5.94
    ],
    "okb": [
        49.46713353805125,
        49.50664736717546,
        49.57886660994144
    ],
    "first-digital-usd": [
        1.0000111912389558,
        0.9998216870369303,
        0.9999074543794723
    ],
    "arweave": [
        45.78317185068769,
        45.925234018618966,
        45.82156533137939
    ],
    "optimism-ethereum": [
        2.5168920563196564,
        2.5188976017429057,
        2.527343675604251
    ],
    "bittensor": [
        403.80998768820115,
        405.5851230552908,
        405.5460737431018
    ],