{
    "bitcoin": [
        70823,
        70828,
        70828
    ],
    "ethereum": [
        3819.2,
        3815.87,
        3815.87
    ],
    "tether": [
        1.001,
        1.0,
        1.0
    ],
    "binancecoin": [
        663.42,
        662.8,
        662.8
    ],
    "solana": [
        168.98,
        169.36,
        169.36
    ],
    "staked-ether": [
        3816.16,
        3813.35,
        3813.35
    ],
    "usd-coin": [
        1.001,
        1.0,
        1.0
    ],
    "ripple": [
        0.528623,
        0.528271,
        0.528271
    ],
    "dogecoin": [
        0.161087,
        0.161221,
        0.161221
    ],
    "the-open-network": [
        6.97,
        6.94,
        6.94
    ],
    "cardano": [
        0.460674,
        0.460901,
        0.460901
    ],
    "shiba-inu": [
        2.442e-05,
        2.442e-05,
        2.442e-05
    ],
    "avalanche-2": [
        35.73,
        35.71,
        35.71
    ],
    "wrapped-bitcoin": [
        70673,
        70783,
        70783
    ],
    "chainlink": [
        17.81,
        17.81,
        17.81
    ],
    "tron": [
        0.114343,
        0.114331,
        0.114331
    ],
    "polkadot": [
        7.17,
        7.16,
        7.16
    ],
    "bitcoin-cash": [
        477.68,
        477.86,
        477.86
    ],
    "near": [
        7.43,
        7.45,
        7.45
    ],
    "uniswap": [
        10.41,
        10.35,
        10.35
    ],
    "internet-computer": [
        12.23,
        12.27,
        12.27
    ],
    "unus-sed-leo": [
        5.923810812706364,
        5.924793027850309
    ],
    "multi-collateral-dai": [
        1.0001541775823066,
        1.000069113199768
    ],
    "ethereum-classic": [
        28.245398257432665,
        28.209715278628575,
        28.280479846943802
    ],
    "aptos": [
        9.076494971208078,
        9.082768247746898,
        9.094840835875498
    ],
    "render": [
        10.367287969086668,
        10.374207461576594,
        10.391521997183407
    ],
    "hedera": [
        0.10185915690373924,
        0.1016734698211752,
        0.10185730306637798
    ],
    "kaspa": [
        0.17847730492082625,
        0.17926390818378862,
        0.1795660638004758
    ],
    "dogwifhat": [
        3.419585577122751,
        3.409050079364677,
        3.449709564333716
    ],
    "cosmos": [
        8.492129176850401,
        8.492572007047649,
        8.508254991422055
    ],
    "immutable-x": [
        2.326969742704084,
        2.3223941939817383,
        2.322139198543954
    ],
    "filecoin": [
        5.940890245721266,
        5.92765115265815,
        5.934392923734235
    ],
    "arbitrum": [
        1.107997411169674,
        1.1047459258604961,
        1.1065566161837934
    ],
    "mantle": [
        0.9709549846744371,
        0.9694128575802672,
        0.9667805721747674
    ],
    "stellar": [
        0.10637665796129576,
        0.10644701112932084,
        0.10662893739947366
    ],
    "cronos": [
        0.10854441654620599,
        0.10858477080291395,
        0.10870129164312503
    ],
    "monero": [
        158.76109325806118,
        158.88391456604307,
        158.85422188761143
    ],
    "stacks": [
        2.1088250778035373,
        2.1017400044628767,
        2.113175439513413
    ],
    "the-graph": [
        0.3017991162181892,
        0.3014320431684782,
        0.3013582992131539
    ],
    "bttc-bittorrent-chain": [
        1.14805397593079e-06,
        1.15180879427619e-06,
        1.15178662331252e-06
    ],
    "cheelee-cheelee": [
        20.56654002153989,
        20.585271223270787,
        20.585429700108676
    ],
    "VET": [
        0.0342648619606039,
        0.0341757644980644
    ],
    "STX": [
        1.96018090681332,
        1.94312681136669
    ],
    "FLR": [
        0.0280572218861115,
        0.0280389009629798
    ],
    "XMR": [
        155.295737980525,
        155.188147347795
    ],
    "SAGA": [
        2.827609212773917,
        2.81039661314113
    ],
    "AR": [
        43.18042703963509,
        42.9957677008812
    ],
    "ZETA": [
        1.34315063641458,
        1.33600332024875
    ],
    "BGB": [
        1.3705,
        1.3705
    ],
    "FLOKI": [
        0.00026691,
        0.00026701,
        0.00025869
    ],
    "ENS": [
        25.3798489910891,
        25.3599896951533,
        25.3202280261572
    ],
    "PIXEL": [
        0.49493,
        0.49316,
        0.49127
    ],
    "FTM": [
        0.81494311061099,
        0.810825200275531,
        0.810846650526059
    ],
    "INJ": [
        25.5595309419106,
        25.5791725892945,
        25.5323951114597
    ],
    "MKR": [
        2594.82406039628,
        2593.4313536024,
        2596.0072005233
    ],
    "ARKM": [
        2.4701,
        2.4832,
        2.4884
    ],
    "RUNE": [
        6.17470504592002,
        6.18708032023869,
        6.18316291789175
    ],
    "FET": [
        2.12474299715878,
        2.13034868502529,
        2.12935286106671
    ],
    "qnt-quant": [
        91.24610050675125,
        91.10007553135102,
        91.2509769870139
    ],
    "wld-worldcoin": [
        4.777644748434239,
        4.791511470761189,
        4.7976636196925435
    ],
    "akt-akash-network": [
        4.452594021621246,
        4.469005223498814,
        4.479620681923389
    ],
    "neo-neo": [
        15.004251062792838,
        14.958992829659735,
        15.0263351551447
    ],
    "egld-elrond": [
        39.46308542846064,
        39.409376944599465,
        39.51738104349719
    ],
    "ron-ronin-token": [
        3.0939426494853612,
        3.0887688369886184,
        3.0941773996399915
    ],
    "sand-the-sandbox": [
        0.4593196470386195,
        0.4584433805372787,
        0.46022101034587715
    ],
    "wbnb-wrapped-bnb": [
        663.4636237994176,
        662.7646425217475,
        662.989380648799
    ],
    "rbn-ribbon-finance": [
        0.9885661800071454,
        0.9879724354960426,
        0.980782160787907
    ],
    "ordi-ordinals": [
        54.00552415144923,
        54.169242091929306,
        53.78875253987496
    ],
    "mina-mina-protocol": [
        0.8523340184992537,
        0.8496239713522156,
        0.8517789057211498
    ],
    "kcs-kucoin-token": [
        10.055755565527955,
        10.06118608524887,
        10.079181094929925
    ],
    "pendle-pendle": [
        6.327292804715527,
        6.285418721268054,
        6.290212437041731
    ],
    "xtz-tezos": [
        0.9452814324556769,
        0.9453373250614588,
        0.9445059169196439
    ],
    "sei-sei": [
        0.526550170304857,
        0.5252954473738308,
        0.5264136748761302
    ],
    "xec-ecash": [
        4.669939292313189e-05,
        4.663679943130277e-05,
        4.669045643851963e-05
    ],
    "msol-marinade-staked-sol": [
        200.89189040889914,
        200.85030798983826,
        201.5200074524104
    ],
    "cfx-conflux-network": [
        0.21967464445279947,
        0.21936017025841908,
        0.22061992145879977
    ],
    "matic-network": [
        0.714027,
        0.713095,
        0.713095
    ],
    "pepe": [
        1.472e-05,
        1.472e-05,
        1.472e-05
    ],
    "litecoin": [
        82.84,
        82.85,
        82.85
    ],
    "leo-token": [
        5.94,
        5.95,
        5.95
    ],
    "okb": [
        47.944486875313004,
        47.89192440037718,
        47.74276747158088
    ],
    "first-digital-usd": [
        1.0007432635927098,
        1.0003392149324521,
        1.0003899075214087
    ],
    "arweave": [
        45.638970826370134,
        45.419940163780204,
        45.27797502070269
    ],
    "optimism-ethereum": [
        2.453033856846033,
        2.4438971098805196,
        2.448092001388692
    ],
    "bittensor": [
        397.19946001080507,
        396.35960087425116,
        396.2905623722735
    ],