{
    "bitcoin": [
        70584,
        70525,
        70525
    ],
    "ethereum": [
        3814.13,
        3812.37,
        3812.37
    ],
    "tether": [
        1.0,
        0.99973,
        0.99973
    ],
    "binancecoin": [
        681.44,
        680.86,
        680.86
    ],
    "solana": [
        170.99,
        171.41,
        171.41
    ],
    "staked-ether": [
        3812.16,
        3810.91,
        3810.91
    ],
    "usd-coin": [
        1.0,
        0.999989,
        0.999989
    ],
    "ripple": [
        0.525233,
        0.52519,
        0.52519
    ],
    "dogecoin": [
        0.161203,
        0.161361,
        0.161361
    ],
    "the-open-network": [
        7.23,
        7.28,
        7.28
    ],
    "cardano": [
        0.461349,
        0.461373,
        0.461373
    ],
    "shiba-inu": [
        2.456e-05,
        2.46e-05,
        2.46e-05
    ],
    "avalanche-2": [
        35.92,
        35.98,
        35.98
    ],
    "wrapped-bitcoin": [
        70530,
        70521,
        70521
    ],
    "chainlink": [
        17.7,
        17.71,
        17.71
    ],
    "tron": [
        0.114489,
        0.114475,
        0.114475
    ],
    "polkadot": [
        7.18,
        7.18,
        7.18
    ],
    "bitcoin-cash": [
        476.84,
        477.71,
        477.71
    ],
    "near": [
        7.41,
        7.41,
        7.41
    ],
    "uniswap": [
        11.23,
        11.26,
        11.26
    ],
    "internet-computer": [
        12.27,
        12.26,
        12.26
    ],
    "unus-sed-leo": [
        5.923810812706364,
        5.924793027850309
    ],
    "multi-collateral-dai": [
        1.0001541775823066,
        1.000069113199768
    ],
    "ethereum-classic": [
        28.245398257432665,
        28.209715278628575,
        28.280479846943802
    ],
    "aptos": [
        9.122925366526845,
        9.135733268994167,
        9.136911884711875
    ],
    "render": [
        10.341684190605461,
        10.333378147177246,
        10.334921917715633
    ],
    "hedera": [
        0.10228428823319988,
        0.10238044044194226,
        0.10239396979860094
    ],
    "kaspa": [
        0.1805560084753643,
        0.17967768916275506,
        0.17976455786967113
    ],
    "dogwifhat": [
        3.3866055937267006,
        3.4001558821168274,
        3.398371340840144
    ],
    "cosmos": [
        8.521129589542113,
        8.51901584101107,
        8.512664003463083
    ],
    "immutable-x": [
        2.2890552773383686,
        2.2928238205893896,
        2.2974189420558093
    ],
    "filecoin": [
        5.952282651977618,
        5.95225454941258,
        5.948395006719693
    ],
    "arbitrum": [
        1.1045448124016835,
        1.105823261858291,
        1.1054424351139747
    ],
    "mantle": [
        0.9648995840756273,
        0.9633028396304351,
        0.9652904454363832
    ],
    "stellar": [
        0.10632204577308589,
        0.10642928114203991,
        0.10637989184928323
    ],
    "cronos": [
        0.11084584843662491,
        0.11115464745781092,
        0.11089670225707139
    ],
    "monero": [
        159.9108172043797,
        159.97849964274457,
        159.91059238487455
    ],
    "stacks": [
        2.119775773058843,
        2.1403654586496237,
        2.148495734892816
    ],
    "the-graph": [
        0.29967760182079944,
        0.2996540296908719,
        0.29980359474859103
    ],
    "bttc-bittorrent-chain": [
        1.15333504533721e-06,
        1.15104198560391e-06,
        1.15277182674707e-06
    ],
    "cheelee-cheelee": [
        20.87549844128642,
        20.877716691398064,
        20.900232727440248
    ],
    "VET": [
        0.0342648619606039,
        0.0341757644980644
    ],
    "STX": [
        1.96018090681332,
        1.94312681136669
    ],
    "FLR": [
        0.0280572218861115,
        0.0280389009629798
    ],
    "XMR": [
        155.295737980525,
        155.188147347795
    ],
    "SAGA": [
        2.827609212773917,
        2.81039661314113
    ],
    "AR": [
        43.18042703963509,
        42.9957677008812
    ],
    "ZETA": [
        1.34315063641458,
        1.33600332024875
    ],
    "BGB": [
        1.3705,
        1.3705
    ],
    "FLOKI": [
        0.00026691,
        0.00026701,
        0.00025869
    ],
    "ENS": [
        24.9413362686133,
        24.993066358419,
        24.9924262366158
    ],
    "PIXEL": [
        0.48332,
        0.48328,
        0.48401
    ],
    "FTM": [
        0.81494311061099,
        0.810825200275531,
        0.810846650526059
    ],
    "INJ": [
        25.2020889432628,
        25.282196604004,
        25.2653267071077
    ],
    "MKR": [
        2618.19713759826,
        2621.10444575862,
        2615.17302339551
    ],
    "ARKM": [
        2.4701,
        2.4832,
        2.4884
    ],
    "RUNE": [
        6.18970572915298,
        6.18268000436926,
        6.18204494554454
    ],
    "FET": [
        2.11488372664423,
        2.12059256594251,
        2.12193922851234
    ],
    "qnt-quant": [
        91.305939155692,
        91.24747153503178,
        91.21649757516072
    ],
    "wld-worldcoin": [
        4.82129015682799,
        4.83014684429837,
        4.8313166821428055
    ],
    "akt-akash-network": [
        4.4616717249072355,
        4.4696322134283575,
        4.47424310642426
    ],
    "neo-neo": [
        15.007424277879068,
        15.020279348782138,
        15.01937513887871
    ],
    "egld-elrond": [
        39.049800634422056,
        39.05287548815725,
        39.05624453366909
    ],
    "ron-ronin-token": [
        3.059154811321609,
        3.0583432082828064,
        3.057153902891456
    ],
    "sand-the-sandbox": [
        0.46071588378768136,
        0.46070852636811893,
        0.46079062192754
    ],
    "wbnb-wrapped-bnb": [
        680.6166481962637,
        681.4062889981076,
        681.2425263502091
    ],
    "rbn-ribbon-finance": [
        0.9885661800071454,
        0.9879724354960426,
        0.980782160787907
    ],
    "ordi-ordinals": [
        56.01615368694068,
        56.19215452843007,
        55.930606715729624
    ],
    "mina-mina-protocol": [
        0.8480099569720742,
        0.8525759015271945,
        0.8651107530486811
    ],
    "kcs-kucoin-token": [
        10.079861512344172,
        10.09275329705907,
        10.098551573863249
    ],
    "pendle-pendle": [
        6.138757265871105,
        6.119071695398018,
        6.1346124077472215
    ],
    "xtz-tezos": [
        0.9478978680956694,
        0.9499642214829591,
        0.9503469345470665
    ],
    "sei-sei": [
        0.522648449810492,
        0.5246249937835813,
        0.5238367586267201
    ],
    "xec-ecash": [
        4.686374805022486e-05,
        4.693054043735288e-05,
        4.702437395881753e-05
    ],
    "msol-marinade-staked-sol": [
        203.287321613829,
        203.69607330439263,
        203.87938773088186
    ],
    "cfx-conflux-network": [
        0.2212836742468146,
        0.2212985412578897,
        0.2216218147611572
    ],
    "matic-network": [
        0.714649,
        0.714638,
        0.714638
    ],
    "pepe": [
        1.427e-05,
        1.431e-05,
        1.431e-05
    ],
    "litecoin": [
        83.55,
        83.56,
        83.56
    ],
    "leo-token": [
        5.95,
        5.95,
        5.95
    ],
    "okb": [
        48.17329208738349,
        48.11218577544551,
        48.103275214665956
    ],
    "first-digital-usd": [
        1.000197509555577,
        1.0000469622326935,
        1.000069513812393
    ],
    "arweave": [
        46.1036441534026,
        46.10088995377725,
        46.26708466773808
    ],
    "optimism-ethereum": [
        2.469357653320975,
        2.473018039026882,
        2.4737564887831205
    ],
    "bittensor": [
        399.0723647777915,
        398.0861008804998,
        398.78811070350116
    ],