{
    "bitcoin": [
        71162,
        71162,
        71116
    ],
    "ethereum": [
        3836.37,
        3836.37,
        3831.22
    ],
    "tether": [
        1.0,
        1.0,
        0.999945
    ],
    "binancecoin": [
        705.43,
        705.43,
        703.97
    ],
    "solana": [
        171.95,
        171.95,
        171.98
    ],
    "staked-ether": [
        3831.31,
        3831.31,
        3830.4
    ],
    "usd-coin": [
        1.001,
        1.001,
        0.999562
    ],
    "ripple": [
        0.526428,
        0.526428,
        0.525621
    ],
    "dogecoin": [
        0.162247,
        0.162247,
        0.161911
    ],
    "the-open-network": [
        7.37,
        7.37,
        7.36
    ],
    "cardano": [
        0.459399,
        0.459399,
        0.458832
    ],
    "shiba-inu": [
        2.547e-05,
        2.547e-05,
        2.546e-05
    ],
    "avalanche-2": [
        36.71,
        36.71,
        36.69
    ],
    "wrapped-bitcoin": [
        71161,
        71161,
        71121
    ],
    "chainlink": [
        17.4,
        17.4,
        17.39
    ],
    "tron": [
        0.115046,
        0.115046,
        0.114824
    ],
    "polkadot": [
        7.24,
        7.24,
        7.23
    ],
    "bitcoin-cash": [
        494.03,
        494.03,
        494.83
    ],
    "near": [
        7.43,
        7.43,
        7.44
    ],
    "uniswap": [
        10.71,
        10.71,
        10.7
    ],
    "internet-computer": [
        12.1,
        12.1,
        12.1
    ],
    "unus-sed-leo": [
        5.923810812706364,
        5.924793027850309
    ],
    "multi-collateral-dai": [
        1.0001541775823066,
        1.000069113199768
    ],
    "ethereum-classic": [
        29.387441989129655,
        29.460698955719895,
        29.423851669313404
    ],
    "aptos": [
        9.213916571768902,
        9.221753140782063,
        9.21496089950008
    ],
    "render": [
        10.632489562546393,
        10.632834116923357,
        10.638423542713124
    ],
    "hedera": [
        0.10248710934575347,
        0.10267059245454951,
        0.1025855417795517
    ],
    "kaspa": [
        0.17698450932069582,
        0.17649164798791345,
        0.17650214383156287
    ],
    "dogwifhat": [
        3.305661301048805,
        3.315623017220366,
        3.3194293081461734
    ],
    "cosmos": [
        8.744758738766759,
        8.76039512790689,
        8.767269760217847
    ],
    "immutable-x": [
        2.2323987433207106,
        2.2368112252122163,
        2.237100122933878
    ],
    "filecoin": [
        5.989465584448084,
        5.997710778322086,
        5.995150378806464
    ],
    "arbitrum": [
        1.1006586199086112,
        1.1019018612732951,
        1.1021519421064434
    ],
    "mantle": [
        1.033161879195143,
        1.0443967175372202,
        1.0434513157804879
    ],
    "stellar": [
        0.10633836820811707,
        0.10634617801688256,
        0.10633655233401121
    ],
    "cronos": [
        0.11515987317728651,
        0.11529985768489882,
        0.11519820439323764
    ],
    "monero": [
        163.83488490523666,
        163.93269229069446,
        163.6795099775057
    ],
    "stacks": [
        2.338135681808309,
        2.343351922411534,
        2.3457234268064338
    ],
    "the-graph": [
        0.29669496592761063,
        0.29701527529559435,
        0.29701933449632856
    ],
    "bttc-bittorrent-chain": [
        1.16683673649327e-06,
        1.16772069315533e-06,
        1.1677628239406e-06
    ],
    "cheelee-cheelee": [
        21.112591959046746,
        21.119735592382728,
        21.094940936969422
    ],
    "VET": [
        0.0342648619606039,
        0.0341757644980644
    ],
    "STX": [
        1.96018090681332,
        1.94312681136669
    ],
    "FLR": [
        0.0280572218861115,
        0.0280389009629798
    ],
    "XMR": [
        155.295737980525,
        155.188147347795
    ],
    "SAGA": [
        2.827609212773917,
        2.81039661314113
    ],
    "AR": [
        43.18042703963509,
        42.9957677008812
    ],
    "ZETA": [
        1.34315063641458,
        1.33600332024875
    ],
    "BGB": [
        1.2159,
        1.2159,
        1.2159
    ],
    "FLOKI": [
        0.00026691,
        0.00026701,
        0.00025869
    ],
    "ENS": [
        24.2470231812342,
        24.2390079695811,
        24.1904458572843
    ],
    "PIXEL": [
        0.50337,
        0.5018814339091354,
        0.5031
    ],
    "FTM": [
        0.813122254494612,
        0.814017225342486,
        0.814975057682819
    ],
    "INJ": [
        25.8086457389147,
        25.7996455630143,
        25.9201593958232
    ],
    "MKR": [
        2678.60835986045,
        2679.19881558213,
        2678.61942081851
    ],
    "ARKM": [
        2.626743482716449,
        2.628414754078233,
        2.629537862114028
    ],
    "RUNE": [
        6.12134944111197,
        6.12719651446623,
        6.13223792853855
    ],
    "FET": [
        2.08803467947892,
        2.09060005278738,
        2.08722678880659
    ],
    "qnt-quant": [
        90.30104228745166,
        90.25555526477483,
        90.30896944880084
    ],
    "wld-worldcoin": [
        4.86804174000336,
        4.880671146226763,
        4.885601904405034
    ],
    "akt-akash-network": [
        4.527594080867767,
        4.533518825125806,
        4.546235843860487
    ],
    "neo-neo": [
        15.233150353726813,
        15.237334672851393,
        15.22771994440572
    ],
    "egld-elrond": [
        39.53028528796602,
        39.619514645735215,
        39.66839733396976
    ],
    "ron-ronin-token": [
        3.1295549125178046,
        3.1335716301975274,
        3.1264758674180784
    ],
    "sand-the-sandbox": [
        0.47701909984015245,
        0.4799217939579261,
        0.47946737644019827
    ],
    "wbnb-wrapped-bnb": [
        704.9388484682271,
        704.386435071008,
        704.6525892825921
    ],
    "rbn-ribbon-finance": [
        0.9885661800071454,
        0.9879724354960426,
        0.980782160787907
    ],
    "ordi-ordinals": [
        57.92986825492831,
        57.96994364726512,
        58.05062705441327
    ],
    "mina-mina-protocol": [
        0.8594559648183123,
        0.8602505466852859,
        0.8587380198209442
    ],
    "kcs-kucoin-token": [
        10.402259704027012,
        10.40828884778196,
        10.42912834201867
    ],
    "pendle-pendle": [
        5.9553294440960025,
        5.955403000029088,
        5.975234111696014
    ],
    "xtz-tezos": [
        0.944418170673286,
        0.9472399354612039,
        0.9478598864914661
    ],
    "sei-sei": [
        0.5204047684919084,
        0.5213820345508416,
        0.520736278633847
    ],
    "xec-ecash": [
        4.685353729126343e-05,
        4.691454328947019e-05,
        4.693983462787597e-05
    ],
    "msol-marinade-staked-sol": [
        205.12323264699432,
        205.3606009050092,
        205.25014501249694
    ],
    "cfx-conflux-network": [
        0.2313216625213335,
        0.2317105126664007,
        0.2321022741816763
    ],
    "matic-network": [
        0.736963,
        0.736963,
        0.736573
    ],
    "pepe": [
        1.445e-05,
        1.445e-05,
        1.445e-05
    ],
    "litecoin": [
        85.33,
        85.33,
        85.34
    ],
    "leo-token": [
        6.03,
        6.02,
        6.02
    ],
    "okb": [
        48.918156422238276,
        48.89921104161834,
        48.894674866245964
    ],
    "first-digital-usd": [
        1.0009663898448848,
        1.000637971439837,
        1.0006561277275812
    ],
    "arweave": [
        42.430778290272144,
        42.513771928687234,
        42.480029703047634
    ],
    "optimism-ethereum": [
        2.497554626116025,
        2.5010703759065653,
        2.500278505527076
    ],
    "bittensor": [
        427.6757666232332,
        429.29902092795606,
        428.73091593811137
    ],