{
    "bitcoin": [
        71219,
        71154,
        71281
    ],
    "ethereum": [
        3814.47,
        3813.04,
        3823.72
    ],
    "tether": [
        0.999553,
        0.99958,
        1.001
    ],
    "binancecoin": [
        707.0,
        705.39,
        706.49
    ],
    "solana": [
        171.88,
        172.11,
        172.37
    ],
    "staked-ether": [
        3813.58,
        3812.86,
        3820.27
    ],
    "usd-coin": [
        1.0,
        0.999525,
        1.001
    ],
    "ripple": [
        0.523824,
        0.522553,
        0.523106
    ],
    "dogecoin": [
        0.161517,
        0.161307,
        0.161454
    ],
    "the-open-network": [
        7.68,
        7.62,
        7.59
    ],
    "cardano": [
        0.461652,
        0.461763,
        0.462826
    ],
    "shiba-inu": [
        2.53e-05,
        2.527e-05,
        2.532e-05
    ],
    "avalanche-2": [
        35.97,
        35.99,
        36.08
    ],
    "wrapped-bitcoin": [
        71199,
        71199,
        71331
    ],
    "chainlink": [
        17.54,
        17.51,
        17.56
    ],
    "tron": [
        0.113952,
        0.11391,
        0.114056
    ],
    "polkadot": [
        7.18,
        7.17,
        7.17
    ],
    "bitcoin-cash": [
        512.95,
        511.41,
        511.77
    ],
    "near": [
        7.42,
        7.42,
        7.43
    ],
    "uniswap": [
        10.69,
        10.69,
        10.72
    ],
    "internet-computer": [
        12.04,
        12.05,
        12.07
    ],
    "unus-sed-leo": [
        5.923810812706364,
        5.924793027850309
    ],
    "multi-collateral-dai": [
        1.0001541775823066,
        1.000069113199768
    ],
    "ethereum-classic": [
        29.387441989129655,
        29.460698955719895,
        29.423851669313404
    ],
    "aptos": [
        9.177065483698453,
        9.188114694737004,
        9.184214369074693
    ],
    "render": [
        10.424033679327156,
        10.407281239102119,
        10.41637525872008
    ],
    "hedera": [
        0.10105353154878711,
        0.10123855021045593,
        0.10128951435541346
    ],
    "kaspa": [
        0.17228368855811105,
        0.1725697864500559,
        0.1735017841623539
    ],
    "dogwifhat": [
        3.312325308186355,
        3.3013864810643363,
        3.3176117605869107
    ],
    "cosmos": [
        8.659027823573778,
        8.682759230226752,
        8.678178804051022
    ],
    "immutable-x": [
        2.2472233216172453,
        2.2450088720810286,
        2.2471757275148936
    ],
    "filecoin": [
        6.0044644103853155,
        6.018098376223532,
        6.018505615695891
    ],
    "arbitrum": [
        1.093887243625051,
        1.0948874219792502,
        1.0966377837084074
    ],
    "mantle": [
        1.025008335570065,
        1.0239339224955992,
        1.0248700460893134
    ],
    "stellar": [
        0.10593324103375254,
        0.10590224151031181,
        0.10590990589467454
    ],
    "cronos": [
        0.11449253959198452,
        0.1145444881874107,
        0.11453608490726455
    ],
    "monero": [
        170.4803283609929,
        170.99569956748462,
        172.05243858663053
    ],
    "stacks": [
        2.3789785769192573,
        2.3743731281925267,
        2.3755174867160314
    ],
    "the-graph": [
        0.2943893315641915,
        0.2944211475731635,
        0.2941914083941413
    ],
    "bttc-bittorrent-chain": [
        1.16430768695325e-06,
        1.16430922166239e-06,
        1.16321372153923e-06
    ],
    "cheelee-cheelee": [
        21.252952004246445,
        21.26158973001634,
        21.18521249436901
    ],
    "VET": [
        0.0342648619606039,
        0.0341757644980644
    ],
    "STX": [
        1.96018090681332,
        1.94312681136669
    ],
    "FLR": [
        0.0280572218861115,
        0.0280389009629798
    ],
    "XMR": [
        155.295737980525,
        155.188147347795
    ],
    "SAGA": [
        2.827609212773917,
        2.81039661314113
    ],
    "AR": [
        43.18042703963509,
        42.9957677008812
    ],
    "ZETA": [
        1.22988208366352,
        1.23250889339322,
        1.23341199405814
    ],
    "BGB": [
        1.2225,
        1.2225,
        1.2225
    ],
    "FLOKI": [
        0.00026691,
        0.00026701,
        0.00025869
    ],
    "ENS": [
        24.0000897367915,
        23.9907790872214,
        24.0201281351023
    ],
    "PIXEL": [
        0.49478,
        0.49812,
        0.49743
    ],
    "FTM": [
        0.806479533698492,
        0.803021610310486,
        0.803688396269601
    ],
    "INJ": [
        25.8086457389147,
        25.7996455630143,
        25.9201593958232
    ],
    "MKR": [
        2607.956672812081,
        2605.603967237527,
        2607.670819690858
    ],
    "ARKM": [
        2.626743482716449,
        2.628414754078233,
        2.629537862114028
    ],
    "RUNE": [
        6.11107645958878,
        6.11800319774515,
        6.13144021730644
    ],
    "FET": [
        2.03632612467089,
        2.03279996651689,
        2.03214835486399
    ],
    "qnt-quant": [
        90.38471917071055,
        90.58085076453624,
        90.34133328682574
    ],
    "wld-worldcoin": [
        4.910441346473948,
        4.914171595546511,
        4.921319502230173
    ],
    "akt-akash-network": [
        4.513461914866129,
        4.520065370210236,
        4.517993453462982
    ],
    "neo-neo": [
        15.114003272443039,
        15.129129183580474,
        15.125277422107711
    ],
    "egld-elrond": [
        39.312218285303594,
        39.325193798956235,
        39.34400361867201
    ],
    "ron-ronin-token": [
        3.0760395179175846,
        3.082538292309589,
        3.082684067928174
    ],
    "sand-the-sandbox": [
        0.4715378043471085,
        0.4714857689780139,
        0.47118185144783
    ],
    "wbnb-wrapped-bnb": [
        707.4190322019749,
        705.8571265151872,
        705.9927334751361
    ],
    "rbn-ribbon-finance": [
        0.9885661800071454,
        0.9879724354960426,
        0.980782160787907
    ],
    "ordi-ordinals": [
        59.52972295433975,
        61.33747661601033,
        61.36280367361481
    ],
    "mina-mina-protocol": [
        0.8468297601329712,
        0.852639785909161,
        0.8515562049277724
    ],
    "kcs-kucoin-token": [
        10.382813782584268,
        10.382454433646224,
        10.385928270921491
    ],
    "pendle-pendle": [
        5.952704607632561,
        5.962713625403312,
        5.970175567737796
    ],
    "xtz-tezos": [
        0.9450842343378044,
        0.942779189730406,
        0.941879733328482
    ],
    "sei-sei": [
        0.531876273151023,
        0.5351817601487014,
        0.5372440496107384
    ],
    "xec-ecash": [
        4.685353729126343e-05,
        4.691454328947019e-05,
        4.693983462787597e-05
    ],
    "msol-marinade-staked-sol": [
        205.13261997891584,
        205.09366070578767,
        205.13422252663588
    ],
    "cfx-conflux-network": [
        0.23058699341685962,
        0.23086349287695668,
        0.23124874899767098
    ],
    "matic-network": [
        0.722523,
        0.722778,
        0.7238
    ],
    "pepe": [
        1.441e-05,
        1.443e-05,
        1.448e-05
    ],
    "litecoin": [
        84.24,
        84.14,
        84.27
    ],
    "leo-token": [
        5.99,
        5.99,
        5.99
    ],
    "okb": [
        49.613975922876655,
        49.66940913115468,
        49.664816130027724
    ],
    "first-digital-usd": [
        1.0010652928802843,
        1.0008989060870865,
        1.0009436028225078
    ],
    "arweave": [
        42.17819228265006,
        42.312109313694734,
        42.41284376308217
    ],
    "optimism-ethereum": [
        2.50349777682657,
        2.50822902192499,
        2.510813221373971
    ],
    "bittensor": [
        423.99034612503,
        428.0775776740819,
        430.0927599530062
    ],