{
    "bitcoin": [
        70719,
        70372,
        70372
    ],
    "ethereum": [
        3777.54,
        3761.09,
        3761.09
    ],
    "tether": [
        0.999306,
        0.998331,
        0.998331
    ],
    "binancecoin": [
        696.31,
        693.06,
        693.06
    ],
    "solana": [
        167.97,
        167.14,
        167.14
    ],
    "staked-ether": [
        3775.17,
        3764.5,
        3764.5
    ],
    "usd-coin": [
        0.99949,
        0.998948,
        0.998948
    ],
    "ripple": [
        0.519215,
        0.517309,
        0.517309
    ],
    "dogecoin": [
        0.158528,
        0.157593,
        0.157593
    ],
    "the-open-network": [
        7.5,
        7.46,
        7.46
    ],
    "cardano": [
        0.474282,
        0.471939,
        0.471939
    ],
    "shiba-inu": [
        2.47e-05,
        2.452e-05,
        2.452e-05
    ],
    "avalanche-2": [
        35.75,
        35.54,
        35.54
    ],
    "wrapped-bitcoin": [
        70797,
        70586,
        70586
    ],
    "chainlink": [
        17.39,
        17.29,
        17.29
    ],
    "tron": [
        0.114754,
        0.114636,
        0.114636
    ],
    "polkadot": [
        7.12,
        7.08,
        7.08
    ],
    "bitcoin-cash": [
        514.22,
        512.22,
        512.22
    ],
    "near": [
        7.22,
        7.21,
        7.21
    ],
    "uniswap": [
        10.32,
        10.26,
        10.26
    ],
    "internet-computer": [
        12.48,
        12.4,
        12.4
    ],
    "unus-sed-leo": [
        5.923810812706364,
        5.924793027850309
    ],
    "multi-collateral-dai": [
        1.0001541775823066,
        1.000069113199768
    ],
    "ethereum-classic": [
        29.387441989129655,
        29.460698955719895,
        29.423851669313404
    ],
    "aptos": [
        9.18565980169252,
        9.135577917558578,
        9.152949577457516
    ],
    "render": [
        10.129923446764058,
        10.053891714223592,
        10.083155898820356
    ],
    "hedera": [
        0.0989547217945364,
        0.09839150209414416,
        0.0986079258272882
    ],
    "kaspa": [
        0.16798306078877956,
        0.16746450784155625,
        0.1681725315778587
    ],
    "dogwifhat": [
        3.1389654271980527,
        3.085187839159957,
        3.097301040054253
    ],
    "cosmos": [
        8.551889127356356,
        8.526819392029353,
        8.53377363409804
    ],
    "immutable-x": [
        2.2238585341085733,
        2.2099382700124943,
        2.2112984004519105
    ],
    "filecoin": [
        6.519331748756493,
        6.487521556021483,
        6.476257532578291
    ],
    "arbitrum": [
        1.0831551874099008,
        1.077186407159881,
        1.079443090051136
    ],
    "mantle": [
        1.0034750916047763,
        0.999707168427812,
        1.000493443950328
    ],
    "stellar": [
        0.104971874344077,
        0.10462144488896864,
        0.10480207856009317
    ],
    "cronos": [
        0.11706879819183821,
        0.11673617379482462,
        0.11724909626996416
    ],
    "monero": [
        162.6056175653424,
        162.04141717752256,
        161.74343900573646
    ],
    "stacks": [
        2.333652784629203,
        2.3232304850378878,
        2.3191910391094326
    ],
    "the-graph": [
        0.2898315695355973,
        0.2874429324930565,
        0.2872979044978333
    ],
    "bttc-bittorrent-chain": [
        1.17133628278167e-06,
        1.16636802674788e-06,
        1.16620890653431e-06
    ],
    "cheelee-cheelee": [
        21.266670919943632,
        21.18151360290893,
        21.11607027950021
    ],
    "VET": [
        0.0342648619606039,
        0.0341757644980644
    ],
    "STX": [
        1.96018090681332,
        1.94312681136669
    ],
    "FLR": [
        0.0280572218861115,
        0.0280389009629798
    ],
    "XMR": [
        155.295737980525,
        155.188147347795
    ],
    "SAGA": [
        2.827609212773917,
        2.81039661314113
    ],
    "AR": [
        43.18042703963509,
        42.9957677008812
    ],
    "ZETA": [
        1.24240267283791,
        1.24570613429196,
        1.24690898829529
    ],
    "BGB": [
        1.1906,
        1.1906,
        1.1906
    ],
    "FLOKI": [
        0.00026691,
        0.00026701,
        0.00025869
    ],
    "ENS": [
        23.5516926701108,
        23.4716670227522,
        23.5794201069248
    ],
    "PIXEL": [
        0.48319,
        0.48321,
        0.48698
    ],
    "FTM": [
        0.790790058013128,
        0.786601756124901,
        0.786589360785415
    ],
    "INJ": [
        25.8086457389147,
        25.7996455630143,
        25.9201593958232
    ],
    "MKR": [
        2594.894715936144,
        2596.414635467978,
        2594.250306521202
    ],
    "ARKM": [
        2.626743482716449,
        2.628414754078233,
        2.629537862114028
    ],
    "RUNE": [
        6.17337478715349,
        6.19039315563686,
        6.05302447771022
    ],
    "FET": [
        1.91814203999727,
        1.91906294349676,
        1.93234676645269
    ],
    "qnt-quant": [
        89.32485937986112,
        89.00960697820459,
        89.06781413532622
    ],
    "wld-worldcoin": [
        4.844314282729695,
        4.818396978108377,
        4.820070454612939
    ],
    "akt-akash-network": [
        4.470494435061235,
        4.458678337239726,
        4.461964695490735
    ],
    "neo-neo": [
        14.85772315219035,
        14.804190299701991,
        14.794444490279108
    ],
    "egld-elrond": [
        39.29126927982448,
        39.111754990051864,
        39.14598843408234
    ],
    "ron-ronin-token": [
        3.0319769568029984,
        3.024607732776207,
        3.0219974356575863
    ],
    "sand-the-sandbox": [
        0.47342727983552335,
        0.4713618335087381,
        0.47174840137458424
    ],
    "wbnb-wrapped-bnb": [
        695.9650288168355,
        694.5820376407336,
        694.9302198245794
    ],
    "rbn-ribbon-finance": [
        0.9885661800071454,
        0.9879724354960426,
        0.980782160787907
    ],
    "ordi-ordinals": [
        62.09291343912357,
        62.099473141626135,
        62.26669803898842
    ],
    "mina-mina-protocol": [
        0.8843404466920539,
        0.8769864734523839,
        0.8782391018608484
    ],
    "kcs-kucoin-token": [
        10.40073873485607,
        10.38588448219617,
        10.381580297128298
    ],
    "pendle-pendle": [
        5.920309844791598,
        5.9140184541053245,
        5.911927372558721
    ],
    "xtz-tezos": [
        0.9299370197826851,
        0.9278252217743026,
        0.9289770763995133
    ],
    "sei-sei": [
        0.5465889544679849,
        0.5421297955670353,
        0.5408498402767676
    ],
    "xec-ecash": [
        4.653304629823774e-05,
        4.643032383408678e-05,
        4.642629397816374e-05
    ],
    "msol-marinade-staked-sol": [
        201.9470521185767,
        200.1889772142184,
        200.24133915756963
    ],
    "cfx-conflux-network": [
        0.2279323969490589,
        0.22718775911857986,
        0.22642994460911925
    ],
    "matic-network": [
        0.708263,
        0.705637,
        0.705637
    ],
    "pepe": [
        1.382e-05,
        1.371e-05,
        1.371e-05
    ],
    "litecoin": [
        83.22,
        82.92,
        82.92
    ],
    "leo-token": [
        5.99,
        5.99,
        5.99
    ],
    "okb": [
        48.98434976386889,
        48.82362890757631,
        48.82101552435308
    ],
    "first-digital-usd": [
        0.999857694327291,
        1.0004749170088298,
        0.999566651679133
    ],
    "arweave": [
        40.544519305781755,
        40.57634666971687,
        40.64954005074018
    ],
    "optimism-ethereum": [
        2.495084787304809,
        2.483152800624305,
        2.487567134450844
    ],
    "bittensor": [
        411.46287790746464,
        407.78102054776815,
        410.050850741356
    ],