{
    "bitcoin": [
        70765,
        70765,
        70881
    ],
    "ethereum": [
        3794.6,
        3794.6,
        3800.08
    ],
    "tether": [
        0.999752,
        0.999752,
        1.001
    ],
    "binancecoin": [
        701.01,
        701.01,
        701.95
    ],
    "solana": [
        172.79,
        172.79,
        172.8
    ],
    "staked-ether": [
        3795.23,
        3795.23,
        3798.5
    ],
    "usd-coin": [
        0.999714,
        0.999714,
        1.0
    ],
    "ripple": [
        0.526004,
        0.526004,
        0.527165
    ],
    "dogecoin": [
        0.162464,
        0.162464,
        0.162753
    ],
    "the-open-network": [
        7.4,
        7.4,
        7.4
    ],
    "cardano": [
        0.459646,
        0.459646,
        0.460189
    ],
    "shiba-inu": [
        2.573e-05,
        2.573e-05,
        2.591e-05
    ],
    "avalanche-2": [
        36.38,
        36.38,
        36.44
    ],
    "wrapped-bitcoin": [
        70795,
        70795,
        70867
    ],
    "chainlink": [
        17.84,
        17.84,
        17.88
    ],
    "tron": [
        0.114029,
        0.114029,
        0.11411
    ],
    "polkadot": [
        7.19,
        7.19,
        7.2
    ],
    "bitcoin-cash": [
        481.74,
        481.74,
        482.19
    ],
    "near": [
        7.54,
        7.54,
        7.53
    ],
    "uniswap": [
        11.09,
        11.09,
        11.06
    ],
    "internet-computer": [
        12.4,
        12.4,
        12.43
    ],
    "unus-sed-leo": [
        5.923810812706364,
        5.924793027850309
    ],
    "multi-collateral-dai": [
        1.0001541775823066,
        1.000069113199768
    ],
    "ethereum-classic": [
        28.280479846943802,
        29.5118411319009,
        29.51654722599988
    ],
    "aptos": [
        9.228350503246379,
        9.238376467083308,
        9.237361194469692
    ],
    "render": [
        10.465759525531583,
        10.470758523721454,
        10.478064538009132
    ],
    "hedera": [
        0.10293566907851201,
        0.10306879217114623,
        0.10308327064338872
    ],
    "kaspa": [
        0.18249765270131532,
        0.18197967368124957,
        0.18220137460192434
    ],
    "dogwifhat": [
        3.438063976461211,
        3.4381527001001713,
        3.4393429794847483
    ],
    "cosmos": [
        8.55817305544403,
        8.563368979277788,
        8.568340179806823
    ],
    "immutable-x": [
        2.27995374537753,
        2.281058076984788,
        2.2836948188433315
    ],
    "filecoin": [
        6.038080181153428,
        6.08531850224567,
        6.06530638760429
    ],
    "arbitrum": [
        1.1125240812903678,
        1.1132191765237573,
        1.1130280578945737
    ],
    "mantle": [
        0.9721635803166295,
        0.9717328293258567,
        0.9744581559718771
    ],
    "stellar": [
        0.1066718888724242,
        0.10672172234992676,
        0.1067186376025275
    ],
    "cronos": [
        0.11328990914979363,
        0.11343204824870341,
        0.11350748429598453
    ],
    "monero": [
        162.14925103817185,
        162.29760306481248,
        162.15612055976663
    ],
    "stacks": [
        2.2166494952274514,
        2.214674681106754,
        2.213619260024156
    ],
    "the-graph": [
        0.30308461986136814,
        0.30297741885325163,
        0.3028271975198339
    ],
    "bttc-bittorrent-chain": [
        1.16503405838239e-06,
        1.16417618902689e-06,
        1.16449329731691e-06
    ],
    "cheelee-cheelee": [
        21.07057154024778,
        21.107464813861764,
        21.095345283241436
    ],
    "VET": [
        0.0342648619606039,
        0.0341757644980644
    ],
    "STX": [
        1.96018090681332,
        1.94312681136669
    ],
    "FLR": [
        0.0280572218861115,
        0.0280389009629798
    ],
    "XMR": [
        155.295737980525,
        155.188147347795
    ],
    "SAGA": [
        2.827609212773917,
        2.81039661314113
    ],
    "AR": [
        43.18042703963509,
        42.9957677008812
    ],
    "ZETA": [
        1.34315063641458,
        1.33600332024875
    ],
    "BGB": [
        1.3705,
        1.3705
    ],
    "FLOKI": [
        0.00026691,
        0.00026701,
        0.00025869
    ],
    "ENS": [
        24.8999214805862,
        24.8602123332957,
        24.8899033380506
    ],
    "PIXEL": [
        0.50007,
        0.49818,
        0.49632
    ],
    "FTM": [
        0.81494311061099,
        0.810825200275531,
        0.810846650526059
    ],
    "INJ": [
        25.8086457389147,
        25.7996455630143,
        25.9201593958232
    ],
    "MKR": [
        2658.89260369574,
        2655.56278151193,
        2646.61559260119
    ],
    "ARKM": [
        2.4701,
        2.4832,
        2.4884
    ],
    "RUNE": [
        6.30174193376398,
        6.25681918759905,
        6.30179725641171
    ],
    "FET": [
        2.1745258842288,
        2.17891079436247,
        2.17506814490772
    ],
    "qnt-quant": [
        90.9420834076384,
        90.95271049841924,
        91.01821923276933
    ],
    "wld-worldcoin": [
        4.941842617100648,
        4.943717624373116,
        4.925973722124087
    ],
    "akt-akash-network": [
        4.4647485440420605,
        4.4611650831475345,
        4.462999656909227
    ],
    "neo-neo": [
        15.225526597018082,
        15.206603364097468,
        15.191617362916636
    ],
    "egld-elrond": [
        39.67363559902593,
        39.6863748419977,
        39.640855401866915
    ],
    "ron-ronin-token": [
        3.104211185916245,
        3.1111194418948047,
        3.109879619717751
    ],
    "sand-the-sandbox": [
        0.4661979483350567,
        0.46634505562944983,
        0.46611637572757286
    ],
    "wbnb-wrapped-bnb": [
        700.6016051554227,
        701.6999012408231,
        701.6692695529
    ],
    "rbn-ribbon-finance": [
        0.9885661800071454,
        0.9879724354960426,
        0.980782160787907
    ],
    "ordi-ordinals": [
        56.123951270481975,
        55.923476516312654,
        56.179525612185074
    ],
    "mina-mina-protocol": [
        0.8667926351346833,
        0.867209946850688,
        0.8667932909424572
    ],
    "kcs-kucoin-token": [
        10.097070189683523,
        10.092097330185757,
        10.099915744894124
    ],
    "pendle-pendle": [
        6.070759220658441,
        6.079585851199989,
        6.0759751007667795
    ],
    "xtz-tezos": [
        0.9529758750347983,
        0.9544129401174944,
        0.9537555220083455
    ],
    "sei-sei": [
        0.5208544759443365,
        0.5203111376659552,
        0.5204275566252307
    ],
    "xec-ecash": [
        4.714762559517956e-05,
        4.71597284184331e-05,
        4.717772406599265e-05
    ],
    "msol-marinade-staked-sol": [
        206.2516251237251,
        206.1950784261837,
        206.15962276687722
    ],
    "cfx-conflux-network": [
        0.2212985412578897,
        0.2216218147611572,
        0.2294484355944873
    ],
    "matic-network": [
        0.713497,
        0.713497,
        0.714197
    ],
    "pepe": [
        1.436e-05,
        1.436e-05,
        1.441e-05
    ],
    "litecoin": [
        84.22,
        84.22,
        84.32
    ],
    "leo-token": [
        5.93,
        5.93,
        5.93
    ],
    "okb": [
        49.01604617828258,
        48.713750375744425,
        48.75457048931412
    ],
    "first-digital-usd": [
        0.9997972264827615,
        0.9994852903219638,
        0.9994469294096004
    ],
    "arweave": [
        44.79996080382592,
        45.95401752638314,
        46.24844634859879
    ],
    "optimism-ethereum": [
        2.5087377543551828,
        2.5115229783852873,
        2.5125142429153593
    ],
    "bittensor": [
        408.62536529860716,
        408.9930893705494,
        408.7861118148286
    ],