{
    "bitcoin": [
        71295,
        71295,
        71566
    ],
    "ethereum": [
        3811.87,
        3811.87,
        3820.82
    ],
    "tether": [
        1.001,
        1.001,
        1.0
    ],
    "binancecoin": [
        702.57,
        702.57,
        703.8
    ],
    "solana": [
        173.8,
        173.8,
        175.05
    ],
    "staked-ether": [
        3810.8,
        3810.8,
        3814.56
    ],
    "usd-coin": [
        1.001,
        1.001,
        1.0
    ],
    "ripple": [
        0.529342,
        0.529342,
        0.529843
    ],
    "dogecoin": [
        0.163629,
        0.163629,
        0.163842
    ],
    "the-open-network": [
        7.28,
        7.28,
        7.29
    ],
    "cardano": [
        0.462001,
        0.462001,
        0.462513
    ],
    "shiba-inu": [
        2.585e-05,
        2.585e-05,
        2.595e-05
    ],
    "avalanche-2": [
        36.26,
        36.26,
        36.42
    ],
    "wrapped-bitcoin": [
        71244,
        71244,
        71343
    ],
    "chainlink": [
        17.73,
        17.73,
        17.75
    ],
    "tron": [
        0.114481,
        0.114481,
        0.114482
    ],
    "polkadot": [
        7.22,
        7.22,
        7.23
    ],
    "bitcoin-cash": [
        481.73,
        481.73,
        482.78
    ],
    "near": [
        7.62,
        7.62,
        7.64
    ],
    "uniswap": [
        10.95,
        10.95,
        10.92
    ],
    "internet-computer": [
        12.35,
        12.35,
        12.35
    ],
    "unus-sed-leo": [
        5.923810812706364,
        5.924793027850309
    ],
    "multi-collateral-dai": [
        1.0001541775823066,
        1.000069113199768
    ],
    "ethereum-classic": [
        29.54011308560038,
        29.577846204956987,
        29.596287101636207
    ],
    "aptos": [
        9.284291052149223,
        9.306576879562227,
        9.30039384713708
    ],
    "render": [
        10.619767390786842,
        10.628059303437272,
        10.58353766431428
    ],
    "hedera": [
        0.1031757233300997,
        0.10332503188535704,
        0.10335306682331416
    ],
    "kaspa": [
        0.18249765270131532,
        0.18197967368124957,
        0.18220137460192434
    ],
    "dogwifhat": [
        3.4583419895260765,
        3.4794791829986327,
        3.4840124481060126
    ],
    "cosmos": [
        8.648890352830913,
        8.646131758099402,
        8.648556051174829
    ],
    "immutable-x": [
        2.2955600579167026,
        2.3024798221369056,
        2.3044484264693863
    ],
    "filecoin": [
        6.033128392113342,
        6.037921258332268,
        6.051116418035403
    ],
    "arbitrum": [
        1.1120591043614696,
        1.1145163665056748,
        1.1165111252315205
    ],
    "mantle": [
        0.9899978296011652,
        0.9901260827805933,
        0.9922964386331095
    ],
    "stellar": [
        0.10702347781715642,
        0.10711022380878962,
        0.10710061697166955
    ],
    "cronos": [
        0.11756748824530391,
        0.11780338983771425,
        0.11778957080433192
    ],
    "monero": [
        164.86123226380244,
        165.00386067371625,
        165.21042479522546
    ],
    "stacks": [
        2.298126470225339,
        2.304061904530364,
        2.2861942398827733
    ],
    "the-graph": [
        0.30254327082814636,
        0.30402259767180106,
        0.30399321071134044
    ],
    "bttc-bittorrent-chain": [
        1.16131894534557e-06,
        1.16263093515585e-06,
        1.1629025701566e-06
    ],
    "cheelee-cheelee": [
        21.103325124982764,
        21.046134880851447,
        21.118066516510268
    ],
    "VET": [
        0.0342648619606039,
        0.0341757644980644
    ],
    "STX": [
        1.96018090681332,
        1.94312681136669
    ],
    "FLR": [
        0.0280572218861115,
        0.0280389009629798
    ],
    "XMR": [
        155.295737980525,
        155.188147347795
    ],
    "SAGA": [
        2.827609212773917,
        2.81039661314113
    ],
    "AR": [
        43.18042703963509,
        42.9957677008812
    ],
    "ZETA": [
        1.34315063641458,
        1.33600332024875
    ],
    "BGB": [
        1.3705,
        1.3705
    ],
    "FLOKI": [
        0.00026691,
        0.00026701,
        0.00025869
    ],
    "ENS": [
        24.4870003377398,
        24.5373688610047,
        24.5088801654848
    ],
    "PIXEL": [
        0.5011,
        0.4995493506686317,
        0.50275
    ],
    "FTM": [
        0.81494311061099,
        0.810825200275531,
        0.810846650526059
    ],
    "INJ": [
        25.8086457389147,
        25.7996455630143,
        25.9201593958232
    ],
    "MKR": [
        2658.89260369574,
        2655.56278151193,
        2646.61559260119
    ],
    "ARKM": [
        2.4701,
        2.4832,
        2.4884
    ],
    "RUNE": [
        6.24995345624184,
        6.24993789301255,
        6.27496576785833
    ],
    "FET": [
        2.17014315535384,
        2.16850454940741,
        2.16902376854258
    ],
    "qnt-quant": [
        90.52108502521581,
        90.51339491405265,
        90.65358122825494
    ],
    "wld-worldcoin": [
        5.007663368335973,
        5.008443227136394,
        4.986658905392978
    ],
    "akt-akash-network": [
        4.609912244914056,
        4.615062064024484,
        4.627482144378423
    ],
    "neo-neo": [
        15.23368070142822,
        15.303339232272862,
        15.298825779999758
    ],
    "egld-elrond": [
        39.74347175558842,
        39.77998237030212,
        39.751526848796566
    ],
    "ron-ronin-token": [
        3.1385659758057227,
        3.147173532418669,
        3.152094006756636
    ],
    "sand-the-sandbox": [
        0.4721674066807476,
        0.4728341830545872,
        0.4756929955704594
    ],
    "wbnb-wrapped-bnb": [
        703.2816465190336,
        701.9632222491917,
        703.0035349390665
    ],
    "rbn-ribbon-finance": [
        0.9885661800071454,
        0.9879724354960426,
        0.980782160787907
    ],
    "ordi-ordinals": [
        56.374579087252535,
        56.592613815825224,
        56.518640734912715
    ],
    "mina-mina-protocol": [
        0.8702524764133674,
        0.8711842551897618,
        0.8719742772057645
    ],
    "kcs-kucoin-token": [
        10.10563321586967,
        10.114519405487613,
        10.124588530626575
    ],
    "pendle-pendle": [
        6.101769715361108,
        6.112061828034909,
        6.107505226585428
    ],
    "xtz-tezos": [
        0.9505281745864836,
        0.951751981532215,
        0.9525279394422028
    ],
    "sei-sei": [
        0.5252518963017628,
        0.5270130813889563,
        0.5284190654034082
    ],
    "xec-ecash": [
        4.710808265711899e-05,
        4.746358347191264e-05,
        4.748842106835074e-05
    ],
    "msol-marinade-staked-sol": [
        206.5367181524694,
        207.38426234604222,
        208.0147289225254
    ],
    "cfx-conflux-network": [
        0.2212985412578897,
        0.2216218147611572,
        0.2294484355944873
    ],
    "matic-network": [
        0.714244,
        0.714244,
        0.715308
    ],
    "pepe": [
        1.436e-05,
        1.436e-05,
        1.439e-05
    ],
    "litecoin": [
        84.36,
        84.36,
        84.58
    ],
    "leo-token": [
        5.94,
        5.94,
        5.94
    ],
    "okb": [
        48.75433442696974,
        48.818758274672184,
        48.856625534536086
    ],
    "first-digital-usd": [
        1.0001627528779822,
        1.0003667359533337,
        0.9999526781707935
    ],
    "arweave": [
        44.82243631011881,
        44.94362536154262,
        44.93571961771891
    ],
    "optimism-ethereum": [
        2.518076317297714,
        2.5214194596325026,
        2.521115524482075
    ],
    "bittensor": [
        416.1414882435023,
        417.1231917739643,
        419.9422472623298
    ],