{
    "bitcoin": [
        69269,
        69294,
        69294
    ],
    "ethereum": [
        3689.14,
        3688.11,
        3688.11
    ],
    "tether": [
        0.999557,
        0.999824,
        0.999824
    ],
    "binancecoin": [
        681.13,
        682.6,
        682.6
    ],
    "solana": [
        162.58,
        162.64,
        162.64
    ],
    "staked-ether": [
        3685.66,
        3684.41,
        3684.41
    ],
    "usd-coin": [
        1.0,
        1.0,
        1.0
    ],
    "ripple": [
        0.499148,
        0.499282,
        0.499282
    ],
    "dogecoin": [
        0.149028,
        0.148683,
        0.148683
    ],
    "the-open-network": [
        7.3,
        7.26,
        7.26
    ],
    "cardano": [
        0.450521,
        0.450808,
        0.450808
    ],
    "shiba-inu": [
        2.371e-05,
        2.377e-05,
        2.377e-05
    ],
    "avalanche-2": [
        33.6,
        33.63,
        33.63
    ],
    "wrapped-bitcoin": [
        69269,
        69296,
        69296
    ],
    "chainlink": [
        16.33,
        16.33,
        16.33
    ],
    "tron": [
        0.112637,
        0.112582,
        0.112582
    ],
    "polkadot": [
        6.64,
        6.66,
        6.66
    ],
    "bitcoin-cash": [
        481.52,
        482.27,
        482.27
    ],
    "near": [
        6.83,
        6.83,
        6.83
    ],
    "uniswap": [
        9.78,
        9.79,
        9.79
    ],
    "internet-computer": [
        11.54,
        11.55,
        11.55
    ],
    "unus-sed-leo": [
        5.923810812706364,
        5.924793027850309
    ],
    "multi-collateral-dai": [
        1.0001541775823066,
        1.000069113199768
    ],
    "ethereum-classic": [
        26.571766666494675,
        26.635876915691053,
        26.65296384300906
    ],
    "aptos": [
        8.545067046201147,
        8.564055274943605,
        8.575927415160615
    ],
    "render": [
        9.620060364635172,
        9.615145921597824,
        9.594782046769547
    ],
    "hedera": [
        0.09444674526587896,
        0.09437063585525302,
        0.09443855580726712
    ],
    "kaspa": [
        0.16547841419614287,
        0.16536884871702467,
        0.16440906833435434
    ],
    "dogwifhat": [
        2.8586223732325706,
        2.849168650528719,
        2.847466863372212
    ],
    "cosmos": [
        8.094393879209296,
        8.106962986592164,
        8.106309814434807
    ],
    "immutable-x": [
        2.117967121005225,
        2.1206125752091065,
        2.120571688694592
    ],
    "filecoin": [
        6.05674149554673,
        6.11079376457018,
        6.112490139698093
    ],
    "arbitrum": [
        0.9940404450678174,
        0.995048546461581,
        0.9952605111439611
    ],
    "mantle": [
        0.9595141878200155,
        0.9583106474646701,
        0.9580730865908721
    ],
    "stellar": [
        0.10011384696602361,
        0.10028205096938786,
        0.10022596373305791
    ],
    "cronos": [
        0.11291185631385901,
        0.113030822534835,
        0.1129954537423135
    ],
    "monero": [
        157.97914220626026,
        157.69051079085114,
        157.9209003733675
    ],
    "stacks": [
        2.171889917805956,
        2.18595346444621,
        2.17310656390928
    ],
    "the-graph": [
        0.2736726343269779,
        0.2734688178767897,
        0.27363595607348945
    ],
    "bttc-bittorrent-chain": [
        1.11778984574747e-06,
        1.12184526174438e-06,
        1.1174772485008e-06
    ],
    "cheelee-cheelee": [
        20.731056925258436,
        20.79734241123576,
        20.774954409654594
    ],
    "VET": [
        0.0342648619606039,
        0.0341757644980644
    ],
    "STX": [
        1.96018090681332,
        1.94312681136669
    ],
    "FLR": [
        0.0280572218861115,
        0.0280389009629798
    ],
    "XMR": [
        155.295737980525,
        155.188147347795
    ],
    "SAGA": [
        2.827609212773917,
        2.81039661314113
    ],
    "AR": [
        43.18042703963509,
        42.9957677008812
    ],
    "ZETA": [
        1.11698886903034,
        1.1142736398709,
        1.12400151652205
    ],
    "BGB": [
        1.1906,
        1.1906,
        1.1906
    ],
    "FLOKI": [
        0.00026691,
        0.00026701,
        0.00025869
    ],
    "ENS": [
        22.0101434879174,
        22.0198198934375,
        22.0000164291813
    ],
    "PIXEL": [
        0.4411,
        0.44218,
        0.44137
    ],
    "FTM": [
        0.720284391583343,
        0.721198793257203,
        0.723081133560958
    ],
    "INJ": [
        25.8086457389147,
        25.7996455630143,
        25.9201593958232
    ],
    "MKR": [
        2594.894715936144,
        2596.414635467978,
        2594.250306521202
    ],
    "ARKM": [
        2.626743482716449,
        2.628414754078233,
        2.629537862114028
    ],
    "RUNE": [
        5.60399608564965,
        5.59703337395947,
        5.59270052666441
    ],
    "FET": [
        1.83226197086827,
        1.83017005343441,
        1.82921154374114
    ],
    "qnt-quant": [
        85.9267179286142,
        86.02377503969501,
        85.93534806198622
    ],
    "wld-worldcoin": [
        4.414747140215671,
        4.439567277398038,
        4.443672559191681
    ],
    "akt-akash-network": [
        4.235623563119979,
        4.2485130043889265,
        4.239013126819442
    ],
    "neo-neo": [
        14.055574432258247,
        14.106988090880364,
        14.119820049537184
    ],
    "egld-elrond": [
        36.35601025662057,
        36.45599416632922,
        36.37333337055617
    ],
    "ron-ronin-token": [
        2.9130280750771966,
        2.920113147859419,
        2.9291388516673327
    ],
    "sand-the-sandbox": [
        0.43594150669882503,
        0.43664363783549304,
        0.4361895105425782
    ],
    "wbnb-wrapped-bnb": [
        681.0407875558934,
        681.9786492228426,
        682.3488510329645
    ],
    "rbn-ribbon-finance": [
        0.9885661800071454,
        0.9879724354960426,
        0.980782160787907
    ],
    "ordi-ordinals": [
        62.09291343912357,
        62.099473141626135,
        62.26669803898842
    ],
    "mina-mina-protocol": [
        0.8040970926483817,
        0.8046431225564353,
        0.8038374832930485
    ],
    "kcs-kucoin-token": [
        10.354781479559705,
        10.347729216994285,
        10.349989381060377
    ],
    "pendle-pendle": [
        5.920309844791598,
        5.9140184541053245,
        5.911927372558721
    ],
    "xtz-tezos": [
        0.8735422649761677,
        0.8722573888430175,
        0.8715800861198614
    ],
    "sei-sei": [
        0.5079601821218942,
        0.5080008304928663,
        0.509046661147322
    ],
    "xec-ecash": [
        4.34353786153754e-05,
        4.346539705640754e-05,
        4.344265960665556e-05
    ],
    "msol-marinade-staked-sol": [
        193.8530949639779,
        194.56433120312974,
        194.3335500306143
    ],
    "cfx-conflux-network": [
        0.2272375731725614,
        0.2272375731725614,
        0.22709059873310986
    ],
    "matic-network": [
        0.667423,
        0.667348,
        0.667348
    ],
    "pepe": [
        1.284e-05,
        1.284e-05,
        1.284e-05
    ],
    "litecoin": [
        79.9,
        79.94,
        79.94
    ],
    "leo-token": [
        6.01,
        6.01,
        6.01
    ],
    "okb": [
        48.1259736029741,
        48.15847881091255,
        48.14829508454393
    ],
    "first-digital-usd": [
        1.0004470132686187,
        1.0003628542823109,
        1.000490115452401
    ],
    "arweave": [
        39.13645571024891,
        38.90537226715467,
        38.91189206403084
    ],
    "optimism-ethereum": [
        2.2615788528062106,
        2.2633722432372663,
        2.257348310592534
    ],
    "bittensor": [
        390.72995593858496,
        390.73055759133075,
        390.1315525398316
    ],