{
    "bitcoin": [
        70941,
        70871,
        70871
    ],
    "ethereum": [
        3847.29,
        3842.67,
        3842.67
    ],
    "tether": [
        0.999944,
        0.999431,
        0.999431
    ],
    "binancecoin": [
        699.71,
        700.57,
        700.57
    ],
    "solana": [
        171.93,
        171.93,
        171.93
    ],
    "staked-ether": [
        3844.95,
        3841.65,
        3841.65
    ],
    "usd-coin": [
        0.999935,
        0.999361,
        0.999361
    ],
    "ripple": [
        0.523555,
        0.522741,
        0.522741
    ],
    "dogecoin": [
        0.161718,
        0.161663,
        0.161663
    ],
    "the-open-network": [
        7.28,
        7.29,
        7.29
    ],
    "cardano": [
        0.458753,
        0.458685,
        0.458685
    ],
    "shiba-inu": [
        2.56e-05,
        2.558e-05,
        2.558e-05
    ],
    "avalanche-2": [
        36.22,
        36.23,
        36.23
    ],
    "wrapped-bitcoin": [
        70965,
        70989,
        70989
    ],
    "chainlink": [
        17.43,
        17.42,
        17.42
    ],
    "tron": [
        0.114578,
        0.114578,
        0.114578
    ],
    "polkadot": [
        7.16,
        7.15,
        7.15
    ],
    "bitcoin-cash": [
        492.86,
        492.38,
        492.38
    ],
    "near": [
        7.51,
        7.5,
        7.5
    ],
    "uniswap": [
        10.73,
        10.72,
        10.72
    ],
    "internet-computer": [
        12.15,
        12.15,
        12.15
    ],
    "unus-sed-leo": [
        5.923810812706364,
        5.924793027850309
    ],
    "multi-collateral-dai": [
        1.0001541775823066,
        1.000069113199768
    ],
    "ethereum-classic": [
        29.472108820157906,
        29.45003510888181,
        29.38890113591846
    ],
    "aptos": [
        9.13183036536603,
        9.133626313523784,
        9.121748824811581
    ],
    "render": [
        10.56073881964524,
        10.557601990301247,
        10.51378710848517
    ],
    "hedera": [
        0.10314507254989269,
        0.10313634312687373,
        0.10295625047689903
    ],
    "kaspa": [
        0.1788470250166372,
        0.1800044318776008,
        0.18117750092778753
    ],
    "dogwifhat": [
        3.3478086667878255,
        3.3448724457017667,
        3.3400985216106647
    ],
    "cosmos": [
        8.62683139771729,
        8.625584779218746,
        8.617344381333623
    ],
    "immutable-x": [
        2.265906109128912,
        2.267448031694702,
        2.26372339437773
    ],
    "filecoin": [
        6.008408452132458,
        6.005251696223088,
        6.003406300896809
    ],
    "arbitrum": [
        1.1069554573908482,
        1.1060883891519528,
        1.104946417412632
    ],
    "mantle": [
        1.040719753057792,
        1.040279730390239,
        1.0393687329548786
    ],
    "stellar": [
        0.10615065526123732,
        0.10608521612773517,
        0.10605669159588173
    ],
    "cronos": [
        0.11521997285374568,
        0.11519312497213607,
        0.11524209801212112
    ],
    "monero": [
        163.5334189597638,
        163.4872850985916,
        163.45526925951012
    ],
    "stacks": [
        2.3902326878933255,
        2.374406432033327,
        2.366422780105474
    ],
    "the-graph": [
        0.2988249067996539,
        0.2988755062306075,
        0.2983383025208982
    ],
    "bttc-bittorrent-chain": [
        1.16908577775652e-06,
        1.1686139341353e-06,
        1.16758012427508e-06
    ],
    "cheelee-cheelee": [
        20.91805514539157,
        21.02204081443365,
        20.989053578293877
    ],
    "VET": [
        0.0342648619606039,
        0.0341757644980644
    ],
    "STX": [
        1.96018090681332,
        1.94312681136669
    ],
    "FLR": [
        0.0280572218861115,
        0.0280389009629798
    ],
    "XMR": [
        155.295737980525,
        155.188147347795
    ],
    "SAGA": [
        2.827609212773917,
        2.81039661314113
    ],
    "AR": [
        43.18042703963509,
        42.9957677008812
    ],
    "ZETA": [
        1.34315063641458,
        1.33600332024875
    ],
    "BGB": [
        1.3705,
        1.3169,
        1.294
    ],
    "FLOKI": [
        0.00026691,
        0.00026701,
        0.00025869
    ],
    "ENS": [
        24.7501966205433,
        24.7496673214997,
        24.6715297711957
    ],
    "PIXEL": [
        0.49351,
        0.4915,
        0.49546
    ],
    "FTM": [
        0.812666201582599,
        0.810264692425488,
        0.811516222921352
    ],
    "INJ": [
        25.8086457389147,
        25.7996455630143,
        25.9201593958232
    ],
    "MKR": [
        2678.60835986045,
        2679.19881558213,
        2678.61942081851
    ],
    "ARKM": [
        2.626743482716449,
        2.628414754078233,
        2.629537862114028
    ],
    "RUNE": [
        6.12784211009667,
        6.12447750468362,
        6.13301532335122
    ],
    "FET": [
        2.11762408610548,
        2.11297821473957,
        2.1172460623887
    ],
    "qnt-quant": [
        90.16915655004667,
        90.19522393988788,
        90.28556296390873
    ],
    "wld-worldcoin": [
        4.992086144397131,
        4.9747444223181905,
        4.969496498024486
    ],
    "akt-akash-network": [
        4.528367986343723,
        4.5303858278,
        4.527908349629576
    ],
    "neo-neo": [
        15.067483849375884,
        15.06681913791569,
        15.041042726215691
    ],
    "egld-elrond": [
        39.59220540138932,
        39.608124061454234,
        39.503425268396335
    ],
    "ron-ronin-token": [
        3.124710212139215,
        3.130057289563687,
        3.127362336615129
    ],
    "sand-the-sandbox": [
        0.46533553817307616,
        0.4651671282910692,
        0.46365569285492675
    ],
    "wbnb-wrapped-bnb": [
        700.0100507785742,
        700.0459298683073,
        700.9203637508566
    ],
    "rbn-ribbon-finance": [
        0.9885661800071454,
        0.9879724354960426,
        0.980782160787907
    ],
    "ordi-ordinals": [
        56.35610681889318,
        56.17354564299531,
        56.22613227926823
    ],
    "mina-mina-protocol": [
        0.8644244010087291,
        0.8642837819689994,
        0.8625790034731585
    ],
    "kcs-kucoin-token": [
        10.24067721474438,
        10.248194860277044,
        10.230668777196993
    ],
    "pendle-pendle": [
        6.045781104333901,
        6.045514982583507,
        6.043155475282273
    ],
    "xtz-tezos": [
        0.9382806419884706,
        0.9387062075864454,
        0.9396213881586138
    ],
    "sei-sei": [
        0.518771116420073,
        0.5175136443111531,
        0.5161730049990283
    ],
    "xec-ecash": [
        4.677336256997018e-05,
        4.679457581276796e-05,
        4.704680735943556e-05
    ],
    "msol-marinade-staked-sol": [
        204.96711331506626,
        205.44346161930628,
        205.48981210338374
    ],
    "cfx-conflux-network": [
        0.2212985412578897,
        0.2216218147611572,
        0.2294484355944873
    ],
    "matic-network": [
        0.717167,
        0.71648,
        0.71648
    ],
    "pepe": [
        1.478e-05,
        1.474e-05,
        1.474e-05
    ],
    "litecoin": [
        84.58,
        84.68,
        84.68
    ],
    "leo-token": [
        6.03,
        6.02,
        6.02
    ],
    "okb": [
        48.73626819912934,
        48.760406679098104,
        48.820261918740755
    ],
    "first-digital-usd": [
        1.000805979272897,
        1.000842076957598,
        1.000699360920692
    ],
    "arweave": [
        43.39485263444182,
        43.35712018876951,
        43.26141820458128
    ],
    "optimism-ethereum": [
        2.4788234607786794,
        2.477462885035204,
        2.4753228564899548
    ],
    "bittensor": [
        407.1532434923152,
        406.72393984628695,
        406.15856831993244
    ],