{
    "bitcoin": [
        68942,
        68879,
        68879
    ],
    "ethereum": [
        3775.59,
        3770.24,
        3770.24
    ],
    "tether": [
        0.999706,
        0.999806,
        0.999806
    ],
    "binancecoin": [
        628.41,
        627.86,
        627.86
    ],
    "solana": [
        165.13,
        164.95,
        164.95
    ],
    "staked-ether": [
        3775.06,
        3769.37,
        3769.37
    ],
    "usd-coin": [
        0.999897,
        1.0,
        1.0
    ],
    "ripple": [
        0.520648,
        0.52048,
        0.52048
    ],
    "dogecoin": [
        0.158649,
        0.158513,
        0.158513
    ],
    "the-open-network": [
        6.8,
        6.8,
        6.8
    ],
    "cardano": [
        0.458145,
        0.457638,
        0.457638
    ],
    "shiba-inu": [
        2.45e-05,
        2.442e-05,
        2.442e-05
    ],
    "avalanche-2": [
        35.21,
        35.12,
        35.12
    ],
    "wrapped-bitcoin": [
        69040,
        68938,
        68938
    ],
    "chainlink": [
        17.58,
        17.57,
        17.57
    ],
    "tron": [
        0.113661,
        0.113629,
        0.113629
    ],
    "polkadot": [
        7.03,
        7.02,
        7.02
    ],
    "bitcoin-cash": [
        466.21,
        465.56,
        465.56
    ],
    "near": [
        7.12,
        7.11,
        7.11
    ],
    "uniswap": [
        9.53,
        9.52,
        9.52
    ],
    "internet-computer": [
        12.0,
        12.01,
        12.01
    ],
    "unus-sed-leo": [
        5.923810812706364,
        5.924793027850309
    ],
    "multi-collateral-dai": [
        1.0001541775823066,
        1.000069113199768
    ],
    "ethereum-classic": [
        29.24604814725347,
        29.20352121967086
    ],
    "aptos": [
        8.929556895215029,
        8.927891622063955,
        8.899843060703027
    ],
    "render": [
        10.015741379066617,
        10.015472153439655,
        9.997736316509561
    ],
    "hedera": [
        0.10084828395661953,
        0.1009201949512697,
        0.10080345934790812
    ],
    "kaspa": [
        0.17138541503110213,
        0.17032968328519912,
        0.16922092704423944
    ],
    "dogwifhat": [
        3.2905246583784837,
        3.2886984567013124,
        3.2744954061646947
    ],
    "cosmos": [
        8.353668918287847,
        8.353706107972105,
        8.334014385901742
    ],
    "immutable-x": [
        2.231535434788491,
        2.23231986980778,
        2.2266079222638973
    ],
    "filecoin": [
        5.807479223473743,
        5.803423171646541,
        5.7845968534198775
    ],
    "arbitrum": [
        1.1066926467447589,
        1.1064824469114674,
        1.103778226658715
    ],
    "mantle": [
        0.9674020079825709,
        0.9683275617244772,
        0.9639286970844123
    ],
    "stellar": [
        0.10535573817066458,
        0.10536625467454891,
        0.1052707324571332
    ],
    "cronos": [
        0.10966013128971941,
        0.10953747650532983,
        0.10947480462029456
    ],
    "monero": [
        155.70251042058095,
        155.21682159696746,
        155.12464357931097
    ],
    "stacks": [
        1.8923028021997437,
        1.8929957942633728,
        1.8857647917140958
    ],
    "the-graph": [
        0.2945539823954501,
        0.29438818980004844,
        0.2938714993536287
    ],
    "bttc-bittorrent-chain": [
        1.15262277272726e-06,
        1.15282538229248e-06,
        1.15291021119793e-06
    ],
    "cheelee-cheelee": [
        20.74734617424799,
        20.748706764422167,
        20.748907048387828
    ],
    "VET": [
        0.0342648619606039,
        0.0341757644980644
    ],
    "STX": [
        1.96018090681332,
        1.94312681136669
    ],
    "FLR": [
        0.0280572218861115,
        0.0280389009629798
    ],
    "XMR": [
        155.295737980525,
        155.188147347795
    ],
    "SAGA": [
        2.827609212773917,
        2.81039661314113
    ],
    "AR": [
        43.18042703963509,
        42.9957677008812
    ],
    "ZETA": [
        1.34315063641458,
        1.33600332024875
    ],
    "BGB": [
        1.3705,
        1.3705
    ],
    "FLOKI": [
        0.00027295,
        0.00027004
    ],
    "ENS": [
        25.2395917056361,
        25.1111574351559,
        25.1110150660274
    ],
    "PIXEL": [
        0.5075035299704171,
        0.5091358288893804,
        0.5094
    ],
    "FTM": [
        0.81494311061099,
        0.810825200275531,
        0.810846650526059
    ],
    "INJ": [
        25.0196575479058,
        24.9855406084722,
        24.9396320104712
    ],
    "MKR": [
        2585.82085335581,
        2591.765955158,
        2591.33333757779
    ],
    "ARKM": [
        2.4459,
        2.4467,
        2.4451
    ],
    "RUNE": [
        6.00203390018574,
        5.99645102948959,
        5.99159309082078
    ],
    "FET": [
        2.14322643848474,
        2.14059490621609,
        2.13437669386116
    ],
    "qnt-quant": [
        90.41162118716392,
        90.56099388624241,
        90.54664152859227
    ],
    "wld-worldcoin": [
        4.812152881613918,
        4.818222372158392,
        4.813545396337192
    ],
    "akt-akash-network": [
        4.437417479721627,
        4.4341692376858,
        4.438887495949643
    ],
    "neo-neo": [
        14.725429897044872,
        14.698015351871687,
        14.657172289314216
    ],
    "egld-elrond": [
        38.76295154471314,
        38.838634884315276,
        38.652684691550064
    ],
    "ron-ronin-token": [
        3.2003177698826755,
        3.197592599403427,
        3.1722779777062247
    ],
    "sand-the-sandbox": [
        0.4534161666548967,
        0.45280064588967445,
        0.4517645745640198
    ],
    "wbnb-wrapped-bnb": [
        628.1728691979979,
        628.28923463209,
        627.7085728446335
    ],
    "rbn-ribbon-finance": [
        0.9770494471857496,
        0.9771671114582041,
        0.9758284267199735
    ],
    "ordi-ordinals": [
        47.980734498041116,
        47.961398630502735,
        47.49922992773043
    ],
    "mina-mina-protocol": [
        0.8619834565535307,
        0.8632276337052139,
        0.8597527161816931
    ],
    "kcs-kucoin-token": [
        10.0943912105789,
        10.075656365968053,
        10.084493367357078
    ],
    "pendle-pendle": [
        6.0873488827320426,
        6.0834122227743,
        6.061702690071543
    ],
    "xtz-tezos": [
        0.9285518510217177,
        0.9277777322782543,
        0.9256720544911496
    ],
    "sei-sei": [
        0.5046520354648664,
        0.5040277771459338,
        0.5021968194070753
    ],
    "xec-ecash": [
        4.651975356912256e-05,
        4.647611752938158e-05,
        4.610906973968673e-05
    ],
    "msol-marinade-staked-sol": [
        196.98815916027831,
        196.90304625028367,
        196.744253915849
    ],
    "cfx-conflux-network": [
        0.22437187106123205,
        0.22457692762520903,
        0.22473628934200063
    ],
    "matic-network": [
        0.706688,
        0.705649,
        0.705649
    ],
    "pepe": [
        1.45e-05,
        1.448e-05,
        1.448e-05
    ],
    "litecoin": [
        82.95,
        82.9,
        82.9
    ],
    "leo-token": [
        6.0,
        5.99,
        5.99
    ],
    "okb": [
        46.61069190335451,
        46.60947839989601,
        46.58118416499276
    ],
    "first-digital-usd": [
        0.9997161594017142,
        0.9997155759472323,
        0.9994751029529232
    ],
    "arweave": [
        42.963675217095506,
        43.1107487874136,
        42.948860318464675
    ],
    "optimism-ethereum": [
        2.4080828420137212,
        2.4085037202211486,
        2.400951085095773
    ],
    "bittensor": [
        379.15985384786666,
        379.6586535233964,
        378.8996539663453
    ],
    "floki-inu": [
        0.0002717254493339645,
        0.0002710088713673098,
        0.0002688162524562427
    ],