{
    "bitcoin": [
        71042,
        71107,
        71107
    ],
    "ethereum": [
        3801.85,
        3805.88,
        3805.88
    ],
    "tether": [
        0.999511,
        1.0,
        1.0
    ],
    "binancecoin": [
        703.9,
        709.46,
        709.46
    ],
    "solana": [
        173.1,
        173.05,
        173.05
    ],
    "staked-ether": [
        3801.46,
        3804.46,
        3804.46
    ],
    "usd-coin": [
        0.999272,
        1.0,
        1.0
    ],
    "ripple": [
        0.526198,
        0.530199,
        0.530199
    ],
    "dogecoin": [
        0.163654,
        0.163793,
        0.163793
    ],
    "the-open-network": [
        7.46,
        7.51,
        7.51
    ],
    "cardano": [
        0.461348,
        0.462087,
        0.462087
    ],
    "shiba-inu": [
        2.611e-05,
        2.62e-05,
        2.62e-05
    ],
    "avalanche-2": [
        36.25,
        36.32,
        36.32
    ],
    "wrapped-bitcoin": [
        71009,
        71138,
        71138
    ],
    "chainlink": [
        17.9,
        17.92,
        17.92
    ],
    "tron": [
        0.113923,
        0.114082,
        0.114082
    ],
    "polkadot": [
        7.24,
        7.24,
        7.24
    ],
    "bitcoin-cash": [
        482.89,
        485.19,
        485.19
    ],
    "near": [
        7.57,
        7.59,
        7.59
    ],
    "uniswap": [
        11.2,
        11.23,
        11.23
    ],
    "internet-computer": [
        12.43,
        12.44,
        12.44
    ],
    "unus-sed-leo": [
        5.923810812706364,
        5.924793027850309
    ],
    "multi-collateral-dai": [
        1.0001541775823066,
        1.000069113199768
    ],
    "ethereum-classic": [
        28.245398257432665,
        28.209715278628575,
        28.280479846943802
    ],
    "aptos": [
        9.245316293444317,
        9.250282007228902,
        9.261653564905686
    ],
    "render": [
        10.612104263212272,
        10.565150805231918,
        10.566040209048312
    ],
    "hedera": [
        0.10354153602428336,
        0.10342043738821892,
        0.10376744505027802
    ],
    "kaspa": [
        0.1799835437723025,
        0.1796551866969711,
        0.17967119318555702
    ],
    "dogwifhat": [
        3.5257065563416776,
        3.514852753410209,
        3.554192595520197
    ],
    "cosmos": [
        8.577074784438937,
        8.581112567978789,
        8.589075964130481
    ],
    "immutable-x": [
        2.304363698775647,
        2.2964511364949494,
        2.2967481547456114
    ],
    "filecoin": [
        5.9841685285354185,
        5.985039437028393,
        6.005169925784025
    ],
    "arbitrum": [
        1.1212870790187022,
        1.121556152972203,
        1.1225874143984802
    ],
    "mantle": [
        0.9700002408125424,
        0.968326151671875,
        0.969130500415977
    ],
    "stellar": [
        0.10633506134005213,
        0.10659885345608938,
        0.10670785496631578
    ],
    "cronos": [
        0.11273523811776179,
        0.11287616609202057,
        0.11296292636021739
    ],
    "monero": [
        161.02483246836962,
        162.22840217618307,
        162.7044666494007
    ],
    "stacks": [
        2.2283259765041383,
        2.229588463494535,
        2.2279837904592688
    ],
    "the-graph": [
        0.30087500254492106,
        0.3011849959757504,
        0.3014171646355305
    ],
    "bttc-bittorrent-chain": [
        1.16751125606324e-06,
        1.16467462157439e-06,
        1.16728025532904e-06
    ],
    "cheelee-cheelee": [
        21.02814601448967,
        20.95554587313574,
        20.950494024713088
    ],
    "VET": [
        0.0342648619606039,
        0.0341757644980644
    ],
    "STX": [
        1.96018090681332,
        1.94312681136669
    ],
    "FLR": [
        0.0280572218861115,
        0.0280389009629798
    ],
    "XMR": [
        155.295737980525,
        155.188147347795
    ],
    "SAGA": [
        2.827609212773917,
        2.81039661314113
    ],
    "AR": [
        43.18042703963509,
        42.9957677008812
    ],
    "ZETA": [
        1.34315063641458,
        1.33600332024875
    ],
    "BGB": [
        1.3705,
        1.3705
    ],
    "FLOKI": [
        0.00026691,
        0.00026701,
        0.00025869
    ],
    "ENS": [
        25.0274563994166,
        24.9900845689426,
        24.9914382707731
    ],
    "PIXEL": [
        0.48762,
        0.49548,
        0.49722
    ],
    "FTM": [
        0.81494311061099,
        0.810825200275531,
        0.810846650526059
    ],
    "INJ": [
        25.8086457389147,
        25.7996455630143,
        25.9201593958232
    ],
    "MKR": [
        2658.89260369574,
        2655.56278151193,
        2646.61559260119
    ],
    "ARKM": [
        2.4701,
        2.4832,
        2.4884
    ],
    "RUNE": [
        6.30174193376398,
        6.25681918759905,
        6.30179725641171
    ],
    "FET": [
        2.18011402692385,
        2.18428831157102,
        2.18054356947991
    ],
    "qnt-quant": [
        90.79196693883034,
        90.91293025548786,
        90.84807127321001
    ],
    "wld-worldcoin": [
        4.891145742392046,
        4.885975701350397,
        4.896217719933096
    ],
    "akt-akash-network": [
        4.4964297639798865,
        4.4849204194442684,
        4.4952417734165
    ],
    "neo-neo": [
        15.218650180282095,
        15.19528475430101,
        15.188641169081373
    ],
    "egld-elrond": [
        39.878885506880835,
        39.89770112506562,
        39.844503793705115
    ],
    "ron-ronin-token": [
        3.109947448048398,
        3.119979049562411,
        3.1155526118368124
    ],
    "sand-the-sandbox": [
        0.4645179456028465,
        0.4638591528621139,
        0.46505858972415715
    ],
    "wbnb-wrapped-bnb": [
        706.0602001375132,
        709.6940846145618,
        710.124916500069
    ],
    "rbn-ribbon-finance": [
        0.9885661800071454,
        0.9879724354960426,
        0.980782160787907
    ],
    "ordi-ordinals": [
        56.74497590270096,
        57.07131701183117,
        56.901108012931935
    ],
    "mina-mina-protocol": [
        0.8581912708552437,
        0.856441470395989,
        0.857302066361713
    ],
    "kcs-kucoin-token": [
        10.130475456198056,
        10.138750236331644,
        10.139622527538366
    ],
    "pendle-pendle": [
        6.128279112156614,
        6.107470742719655,
        6.111789392642405
    ],
    "xtz-tezos": [
        0.9533742310972351,
        0.9510994230660244,
        0.9524893257610306
    ],
    "sei-sei": [
        0.5225852054056692,
        0.5210034939256445,
        0.5217502229706292
    ],
    "xec-ecash": [
        4.746005930471774e-05,
        4.758788534659668e-05,
        4.764944810850669e-05
    ],
    "msol-marinade-staked-sol": [
        206.88099016176062,
        206.02713550645393,
        206.35306890061761
    ],
    "cfx-conflux-network": [
        0.2212985412578897,
        0.2216218147611572,
        0.2294484355944873
    ],
    "matic-network": [
        0.716497,
        0.716366,
        0.716366
    ],
    "pepe": [
        1.481e-05,
        1.472e-05,
        1.472e-05
    ],
    "litecoin": [
        83.8,
        84.01,
        84.01
    ],
    "leo-token": [
        5.95,
        5.95,
        5.95
    ],
    "okb": [
        49.25324762230038,
        49.48669919172458,
        49.50359786667229
    ],
    "first-digital-usd": [
        0.9999288939989645,
        0.9997944874823272,
        0.9997818656250121
    ],
    "arweave": [
        45.10355843128788,
        45.09841228333928,
        44.96103639376277
    ],
    "optimism-ethereum": [
        2.5136870802599462,
        2.5139481722365637,
        2.516533790359112
    ],
    "bittensor": [
        398.83048315102513,
        399.6450735296944,
        399.73645232739045
    ],