{
    "bitcoin": [
        68995,
        68857,
        68889
    ],
    "ethereum": [
        3762.45,
        3758.67,
        3760.74
    ],
    "tether": [
        0.999645,
        0.99877,
        0.999657
    ],
    "binancecoin": [
        631.78,
        629.85,
        629.36
    ],
    "solana": [
        165.78,
        165.13,
        165.29
    ],
    "staked-ether": [
        3761.52,
        3758.44,
        3758.1
    ],
    "usd-coin": [
        0.999905,
        1.0,
        1.0
    ],
    "ripple": [
        0.519732,
        0.519341,
        0.519333
    ],
    "dogecoin": [
        0.158091,
        0.157622,
        0.157659
    ],
    "the-open-network": [
        6.79,
        6.77,
        6.76
    ],
    "cardano": [
        0.458122,
        0.456236,
        0.456166
    ],
    "shiba-inu": [
        2.393e-05,
        2.384e-05,
        2.383e-05
    ],
    "avalanche-2": [
        34.85,
        34.72,
        34.78
    ],
    "wrapped-bitcoin": [
        69029,
        68890,
        68967
    ],
    "chainlink": [
        17.61,
        17.61,
        17.62
    ],
    "tron": [
        0.113128,
        0.11324,
        0.113199
    ],
    "polkadot": [
        7.02,
        7.0,
        7.0
    ],
    "bitcoin-cash": [
        461.56,
        460.93,
        461.03
    ],
    "near": [
        7.04,
        7.03,
        7.04
    ],
    "uniswap": [
        9.5,
        9.48,
        9.46
    ],
    "internet-computer": [
        12.12,
        12.13,
        12.12
    ],
    "unus-sed-leo": [
        5.923810812706364,
        5.924793027850309
    ],
    "multi-collateral-dai": [
        1.0001541775823066,
        1.000069113199768
    ],
    "ethereum-classic": [
        28.48921596473561,
        28.469731619908817,
        28.433408083009436
    ],
    "aptos": [
        8.928610455489094,
        8.880976477933777,
        8.860410402109993
    ],
    "render": [
        10.060376495942268,
        10.063752900719955,
        10.080593536764216
    ],
    "hedera": [
        0.10037370905400095,
        0.09998217048562118,
        0.10005401662799167
    ],
    "kaspa": [
        0.1735965398608257,
        0.1722707273761889,
        0.17438392560931243
    ],
    "dogwifhat": [
        3.2881796863504817,
        3.2505983476946003,
        3.2643460868524223
    ],
    "cosmos": [
        8.342003035321,
        8.321329813247154,
        8.322852820995214
    ],
    "immutable-x": [
        2.291306101389807,
        2.2683055770328986,
        2.267980047540506
    ],
    "filecoin": [
        5.786840178844929,
        5.764351758055649,
        5.773300130014214
    ],
    "arbitrum": [
        1.100972307597826,
        1.0953892672330237,
        1.0959990044759198
    ],
    "mantle": [
        0.9625259007869906,
        0.9597476718803962,
        0.9578196563136429
    ],
    "stellar": [
        0.10482888334179151,
        0.10461631800440091,
        0.10457702958685747
    ],
    "cronos": [
        0.10843980913088165,
        0.10770155941563718,
        0.10770525314639207
    ],
    "monero": [
        157.08348637586067,
        156.53422139409815,
        156.90463476919163
    ],
    "stacks": [
        1.9768317305604468,
        1.9516052043192078,
        1.954356475431704
    ],
    "the-graph": [
        0.2942711669413068,
        0.2933289067655514,
        0.29253361932505106
    ],
    "bttc-bittorrent-chain": [
        1.13939742778458e-06,
        1.13494840424463e-06,
        1.13108411994409e-06
    ],
    "cheelee-cheelee": [
        20.48092731422063,
        20.51246513925871,
        20.457318622881
    ],
    "VET": [
        0.0342648619606039,
        0.0341757644980644
    ],
    "STX": [
        1.96018090681332,
        1.94312681136669
    ],
    "FLR": [
        0.0280572218861115,
        0.0280389009629798
    ],
    "XMR": [
        155.295737980525,
        155.188147347795
    ],
    "SAGA": [
        2.827609212773917,
        2.81039661314113
    ],
    "AR": [
        43.18042703963509,
        42.9957677008812
    ],
    "ZETA": [
        1.34315063641458,
        1.33600332024875
    ],
    "BGB": [
        1.3705,
        1.3705
    ],
    "FLOKI": [
        0.00027004,
        0.00026691,
        0.00026701
    ],
    "ENS": [
        25.0590585036423,
        25.0202167743617,
        24.9501287177725
    ],
    "PIXEL": [
        0.5075035299704171,
        0.5091358288893804,
        0.5094
    ],
    "FTM": [
        0.81494311061099,
        0.810825200275531,
        0.810846650526059
    ],
    "INJ": [
        24.9975413519559,
        24.9880415892694,
        24.9093314844729
    ],
    "MKR": [
        2591.33333757779,
        2568.06953013984,
        2572.53851737616
    ],
    "ARKM": [
        2.4711,
        2.4549,
        2.4617
    ],
    "RUNE": [
        6.01332510922099,
        5.98108039775146,
        5.99099481800894
    ],
    "FET": [
        2.12353072606227,
        2.11274210448303,
        2.11722246439567
    ],
    "qnt-quant": [
        90.84792347426067,
        90.65822167391198,
        90.62580813369989
    ],
    "wld-worldcoin": [
        4.804482290298469,
        4.773333563091821,
        4.760531113451836
    ],
    "akt-akash-network": [
        4.387051962735095,
        4.376519484694998,
        4.3692273443663625
    ],
    "neo-neo": [
        14.74066380442994,
        14.671460853031753,
        14.683705159964413
    ],
    "egld-elrond": [
        38.79711059034624,
        38.59889333613991,
        38.63692406003979
    ],
    "ron-ronin-token": [
        3.1479629403783846,
        3.136370449687182,
        3.138403511627214
    ],
    "sand-the-sandbox": [
        0.45093866743950195,
        0.44726090436829524,
        0.448752497905501
    ],
    "wbnb-wrapped-bnb": [
        631.9086938512036,
        630.4185276438302,
        630.0372267592215
    ],
    "rbn-ribbon-finance": [
        0.9885661800071454,
        0.9879724354960426,
        0.980782160787907
    ],
    "ordi-ordinals": [
        47.484786996399976,
        47.26356034106721,
        47.36025695467891
    ],
    "mina-mina-protocol": [
        0.8606546550391276,
        0.8605680703563117,
        0.8609346722304791
    ],
    "kcs-kucoin-token": [
        10.056564804426051,
        10.05491495582817,
        10.053740453708512
    ],
    "pendle-pendle": [
        6.160032048608895,
        6.125549515512598,
        6.161997172967417
    ],
    "xtz-tezos": [
        0.9209308785005311,
        0.9160915481177587,
        0.9151857277642333
    ],
    "sei-sei": [
        0.5082246819205337,
        0.5088514544576948,
        0.5063192031080078
    ],
    "xec-ecash": [
        4.556106276672298e-05,
        4.54843460346445e-05,
        4.560426258116304e-05
    ],
    "msol-marinade-staked-sol": [
        197.47952248253736,
        196.64662665081613,
        196.9155606967241
    ],
    "cfx-conflux-network": [
        0.221016713611846,
        0.21979719337357356,
        0.21930616864458521
    ],
    "matic-network": [
        0.704974,
        0.702629,
        0.702499
    ],
    "pepe": [
        1.439e-05,
        1.425e-05,
        1.435e-05
    ],
    "litecoin": [
        82.03,
        81.94,
        81.97
    ],
    "leo-token": [
        6.0,
        6.04,
        6.03
    ],
    "okb": [
        46.99143031635178,
        47.02341699280634,
        47.057569618630666
    ],
    "first-digital-usd": [
        0.9995513791301691,
        1.000174620356919,
        0.9995536247797264
    ],
    "arweave": [
        42.93201300751929,
        42.570919858168,
        42.59688568546282
    ],
    "optimism-ethereum": [
        2.4085552009363806,
        2.3991527798495436,
        2.4069505753979996
    ],
    "bittensor": [
        379.7923690106649,
        378.8659514268384,
        378.8787013000188
    ],