{
    "bitcoin": [
        70868,
        70883,
        70883
    ],
    "ethereum": [
        3794.26,
        3795.93,
        3795.93
    ],
    "tether": [
        0.999338,
        1.0,
        1.0
    ],
    "binancecoin": [
        696.1,
        697.22,
        697.22
    ],
    "solana": [
        173.33,
        173.43,
        173.43
    ],
    "staked-ether": [
        3793.96,
        3794.81,
        3794.81
    ],
    "usd-coin": [
        0.999413,
        0.999695,
        0.999695
    ],
    "ripple": [
        0.527649,
        0.52713,
        0.52713
    ],
    "dogecoin": [
        0.162858,
        0.162817,
        0.162817
    ],
    "the-open-network": [
        7.47,
        7.44,
        7.44
    ],
    "cardano": [
        0.460283,
        0.459922,
        0.459922
    ],
    "shiba-inu": [
        2.603e-05,
        2.592e-05,
        2.592e-05
    ],
    "avalanche-2": [
        36.28,
        36.28,
        36.28
    ],
    "wrapped-bitcoin": [
        70936,
        70809,
        70809
    ],
    "chainlink": [
        17.86,
        17.81,
        17.81
    ],
    "tron": [
        0.113932,
        0.113928,
        0.113928
    ],
    "polkadot": [
        7.2,
        7.21,
        7.21
    ],
    "bitcoin-cash": [
        483.9,
        483.88,
        483.88
    ],
    "near": [
        7.5,
        7.52,
        7.52
    ],
    "uniswap": [
        11.08,
        11.06,
        11.06
    ],
    "internet-computer": [
        12.42,
        12.4,
        12.4
    ],
    "unus-sed-leo": [
        5.923810812706364,
        5.924793027850309
    ],
    "multi-collateral-dai": [
        1.0001541775823066,
        1.000069113199768
    ],
    "ethereum-classic": [
        28.245398257432665,
        28.209715278628575,
        28.280479846943802
    ],
    "aptos": [
        9.210591769084616,
        9.226145654201128,
        9.215276941517885
    ],
    "render": [
        10.440080855163588,
        10.464265545610054,
        10.446171630833486
    ],
    "hedera": [
        0.10284634946991617,
        0.10301856158285765,
        0.10307702660168211
    ],
    "kaspa": [
        0.18047779817755596,
        0.18062606825284436,
        0.1811543927093751
    ],
    "dogwifhat": [
        3.4983418732781475,
        3.5035135371159707,
        3.4991014864712167
    ],
    "cosmos": [
        8.54215185371487,
        8.543857478540243,
        8.542100643362962
    ],
    "immutable-x": [
        2.2827312246405715,
        2.284715173022181,
        2.281453562523146
    ],
    "filecoin": [
        5.974570019517888,
        5.988153701323889,
        5.997047479797816
    ],
    "arbitrum": [
        1.1149306095206009,
        1.1164933652272635,
        1.1161240216045036
    ],
    "mantle": [
        0.9707941999512484,
        0.9721887482980414,
        0.9723057952578
    ],
    "stellar": [
        0.10660051256901419,
        0.10652961297749114,
        0.106552937568097
    ],
    "cronos": [
        0.11297405046765234,
        0.11287781363916356,
        0.11300396075648565
    ],
    "monero": [
        163.07434880711222,
        163.0438505376319,
        162.90035397890762
    ],
    "stacks": [
        2.2187709991339837,
        2.2260690513630332,
        2.2252201249433745
    ],
    "the-graph": [
        0.2994909370564844,
        0.3002541694139126,
        0.3004711316626541
    ],
    "bttc-bittorrent-chain": [
        1.16531754816943e-06,
        1.16568214716594e-06,
        1.16380042671602e-06
    ],
    "cheelee-cheelee": [
        21.05857269419187,
        21.069646660239783,
        21.04330898867165
    ],
    "VET": [
        0.0342648619606039,
        0.0341757644980644
    ],
    "STX": [
        1.96018090681332,
        1.94312681136669
    ],
    "FLR": [
        0.0280572218861115,
        0.0280389009629798
    ],
    "XMR": [
        155.295737980525,
        155.188147347795
    ],
    "SAGA": [
        2.827609212773917,
        2.81039661314113
    ],
    "AR": [
        43.18042703963509,
        42.9957677008812
    ],
    "ZETA": [
        1.34315063641458,
        1.33600332024875
    ],
    "BGB": [
        1.3705,
        1.3705
    ],
    "FLOKI": [
        0.00026691,
        0.00026701,
        0.00025869
    ],
    "ENS": [
        24.8703849679766,
        24.9665221742128,
        24.9310524973487
    ],
    "PIXEL": [
        0.49474,
        0.49389,
        0.49508
    ],
    "FTM": [
        0.81494311061099,
        0.810825200275531,
        0.810846650526059
    ],
    "INJ": [
        25.8086457389147,
        25.7996455630143,
        25.9201593958232
    ],
    "MKR": [
        2658.89260369574,
        2655.56278151193,
        2646.61559260119
    ],
    "ARKM": [
        2.4701,
        2.4832,
        2.4884
    ],
    "RUNE": [
        6.30174193376398,
        6.25681918759905,
        6.30179725641171
    ],
    "FET": [
        2.15487755416987,
        2.15644696484592,
        2.15818905591993
    ],
    "qnt-quant": [
        90.50956325901446,
        90.59937397380216,
        90.64085402555091
    ],
    "wld-worldcoin": [
        4.884586467211788,
        4.890076148346997,
        4.907844650454609
    ],
    "akt-akash-network": [
        4.5167331824716985,
        4.513700084354471,
        4.49362126095076
    ],
    "neo-neo": [
        15.123118984538465,
        15.127774629558656,
        15.147421105036644
    ],
    "egld-elrond": [
        39.84144161075654,
        39.79233484669768,
        39.83045562914821
    ],
    "ron-ronin-token": [
        3.088206998857685,
        3.0862700044018907,
        3.087998252004473
    ],
    "sand-the-sandbox": [
        0.4625825175356662,
        0.46256044433886995,
        0.4634280021319433
    ],
    "wbnb-wrapped-bnb": [
        697.3398837118758,
        696.9470179554311,
        699.052745806344
    ],
    "rbn-ribbon-finance": [
        0.9885661800071454,
        0.9879724354960426,
        0.980782160787907
    ],
    "ordi-ordinals": [
        56.74019419600839,
        56.834933570471705,
        58.005029229913276
    ],
    "mina-mina-protocol": [
        0.8584723563021531,
        0.857888941237455,
        0.8575380330515885
    ],
    "kcs-kucoin-token": [
        10.138360006723895,
        10.135101694400806,
        10.146265940295214
    ],
    "pendle-pendle": [
        6.078120962740437,
        6.077984694591395,
        6.0838510685589045
    ],
    "xtz-tezos": [
        0.9490251914003504,
        0.9494734094347299,
        0.9510221726469585
    ],
    "sei-sei": [
        0.5199010470945354,
        0.5201670611809519,
        0.5204750600571061
    ],
    "xec-ecash": [
        4.723738887449625e-05,
        4.728106138343049e-05,
        4.725687907732569e-05
    ],
    "msol-marinade-staked-sol": [
        206.36989866597966,
        206.68448392777566,
        206.7387491141931
    ],
    "cfx-conflux-network": [
        0.2212985412578897,
        0.2216218147611572,
        0.2294484355944873
    ],
    "matic-network": [
        0.713724,
        0.71404,
        0.71404
    ],
    "pepe": [
        1.452e-05,
        1.444e-05,
        1.444e-05
    ],
    "litecoin": [
        84.34,
        84.28,
        84.28
    ],
    "leo-token": [
        5.95,
        5.95,
        5.95
    ],
    "okb": [
        49.317231545180896,
        49.18696453418992,
        49.096896721908486
    ],
    "first-digital-usd": [
        0.999646836495423,
        1.000078528093293,
        0.9996648883377246
    ],
    "arweave": [
        44.687233809225425,
        44.82645119335008,
        44.92814279359408
    ],
    "optimism-ethereum": [
        2.5113931234644173,
        2.5141967019379954,
        2.5175944838289355
    ],
    "bittensor": [
        402.0591862377796,
        403.0320203252186,
        403.41198397783745
    ],