{
    "bitcoin": [
        70696,
        70696,
        70730
    ],
    "ethereum": [
        3796.32,
        3796.32,
        3800.12
    ],
    "tether": [
        0.999306,
        0.999306,
        0.999695
    ],
    "binancecoin": [
        703.63,
        703.63,
        707.02
    ],
    "solana": [
        170.13,
        170.13,
        170.21
    ],
    "staked-ether": [
        3795.97,
        3795.97,
        3799.01
    ],
    "usd-coin": [
        0.999469,
        0.999469,
        1.0
    ],
    "ripple": [
        0.520142,
        0.520142,
        0.520431
    ],
    "dogecoin": [
        0.160347,
        0.160347,
        0.160395
    ],
    "the-open-network": [
        7.36,
        7.36,
        7.37
    ],
    "cardano": [
        0.455363,
        0.455363,
        0.455595
    ],
    "shiba-inu": [
        2.528e-05,
        2.528e-05,
        2.526e-05
    ],
    "avalanche-2": [
        36.04,
        36.04,
        36.04
    ],
    "wrapped-bitcoin": [
        70845,
        70845,
        70823
    ],
    "chainlink": [
        17.36,
        17.36,
        17.39
    ],
    "tron": [
        0.114658,
        0.114658,
        0.114585
    ],
    "polkadot": [
        7.12,
        7.12,
        7.12
    ],
    "bitcoin-cash": [
        497.25,
        497.25,
        496.11
    ],
    "near": [
        7.31,
        7.31,
        7.29
    ],
    "uniswap": [
        10.6,
        10.6,
        10.6
    ],
    "internet-computer": [
        12.08,
        12.08,
        12.08
    ],
    "unus-sed-leo": [
        5.923810812706364,
        5.924793027850309
    ],
    "multi-collateral-dai": [
        1.0001541775823066,
        1.000069113199768
    ],
    "ethereum-classic": [
        29.387441989129655,
        29.460698955719895,
        29.423851669313404
    ],
    "aptos": [
        9.085658899543553,
        9.0871001825565,
        9.083389749925116
    ],
    "render": [
        10.393860000457208,
        10.409980162291614,
        10.412563262611094
    ],
    "hedera": [
        0.10151799085635926,
        0.10159319812671411,
        0.1013925180174162
    ],
    "kaspa": [
        0.172462122009712,
        0.17233966973734566,
        0.1724077555058785
    ],
    "dogwifhat": [
        3.2644265235318857,
        3.261679142612513,
        3.2503745653983507
    ],
    "cosmos": [
        8.590321396255556,
        8.600921585415913,
        8.591979917682123
    ],
    "immutable-x": [
        2.208861648647784,
        2.2112927255760484,
        2.2237929575645765
    ],
    "filecoin": [
        5.929068894126844,
        5.928885150093599,
        5.923616717211148
    ],
    "arbitrum": [
        1.088392761884899,
        1.0886162148305991,
        1.087462970695875
    ],
    "mantle": [
        1.0366368914431867,
        1.036803821697225,
        1.0357859801289884
    ],
    "stellar": [
        0.10517262519538936,
        0.10516373279110915,
        0.10508721799798619
    ],
    "cronos": [
        0.11251168180246464,
        0.11253073014905421,
        0.11260089853662414
    ],
    "monero": [
        164.67892004195545,
        164.93306091353972,
        165.12096777885597
    ],
    "stacks": [
        2.324478003521143,
        2.3227680325208833,
        2.316789746894025
    ],
    "the-graph": [
        0.2932299339039879,
        0.2932070850199966,
        0.2932306187413536
    ],
    "bttc-bittorrent-chain": [
        1.16064571555764e-06,
        1.16262825607171e-06,
        1.16055987816664e-06
    ],
    "cheelee-cheelee": [
        21.054613378165048,
        21.07536334126074,
        21.144023208356106
    ],
    "VET": [
        0.0342648619606039,
        0.0341757644980644
    ],
    "STX": [
        1.96018090681332,
        1.94312681136669
    ],
    "FLR": [
        0.0280572218861115,
        0.0280389009629798
    ],
    "XMR": [
        155.295737980525,
        155.188147347795
    ],
    "SAGA": [
        2.827609212773917,
        2.81039661314113
    ],
    "AR": [
        43.18042703963509,
        42.9957677008812
    ],
    "ZETA": [
        1.34315063641458,
        1.33600332024875
    ],
    "BGB": [
        1.21,
        1.21,
        1.2136
    ],
    "FLOKI": [
        0.00026691,
        0.00026701,
        0.00025869
    ],
    "ENS": [
        24.0583157051456,
        24.0975655004851,
        24.0300438227287
    ],
    "PIXEL": [
        0.49024,
        0.49028,
        0.48936
    ],
    "FTM": [
        0.803459569887883,
        0.803617033582706,
        0.802376584807796
    ],
    "INJ": [
        25.8086457389147,
        25.7996455630143,
        25.9201593958232
    ],
    "MKR": [
        2603.764646830637,
        2607.966977020812,
        2605.557480659932
    ],
    "ARKM": [
        2.626743482716449,
        2.628414754078233,
        2.629537862114028
    ],
    "RUNE": [
        6.01028574027434,
        6.01026964328134,
        6.00274091545983
    ],
    "FET": [
        2.04583167665612,
        2.04692880317717,
        2.04457065355062
    ],
    "qnt-quant": [
        89.18068230068229,
        89.13372395655473,
        89.19224029740732
    ],
    "wld-worldcoin": [
        4.814422029194047,
        4.822435062075421,
        4.811639513620221
    ],
    "akt-akash-network": [
        4.468367975951689,
        4.474857452066158,
        4.468129393224328
    ],
    "neo-neo": [
        14.868243904780188,
        14.88468853681578,
        14.866117456476431
    ],
    "egld-elrond": [
        38.98290098749674,
        38.94201123994472,
        38.8879785903284
    ],
    "ron-ronin-token": [
        3.0904214423246494,
        3.0886295543726856,
        3.085957536675217
    ],
    "sand-the-sandbox": [
        0.46965454118937755,
        0.4706699185414987,
        0.46998609186816087
    ],
    "wbnb-wrapped-bnb": [
        704.3999365010438,
        704.8109168875397,
        706.0915945285969
    ],
    "rbn-ribbon-finance": [
        0.9885661800071454,
        0.9879724354960426,
        0.980782160787907
    ],
    "ordi-ordinals": [
        57.36050199195604,
        57.53236935329396,
        57.46270687902526
    ],
    "mina-mina-protocol": [
        0.8424536393039356,
        0.8428693075904964,
        0.8411467177532127
    ],
    "kcs-kucoin-token": [
        10.349959743358282,
        10.354547505085211,
        10.361830181819244
    ],
    "pendle-pendle": [
        5.973319183905758,
        5.965864001061488,
        5.9512218464953754
    ],
    "xtz-tezos": [
        0.93794983991074,
        0.9388110382647855,
        0.9387054984647943
    ],
    "sei-sei": [
        0.5120220767409871,
        0.5115967219590993,
        0.5102479075094462
    ],
    "xec-ecash": [
        4.685353729126343e-05,
        4.691454328947019e-05,
        4.693983462787597e-05
    ],
    "msol-marinade-staked-sol": [
        202.81535554114038,
        202.93607424987576,
        202.65389271761308
    ],
    "cfx-conflux-network": [
        0.22991122493042945,
        0.2309353516811811,
        0.23012789007738269
    ],
    "matic-network": [
        0.726032,
        0.726032,
        0.728106
    ],
    "pepe": [
        1.441e-05,
        1.441e-05,
        1.437e-05
    ],
    "litecoin": [
        84.59,
        84.59,
        84.44
    ],
    "leo-token": [
        5.99,
        5.99,
        5.99
    ],
    "okb": [
        48.7295224254026,
        48.717200159188856,
        48.69856690475042
    ],
    "first-digital-usd": [
        1.0008822430337339,
        1.0009461323081819,
        1.0010556416543877
    ],
    "arweave": [
        41.90885569383812,
        41.87934402031472,
        41.90237218080689
    ],
    "optimism-ethereum": [
        2.4749474497774093,
        2.474300615860842,
        2.47210915245211
    ],
    "bittensor": [
        424.9216985953579,
        425.82287549532754,
        425.05334932412035
    ],