{
    "bitcoin": [
        69277,
        69277,
        69257
    ],
    "ethereum": [
        3774.74,
        3774.74,
        3777.13
    ],
    "tether": [
        1.001,
        1.001,
        0.999762
    ],
    "binancecoin": [
        622.3,
        622.3,
        621.56
    ],
    "solana": [
        165.31,
        165.31,
        165.45
    ],
    "staked-ether": [
        3772.34,
        3772.34,
        3774.83
    ],
    "usd-coin": [
        1.0,
        1.0,
        1.0
    ],
    "ripple": [
        0.520538,
        0.520538,
        0.520169
    ],
    "dogecoin": [
        0.160639,
        0.160639,
        0.160484
    ],
    "the-open-network": [
        6.66,
        6.66,
        6.64
    ],
    "cardano": [
        0.451851,
        0.451851,
        0.451992
    ],
    "shiba-inu": [
        2.467e-05,
        2.467e-05,
        2.47e-05
    ],
    "avalanche-2": [
        35.67,
        35.67,
        35.6
    ],
    "wrapped-bitcoin": [
        69165,
        69165,
        69168
    ],
    "chainlink": [
        17.66,
        17.66,
        17.64
    ],
    "tron": [
        0.113318,
        0.113318,
        0.113322
    ],
    "polkadot": [
        7.09,
        7.09,
        7.1
    ],
    "bitcoin-cash": [
        468.22,
        468.22,
        467.54
    ],
    "near": [
        7.3,
        7.3,
        7.3
    ],
    "uniswap": [
        9.6,
        9.6,
        9.62
    ],
    "internet-computer": [
        12.0,
        12.0,
        12.01
    ],
    "unus-sed-leo": [
        5.923810812706364,
        5.924793027850309
    ],
    "multi-collateral-dai": [
        1.0001541775823066,
        1.000069113199768
    ],
    "ethereum-classic": [
        29.24604814725347,
        29.20352121967086
    ],
    "aptos": [
        8.976310872079067,
        8.984592308978597,
        8.983520282592096
    ],
    "render": [
        10.018886895654934,
        10.028606206319596,
        10.030159829274082
    ],
    "hedera": [
        0.10186883364267116,
        0.10186360818305096,
        0.10191693011872849
    ],
    "kaspa": [
        0.15928900463177711,
        0.16122471974596372,
        0.1634730755965169
    ],
    "dogwifhat": [
        3.388603706928551,
        3.3907167394068587,
        3.3951942778297193
    ],
    "cosmos": [
        8.402493742290723,
        8.413506379927973,
        8.420806190626434
    ],
    "immutable-x": [
        2.238530701954305,
        2.2411795254500966,
        2.2433706863848712
    ],
    "filecoin": [
        5.805129128893077,
        5.811607175750527,
        5.811092513288971
    ],
    "arbitrum": [
        1.1150073667012006,
        1.1161198034189896,
        1.1153971528469513
    ],
    "mantle": [
        0.9674105124926472,
        0.9673952535815797,
        0.9688170313932105
    ],
    "stellar": [
        0.10606856233574394,
        0.10622051498291359,
        0.10622891382691788
    ],
    "cronos": [
        0.11026206591961239,
        0.1102812745062221,
        0.11016611928810052
    ],
    "monero": [
        154.5179805822598,
        154.43455711950025,
        154.19769489076393
    ],
    "stacks": [
        1.90386169467613,
        1.904498666385118,
        1.9090850826851165
    ],
    "the-graph": [
        0.29927929982552653,
        0.2993948401885906,
        0.29942896923599355
    ],
    "bttc-bittorrent-chain": [
        1.1522160910624e-06,
        1.15189726642924e-06,
        1.15542568734684e-06
    ],
    "cheelee-cheelee": [
        20.606716336513124,
        20.62111040549008,
        20.634121246627114
    ],
    "VET": [
        0.0342648619606039,
        0.0341757644980644
    ],
    "STX": [
        1.96018090681332,
        1.94312681136669
    ],
    "FLR": [
        0.0280572218861115,
        0.0280389009629798
    ],
    "XMR": [
        155.295737980525,
        155.188147347795
    ],
    "SAGA": [
        2.827609212773917,
        2.81039661314113
    ],
    "AR": [
        43.18042703963509,
        42.9957677008812
    ],
    "ZETA": [
        1.34315063641458,
        1.33600332024875
    ],
    "BGB": [
        1.3705,
        1.3705
    ],
    "FLOKI": [
        0.00027295,
        0.00027004
    ],
    "ENS": [
        25.3285252052238,
        25.3792626718371,
        25.3896416651676
    ],
    "PIXEL": [
        0.5048456534680248,
        0.5075035299704171,
        0.5091358288893804
    ],
    "FTM": [
        0.81494311061099,
        0.810825200275531,
        0.810846650526059
    ],
    "INJ": [
        25.4948089189,
        25.7628291130794,
        25.5160456891002
    ],
    "MKR": [
        2575.88433793201,
        2581.10065422467,
        2579.912642124
    ],
    "ARKM": [
        2.4806,
        2.4916,
        2.4906
    ],
    "RUNE": [
        5.98513012533861,
        5.9879936918945,
        5.989071274114
    ],
    "FET": [
        2.15380774821394,
        2.15831865041642,
        2.15567290464961
    ],
    "qnt-quant": [
        91.46471375902773,
        91.33816572674614,
        91.5767667316954
    ],
    "wld-worldcoin": [
        4.718869468834535,
        4.728741493342693,
        4.744185987223103
    ],
    "akt-akash-network": [
        4.494300905304258,
        4.493914628371941,
        4.498964954098364
    ],
    "neo-neo": [
        14.78385038915671,
        14.79969308968603,
        14.820593101526725
    ],
    "egld-elrond": [
        38.822175910113145,
        38.90174974018103,
        38.94643972231037
    ],
    "ron-ronin-token": [
        3.237838451845485,
        3.2326603386843256,
        3.2371201977262545
    ],
    "sand-the-sandbox": [
        0.45550393700558467,
        0.45591123686874513,
        0.45631130100432404
    ],
    "wbnb-wrapped-bnb": [
        622.2286016953404,
        622.5279257061292,
        622.6339964299054
    ],
    "rbn-ribbon-finance": [
        0.9828974954578257,
        0.9843845823947126,
        0.9847768252657291
    ],
    "ordi-ordinals": [
        46.47272757163738,
        46.61371261440575,
        46.70856715197111
    ],
    "mina-mina-protocol": [
        0.8718740900336304,
        0.8701184334038456,
        0.8714182732709903
    ],
    "kcs-kucoin-token": [
        10.068007099047716,
        10.047843105429012,
        10.046976490406003
    ],
    "pendle-pendle": [
        6.101372617946731,
        6.098105530431575,
        6.084932454038736
    ],
    "xtz-tezos": [
        0.9378164060763359,
        0.9390765654033315,
        0.9400697641582514
    ],
    "sei-sei": [
        0.5075544616411792,
        0.5072373757509829,
        0.5073980355180937
    ],
    "xec-ecash": [
        4.654997897045544e-05,
        4.653589387117601e-05,
        4.662593936288082e-05
    ],
    "msol-marinade-staked-sol": [
        195.95945115326177,
        197.0319652341161,
        196.85328254990213
    ],
    "cfx-conflux-network": [
        0.22167067928097423,
        0.2215342585263152,
        0.2215531776043683
    ],
    "matic-network": [
        0.70209,
        0.70209,
        0.702507
    ],
    "pepe": [
        1.493e-05,
        1.493e-05,
        1.5e-05
    ],
    "litecoin": [
        83.27,
        83.27,
        83.22
    ],
    "leo-token": [
        5.97,
        5.97,
        5.96
    ],
    "okb": [
        46.77418023073965,
        46.81217671969954,
        46.80622515646995
    ],
    "first-digital-usd": [
        0.9997967865409992,
        0.9998855821570268,
        0.9999943515099049
    ],
    "arweave": [
        43.17094882926255,
        43.23796011505292,
        43.23583776061839
    ],
    "optimism-ethereum": [
        2.4142304127690646,
        2.418080457563763,
        2.420380477270515
    ],
    "bittensor": [
        378.347282265275,
        378.6370344520858,
        379.23746211075604
    ],
    "floki-inu": [
        0.00027433805434204627,
        0.00027626029609238224,
        0.00027758099688787215
    ],