{
    "bitcoin": [
        69579,
        69579,
        69661
    ],
    "ethereum": [
        3776.32,
        3776.32,
        3777.8
    ],
    "tether": [
        0.999753,
        0.999753,
        1.0
    ],
    "binancecoin": [
        665.07,
        665.07,
        661.26
    ],
    "solana": [
        166.3,
        166.3,
        166.06
    ],
    "staked-ether": [
        3769.3,
        3769.3,
        3777.86
    ],
    "usd-coin": [
        1.0,
        1.0,
        1.0
    ],
    "ripple": [
        0.526989,
        0.526989,
        0.526442
    ],
    "dogecoin": [
        0.159471,
        0.159471,
        0.159422
    ],
    "the-open-network": [
        6.95,
        6.95,
        6.98
    ],
    "cardano": [
        0.457607,
        0.457607,
        0.457279
    ],
    "shiba-inu": [
        2.412e-05,
        2.412e-05,
        2.407e-05
    ],
    "avalanche-2": [
        35.16,
        35.16,
        35.28
    ],
    "wrapped-bitcoin": [
        69637,
        69637,
        69687
    ],
    "chainlink": [
        17.72,
        17.72,
        17.7
    ],
    "tron": [
        0.114011,
        0.114011,
        0.114113
    ],
    "polkadot": [
        7.11,
        7.11,
        7.12
    ],
    "bitcoin-cash": [
        469.8,
        469.8,
        470.25
    ],
    "near": [
        7.24,
        7.24,
        7.28
    ],
    "uniswap": [
        9.61,
        9.61,
        9.88
    ],
    "internet-computer": [
        12.28,
        12.28,
        12.26
    ],
    "unus-sed-leo": [
        5.923810812706364,
        5.924793027850309
    ],
    "multi-collateral-dai": [
        1.0001541775823066,
        1.000069113199768
    ],
    "ethereum-classic": [
        28.245398257432665,
        28.209715278628575,
        28.280479846943802
    ],
    "aptos": [
        8.925440465351683,
        8.948326287398297,
        8.999410766388062
    ],
    "render": [
        10.262178070660221,
        10.258589065621367,
        10.279918433360033
    ],
    "hedera": [
        0.10096797461399279,
        0.10079674504488803,
        0.10095509468925931
    ],
    "kaspa": [
        0.1767039346310459,
        0.17680709883992557,
        0.17843462989540426
    ],
    "dogwifhat": [
        3.2893905165948736,
        3.275217856930004,
        3.278579217675329
    ],
    "cosmos": [
        8.453903053010125,
        8.443130420812512,
        8.463206637823287
    ],
    "immutable-x": [
        2.2805158651224153,
        2.278500310469538,
        2.285966013855926
    ],
    "filecoin": [
        5.841702112811907,
        5.844397400001504,
        5.858927291928039
    ],
    "arbitrum": [
        1.0896600296114016,
        1.089736452307999,
        1.0947104053029815
    ],
    "mantle": [
        0.9610833360167009,
        0.9585883954087727,
        0.9617672038000226
    ],
    "stellar": [
        0.10552054311251317,
        0.10547347674540299,
        0.1056831012053364
    ],
    "cronos": [
        0.10877133100097158,
        0.10869969582373093,
        0.10856570382061224
    ],
    "monero": [
        156.96906316527378,
        156.96614610521672,
        157.61840154747603
    ],
    "stacks": [
        2.01377677154572,
        2.019490668438233,
        2.0330430113699234
    ],
    "the-graph": [
        0.2972916833501693,
        0.2979432709425583,
        0.2993332572872272
    ],
    "bttc-bittorrent-chain": [
        1.13847188609629e-06,
        1.13682952452707e-06,
        1.1384041678141e-06
    ],
    "cheelee-cheelee": [
        20.418862410004376,
        20.439886651833834,
        20.35290109327062
    ],
    "VET": [
        0.0342648619606039,
        0.0341757644980644
    ],
    "STX": [
        1.96018090681332,
        1.94312681136669
    ],
    "FLR": [
        0.0280572218861115,
        0.0280389009629798
    ],
    "XMR": [
        155.295737980525,
        155.188147347795
    ],
    "SAGA": [
        2.827609212773917,
        2.81039661314113
    ],
    "AR": [
        43.18042703963509,
        42.9957677008812
    ],
    "ZETA": [
        1.34315063641458,
        1.33600332024875
    ],
    "BGB": [
        1.3705,
        1.3705
    ],
    "FLOKI": [
        0.00026691,
        0.00026701,
        0.00025869
    ],
    "ENS": [
        24.9887000193202,
        25.1716881827029,
        25.2033581961662
    ],
    "PIXEL": [
        0.49064,
        0.49127,
        0.48813
    ],
    "FTM": [
        0.81494311061099,
        0.810825200275531,
        0.810846650526059
    ],
    "INJ": [
        25.0413231269844,
        25.1442666395025,
        25.0168276085141
    ],
    "MKR": [
        2571.74260995276,
        2580.47980212285,
        2581.56736695692
    ],
    "ARKM": [
        2.4701,
        2.4832,
        2.4884
    ],
    "RUNE": [
        6.0867755405319,
        6.09515479018189,
        6.09074272796038
    ],
    "FET": [
        2.10594128363866,
        2.11626547769707,
        2.11328324446221
    ],
    "qnt-quant": [
        90.24533281011621,
        90.15311683199039,
        90.13928967145735
    ],
    "wld-worldcoin": [
        4.714843070059343,
        4.713732883805095,
        4.725826638965913
    ],
    "akt-akash-network": [
        4.360171218253355,
        4.359465970486651,
        4.358473375958597
    ],
    "neo-neo": [
        14.85843938142481,
        14.815908790560817,
        14.877305625161627
    ],
    "egld-elrond": [
        39.12850118136571,
        39.036645566964985,
        39.17533140550981
    ],
    "ron-ronin-token": [
        3.103080695630086,
        3.099539103035925,
        3.09822444315021
    ],
    "sand-the-sandbox": [
        0.4547923356045862,
        0.45425938513852493,
        0.4552947022420671
    ],
    "wbnb-wrapped-bnb": [
        661.631143631827,
        660.4707624911681,
        662.065315388159
    ],
    "rbn-ribbon-finance": [
        0.9885661800071454,
        0.9879724354960426,
        0.980782160787907
    ],
    "ordi-ordinals": [
        52.083844935668644,
        52.221846465989934,
        52.52324367916564
    ],
    "mina-mina-protocol": [
        0.8404063702592731,
        0.8391513730868385,
        0.844404476139832
    ],
    "kcs-kucoin-token": [
        10.083083258483608,
        10.076947330582708,
        10.061050975201498
    ],
    "pendle-pendle": [
        6.089471247930742,
        6.062678692481187,
        6.0905499941249115
    ],
    "xtz-tezos": [
        0.9378505834349061,
        0.9384289041362959,
        0.9401448513849461
    ],
    "sei-sei": [
        0.5146256930385228,
        0.5156028665321242,
        0.5163964294800812
    ],
    "xec-ecash": [
        4.57973345620813e-05,
        4.576458438542261e-05,
        4.584771499038872e-05
    ],
    "msol-marinade-staked-sol": [
        197.90563134759225,
        197.70673979011607,
        197.95572380134905
    ],
    "cfx-conflux-network": [
        0.2182872602741564,
        0.21756584951116548,
        0.21893954161014212
    ],
    "matic-network": [
        0.711134,
        0.711134,
        0.711956
    ],
    "pepe": [
        1.441e-05,
        1.441e-05,
        1.439e-05
    ],
    "litecoin": [
        82.27,
        82.27,
        82.4
    ],
    "leo-token": [
        5.95,
        5.95,
        5.95
    ],
    "okb": [
        47.87250102515754,
        47.77488123368742,
        48.11827382324625
    ],
    "first-digital-usd": [
        1.000195553022593,
        0.9999295539904648,
        1.0001014390073606
    ],
    "arweave": [
        45.61822671519619,
        45.647014415993446,
        45.463949701145765
    ],
    "optimism-ethereum": [
        2.416939329675651,
        2.4129989868084505,
        2.4225895928417467
    ],
    "bittensor": [
        385.00309514149455,
        384.8682807070761,
        385.0250593638565
    ],