{
    "bitcoin": [
        70917,
        70917,
        70893
    ],
    "ethereum": [
        3822.23,
        3822.23,
        3817.53
    ],
    "tether": [
        1.0,
        1.0,
        1.0
    ],
    "binancecoin": [
        669.16,
        669.16,
        669.04
    ],
    "solana": [
        169.88,
        169.88,
        169.81
    ],
    "staked-ether": [
        3821.1,
        3821.1,
        3816.3
    ],
    "usd-coin": [
        1.0,
        1.0,
        1.0
    ],
    "ripple": [
        0.526116,
        0.526116,
        0.526215
    ],
    "dogecoin": [
        0.161688,
        0.161688,
        0.161518
    ],
    "the-open-network": [
        7.03,
        7.03,
        6.98
    ],
    "cardano": [
        0.465114,
        0.465114,
        0.464555
    ],
    "shiba-inu": [
        2.462e-05,
        2.462e-05,
        2.462e-05
    ],
    "avalanche-2": [
        36.21,
        36.21,
        36.05
    ],
    "wrapped-bitcoin": [
        70830,
        70830,
        70824
    ],
    "chainlink": [
        17.81,
        17.81,
        17.76
    ],
    "tron": [
        0.11429,
        0.11429,
        0.114264
    ],
    "polkadot": [
        7.2,
        7.2,
        7.21
    ],
    "bitcoin-cash": [
        476.34,
        476.34,
        475.72
    ],
    "near": [
        7.46,
        7.46,
        7.44
    ],
    "uniswap": [
        11.77,
        11.77,
        11.7
    ],
    "internet-computer": [
        12.26,
        12.26,
        12.25
    ],
    "unus-sed-leo": [
        5.923810812706364,
        5.924793027850309
    ],
    "multi-collateral-dai": [
        1.0001541775823066,
        1.000069113199768
    ],
    "ethereum-classic": [
        28.245398257432665,
        28.209715278628575,
        28.280479846943802
    ],
    "aptos": [
        9.227197071062996,
        9.219324540490861,
        9.201839952177933
    ],
    "render": [
        10.399007884200461,
        10.39785629337167,
        10.40373137828017
    ],
    "hedera": [
        0.10247730064695686,
        0.10242157522035614,
        0.10243900300929486
    ],
    "kaspa": [
        0.17711473115534687,
        0.1770741559877691,
        0.1770312141112078
    ],
    "dogwifhat": [
        3.4842730286717476,
        3.46564937851493,
        3.4537793543687436
    ],
    "cosmos": [
        8.534492195345146,
        8.533762227935341,
        8.531001289411284
    ],
    "immutable-x": [
        2.3164218330286626,
        2.3115658507822334,
        2.309435101002834
    ],
    "filecoin": [
        6.029745989618394,
        6.015920823131272,
        6.001586142367748
    ],
    "arbitrum": [
        1.114562539607853,
        1.1133837480062132,
        1.1104195394595553
    ],
    "mantle": [
        0.9701565507151173,
        0.9690401652321522,
        0.9681914492447833
    ],
    "stellar": [
        0.10644596512272267,
        0.10655268087215998,
        0.10656878028249923
    ],
    "cronos": [
        0.10952544947227504,
        0.10949873768104129,
        0.10944021536569348
    ],
    "monero": [
        157.16713182358677,
        157.33657805089678,
        157.347448608984
    ],
    "stacks": [
        2.1116944968462303,
        2.1138085335862264,
        2.106887711764089
    ],
    "the-graph": [
        0.3013233875507744,
        0.30127674771825647,
        0.3008597226977113
    ],
    "bttc-bittorrent-chain": [
        1.15507073135613e-06,
        1.15553836546058e-06,
        1.15551198564295e-06
    ],
    "cheelee-cheelee": [
        20.666745204785876,
        20.70235753345053,
        20.737365839556443
    ],
    "VET": [
        0.0342648619606039,
        0.0341757644980644
    ],
    "STX": [
        1.96018090681332,
        1.94312681136669
    ],
    "FLR": [
        0.0280572218861115,
        0.0280389009629798
    ],
    "XMR": [
        155.295737980525,
        155.188147347795
    ],
    "SAGA": [
        2.827609212773917,
        2.81039661314113
    ],
    "AR": [
        43.18042703963509,
        42.9957677008812
    ],
    "ZETA": [
        1.34315063641458,
        1.33600332024875
    ],
    "BGB": [
        1.3705,
        1.3705
    ],
    "FLOKI": [
        0.00026691,
        0.00026701,
        0.00025869
    ],
    "ENS": [
        25.4189452015673,
        25.2800517526804,
        25.2195822764107
    ],
    "PIXEL": [
        0.48785,
        0.48872,
        0.48922
    ],
    "FTM": [
        0.81494311061099,
        0.810825200275531,
        0.810846650526059
    ],
    "INJ": [
        25.5387417787334,
        25.5069043348649,
        25.4728905859761
    ],
    "MKR": [
        2622.88668955652,
        2626.4863584653,
        2618.19713759826
    ],
    "ARKM": [
        2.4701,
        2.4832,
        2.4884
    ],
    "RUNE": [
        6.17470504592002,
        6.18708032023869,
        6.18316291789175
    ],
    "FET": [
        2.12878058799233,
        2.13042747164498,
        2.13188008747333
    ],
    "qnt-quant": [
        91.17759532945782,
        91.2225729032429,
        91.33772043584584
    ],
    "wld-worldcoin": [
        4.784393088869197,
        4.795565701971567,
        4.800098096091291
    ],
    "akt-akash-network": [
        4.492005655473395,
        4.496008616093997,
        4.494477641688944
    ],
    "neo-neo": [
        15.053233514580468,
        15.047933200517255,
        15.062783435793207
    ],
    "egld-elrond": [
        39.48069832750942,
        39.51210708051986,
        39.4852993413791
    ],
    "ron-ronin-token": [
        3.0877244092609537,
        3.07609890998808,
        3.0754980769867815
    ],
    "sand-the-sandbox": [
        0.4634782416168867,
        0.46232189412843094,
        0.4621922100969044
    ],
    "wbnb-wrapped-bnb": [
        669.4702060558253,
        667.6524637988362,
        668.4831514771668
    ],
    "rbn-ribbon-finance": [
        0.9885661800071454,
        0.9879724354960426,
        0.980782160787907
    ],
    "ordi-ordinals": [
        54.10636432202674,
        54.37523132207589,
        54.21186578150287
    ],
    "mina-mina-protocol": [
        0.8535234740861591,
        0.8534449977661935,
        0.8546263212810177
    ],
    "kcs-kucoin-token": [
        10.098557217130882,
        10.093745823439676,
        10.094153267243524
    ],
    "pendle-pendle": [
        6.332501415940893,
        6.317447549180812,
        6.320801840070074
    ],
    "xtz-tezos": [
        0.9498581065001388,
        0.9492315586165423,
        0.9486025910432994
    ],
    "sei-sei": [
        0.5246689753250171,
        0.523892539506901,
        0.5232573131913186
    ],
    "xec-ecash": [
        4.671309572821167e-05,
        4.665637688182953e-05,
        4.663396831743708e-05
    ],
    "msol-marinade-staked-sol": [
        201.9098675201276,
        201.92683303681767,
        201.976256405457
    ],
    "cfx-conflux-network": [
        0.2212836742468146,
        0.2212985412578897,
        0.2216218147611572
    ],
    "matic-network": [
        0.718056,
        0.718056,
        0.717008
    ],
    "pepe": [
        1.45e-05,
        1.45e-05,
        1.452e-05
    ],
    "litecoin": [
        83.33,
        83.33,
        83.28
    ],
    "leo-token": [
        5.94,
        5.94,
        5.94
    ],
    "okb": [
        48.1612483661282,
        48.10637467371426,
        48.10485139985694
    ],
    "first-digital-usd": [
        1.0004327108932476,
        1.0006985322123223,
        1.000232414920197
    ],
    "arweave": [
        45.63820552769979,
        45.602818495836466,
        45.71005527148496
    ],
    "optimism-ethereum": [
        2.4664533482806053,
        2.4673296058239935,
        2.4653335546792263
    ],
    "bittensor": [
        397.2647979670731,
        397.00371539752257,
        397.5980283069664
    ],
    "floki-inu": [
        0.000289097142723915,
        0.0002892122493118324,
        0.0002891164939805142
    ],