{
    "bitcoin": [
        70943,
        70818,
        71162
    ],
    "ethereum": [
        3829.04,
        3824.66,
        3836.37
    ],
    "tether": [
        0.999192,
        0.998999,
        1.0
    ],
    "binancecoin": [
        701.41,
        703.69,
        705.43
    ],
    "solana": [
        171.81,
        171.21,
        171.95
    ],
    "staked-ether": [
        3828.83,
        3825.54,
        3831.31
    ],
    "usd-coin": [
        0.99954,
        0.999819,
        1.001
    ],
    "ripple": [
        0.525307,
        0.524883,
        0.526428
    ],
    "dogecoin": [
        0.161926,
        0.16154,
        0.162247
    ],
    "the-open-network": [
        7.32,
        7.3,
        7.37
    ],
    "cardano": [
        0.458502,
        0.457806,
        0.459399
    ],
    "shiba-inu": [
        2.542e-05,
        2.532e-05,
        2.547e-05
    ],
    "avalanche-2": [
        36.66,
        36.56,
        36.71
    ],
    "wrapped-bitcoin": [
        70997,
        70926,
        71161
    ],
    "chainlink": [
        17.36,
        17.32,
        17.4
    ],
    "tron": [
        0.11478,
        0.1148,
        0.115046
    ],
    "polkadot": [
        7.22,
        7.21,
        7.24
    ],
    "bitcoin-cash": [
        495.74,
        494.51,
        494.03
    ],
    "near": [
        7.43,
        7.4,
        7.43
    ],
    "uniswap": [
        10.68,
        10.67,
        10.71
    ],
    "internet-computer": [
        12.14,
        12.11,
        12.1
    ],
    "unus-sed-leo": [
        5.923810812706364,
        5.924793027850309
    ],
    "multi-collateral-dai": [
        1.0001541775823066,
        1.000069113199768
    ],
    "ethereum-classic": [
        29.387441989129655,
        29.460698955719895,
        29.423851669313404
    ],
    "aptos": [
        9.201096398719896,
        9.173343553285928,
        9.213916571768902
    ],
    "render": [
        10.59456134940394,
        10.584977714084113,
        10.632489562546393
    ],
    "hedera": [
        0.10241095597819398,
        0.10224672936314107,
        0.10248710934575347
    ],
    "kaspa": [
        0.1780270803785274,
        0.1764506830390573,
        0.17698450932069582
    ],
    "dogwifhat": [
        3.315196402711671,
        3.301186109883761,
        3.305661301048805
    ],
    "cosmos": [
        8.718912273928739,
        8.70344499247946,
        8.744758738766759
    ],
    "immutable-x": [
        2.230987354489158,
        2.225579103036461,
        2.2323987433207106
    ],
    "filecoin": [
        5.972273000162663,
        5.965093665011871,
        5.989465584448084
    ],
    "arbitrum": [
        1.100753528763566,
        1.0977250101056475,
        1.1006586199086112
    ],
    "mantle": [
        1.0354233811398115,
        1.0313410529991782,
        1.033161879195143
    ],
    "stellar": [
        0.10621370315666831,
        0.10603236964525817,
        0.10633836820811707
    ],
    "cronos": [
        0.11507462007654451,
        0.11482622828194666,
        0.11515987317728651
    ],
    "monero": [
        163.54602875455072,
        163.15630218674923,
        163.83488490523666
    ],
    "stacks": [
        2.3194651019559487,
        2.310661910472466,
        2.338135681808309
    ],
    "the-graph": [
        0.29600592365632505,
        0.2954780865619928,
        0.29669496592761063
    ],
    "bttc-bittorrent-chain": [
        1.16766835495804e-06,
        1.16829774242678e-06,
        1.16683673649327e-06
    ],
    "cheelee-cheelee": [
        21.063555152134917,
        21.090492543214626,
        21.112591959046746
    ],
    "VET": [
        0.0342648619606039,
        0.0341757644980644
    ],
    "STX": [
        1.96018090681332,
        1.94312681136669
    ],
    "FLR": [
        0.0280572218861115,
        0.0280389009629798
    ],
    "XMR": [
        155.295737980525,
        155.188147347795
    ],
    "SAGA": [
        2.827609212773917,
        2.81039661314113
    ],
    "AR": [
        43.18042703963509,
        42.9957677008812
    ],
    "ZETA": [
        1.34315063641458,
        1.33600332024875
    ],
    "BGB": [
        1.2159,
        1.2159,
        1.2159
    ],
    "FLOKI": [
        0.00026691,
        0.00026701,
        0.00025869
    ],
    "ENS": [
        24.1196503928329,
        24.1297827870001,
        24.2470231812342
    ],
    "PIXEL": [
        0.49975,
        0.4980800236669673,
        0.50337
    ],
    "FTM": [
        0.813122254494612,
        0.814017225342486,
        0.814975057682819
    ],
    "INJ": [
        25.8086457389147,
        25.7996455630143,
        25.9201593958232
    ],
    "MKR": [
        2678.60835986045,
        2679.19881558213,
        2678.61942081851
    ],
    "ARKM": [
        2.626743482716449,
        2.628414754078233,
        2.629537862114028
    ],
    "RUNE": [
        6.11398904555058,
        6.10907565613121,
        6.12134944111197
    ],
    "FET": [
        2.08172898817109,
        2.08274856655923,
        2.08803467947892
    ],
    "qnt-quant": [
        90.37829708257662,
        90.24896729692622,
        90.30104228745166
    ],
    "wld-worldcoin": [
        4.880615388792316,
        4.853604304846972,
        4.86804174000336
    ],
    "akt-akash-network": [
        4.544364599501442,
        4.53304144485854,
        4.527594080867767
    ],
    "neo-neo": [
        15.132521613605684,
        15.090001147930518,
        15.233150353726813
    ],
    "egld-elrond": [
        39.564020017383044,
        39.471970358337856,
        39.53028528796602
    ],
    "ron-ronin-token": [
        3.125499362471018,
        3.122518890699489,
        3.1295549125178046
    ],
    "sand-the-sandbox": [
        0.4789971990542251,
        0.4770213917434934,
        0.47701909984015245
    ],
    "wbnb-wrapped-bnb": [
        702.5294571784935,
        702.5342907740114,
        704.9388484682271
    ],
    "rbn-ribbon-finance": [
        0.9885661800071454,
        0.9879724354960426,
        0.980782160787907
    ],
    "ordi-ordinals": [
        57.62446092957298,
        57.51309788745247,
        57.92986825492831
    ],
    "mina-mina-protocol": [
        0.8578413350811042,
        0.8565012801524525,
        0.8594559648183123
    ],
    "kcs-kucoin-token": [
        10.408914972089818,
        10.407788155612199,
        10.402259704027012
    ],
    "pendle-pendle": [
        5.95654791278432,
        5.952711596679308,
        5.9553294440960025
    ],
    "xtz-tezos": [
        0.943488129932346,
        0.9429885929335318,
        0.944418170673286
    ],
    "sei-sei": [
        0.5197670793169384,
        0.5190919655984858,
        0.5204047684919084
    ],
    "xec-ecash": [
        4.685353729126343e-05,
        4.691454328947019e-05,
        4.693983462787597e-05
    ],
    "msol-marinade-staked-sol": [
        205.4554279632578,
        204.45900246027261,
        205.12323264699432
    ],
    "cfx-conflux-network": [
        0.23179360610345498,
        0.23154722171349634,
        0.2313216625213335
    ],
    "matic-network": [
        0.732969,
        0.734052,
        0.736963
    ],
    "pepe": [
        1.438e-05,
        1.437e-05,
        1.445e-05
    ],
    "litecoin": [
        85.12,
        85.17,
        85.33
    ],
    "leo-token": [
        6.03,
        6.02,
        6.02
    ],
    "okb": [
        48.99775814681114,
        48.85229932510231,
        48.918156422238276
    ],
    "first-digital-usd": [
        1.0003594593096747,
        1.000443254161865,
        1.0009663898448848
    ],
    "arweave": [
        42.25926394632831,
        42.12559572613863,
        42.430778290272144
    ],
    "optimism-ethereum": [
        2.4958608663961335,
        2.4894279570995854,
        2.497554626116025
    ],
    "bittensor": [
        432.47618750216054,
        429.85657760047667,
        427.6757666232332
    ],