{
    "bitcoin": [
        70727,
        70727,
        70907
    ],
    "ethereum": [
        3793.61,
        3793.61,
        3800.66
    ],
    "tether": [
        0.999815,
        0.999815,
        0.999635
    ],
    "binancecoin": [
        700.04,
        700.04,
        700.19
    ],
    "solana": [
        172.45,
        172.45,
        172.57
    ],
    "staked-ether": [
        3793.28,
        3793.28,
        3799.42
    ],
    "usd-coin": [
        0.99976,
        0.99976,
        0.999939
    ],
    "ripple": [
        0.52837,
        0.52837,
        0.528798
    ],
    "dogecoin": [
        0.16263,
        0.16263,
        0.163032
    ],
    "the-open-network": [
        7.39,
        7.39,
        7.41
    ],
    "cardano": [
        0.459879,
        0.459879,
        0.460428
    ],
    "shiba-inu": [
        2.582e-05,
        2.582e-05,
        2.588e-05
    ],
    "avalanche-2": [
        36.39,
        36.39,
        36.45
    ],
    "wrapped-bitcoin": [
        70716,
        70716,
        70869
    ],
    "chainlink": [
        17.88,
        17.88,
        17.9
    ],
    "tron": [
        0.114011,
        0.114011,
        0.114014
    ],
    "polkadot": [
        7.2,
        7.2,
        7.21
    ],
    "bitcoin-cash": [
        481.52,
        481.52,
        482.98
    ],
    "near": [
        7.52,
        7.52,
        7.55
    ],
    "uniswap": [
        11.07,
        11.07,
        11.07
    ],
    "internet-computer": [
        12.45,
        12.45,
        12.46
    ],
    "unus-sed-leo": [
        5.923810812706364,
        5.924793027850309
    ],
    "multi-collateral-dai": [
        1.0001541775823066,
        1.000069113199768
    ],
    "ethereum-classic": [
        29.45559040977602,
        29.538972319985287,
        29.50265118047561
    ],
    "aptos": [
        9.21660951623082,
        9.234851224613223,
        9.229940547537801
    ],
    "render": [
        10.444194367979488,
        10.466766573594333,
        10.47554593415259
    ],
    "hedera": [
        0.10285843142024886,
        0.10299150762359947,
        0.10305780533173751
    ],
    "kaspa": [
        0.18249765270131532,
        0.18197967368124957,
        0.18220137460192434
    ],
    "dogwifhat": [
        3.4371637993085935,
        3.4515507776676606,
        3.454793822947573
    ],
    "cosmos": [
        8.574848965286169,
        8.58378644756167,
        8.589947694106312
    ],
    "immutable-x": [
        2.2809111926335475,
        2.2868211026551064,
        2.284170795645142
    ],
    "filecoin": [
        6.0460558543190395,
        6.055436368254121,
        6.042557325986885
    ],
    "arbitrum": [
        1.1089614820904248,
        1.1100337052746312,
        1.1084619365687958
    ],
    "mantle": [
        0.9737642330631806,
        0.9761585807659848,
        0.9775564710290284
    ],
    "stellar": [
        0.10682446882749665,
        0.10682290522733288,
        0.10679202214121455
    ],
    "cronos": [
        0.11347949888286846,
        0.11365549361252572,
        0.11383075520883884
    ],
    "monero": [
        162.071966039482,
        162.0772176991997,
        162.25183183162363
    ],
    "stacks": [
        2.1982805209169483,
        2.2042118416433194,
        2.205807529450824
    ],
    "the-graph": [
        0.30198636220196995,
        0.30254965892864505,
        0.3029030833747523
    ],
    "bttc-bittorrent-chain": [
        1.15790408004215e-06,
        1.15857698401045e-06,
        1.15905531616315e-06
    ],
    "cheelee-cheelee": [
        21.147717537736174,
        21.127502955032195,
        21.154301924954613
    ],
    "VET": [
        0.0342648619606039,
        0.0341757644980644
    ],
    "STX": [
        1.96018090681332,
        1.94312681136669
    ],
    "FLR": [
        0.0280572218861115,
        0.0280389009629798
    ],
    "XMR": [
        155.295737980525,
        155.188147347795
    ],
    "SAGA": [
        2.827609212773917,
        2.81039661314113
    ],
    "AR": [
        43.18042703963509,
        42.9957677008812
    ],
    "ZETA": [
        1.34315063641458,
        1.33600332024875
    ],
    "BGB": [
        1.3705,
        1.3705
    ],
    "FLOKI": [
        0.00026691,
        0.00026701,
        0.00025869
    ],
    "ENS": [
        24.9059141684352,
        24.8688940888389,
        24.8893368966681
    ],
    "PIXEL": [
        0.49969,
        0.50379,
        0.50553
    ],
    "FTM": [
        0.81494311061099,
        0.810825200275531,
        0.810846650526059
    ],
    "INJ": [
        25.8086457389147,
        25.7996455630143,
        25.9201593958232
    ],
    "MKR": [
        2658.89260369574,
        2655.56278151193,
        2646.61559260119
    ],
    "ARKM": [
        2.4701,
        2.4832,
        2.4884
    ],
    "RUNE": [
        6.30179725641171,
        6.25121588079628,
        6.25072798138392
    ],
    "FET": [
        2.1800392240095,
        2.18281905303446,
        2.18253958565286
    ],
    "qnt-quant": [
        90.9656773557053,
        91.08119452598667,
        91.1258767216776
    ],
    "wld-worldcoin": [
        4.908279918801663,
        4.904941889374549,
        4.913390753589722
    ],
    "akt-akash-network": [
        4.454453954506204,
        4.466109749475929,
        4.463489157500232
    ],
    "neo-neo": [
        15.186806215557747,
        15.221881206014338,
        15.197895604233826
    ],
    "egld-elrond": [
        39.56870210899876,
        39.628699254417484,
        39.59045804897338
    ],
    "ron-ronin-token": [
        3.0977438464423663,
        3.119626472025092,
        3.116984940067269
    ],
    "sand-the-sandbox": [
        0.46463239902482123,
        0.465350457081989,
        0.4652084278324458
    ],
    "wbnb-wrapped-bnb": [
        701.0375355446778,
        700.8757704517132,
        700.8377081706587
    ],
    "rbn-ribbon-finance": [
        0.9885661800071454,
        0.9879724354960426,
        0.980782160787907
    ],
    "ordi-ordinals": [
        56.099159328095936,
        56.201917920023774,
        56.38889433771093
    ],
    "mina-mina-protocol": [
        0.8674353220820317,
        0.8705069973315462,
        0.8708426296760571
    ],
    "kcs-kucoin-token": [
        10.08625525408903,
        10.086869824470314,
        10.103238549775396
    ],
    "pendle-pendle": [
        6.072200000750948,
        6.089260742433578,
        6.090888626561141
    ],
    "xtz-tezos": [
        0.9541764011925098,
        0.9556561246889097,
        0.9549312482189506
    ],
    "sei-sei": [
        0.519509807917262,
        0.5206431218188017,
        0.5208853780099644
    ],
    "xec-ecash": [
        4.714784817976011e-05,
        4.712662390559278e-05,
        4.723396662640952e-05
    ],
    "msol-marinade-staked-sol": [
        206.00471402083016,
        206.06535660907937,
        206.09287529828612
    ],
    "cfx-conflux-network": [
        0.2212985412578897,
        0.2216218147611572,
        0.2294484355944873
    ],
    "matic-network": [
        0.713588,
        0.713588,
        0.714063
    ],
    "pepe": [
        1.441e-05,
        1.441e-05,
        1.444e-05
    ],
    "litecoin": [
        84.26,
        84.26,
        84.29
    ],
    "leo-token": [
        5.93,
        5.93,
        5.93
    ],
    "okb": [
        48.75033145140049,
        48.841005312231,
        48.824538697536774
    ],
    "first-digital-usd": [
        0.9999992018945152,
        0.999431912788414,
        0.9994747242694096
    ],
    "arweave": [
        45.689697853788886,
        45.63588033519604,
        45.409751451875316
    ],
    "optimism-ethereum": [
        2.5082488354810892,
        2.5134510275128,
        2.510751937245413
    ],
    "bittensor": [
        407.94043801906565,
        409.08898994939693,
        409.603276397453
    ],