{
    "bitcoin": [
        68879,
        68879,
        68778
    ],
    "ethereum": [
        3770.24,
        3770.24,
        3762.81
    ],
    "tether": [
        0.999806,
        0.999806,
        0.999394
    ],
    "binancecoin": [
        627.86,
        627.86,
        626.49
    ],
    "solana": [
        164.95,
        164.95,
        164.6
    ],
    "staked-ether": [
        3769.37,
        3769.37,
        3762.81
    ],
    "usd-coin": [
        1.0,
        1.0,
        1.0
    ],
    "ripple": [
        0.52048,
        0.52048,
        0.519898
    ],
    "dogecoin": [
        0.158513,
        0.158513,
        0.158065
    ],
    "the-open-network": [
        6.8,
        6.8,
        6.79
    ],
    "cardano": [
        0.457638,
        0.457638,
        0.456723
    ],
    "shiba-inu": [
        2.442e-05,
        2.442e-05,
        2.438e-05
    ],
    "avalanche-2": [
        35.12,
        35.12,
        35.0
    ],
    "wrapped-bitcoin": [
        68938,
        68938,
        68864
    ],
    "chainlink": [
        17.57,
        17.57,
        17.58
    ],
    "tron": [
        0.113629,
        0.113629,
        0.113457
    ],
    "polkadot": [
        7.02,
        7.02,
        7.01
    ],
    "bitcoin-cash": [
        465.56,
        465.56,
        464.37
    ],
    "near": [
        7.11,
        7.11,
        7.11
    ],
    "uniswap": [
        9.52,
        9.52,
        9.48
    ],
    "internet-computer": [
        12.01,
        12.01,
        11.98
    ],
    "unus-sed-leo": [
        5.923810812706364,
        5.924793027850309
    ],
    "multi-collateral-dai": [
        1.0001541775823066,
        1.000069113199768
    ],
    "ethereum-classic": [
        29.24604814725347,
        29.20352121967086
    ],
    "aptos": [
        8.927891622063955,
        8.899843060703027,
        8.895484079574643
    ],
    "render": [
        10.015472153439655,
        9.997736316509561,
        9.988426890774964
    ],
    "hedera": [
        0.1009201949512697,
        0.10080345934790812,
        0.10081760613624025
    ],
    "kaspa": [
        0.17032968328519912,
        0.16922092704423944,
        0.16894775479467478
    ],
    "dogwifhat": [
        3.2886984567013124,
        3.2744954061646947,
        3.2661289160509153
    ],
    "cosmos": [
        8.353706107972105,
        8.334014385901742,
        8.33085934427879
    ],
    "immutable-x": [
        2.23231986980778,
        2.2266079222638973,
        2.2241523195467843
    ],
    "filecoin": [
        5.803423171646541,
        5.7845968534198775,
        5.782767120236702
    ],
    "arbitrum": [
        1.1064824469114674,
        1.103778226658715,
        1.1027729232263987
    ],
    "mantle": [
        0.9683275617244772,
        0.9639286970844123,
        0.9637669807427214
    ],
    "stellar": [
        0.10536625467454891,
        0.1052707324571332,
        0.10528985413006349
    ],
    "cronos": [
        0.10953747650532983,
        0.10947480462029456,
        0.10911180109840354
    ],
    "monero": [
        155.21682159696746,
        155.12464357931097,
        155.12135374149136
    ],
    "stacks": [
        1.8929957942633728,
        1.8857647917140958,
        1.8859658188367092
    ],
    "the-graph": [
        0.29438818980004844,
        0.2938714993536287,
        0.29366909407411795
    ],
    "bttc-bittorrent-chain": [
        1.15282538229248e-06,
        1.15291021119793e-06,
        1.15321748710159e-06
    ],
    "cheelee-cheelee": [
        20.748706764422167,
        20.748907048387828,
        20.740354824791673
    ],
    "VET": [
        0.0342648619606039,
        0.0341757644980644
    ],
    "STX": [
        1.96018090681332,
        1.94312681136669
    ],
    "FLR": [
        0.0280572218861115,
        0.0280389009629798
    ],
    "XMR": [
        155.295737980525,
        155.188147347795
    ],
    "SAGA": [
        2.827609212773917,
        2.81039661314113
    ],
    "AR": [
        43.18042703963509,
        42.9957677008812
    ],
    "ZETA": [
        1.34315063641458,
        1.33600332024875
    ],
    "BGB": [
        1.3705,
        1.3705
    ],
    "FLOKI": [
        0.00027295,
        0.00027004
    ],
    "ENS": [
        25.1111574351559,
        25.1110150660274,
        25.1503103571092
    ],
    "PIXEL": [
        0.5075035299704171,
        0.5091358288893804,
        0.5094
    ],
    "FTM": [
        0.81494311061099,
        0.810825200275531,
        0.810846650526059
    ],
    "INJ": [
        24.9855406084722,
        24.9396320104712,
        24.9936947846015
    ],
    "MKR": [
        2585.82085335581,
        2591.765955158,
        2591.33333757779
    ],
    "ARKM": [
        2.4467,
        2.4451,
        2.4482
    ],
    "RUNE": [
        5.99645102948959,
        5.99159309082078,
        5.98611635031278
    ],
    "FET": [
        2.14059490621609,
        2.13437669386116,
        2.1391925915533
    ],
    "qnt-quant": [
        90.56099388624241,
        90.54664152859227,
        90.53126480823839
    ],
    "wld-worldcoin": [
        4.818222372158392,
        4.813545396337192,
        4.81281840595246
    ],
    "akt-akash-network": [
        4.4341692376858,
        4.438887495949643,
        4.432618101161472
    ],
    "neo-neo": [
        14.698015351871687,
        14.657172289314216,
        14.654594456759096
    ],
    "egld-elrond": [
        38.838634884315276,
        38.652684691550064,
        38.53852261296055
    ],
    "ron-ronin-token": [
        3.197592599403427,
        3.1722779777062247,
        3.16870245393441
    ],
    "sand-the-sandbox": [
        0.45280064588967445,
        0.4517645745640198,
        0.4520395460025886
    ],
    "wbnb-wrapped-bnb": [
        628.28923463209,
        627.7085728446335,
        626.3227415392826
    ],
    "rbn-ribbon-finance": [
        0.9771671114582041,
        0.9758284267199735,
        0.9752773297809587
    ],
    "ordi-ordinals": [
        47.961398630502735,
        47.49922992773043,
        47.46503457485081
    ],
    "mina-mina-protocol": [
        0.8632276337052139,
        0.8597527161816931,
        0.8599872819508394
    ],
    "kcs-kucoin-token": [
        10.075656365968053,
        10.084493367357078,
        10.082613560361837
    ],
    "pendle-pendle": [
        6.0834122227743,
        6.061702690071543,
        6.050438305754694
    ],
    "xtz-tezos": [
        0.9277777322782543,
        0.9256720544911496,
        0.9257727552155308
    ],
    "sei-sei": [
        0.5040277771459338,
        0.5021968194070753,
        0.5021263978363282
    ],
    "xec-ecash": [
        4.647611752938158e-05,
        4.610906973968673e-05,
        4.630114687195724e-05
    ],
    "msol-marinade-staked-sol": [
        196.90304625028367,
        196.744253915849,
        196.29809829606174
    ],
    "cfx-conflux-network": [
        0.22457692762520903,
        0.22473628934200063,
        0.2240163353702115
    ],
    "matic-network": [
        0.705649,
        0.705649,
        0.704134
    ],
    "pepe": [
        1.448e-05,
        1.448e-05,
        1.444e-05
    ],
    "litecoin": [
        82.9,
        82.9,
        82.79
    ],
    "leo-token": [
        5.99,
        5.99,
        6.0
    ],
    "okb": [
        46.60947839989601,
        46.58118416499276,
        46.56476797681532
    ],
    "first-digital-usd": [
        0.9997155759472323,
        0.9994751029529232,
        0.9997254721096731
    ],
    "arweave": [
        43.1107487874136,
        42.948860318464675,
        42.92070315164095
    ],
    "optimism-ethereum": [
        2.4085037202211486,
        2.400951085095773,
        2.3992790714329186
    ],
    "bittensor": [
        379.6586535233964,
        378.8996539663453,
        378.4499676032635
    ],
    "floki-inu": [
        0.0002710088713673098,
        0.0002688162524562427,
        0.0002686473590802932
    ],