{
    "bitcoin": [
        70765,
        70853,
        70853
    ],
    "ethereum": [
        3812.42,
        3807.02,
        3807.96
    ],
    "tether": [
        0.999404,
        0.999641,
        0.999901
    ],
    "binancecoin": [
        709.42,
        706.37,
        703.98
    ],
    "solana": [
        170.55,
        170.28,
        170.15
    ],
    "staked-ether": [
        3811.4,
        3805.32,
        3806.48
    ],
    "usd-coin": [
        0.999824,
        1.0,
        1.0
    ],
    "ripple": [
        0.521729,
        0.521474,
        0.521787
    ],
    "dogecoin": [
        0.160233,
        0.160457,
        0.160576
    ],
    "the-open-network": [
        7.52,
        7.57,
        7.54
    ],
    "cardano": [
        0.458106,
        0.460253,
        0.458526
    ],
    "shiba-inu": [
        2.527e-05,
        2.523e-05,
        2.515e-05
    ],
    "avalanche-2": [
        35.94,
        35.94,
        35.93
    ],
    "wrapped-bitcoin": [
        70871,
        70866,
        70854
    ],
    "chainlink": [
        17.27,
        17.28,
        17.31
    ],
    "tron": [
        0.114688,
        0.114704,
        0.114751
    ],
    "polkadot": [
        7.14,
        7.13,
        7.1
    ],
    "bitcoin-cash": [
        495.81,
        496.02,
        495.37
    ],
    "near": [
        7.34,
        7.32,
        7.32
    ],
    "uniswap": [
        10.62,
        10.66,
        10.67
    ],
    "internet-computer": [
        12.09,
        12.08,
        12.07
    ],
    "unus-sed-leo": [
        5.923810812706364,
        5.924793027850309
    ],
    "multi-collateral-dai": [
        1.0001541775823066,
        1.000069113199768
    ],
    "ethereum-classic": [
        29.387441989129655,
        29.460698955719895,
        29.423851669313404
    ],
    "aptos": [
        9.09952500445452,
        9.080990661305181,
        9.072536448111425
    ],
    "render": [
        10.386040115805637,
        10.377031899468381,
        10.326371837990925
    ],
    "hedera": [
        0.10143445691088229,
        0.10117503559406126,
        0.10080827530641523
    ],
    "kaspa": [
        0.17155056245921707,
        0.17508029398223737,
        0.175845762801857
    ],
    "dogwifhat": [
        3.2295967341844274,
        3.2385565361706434,
        3.2282315891567697
    ],
    "cosmos": [
        8.616613943774496,
        8.609854805643257,
        8.600446598515688
    ],
    "immutable-x": [
        2.241921870408958,
        2.2646423364640746,
        2.286761715567848
    ],
    "filecoin": [
        5.9562430758402085,
        5.9497882949723175,
        5.937553869931834
    ],
    "arbitrum": [
        1.0888905360543493,
        1.0882051021132577,
        1.0879571986556873
    ],
    "mantle": [
        1.0397832493804573,
        1.0328232210348947,
        1.0230811209841926
    ],
    "stellar": [
        0.1053081013029348,
        0.10532983845557148,
        0.10516877085369537
    ],
    "cronos": [
        0.11373879573926644,
        0.11371867206458036,
        0.11389254453456155
    ],
    "monero": [
        165.4156813414416,
        165.12770660332433,
        166.53065501848573
    ],
    "stacks": [
        2.300993421307061,
        2.3327425646824285,
        2.372733569131083
    ],
    "the-graph": [
        0.29397132161312084,
        0.29358568016603,
        0.29280445582756603
    ],
    "bttc-bittorrent-chain": [
        1.16300245056354e-06,
        1.1612456881273e-06,
        1.15797444686327e-06
    ],
    "cheelee-cheelee": [
        21.165294449824554,
        21.160113734436315,
        21.142220774886
    ],
    "VET": [
        0.0342648619606039,
        0.0341757644980644
    ],
    "STX": [
        1.96018090681332,
        1.94312681136669
    ],
    "FLR": [
        0.0280572218861115,
        0.0280389009629798
    ],
    "XMR": [
        155.295737980525,
        155.188147347795
    ],
    "SAGA": [
        2.827609212773917,
        2.81039661314113
    ],
    "AR": [
        43.18042703963509,
        42.9957677008812
    ],
    "ZETA": [
        1.34315063641458,
        1.33600332024875
    ],
    "BGB": [
        1.2136,
        1.2225,
        1.2225
    ],
    "FLOKI": [
        0.00026691,
        0.00026701,
        0.00025869
    ],
    "ENS": [
        24.0199911853029,
        24.068658992862,
        23.9300295049502
    ],
    "PIXEL": [
        0.48825,
        0.49485,
        0.49518
    ],
    "FTM": [
        0.806479533698492,
        0.803021610310486,
        0.803688396269601
    ],
    "INJ": [
        25.8086457389147,
        25.7996455630143,
        25.9201593958232
    ],
    "MKR": [
        2617.269139126714,
        2616.352767202066,
        2623.124115757666
    ],
    "ARKM": [
        2.626743482716449,
        2.628414754078233,
        2.629537862114028
    ],
    "RUNE": [
        6.01486278218937,
        6.00535668024765,
        6.00293267951184
    ],
    "FET": [
        2.04327978318301,
        2.03413893302535,
        2.02011880599471
    ],
    "qnt-quant": [
        89.7028744513052,
        89.80550529131047,
        89.80770069536828
    ],
    "wld-worldcoin": [
        4.825094305664575,
        4.822449924786664,
        4.8355810179226255
    ],
    "akt-akash-network": [
        4.488259815103661,
        4.502108293066475,
        4.506270932179843
    ],
    "neo-neo": [
        14.913181935838068,
        14.88633378566166,
        14.885757362362481
    ],
    "egld-elrond": [
        39.05315567539376,
        38.8359094448666,
        38.930694239900866
    ],
    "ron-ronin-token": [
        3.0817494494974804,
        3.086513158594303,
        3.0888359675365726
    ],
    "sand-the-sandbox": [
        0.4738190782164903,
        0.4720545724599058,
        0.46926424266864347
    ],
    "wbnb-wrapped-bnb": [
        710.4472938653473,
        706.085855306396,
        705.7810486269293
    ],
    "rbn-ribbon-finance": [
        0.9885661800071454,
        0.9879724354960426,
        0.980782160787907
    ],
    "ordi-ordinals": [
        57.80304651454889,
        58.52317144525657,
        59.478993423759555
    ],
    "mina-mina-protocol": [
        0.8432545096349097,
        0.8385779375448389,
        0.8379085005095082
    ],
    "kcs-kucoin-token": [
        10.396087869946761,
        10.346368342657815,
        10.331561592273445
    ],
    "pendle-pendle": [
        5.940001487865482,
        5.932036682026052,
        5.909107787282303
    ],
    "xtz-tezos": [
        0.9396497501849485,
        0.9359005449710514,
        0.935993518145794
    ],
    "sei-sei": [
        0.5120220767409871,
        0.5115967219590993,
        0.5102479075094462
    ],
    "xec-ecash": [
        4.685353729126343e-05,
        4.691454328947019e-05,
        4.693983462787597e-05
    ],
    "msol-marinade-staked-sol": [
        203.0328089130713,
        202.95955740744884,
        202.94384364619916
    ],
    "cfx-conflux-network": [
        0.2342001826087249,
        0.23386611103706134,
        0.23349996070336893
    ],
    "matic-network": [
        0.725776,
        0.726659,
        0.725158
    ],
    "pepe": [
        1.44e-05,
        1.438e-05,
        1.428e-05
    ],
    "litecoin": [
        84.21,
        83.99,
        84.25
    ],
    "leo-token": [
        5.99,
        5.99,
        5.99
    ],
    "okb": [
        48.80642264359149,
        48.794892617236115,
        48.93467584386521
    ],
    "first-digital-usd": [
        1.0011548387302422,
        1.0011724683072278,
        1.001029857568804
    ],
    "arweave": [
        41.880874360094744,
        41.82067988374865,
        41.809907584690265
    ],
    "optimism-ethereum": [
        2.4836630753875553,
        2.4800798985688663,
        2.4761768380710847
    ],
    "bittensor": [
        422.9533399692991,
        426.5769701012354,
        425.6256954724102
    ],