{
    "bitcoin": [
        69387,
        69387,
        69387
    ],
    "ethereum": [
        3691.67,
        3691.67,
        3691.67
    ],
    "tether": [
        0.999399,
        0.999399,
        0.999399
    ],
    "binancecoin": [
        691.59,
        691.59,
        691.59
    ],
    "solana": [
        162.1,
        162.1,
        162.1
    ],
    "staked-ether": [
        3691.71,
        3691.71,
        3691.71
    ],
    "usd-coin": [
        0.999815,
        0.999815,
        0.999815
    ],
    "ripple": [
        0.497762,
        0.497762,
        0.497762
    ],
    "dogecoin": [
        0.147534,
        0.147534,
        0.147534
    ],
    "the-open-network": [
        7.36,
        7.36,
        7.36
    ],
    "cardano": [
        0.441679,
        0.441679,
        0.441679
    ],
    "shiba-inu": [
        2.382e-05,
        2.382e-05,
        2.382e-05
    ],
    "avalanche-2": [
        33.32,
        33.32,
        33.32
    ],
    "wrapped-bitcoin": [
        69424,
        69424,
        69424
    ],
    "chainlink": [
        16.13,
        16.13,
        16.13
    ],
    "tron": [
        0.113523,
        0.113523,
        0.113523
    ],
    "polkadot": [
        6.56,
        6.56,
        6.56
    ],
    "bitcoin-cash": [
        480.1,
        480.1,
        480.1
    ],
    "near": [
        6.83,
        6.83,
        6.83
    ],
    "uniswap": [
        9.99,
        9.99,
        9.99
    ],
    "internet-computer": [
        11.54,
        11.55,
        11.55
    ],
    "unus-sed-leo": [
        5.923810812706364,
        5.924793027850309
    ],
    "multi-collateral-dai": [
        1.0001541775823066,
        1.000069113199768
    ],
    "ethereum-classic": [
        26.934784602077958,
        26.94457641264202,
        26.942870187838505
    ],
    "aptos": [
        8.459583258485928,
        8.457797164319103,
        8.455028677506567
    ],
    "render": [
        9.490841392500396,
        9.483269132907765,
        9.474794723948266
    ],
    "hedera": [
        0.09262953828541123,
        0.09259484324854532,
        0.09261329049038981
    ],
    "kaspa": [
        0.16615144393788409,
        0.1665473950442581,
        0.166636421832485
    ],
    "dogwifhat": [
        2.796215739919351,
        2.7918736442856984,
        2.7933769253435954
    ],
    "cosmos": [
        8.062001413213105,
        8.057546078587551,
        8.05598013148561
    ],
    "immutable-x": [
        2.0633851080201695,
        2.059822155234375,
        2.06132042331249
    ],
    "filecoin": [
        6.317605002924364,
        6.321733775651897,
        6.318866176503242
    ],
    "arbitrum": [
        0.9917175863398368,
        0.9913981443672666,
        0.9902013768440296
    ],
    "mantle": [
        0.9522892127137993,
        0.952521868720866,
        0.952161216119727
    ],
    "stellar": [
        0.09902883532497365,
        0.0991344550640553,
        0.09911543971752654
    ],
    "cronos": [
        0.11439876866622282,
        0.1142410425631275,
        0.11417970079143823
    ],
    "monero": [
        163.3266979637279,
        163.2763482731297,
        163.53239323074192
    ],
    "stacks": [
        2.3523213170770374,
        2.342158268012764,
        2.340312677631135
    ],
    "the-graph": [
        0.2679407987024629,
        0.2678442241701617,
        0.26786867338204245
    ],
    "bttc-bittorrent-chain": [
        1.12420668957539e-06,
        1.12398120343341e-06,
        1.12294688746652e-06
    ],
    "cheelee-cheelee": [
        20.68813065115264,
        20.65495613705422,
        20.604238098818
    ],
    "VET": [
        0.0342648619606039,
        0.0341757644980644
    ],
    "STX": [
        1.96018090681332,
        1.94312681136669
    ],
    "FLR": [
        0.0280572218861115,
        0.0280389009629798
    ],
    "XMR": [
        155.295737980525,
        155.188147347795
    ],
    "SAGA": [
        2.827609212773917,
        2.81039661314113
    ],
    "AR": [
        43.18042703963509,
        42.9957677008812
    ],
    "ZETA": [
        1.11698886903034,
        1.1142736398709,
        1.12400151652205
    ],
    "BGB": [
        1.1906,
        1.1906,
        1.1906
    ],
    "FLOKI": [
        0.00026691,
        0.00026701,
        0.00025869
    ],
    "ENS": [
        22.0778610411892,
        22.0213918255057,
        22.0220475539001
    ],
    "PIXEL": [
        0.43321,
        0.43297,
        0.43271
    ],
    "FTM": [
        0.72186602306525,
        0.719912259237422,
        0.720111289182039
    ],
    "INJ": [
        25.8086457389147,
        25.7996455630143,
        25.9201593958232
    ],
    "MKR": [
        2594.894715936144,
        2596.414635467978,
        2594.250306521202
    ],
    "ARKM": [
        2.626743482716449,
        2.628414754078233,
        2.629537862114028
    ],
    "RUNE": [
        5.55790473968941,
        5.55765817219045,
        5.55783492851606
    ],
    "FET": [
        1.80918329270367,
        1.80663291688141,
        1.80887796385234
    ],
    "qnt-quant": [
        85.19628443484899,
        84.99892942105575,
        85.0059184898398
    ],
    "wld-worldcoin": [
        4.430827320205492,
        4.418859536715986,
        4.41863375686461
    ],
    "akt-akash-network": [
        4.172420799701125,
        4.1708321555725565,
        4.173086575539795
    ],
    "neo-neo": [
        13.915772950683557,
        13.868094385460637,
        13.82807839003983
    ],
    "egld-elrond": [
        35.76944139353618,
        35.74013760031075,
        35.754703730785835
    ],
    "ron-ronin-token": [
        2.981820014119315,
        2.9676466604347826,
        2.9648248868003337
    ],
    "sand-the-sandbox": [
        0.42736983398322925,
        0.4283869733782436,
        0.4283219021459132
    ],
    "wbnb-wrapped-bnb": [
        691.4099898955333,
        691.4966933179886,
        691.9339070391727
    ],
    "rbn-ribbon-finance": [
        0.9885661800071454,
        0.9879724354960426,
        0.980782160787907
    ],
    "ordi-ordinals": [
        59.171065765798524,
        59.2054871510235,
        59.33578375242714
    ],
    "mina-mina-protocol": [
        0.7868130010261616,
        0.7860524387990736,
        0.7860439356375691
    ],
    "kcs-kucoin-token": [
        10.218736985956445,
        10.224210749394716,
        10.231669698395585
    ],
    "pendle-pendle": [
        5.564985145931731,
        5.563931150637869,
        5.564095610824971
    ],
    "xtz-tezos": [
        0.8664005044240847,
        0.8649896641162482,
        0.8641082452697044
    ],
    "sei-sei": [
        0.5357057998415719,
        0.5331593268617911,
        0.535023269638797
    ],
    "xec-ecash": [
        4.327320012266999e-05,
        4.325550795596075e-05,
        4.326622946588316e-05
    ],
    "msol-marinade-staked-sol": [
        193.89915400831217,
        193.79422628124917,
        193.8470071031295
    ],
    "cfx-conflux-network": [
        0.2272375731725614,
        0.2272375731725614,
        0.22709059873310986
    ],
    "matic-network": [
        0.662109,
        0.662109,
        0.662109
    ],
    "pepe": [
        1.294e-05,
        1.294e-05,
        1.294e-05
    ],
    "litecoin": [
        79.82,
        79.82,
        79.82
    ],
    "leo-token": [
        5.97,
        5.97,
        5.97
    ],
    "okb": [
        48.05987809499679,
        48.05257344197883,
        48.04598594805956
    ],
    "first-digital-usd": [
        1.000439834034672,
        1.0007808695483713,
        1.0004488223532795
    ],
    "arweave": [
        38.48748514542261,
        38.530417923442755,
        38.50831970115578
    ],
    "optimism-ethereum": [
        2.2257393795936404,
        2.225098778939957,
        2.225398208097394
    ],
    "bittensor": [
        388.90836344584045,
        390.5743796191933,
        391.8199115008014
    ],