{
    "bitcoin": [
        70835,
        70835,
        70874
    ],
    "ethereum": [
        3841.1,
        3841.1,
        3843.65
    ],
    "tether": [
        0.999866,
        0.999866,
        1.0
    ],
    "binancecoin": [
        696.15,
        696.15,
        697.6
    ],
    "solana": [
        171.72,
        171.72,
        171.84
    ],
    "staked-ether": [
        3839.41,
        3839.41,
        3843.7
    ],
    "usd-coin": [
        0.99964,
        0.99964,
        0.999886
    ],
    "ripple": [
        0.522958,
        0.522958,
        0.52291
    ],
    "dogecoin": [
        0.161593,
        0.161593,
        0.161692
    ],
    "the-open-network": [
        7.29,
        7.29,
        7.27
    ],
    "cardano": [
        0.457731,
        0.457731,
        0.458671
    ],
    "shiba-inu": [
        2.558e-05,
        2.558e-05,
        2.56e-05
    ],
    "avalanche-2": [
        36.07,
        36.07,
        36.14
    ],
    "wrapped-bitcoin": [
        70939,
        70939,
        70959
    ],
    "chainlink": [
        17.32,
        17.32,
        17.36
    ],
    "tron": [
        0.114211,
        0.114211,
        0.114366
    ],
    "polkadot": [
        7.16,
        7.16,
        7.16
    ],
    "bitcoin-cash": [
        493.58,
        493.58,
        493.64
    ],
    "near": [
        7.49,
        7.49,
        7.5
    ],
    "uniswap": [
        10.72,
        10.72,
        10.74
    ],
    "internet-computer": [
        12.14,
        12.14,
        12.16
    ],
    "unus-sed-leo": [
        5.923810812706364,
        5.924793027850309
    ],
    "multi-collateral-dai": [
        1.0001541775823066,
        1.000069113199768
    ],
    "ethereum-classic": [
        29.578625278891007,
        29.55891134388079,
        29.423341838838013
    ],
    "aptos": [
        9.130474152063886,
        9.136849819053344,
        9.137324773239179
    ],
    "render": [
        10.557922573855759,
        10.578631867625754,
        10.554060206451892
    ],
    "hedera": [
        0.1028881166555037,
        0.10303857746525631,
        0.10303307636379978
    ],
    "kaspa": [
        0.1796406591810936,
        0.1788470250166372,
        0.1800044318776008
    ],
    "dogwifhat": [
        3.327527918748508,
        3.3274347561258675,
        3.3250883009414234
    ],
    "cosmos": [
        8.6104390171567,
        8.616018406275074,
        8.619886107538827
    ],
    "immutable-x": [
        2.252934886124896,
        2.25672464550919,
        2.2562818860829834
    ],
    "filecoin": [
        5.978964748755478,
        5.993357647223487,
        5.99079130584035
    ],
    "arbitrum": [
        1.1073482382307513,
        1.105489930006824,
        1.1066028345738186
    ],
    "mantle": [
        1.037560198436558,
        1.0389557797904638,
        1.0384910837156993
    ],
    "stellar": [
        0.10599948618835191,
        0.1060695759017484,
        0.10605789790134547
    ],
    "cronos": [
        0.11540378408912562,
        0.11524285879937927,
        0.1152103275578959
    ],
    "monero": [
        163.37089131219642,
        163.56240123750078,
        163.55500577891107
    ],
    "stacks": [
        2.387030757349966,
        2.388617221913054,
        2.3865902457687334
    ],
    "the-graph": [
        0.2986001388969601,
        0.2990455546236674,
        0.29886048470422216
    ],
    "bttc-bittorrent-chain": [
        1.16872008448852e-06,
        1.16959275670528e-06,
        1.16782857014129e-06
    ],
    "cheelee-cheelee": [
        21.059032808383336,
        21.052854017284957,
        20.991383401033392
    ],
    "VET": [
        0.0342648619606039,
        0.0341757644980644
    ],
    "STX": [
        1.96018090681332,
        1.94312681136669
    ],
    "FLR": [
        0.0280572218861115,
        0.0280389009629798
    ],
    "XMR": [
        155.295737980525,
        155.188147347795
    ],
    "SAGA": [
        2.827609212773917,
        2.81039661314113
    ],
    "AR": [
        43.18042703963509,
        42.9957677008812
    ],
    "ZETA": [
        1.34315063641458,
        1.33600332024875
    ],
    "BGB": [
        1.3705,
        1.3169,
        1.294
    ],
    "FLOKI": [
        0.00026691,
        0.00026701,
        0.00025869
    ],
    "ENS": [
        24.6895196726304,
        24.7801898004779,
        24.780106307987
    ],
    "PIXEL": [
        0.48992,
        0.49086,
        0.49183
    ],
    "FTM": [
        0.811367447446018,
        0.81217278914299,
        0.811174136098822
    ],
    "INJ": [
        25.8086457389147,
        25.7996455630143,
        25.9201593958232
    ],
    "MKR": [
        2678.60835986045,
        2679.19881558213,
        2678.61942081851
    ],
    "ARKM": [
        2.626743482716449,
        2.628414754078233,
        2.629537862114028
    ],
    "RUNE": [
        6.11115583084777,
        6.11500608943892,
        6.1249685939269
    ],
    "FET": [
        2.10824663624851,
        2.10945608363307,
        2.10891503005914
    ],
    "qnt-quant": [
        90.49449555734343,
        90.34193998921425,
        90.42113919061806
    ],
    "wld-worldcoin": [
        4.954214191580081,
        4.953670591607341,
        4.9631672767218316
    ],
    "akt-akash-network": [
        4.551825209353674,
        4.553112775595261,
        4.547832119132387
    ],
    "neo-neo": [
        15.050387848132726,
        15.044218219018578,
        15.067036209358317
    ],
    "egld-elrond": [
        39.44356903181417,
        39.42970722871152,
        39.456575687597415
    ],
    "ron-ronin-token": [
        3.1349964334437748,
        3.1241894159714914,
        3.1316506484657864
    ],
    "sand-the-sandbox": [
        0.4636133997833708,
        0.4641012180707625,
        0.46408869599331865
    ],
    "wbnb-wrapped-bnb": [
        696.7358156263567,
        696.5658065280658,
        697.4306930211765
    ],
    "rbn-ribbon-finance": [
        0.9885661800071454,
        0.9879724354960426,
        0.980782160787907
    ],
    "ordi-ordinals": [
        56.26887794771873,
        56.23828482488011,
        56.4115163901495
    ],
    "mina-mina-protocol": [
        0.8626520232153815,
        0.8617817713908197,
        0.8628713826084854
    ],
    "kcs-kucoin-token": [
        10.209246056646982,
        10.205450782402615,
        10.215808551035979
    ],
    "pendle-pendle": [
        6.069543082307928,
        6.049090729166442,
        6.046579455990571
    ],
    "xtz-tezos": [
        0.9370005864087336,
        0.9377823468180013,
        0.9386734424047926
    ],
    "sei-sei": [
        0.5169866146424686,
        0.5191116118656921,
        0.5170967767048975
    ],
    "xec-ecash": [
        4.698715114152962e-05,
        4.70098013109451e-05,
        4.703379534858549e-05
    ],
    "msol-marinade-staked-sol": [
        204.73809975510505,
        204.92574694426327,
        204.62668865139585
    ],
    "cfx-conflux-network": [
        0.2212985412578897,
        0.2216218147611572,
        0.2294484355944873
    ],
    "matic-network": [
        0.716264,
        0.716264,
        0.717193
    ],
    "pepe": [
        1.468e-05,
        1.468e-05,
        1.468e-05
    ],
    "litecoin": [
        84.46,
        84.46,
        84.57
    ],
    "leo-token": [
        6.03,
        6.02,
        6.02
    ],
    "okb": [
        48.74656432953302,
        48.76995739251237,
        48.716959274003614
    ],
    "first-digital-usd": [
        1.0009580932474917,
        1.000828630925237,
        1.0009468498779435
    ],
    "arweave": [
        43.07317379379759,
        43.20485092098823,
        43.22224872383525
    ],
    "optimism-ethereum": [
        2.4714895995931254,
        2.4761927140361446,
        2.4762785120866693
    ],
    "bittensor": [
        403.87600251745965,
        404.25524158421285,
        404.10701466260565
    ],