{
    "bitcoin": [
        71331,
        71461,
        71392
    ],
    "ethereum": [
        3842.18,
        3845.36,
        3839.28
    ],
    "tether": [
        0.9997,
        0.999432,
        0.999858
    ],
    "binancecoin": [
        715.74,
        713.82,
        712.65
    ],
    "solana": [
        173.23,
        173.21,
        173.32
    ],
    "staked-ether": [
        3839.88,
        3841.0,
        3837.86
    ],
    "usd-coin": [
        1.001,
        1.001,
        0.999696
    ],
    "ripple": [
        0.527484,
        0.527762,
        0.527234
    ],
    "dogecoin": [
        0.163618,
        0.163699,
        0.1635
    ],
    "the-open-network": [
        7.36,
        7.35,
        7.32
    ],
    "cardano": [
        0.460363,
        0.461509,
        0.461455
    ],
    "shiba-inu": [
        2.567e-05,
        2.565e-05,
        2.567e-05
    ],
    "avalanche-2": [
        36.89,
        36.9,
        36.86
    ],
    "wrapped-bitcoin": [
        71344,
        71433,
        71403
    ],
    "chainlink": [
        17.43,
        17.47,
        17.49
    ],
    "tron": [
        0.114897,
        0.114906,
        0.114784
    ],
    "polkadot": [
        7.25,
        7.28,
        7.27
    ],
    "bitcoin-cash": [
        495.79,
        500.54,
        497.38
    ],
    "near": [
        7.5,
        7.52,
        7.51
    ],
    "uniswap": [
        10.73,
        10.72,
        10.72
    ],
    "internet-computer": [
        12.21,
        12.22,
        12.2
    ],
    "unus-sed-leo": [
        5.923810812706364,
        5.924793027850309
    ],
    "multi-collateral-dai": [
        1.0001541775823066,
        1.000069113199768
    ],
    "ethereum-classic": [
        29.387441989129655,
        29.460698955719895,
        29.423851669313404
    ],
    "aptos": [
        9.230711673412822,
        9.238537441999815,
        9.256216332642364
    ],
    "render": [
        10.699285974738133,
        10.697291863042958,
        10.71149489595693
    ],
    "hedera": [
        0.10325101393897898,
        0.10313374404933197,
        0.10318993097151438
    ],
    "kaspa": [
        0.18157922169098928,
        0.1815971998340657,
        0.18078930498654203
    ],
    "dogwifhat": [
        3.3536732872671124,
        3.3604869148643486,
        3.3744426243458108
    ],
    "cosmos": [
        8.743451969579096,
        8.744894763901302,
        8.739967544962338
    ],
    "immutable-x": [
        2.2479032130162517,
        2.2471662841470477,
        2.244594304389865
    ],
    "filecoin": [
        6.025184637812973,
        6.032266592354242,
        6.0393466611259585
    ],
    "arbitrum": [
        1.1068919780722433,
        1.1083369305695336,
        1.1093126555012163
    ],
    "mantle": [
        1.0352500179660975,
        1.035904255037634,
        1.0368820973253772
    ],
    "stellar": [
        0.1066084007409048,
        0.10662796277487982,
        0.10663798917618039
    ],
    "cronos": [
        0.11585997544924596,
        0.1162174682239218,
        0.11634168024119666
    ],
    "monero": [
        163.6286511561311,
        163.70070009232282,
        164.0166801298708
    ],
    "stacks": [
        2.2868734659444545,
        2.289792170624471,
        2.283891588746255
    ],
    "the-graph": [
        0.297760815934487,
        0.2982212340343318,
        0.2987958591632313
    ],
    "bttc-bittorrent-chain": [
        1.17559722967335e-06,
        1.17541619041297e-06,
        1.17496123256813e-06
    ],
    "cheelee-cheelee": [
        21.03688905893645,
        20.9671073295506,
        20.97214718756098
    ],
    "VET": [
        0.0342648619606039,
        0.0341757644980644
    ],
    "STX": [
        1.96018090681332,
        1.94312681136669
    ],
    "FLR": [
        0.0280572218861115,
        0.0280389009629798
    ],
    "XMR": [
        155.295737980525,
        155.188147347795
    ],
    "SAGA": [
        2.827609212773917,
        2.81039661314113
    ],
    "AR": [
        43.18042703963509,
        42.9957677008812
    ],
    "ZETA": [
        1.34315063641458,
        1.33600332024875
    ],
    "BGB": [
        1.2061,
        1.1877,
        1.1989
    ],
    "FLOKI": [
        0.00026691,
        0.00026701,
        0.00025869
    ],
    "ENS": [
        24.5583992460522,
        24.6583564482694,
        24.6694953955872
    ],
    "PIXEL": [
        0.49709,
        0.49773,
        0.49586
    ],
    "FTM": [
        0.813122254494612,
        0.814017225342486,
        0.814975057682819
    ],
    "INJ": [
        25.8086457389147,
        25.7996455630143,
        25.9201593958232
    ],
    "MKR": [
        2678.60835986045,
        2679.19881558213,
        2678.61942081851
    ],
    "ARKM": [
        2.626743482716449,
        2.628414754078233,
        2.629537862114028
    ],
    "RUNE": [
        6.13414148796238,
        6.13509219861138,
        6.15544818457939
    ],
    "FET": [
        2.09966838410109,
        2.09964236338285,
        2.11069582192682
    ],
    "qnt-quant": [
        90.6945411920495,
        90.71537786881628,
        90.59818524388193
    ],
    "wld-worldcoin": [
        4.939303900688938,
        4.935730108948821,
        4.967504322978574
    ],
    "akt-akash-network": [
        4.5573808181723,
        4.5583974944391095,
        4.5694676044232185
    ],
    "neo-neo": [
        15.16506203664756,
        15.158206979059646,
        15.188795384479825
    ],
    "egld-elrond": [
        39.77626632029478,
        39.74589889451616,
        39.81475633302622
    ],
    "ron-ronin-token": [
        3.149435850788426,
        3.145788412254275,
        3.139433844675743
    ],
    "sand-the-sandbox": [
        0.4809450409929572,
        0.48263465921977433,
        0.48059191536528456
    ],
    "wbnb-wrapped-bnb": [
        715.712517250504,
        714.5030628498355,
        713.2793266555558
    ],
    "rbn-ribbon-finance": [
        0.9885661800071454,
        0.9879724354960426,
        0.980782160787907
    ],
    "ordi-ordinals": [
        57.55559241666966,
        57.45330134423321,
        57.38894796569471
    ],
    "mina-mina-protocol": [
        0.8642339620953152,
        0.8645074901301095,
        0.8658210490906358
    ],
    "kcs-kucoin-token": [
        10.444566502513391,
        10.441015015045231,
        10.438255884128417
    ],
    "pendle-pendle": [
        5.948641637832927,
        5.956500687571768,
        5.962668217472814
    ],
    "xtz-tezos": [
        0.9444817692565403,
        0.9461448848940311,
        0.9460282199727716
    ],
    "sei-sei": [
        0.5239895996697816,
        0.5231530545865146,
        0.5259110131215501
    ],
    "xec-ecash": [
        4.685353729126343e-05,
        4.691454328947019e-05,
        4.693983462787597e-05
    ],
    "msol-marinade-staked-sol": [
        206.7399980997745,
        207.91901234540543,
        206.7426349813703
    ],
    "cfx-conflux-network": [
        0.2327660219033291,
        0.23282716324243388,
        0.2328543635823045
    ],
    "matic-network": [
        0.729895,
        0.736436,
        0.737376
    ],
    "pepe": [
        1.459e-05,
        1.464e-05,
        1.459e-05
    ],
    "litecoin": [
        85.39,
        85.52,
        85.42
    ],
    "leo-token": [
        6.03,
        6.02,
        6.02
    ],
    "okb": [
        48.963397938246544,
        49.00921967959476,
        48.992101544697555
    ],
    "first-digital-usd": [
        1.0008374442453385,
        1.0007528431142623,
        1.0004793100103175
    ],
    "arweave": [
        42.9386623488766,
        42.964943549691135,
        43.003058665638356
    ],
    "optimism-ethereum": [
        2.510649083622561,
        2.5123913548451084,
        2.51205115318412
    ],
    "bittensor": [
        427.8942504054111,
        427.18908702523305,
        429.7864621143533
    ],