{
    "bitcoin": [
        69118,
        69118,
        68931
    ],
    "ethereum": [
        3773.18,
        3773.18,
        3765.93
    ],
    "tether": [
        0.999874,
        0.999874,
        0.999653
    ],
    "binancecoin": [
        625.71,
        625.71,
        624.86
    ],
    "solana": [
        165.57,
        165.57,
        165.21
    ],
    "staked-ether": [
        3770.57,
        3770.57,
        3767.89
    ],
    "usd-coin": [
        1.001,
        1.001,
        0.999448
    ],
    "ripple": [
        0.521454,
        0.521454,
        0.520646
    ],
    "dogecoin": [
        0.15886,
        0.15886,
        0.158358
    ],
    "the-open-network": [
        6.74,
        6.74,
        6.74
    ],
    "cardano": [
        0.459586,
        0.459586,
        0.459421
    ],
    "shiba-inu": [
        2.459e-05,
        2.459e-05,
        2.457e-05
    ],
    "avalanche-2": [
        35.65,
        35.65,
        35.56
    ],
    "wrapped-bitcoin": [
        69171,
        69171,
        69037
    ],
    "chainlink": [
        17.67,
        17.67,
        17.61
    ],
    "tron": [
        0.113834,
        0.113834,
        0.113686
    ],
    "polkadot": [
        7.06,
        7.06,
        7.03
    ],
    "bitcoin-cash": [
        467.05,
        467.05,
        466.47
    ],
    "near": [
        7.15,
        7.15,
        7.14
    ],
    "uniswap": [
        9.57,
        9.57,
        9.54
    ],
    "internet-computer": [
        12.03,
        12.03,
        12.03
    ],
    "unus-sed-leo": [
        5.923810812706364,
        5.924793027850309
    ],
    "multi-collateral-dai": [
        1.0001541775823066,
        1.000069113199768
    ],
    "ethereum-classic": [
        29.24604814725347,
        29.20352121967086
    ],
    "aptos": [
        8.94122471068529,
        8.950316021702566,
        8.944002646460028
    ],
    "render": [
        10.01875646322682,
        10.029337194019524,
        10.016594601312699
    ],
    "hedera": [
        0.10107966640349929,
        0.10113994214895997,
        0.10100144432946288
    ],
    "kaspa": [
        0.17430208700707694,
        0.17464006381558866,
        0.17504618719032874
    ],
    "dogwifhat": [
        3.3481910301038074,
        3.3563067549046393,
        3.3530622341360714
    ],
    "cosmos": [
        8.391550172006536,
        8.397156065803216,
        8.392458615387023
    ],
    "immutable-x": [
        2.234103757742608,
        2.2334181457805187,
        2.232446062444498
    ],
    "filecoin": [
        5.81131806586361,
        5.8173315218617985,
        5.822232418057722
    ],
    "arbitrum": [
        1.1111800203287685,
        1.1114990481404587,
        1.1088991482688333
    ],
    "mantle": [
        0.9664562040266523,
        0.9687864419763285,
        0.9681978326866973
    ],
    "stellar": [
        0.10525597629707303,
        0.10527844780190515,
        0.1052746614541963
    ],
    "cronos": [
        0.11057180688791712,
        0.11047674516924441,
        0.11024863254784986
    ],
    "monero": [
        153.7949235892316,
        153.93488168248237,
        153.58806013992293
    ],
    "stacks": [
        1.8974400163729945,
        1.8969770875083838,
        1.8927870631699295
    ],
    "the-graph": [
        0.29546720693071915,
        0.2960826202274558,
        0.2956173073938427
    ],
    "bttc-bittorrent-chain": [
        1.1519333044586e-06,
        1.15324013244675e-06,
        1.15186622495961e-06
    ],
    "cheelee-cheelee": [
        20.7154912988773,
        20.711358861881294,
        20.727164947902885
    ],
    "VET": [
        0.0342648619606039,
        0.0341757644980644
    ],
    "STX": [
        1.96018090681332,
        1.94312681136669
    ],
    "FLR": [
        0.0280572218861115,
        0.0280389009629798
    ],
    "XMR": [
        155.295737980525,
        155.188147347795
    ],
    "SAGA": [
        2.827609212773917,
        2.81039661314113
    ],
    "AR": [
        43.18042703963509,
        42.9957677008812
    ],
    "ZETA": [
        1.34315063641458,
        1.33600332024875
    ],
    "BGB": [
        1.3705,
        1.3705
    ],
    "FLOKI": [
        0.00027295,
        0.00027004
    ],
    "ENS": [
        25.4502553369825,
        25.2818345715711,
        25.289853941616
    ],
    "PIXEL": [
        0.5075035299704171,
        0.5091358288893804,
        0.5094
    ],
    "FTM": [
        0.81494311061099,
        0.810825200275531,
        0.810846650526059
    ],
    "INJ": [
        25.1776609115772,
        25.2194266957905,
        25.1096176545718
    ],
    "MKR": [
        2585.82085335581,
        2591.765955158,
        2591.33333757779
    ],
    "ARKM": [
        2.4846,
        2.491,
        2.4722
    ],
    "RUNE": [
        6.00309989536284,
        6.00621311644863,
        5.99752004511671
    ],
    "FET": [
        2.14617688775284,
        2.15517146697711,
        2.14854555132395
    ],
    "qnt-quant": [
        90.78363414656938,
        90.81383536352156,
        90.75131556139064
    ],
    "wld-worldcoin": [
        4.84945846874292,
        4.869108376625577,
        4.882480146655285
    ],
    "akt-akash-network": [
        4.447438705621741,
        4.451679838269922,
        4.447644078171845
    ],
    "neo-neo": [
        14.745003938201222,
        14.786462688711289,
        14.764324920372788
    ],
    "egld-elrond": [
        38.90162687510296,
        38.88422366902712,
        38.85122373541099
    ],
    "ron-ronin-token": [
        3.2001711778165807,
        3.2060821399689026,
        3.1994031222282713
    ],
    "sand-the-sandbox": [
        0.45518264157016924,
        0.45647607037037763,
        0.45534235008528773
    ],
    "wbnb-wrapped-bnb": [
        624.9244128379759,
        626.1026609667564,
        625.6413454837661
    ],
    "rbn-ribbon-finance": [
        0.9745391018097609,
        0.9757440596413793,
        0.9788010430932044
    ],
    "ordi-ordinals": [
        47.96244189663041,
        47.9910304583103,
        48.278223518267914
    ],
    "mina-mina-protocol": [
        0.8684369339865075,
        0.8689366144874029,
        0.8654347923787068
    ],
    "kcs-kucoin-token": [
        10.081295161442439,
        10.055239599409735,
        10.06525136595556
    ],
    "pendle-pendle": [
        6.112029928015555,
        6.120794284268619,
        6.110584134376233
    ],
    "xtz-tezos": [
        0.9293493691913804,
        0.9296802295170747,
        0.9306723104960682
    ],
    "sei-sei": [
        0.5050252149182527,
        0.5042992235862725,
        0.5041164788223443
    ],
    "xec-ecash": [
        4.647907227155783e-05,
        4.671852881923861e-05,
        4.644632415899551e-05
    ],
    "msol-marinade-staked-sol": [
        197.3458813829847,
        197.4558512294932,
        197.37673297589504
    ],
    "cfx-conflux-network": [
        0.22334918589716257,
        0.22325870217611427,
        0.22313694550331867
    ],
    "matic-network": [
        0.706374,
        0.706374,
        0.705483
    ],
    "pepe": [
        1.467e-05,
        1.467e-05,
        1.463e-05
    ],
    "litecoin": [
        83.1,
        83.1,
        82.83
    ],
    "leo-token": [
        5.97,
        5.97,
        5.98
    ],
    "okb": [
        46.651956904175165,
        46.65248718453667,
        46.64446334723198
    ],
    "first-digital-usd": [
        0.9999423442543994,
        0.9999150777684666,
        0.9995415862838478
    ],
    "arweave": [
        43.210102814099756,
        43.25774623182909,
        43.03911656177951
    ],
    "optimism-ethereum": [
        2.407089331363903,
        2.408642618745085,
        2.405550766902139
    ],
    "bittensor": [
        378.3936709525845,
        378.960832926372,
        378.3567600031244
    ],
    "floki-inu": [
        0.0002742811344981305,
        0.0002741981380654405,
        0.00027334158118966424
    ],