{
    "bitcoin": [
        69478,
        69478,
        69416
    ],
    "ethereum": [
        3691.0,
        3691.0,
        3684.63
    ],
    "tether": [
        0.999768,
        0.999768,
        0.999549
    ],
    "binancecoin": [
        688.28,
        688.28,
        685.74
    ],
    "solana": [
        161.81,
        161.81,
        161.32
    ],
    "staked-ether": [
        3688.21,
        3688.21,
        3681.31
    ],
    "usd-coin": [
        1.0,
        1.0,
        0.999802
    ],
    "ripple": [
        0.496521,
        0.496521,
        0.494885
    ],
    "dogecoin": [
        0.146985,
        0.146985,
        0.146412
    ],
    "the-open-network": [
        7.36,
        7.36,
        7.31
    ],
    "cardano": [
        0.437879,
        0.437879,
        0.436526
    ],
    "shiba-inu": [
        2.364e-05,
        2.364e-05,
        2.352e-05
    ],
    "avalanche-2": [
        32.98,
        32.98,
        32.86
    ],
    "wrapped-bitcoin": [
        69519,
        69519,
        69453
    ],
    "chainlink": [
        16.02,
        16.02,
        15.96
    ],
    "tron": [
        0.113054,
        0.113054,
        0.1129
    ],
    "polkadot": [
        6.51,
        6.51,
        6.49
    ],
    "bitcoin-cash": [
        475.73,
        475.73,
        473.86
    ],
    "near": [
        6.77,
        6.77,
        6.72
    ],
    "uniswap": [
        9.94,
        9.94,
        9.9
    ],
    "internet-computer": [
        11.54,
        11.55,
        11.55
    ],
    "unus-sed-leo": [
        5.923810812706364,
        5.924793027850309
    ],
    "multi-collateral-dai": [
        1.0001541775823066,
        1.000069113199768
    ],
    "ethereum-classic": [
        26.937163224173737,
        26.956041268651056,
        26.893300872572144
    ],
    "aptos": [
        8.335082357697486,
        8.29745910331217,
        8.28601308571947
    ],
    "render": [
        9.251405898416627,
        9.217635239418774,
        9.193937306604802
    ],
    "hedera": [
        0.09163570236295376,
        0.09136259006856146,
        0.09127856313965113
    ],
    "kaspa": [
        0.1641179083740995,
        0.16411958966554388,
        0.16382840871769963
    ],
    "dogwifhat": [
        2.7438039288678726,
        2.7223201643520296,
        2.7210193461842085
    ],
    "cosmos": [
        8.001438327464802,
        7.981500900214919,
        7.968570341168006
    ],
    "immutable-x": [
        2.0431494146369458,
        2.035053031254222,
        2.034731019898443
    ],
    "filecoin": [
        6.239322831638908,
        6.202483763046624,
        6.190645527810429
    ],
    "arbitrum": [
        0.9796119000697864,
        0.9757179226899959,
        0.9757461166897206
    ],
    "mantle": [
        0.9515365248959683,
        0.9489870214094693,
        0.9494758757875643
    ],
    "stellar": [
        0.09859419351556176,
        0.09834981358461514,
        0.09825805522857241
    ],
    "cronos": [
        0.11370681189068994,
        0.11355294144549907,
        0.11340875312541258
    ],
    "monero": [
        163.83785068808885,
        164.03686090973343,
        163.81478618500725
    ],
    "stacks": [
        2.311284818092541,
        2.291844518739992,
        2.2889594749648325
    ],
    "the-graph": [
        0.26533572864721383,
        0.26368353598393557,
        0.2635234177323806
    ],
    "bttc-bittorrent-chain": [
        1.11912789523149e-06,
        1.11860337112152e-06,
        1.11696466897811e-06
    ],
    "cheelee-cheelee": [
        20.593631260011993,
        20.597055767340144,
        20.62829314584317
    ],
    "VET": [
        0.0342648619606039,
        0.0341757644980644
    ],
    "STX": [
        1.96018090681332,
        1.94312681136669
    ],
    "FLR": [
        0.0280572218861115,
        0.0280389009629798
    ],
    "XMR": [
        155.295737980525,
        155.188147347795
    ],
    "SAGA": [
        2.827609212773917,
        2.81039661314113
    ],
    "AR": [
        43.18042703963509,
        42.9957677008812
    ],
    "ZETA": [
        1.11698886903034,
        1.1142736398709,
        1.12400151652205
    ],
    "BGB": [
        1.1906,
        1.1906,
        1.1906
    ],
    "FLOKI": [
        0.00026691,
        0.00026701,
        0.00025869
    ],
    "ENS": [
        21.8804809327459,
        21.7814238898178,
        21.7232779267936
    ],
    "PIXEL": [
        0.42367,
        0.42134,
        0.41992
    ],
    "FTM": [
        0.710073535768144,
        0.70724834554784,
        0.706758002364838
    ],
    "INJ": [
        25.8086457389147,
        25.7996455630143,
        25.9201593958232
    ],
    "MKR": [
        2594.894715936144,
        2596.414635467978,
        2594.250306521202
    ],
    "ARKM": [
        2.626743482716449,
        2.628414754078233,
        2.629537862114028
    ],
    "RUNE": [
        5.52287452464127,
        5.50436034805573,
        5.48464567534245
    ],
    "FET": [
        1.79052697784812,
        1.78008595948197,
        1.77137189046561
    ],
    "qnt-quant": [
        84.94229386203213,
        84.48603834636954,
        84.23491257710027
    ],
    "wld-worldcoin": [
        4.38586539225794,
        4.361723454535628,
        4.367590946741623
    ],
    "akt-akash-network": [
        4.155258389630267,
        4.132851402080907,
        4.133342577344128
    ],
    "neo-neo": [
        13.735468849634662,
        13.724061616458998,
        13.708444436181836
    ],
    "egld-elrond": [
        35.344535176192736,
        35.20091971005791,
        35.142025835635145
    ],
    "ron-ronin-token": [
        2.948146813707928,
        2.9390156930195155,
        2.945400043958073
    ],
    "sand-the-sandbox": [
        0.4243473894444469,
        0.42261642009704997,
        0.42296866260164073
    ],
    "wbnb-wrapped-bnb": [
        687.8465216250119,
        687.5942232885318,
        687.146901728455
    ],
    "rbn-ribbon-finance": [
        0.9885661800071454,
        0.9879724354960426,
        0.980782160787907
    ],
    "ordi-ordinals": [
        59.171065765798524,
        59.2054871510235,
        59.33578375242714
    ],
    "mina-mina-protocol": [
        0.7739544233716142,
        0.7690459102307816,
        0.7682716416115725
    ],
    "kcs-kucoin-token": [
        10.223443725072109,
        10.217751866240265,
        10.202223253106991
    ],
    "pendle-pendle": [
        5.5133519863720535,
        5.498974951569344,
        5.510854165758129
    ],
    "xtz-tezos": [
        0.8538715747553045,
        0.8549499384984057,
        0.8523009868343651
    ],
    "sei-sei": [
        0.5220420572295279,
        0.5216548872699235,
        0.5229573287341357
    ],
    "xec-ecash": [
        4.304474088310204e-05,
        4.271774517842488e-05,
        4.281290026075965e-05
    ],
    "msol-marinade-staked-sol": [
        193.2313025193832,
        193.23316002159052,
        192.6785352761115
    ],
    "cfx-conflux-network": [
        0.2272375731725614,
        0.2272375731725614,
        0.22709059873310986
    ],
    "matic-network": [
        0.656182,
        0.656182,
        0.653871
    ],
    "pepe": [
        1.291e-05,
        1.291e-05,
        1.285e-05
    ],
    "litecoin": [
        79.81,
        79.81,
        79.63
    ],
    "leo-token": [
        5.97,
        5.97,
        5.97
    ],
    "okb": [
        48.33056282258916,
        48.3013542075088,
        48.27433058595769
    ],
    "first-digital-usd": [
        1.0007141724000495,
        1.0005450694806728,
        1.0008432787554167
    ],
    "arweave": [
        38.410083787783265,
        38.28825526593806,
        38.17670649234837
    ],
    "optimism-ethereum": [
        2.1937536314883537,
        2.183652473768616,
        2.1853276258997014
    ],
    "bittensor": [
        384.2405177294661,
        382.9369823045684,
        382.9758946062866
    ],