{
    "bitcoin": [
        69412,
        69387,
        69387
    ],
    "ethereum": [
        3694.96,
        3691.67,
        3691.67
    ],
    "tether": [
        0.999588,
        0.999399,
        0.999399
    ],
    "binancecoin": [
        691.15,
        691.59,
        691.59
    ],
    "solana": [
        162.38,
        162.1,
        162.1
    ],
    "staked-ether": [
        3692.27,
        3691.71,
        3691.71
    ],
    "usd-coin": [
        0.999945,
        0.999815,
        0.999815
    ],
    "ripple": [
        0.497828,
        0.497762,
        0.497762
    ],
    "dogecoin": [
        0.147537,
        0.147534,
        0.147534
    ],
    "the-open-network": [
        7.37,
        7.36,
        7.36
    ],
    "cardano": [
        0.441142,
        0.441679,
        0.441679
    ],
    "shiba-inu": [
        2.384e-05,
        2.382e-05,
        2.382e-05
    ],
    "avalanche-2": [
        33.35,
        33.32,
        33.32
    ],
    "wrapped-bitcoin": [
        69462,
        69424,
        69424
    ],
    "chainlink": [
        16.18,
        16.13,
        16.13
    ],
    "tron": [
        0.113431,
        0.113523,
        0.113523
    ],
    "polkadot": [
        6.57,
        6.56,
        6.56
    ],
    "bitcoin-cash": [
        480.3,
        480.1,
        480.1
    ],
    "near": [
        6.84,
        6.83,
        6.83
    ],
    "uniswap": [
        9.98,
        9.99,
        9.99
    ],
    "internet-computer": [
        11.54,
        11.55,
        11.55
    ],
    "unus-sed-leo": [
        5.923810812706364,
        5.924793027850309
    ],
    "multi-collateral-dai": [
        1.0001541775823066,
        1.000069113199768
    ],
    "ethereum-classic": [
        26.934784265957152,
        26.934784602077958,
        26.94457641264202
    ],
    "aptos": [
        8.468481604797637,
        8.459583258485928,
        8.457797164319103
    ],
    "render": [
        9.509073700325919,
        9.490841392500396,
        9.483269132907765
    ],
    "hedera": [
        0.0927936716331911,
        0.09262953828541123,
        0.09259484324854532
    ],
    "kaspa": [
        0.16615144393788409,
        0.1665473950442581,
        0.166636421832485
    ],
    "dogwifhat": [
        2.7959292527063724,
        2.796215739919351,
        2.7918736442856984
    ],
    "cosmos": [
        8.0672998111019,
        8.062001413213105,
        8.057546078587551
    ],
    "immutable-x": [
        2.064976632668806,
        2.0633851080201695,
        2.059822155234375
    ],
    "filecoin": [
        6.3089756350690775,
        6.317605002924364,
        6.321733775651897
    ],
    "arbitrum": [
        0.9929327410416189,
        0.9917175863398368,
        0.9913981443672666
    ],
    "mantle": [
        0.9529164519759946,
        0.9522892127137993,
        0.952521868720866
    ],
    "stellar": [
        0.09897613151046392,
        0.09902883532497365,
        0.0991344550640553
    ],
    "cronos": [
        0.11428749149429325,
        0.11439876866622282,
        0.1142410425631275
    ],
    "monero": [
        163.49737110523338,
        163.3266979637279,
        163.2763482731297
    ],
    "stacks": [
        2.3534343629980343,
        2.3523213170770374,
        2.342158268012764
    ],
    "the-graph": [
        0.2682322226462646,
        0.2679407987024629,
        0.2678442241701617
    ],
    "bttc-bittorrent-chain": [
        1.12318680402083e-06,
        1.12420668957539e-06,
        1.12398120343341e-06
    ],
    "cheelee-cheelee": [
        20.706279461736194,
        20.68813065115264,
        20.65495613705422
    ],
    "VET": [
        0.0342648619606039,
        0.0341757644980644
    ],
    "STX": [
        1.96018090681332,
        1.94312681136669
    ],
    "FLR": [
        0.0280572218861115,
        0.0280389009629798
    ],
    "XMR": [
        155.295737980525,
        155.188147347795
    ],
    "SAGA": [
        2.827609212773917,
        2.81039661314113
    ],
    "AR": [
        43.18042703963509,
        42.9957677008812
    ],
    "ZETA": [
        1.11698886903034,
        1.1142736398709,
        1.12400151652205
    ],
    "BGB": [
        1.1906,
        1.1906,
        1.1906
    ],
    "FLOKI": [
        0.00026691,
        0.00026701,
        0.00025869
    ],
    "ENS": [
        22.0039494026457,
        22.0778610411892,
        22.0213918255057
    ],
    "PIXEL": [
        0.43242,
        0.43321,
        0.43297
    ],
    "FTM": [
        0.722646383734639,
        0.72186602306525,
        0.719912259237422
    ],
    "INJ": [
        25.8086457389147,
        25.7996455630143,
        25.9201593958232
    ],
    "MKR": [
        2594.894715936144,
        2596.414635467978,
        2594.250306521202
    ],
    "ARKM": [
        2.626743482716449,
        2.628414754078233,
        2.629537862114028
    ],
    "RUNE": [
        5.55691005555012,
        5.55790473968941,
        5.55765817219045
    ],
    "FET": [
        1.80571340871527,
        1.80918329270367,
        1.80663291688141
    ],
    "qnt-quant": [
        85.19712256525814,
        85.19628443484899,
        84.99892942105575
    ],
    "wld-worldcoin": [
        4.439943643204772,
        4.430827320205492,
        4.418859536715986
    ],
    "akt-akash-network": [
        4.172260836030805,
        4.172420799701125,
        4.1708321555725565
    ],
    "neo-neo": [
        13.915890074005068,
        13.915772950683557,
        13.868094385460637
    ],
    "egld-elrond": [
        35.809855788929184,
        35.76944139353618,
        35.74013760031075
    ],
    "ron-ronin-token": [
        2.977734906951955,
        2.981820014119315,
        2.9676466604347826
    ],
    "sand-the-sandbox": [
        0.4279736630121305,
        0.42736983398322925,
        0.4283869733782436
    ],
    "wbnb-wrapped-bnb": [
        691.4612827902264,
        691.4099898955333,
        691.4966933179886
    ],
    "rbn-ribbon-finance": [
        0.9885661800071454,
        0.9879724354960426,
        0.980782160787907
    ],
    "ordi-ordinals": [
        59.171065765798524,
        59.2054871510235,
        59.33578375242714
    ],
    "mina-mina-protocol": [
        0.7875632214636998,
        0.7868130010261616,
        0.7860524387990736
    ],
    "kcs-kucoin-token": [
        10.202800188553212,
        10.218736985956445,
        10.224210749394716
    ],
    "pendle-pendle": [
        5.557516105522831,
        5.564985145931731,
        5.563931150637869
    ],
    "xtz-tezos": [
        0.8664005044240847,
        0.8649896641162482,
        0.8641082452697044
    ],
    "sei-sei": [
        0.5379778600587307,
        0.5357057998415719,
        0.5331593268617911
    ],
    "xec-ecash": [
        4.32668220483535e-05,
        4.327320012266999e-05,
        4.325550795596075e-05
    ],
    "msol-marinade-staked-sol": [
        194.1344273187446,
        193.89915400831217,
        193.79422628124917
    ],
    "cfx-conflux-network": [
        0.2272375731725614,
        0.2272375731725614,
        0.22709059873310986
    ],
    "matic-network": [
        0.662072,
        0.662109,
        0.662109
    ],
    "pepe": [
        1.299e-05,
        1.294e-05,
        1.294e-05
    ],
    "litecoin": [
        79.79,
        79.82,
        79.82
    ],
    "leo-token": [
        5.96,
        5.97,
        5.97
    ],
    "okb": [
        48.07607140948237,
        48.05987809499679,
        48.05257344197883
    ],
    "first-digital-usd": [
        1.0007701945938476,
        1.000439834034672,
        1.0007808695483713
    ],
    "arweave": [
        38.56764913174016,
        38.48748514542261,
        38.530417923442755
    ],
    "optimism-ethereum": [
        2.2286005255325696,
        2.2257393795936404,
        2.225098778939957
    ],
    "bittensor": [
        386.2199469472891,
        388.90836344584045,
        390.5743796191933
    ],