{
    "bitcoin": [
        70881,
        70727,
        70727
    ],
    "ethereum": [
        3800.08,
        3793.61,
        3793.61
    ],
    "tether": [
        1.001,
        0.999815,
        0.999815
    ],
    "binancecoin": [
        701.95,
        700.04,
        700.04
    ],
    "solana": [
        172.8,
        172.45,
        172.45
    ],
    "staked-ether": [
        3798.5,
        3793.28,
        3793.28
    ],
    "usd-coin": [
        1.0,
        0.99976,
        0.99976
    ],
    "ripple": [
        0.527165,
        0.52837,
        0.52837
    ],
    "dogecoin": [
        0.162753,
        0.16263,
        0.16263
    ],
    "the-open-network": [
        7.4,
        7.39,
        7.39
    ],
    "cardano": [
        0.460189,
        0.459879,
        0.459879
    ],
    "shiba-inu": [
        2.591e-05,
        2.582e-05,
        2.582e-05
    ],
    "avalanche-2": [
        36.44,
        36.39,
        36.39
    ],
    "wrapped-bitcoin": [
        70867,
        70716,
        70716
    ],
    "chainlink": [
        17.88,
        17.88,
        17.88
    ],
    "tron": [
        0.11411,
        0.114011,
        0.114011
    ],
    "polkadot": [
        7.2,
        7.2,
        7.2
    ],
    "bitcoin-cash": [
        482.19,
        481.52,
        481.52
    ],
    "near": [
        7.53,
        7.52,
        7.52
    ],
    "uniswap": [
        11.06,
        11.07,
        11.07
    ],
    "internet-computer": [
        12.43,
        12.45,
        12.45
    ],
    "unus-sed-leo": [
        5.923810812706364,
        5.924793027850309
    ],
    "multi-collateral-dai": [
        1.0001541775823066,
        1.000069113199768
    ],
    "ethereum-classic": [
        29.51654722599988,
        29.45559040977602,
        29.538972319985287
    ],
    "aptos": [
        9.237361194469692,
        9.21660951623082,
        9.234851224613223
    ],
    "render": [
        10.478064538009132,
        10.444194367979488,
        10.466766573594333
    ],
    "hedera": [
        0.10308327064338872,
        0.10285843142024886,
        0.10299150762359947
    ],
    "kaspa": [
        0.18249765270131532,
        0.18197967368124957,
        0.18220137460192434
    ],
    "dogwifhat": [
        3.4393429794847483,
        3.4371637993085935,
        3.4515507776676606
    ],
    "cosmos": [
        8.568340179806823,
        8.574848965286169,
        8.58378644756167
    ],
    "immutable-x": [
        2.2836948188433315,
        2.2809111926335475,
        2.2868211026551064
    ],
    "filecoin": [
        6.06530638760429,
        6.0460558543190395,
        6.055436368254121
    ],
    "arbitrum": [
        1.1130280578945737,
        1.1089614820904248,
        1.1100337052746312
    ],
    "mantle": [
        0.9744581559718771,
        0.9737642330631806,
        0.9761585807659848
    ],
    "stellar": [
        0.1067186376025275,
        0.10682446882749665,
        0.10682290522733288
    ],
    "cronos": [
        0.11350748429598453,
        0.11347949888286846,
        0.11365549361252572
    ],
    "monero": [
        162.15612055976663,
        162.071966039482,
        162.0772176991997
    ],
    "stacks": [
        2.213619260024156,
        2.1982805209169483,
        2.2042118416433194
    ],
    "the-graph": [
        0.3028271975198339,
        0.30198636220196995,
        0.30254965892864505
    ],
    "bttc-bittorrent-chain": [
        1.16449329731691e-06,
        1.15790408004215e-06,
        1.15857698401045e-06
    ],
    "cheelee-cheelee": [
        21.095345283241436,
        21.147717537736174,
        21.127502955032195
    ],
    "VET": [
        0.0342648619606039,
        0.0341757644980644
    ],
    "STX": [
        1.96018090681332,
        1.94312681136669
    ],
    "FLR": [
        0.0280572218861115,
        0.0280389009629798
    ],
    "XMR": [
        155.295737980525,
        155.188147347795
    ],
    "SAGA": [
        2.827609212773917,
        2.81039661314113
    ],
    "AR": [
        43.18042703963509,
        42.9957677008812
    ],
    "ZETA": [
        1.34315063641458,
        1.33600332024875
    ],
    "BGB": [
        1.3705,
        1.3705
    ],
    "FLOKI": [
        0.00026691,
        0.00026701,
        0.00025869
    ],
    "ENS": [
        24.8899033380506,
        24.9059141684352,
        24.8688940888389
    ],
    "PIXEL": [
        0.49632,
        0.49969,
        0.50379
    ],
    "FTM": [
        0.81494311061099,
        0.810825200275531,
        0.810846650526059
    ],
    "INJ": [
        25.8086457389147,
        25.7996455630143,
        25.9201593958232
    ],
    "MKR": [
        2658.89260369574,
        2655.56278151193,
        2646.61559260119
    ],
    "ARKM": [
        2.4701,
        2.4832,
        2.4884
    ],
    "RUNE": [
        6.25681918759905,
        6.30179725641171,
        6.25121588079628
    ],
    "FET": [
        2.17506814490772,
        2.1800392240095,
        2.18281905303446
    ],
    "qnt-quant": [
        91.01821923276933,
        90.9656773557053,
        91.08119452598667
    ],
    "wld-worldcoin": [
        4.925973722124087,
        4.908279918801663,
        4.904941889374549
    ],
    "akt-akash-network": [
        4.462999656909227,
        4.454453954506204,
        4.466109749475929
    ],
    "neo-neo": [
        15.191617362916636,
        15.186806215557747,
        15.221881206014338
    ],
    "egld-elrond": [
        39.640855401866915,
        39.56870210899876,
        39.628699254417484
    ],
    "ron-ronin-token": [
        3.109879619717751,
        3.0977438464423663,
        3.119626472025092
    ],
    "sand-the-sandbox": [
        0.46611637572757286,
        0.46463239902482123,
        0.465350457081989
    ],
    "wbnb-wrapped-bnb": [
        701.6692695529,
        701.0375355446778,
        700.8757704517132
    ],
    "rbn-ribbon-finance": [
        0.9885661800071454,
        0.9879724354960426,
        0.980782160787907
    ],
    "ordi-ordinals": [
        56.179525612185074,
        56.099159328095936,
        56.201917920023774
    ],
    "mina-mina-protocol": [
        0.8667932909424572,
        0.8674353220820317,
        0.8705069973315462
    ],
    "kcs-kucoin-token": [
        10.099915744894124,
        10.08625525408903,
        10.086869824470314
    ],
    "pendle-pendle": [
        6.0759751007667795,
        6.072200000750948,
        6.089260742433578
    ],
    "xtz-tezos": [
        0.9537555220083455,
        0.9541764011925098,
        0.9556561246889097
    ],
    "sei-sei": [
        0.5204275566252307,
        0.519509807917262,
        0.5206431218188017
    ],
    "xec-ecash": [
        4.717772406599265e-05,
        4.714784817976011e-05,
        4.712662390559278e-05
    ],
    "msol-marinade-staked-sol": [
        206.15962276687722,
        206.00471402083016,
        206.06535660907937
    ],
    "cfx-conflux-network": [
        0.2212985412578897,
        0.2216218147611572,
        0.2294484355944873
    ],
    "matic-network": [
        0.714197,
        0.713588,
        0.713588
    ],
    "pepe": [
        1.441e-05,
        1.441e-05,
        1.441e-05
    ],
    "litecoin": [
        84.32,
        84.26,
        84.26
    ],
    "leo-token": [
        5.93,
        5.93,
        5.93
    ],
    "okb": [
        48.75457048931412,
        48.75033145140049,
        48.841005312231
    ],
    "first-digital-usd": [
        0.9994469294096004,
        0.9999992018945152,
        0.999431912788414
    ],
    "arweave": [
        46.24844634859879,
        45.689697853788886,
        45.63588033519604
    ],
    "optimism-ethereum": [
        2.5125142429153593,
        2.5082488354810892,
        2.5134510275128
    ],
    "bittensor": [
        408.7861118148286,
        407.94043801906565,
        409.08898994939693
    ],