{
    "bitcoin": [
        69212,
        69212,
        69205
    ],
    "ethereum": [
        3774.51,
        3774.51,
        3772.95
    ],
    "tether": [
        0.999624,
        0.999624,
        0.999712
    ],
    "binancecoin": [
        632.38,
        632.38,
        631.48
    ],
    "solana": [
        166.82,
        166.82,
        166.87
    ],
    "staked-ether": [
        3773.4,
        3773.4,
        3772.25
    ],
    "usd-coin": [
        1.0,
        1.0,
        0.999908
    ],
    "ripple": [
        0.520942,
        0.520942,
        0.520904
    ],
    "dogecoin": [
        0.158488,
        0.158488,
        0.158344
    ],
    "the-open-network": [
        6.73,
        6.73,
        6.75
    ],
    "cardano": [
        0.459588,
        0.459588,
        0.459209
    ],
    "shiba-inu": [
        2.383e-05,
        2.383e-05,
        2.379e-05
    ],
    "avalanche-2": [
        35.09,
        35.09,
        35.09
    ],
    "wrapped-bitcoin": [
        69249,
        69249,
        69246
    ],
    "chainlink": [
        17.61,
        17.61,
        17.61
    ],
    "tron": [
        0.113423,
        0.113423,
        0.113296
    ],
    "polkadot": [
        7.02,
        7.02,
        7.02
    ],
    "bitcoin-cash": [
        463.6,
        463.6,
        462.63
    ],
    "near": [
        7.09,
        7.09,
        7.08
    ],
    "uniswap": [
        9.53,
        9.53,
        9.52
    ],
    "internet-computer": [
        12.09,
        12.09,
        12.07
    ],
    "unus-sed-leo": [
        5.923810812706364,
        5.924793027850309
    ],
    "multi-collateral-dai": [
        1.0001541775823066,
        1.000069113199768
    ],
    "ethereum-classic": [
        29.24604814725347,
        29.20352121967086,
        28.475211240174474
    ],
    "aptos": [
        8.978555248406481,
        8.930925133662928,
        8.938460579127922
    ],
    "render": [
        10.08246190752545,
        10.065976293863413,
        10.072075312344126
    ],
    "hedera": [
        0.10120341599758202,
        0.10105492485875185,
        0.10103538410974272
    ],
    "kaspa": [
        0.1668059616765758,
        0.1661320365850845,
        0.1740212029070127
    ],
    "dogwifhat": [
        3.295895812361432,
        3.2882467194734244,
        3.2990004954837078
    ],
    "cosmos": [
        8.389473186924345,
        8.375713093672937,
        8.380721562559552
    ],
    "immutable-x": [
        2.325188738182773,
        2.332685223808729,
        2.3251946708158346
    ],
    "filecoin": [
        5.809772980362524,
        5.800176755167584,
        5.8001381911704355
    ],
    "arbitrum": [
        1.1082358656221762,
        1.1072982892565009,
        1.1082425172111574
    ],
    "mantle": [
        0.9625417859429387,
        0.9609555506595089,
        0.9631361904517866
    ],
    "stellar": [
        0.10549291692553205,
        0.1053416351208531,
        0.10534806845787441
    ],
    "cronos": [
        0.10849853617104512,
        0.1084288003757256,
        0.10848510209322995
    ],
    "monero": [
        158.11675933454265,
        158.1373430362147,
        158.23236775860877
    ],
    "stacks": [
        1.9936225912811467,
        1.9929404808166407,
        1.9929802158961563
    ],
    "the-graph": [
        0.29656430318297067,
        0.2958587440036757,
        0.2961739132828323
    ],
    "bttc-bittorrent-chain": [
        1.14518568718981e-06,
        1.13979545540866e-06,
        1.14568743185319e-06
    ],
    "cheelee-cheelee": [
        20.582554108066187,
        20.457813526101738,
        20.518525584301877
    ],
    "VET": [
        0.0342648619606039,
        0.0341757644980644
    ],
    "STX": [
        1.96018090681332,
        1.94312681136669
    ],
    "FLR": [
        0.0280572218861115,
        0.0280389009629798
    ],
    "XMR": [
        155.295737980525,
        155.188147347795
    ],
    "SAGA": [
        2.827609212773917,
        2.81039661314113
    ],
    "AR": [
        43.18042703963509,
        42.9957677008812
    ],
    "ZETA": [
        1.34315063641458,
        1.33600332024875
    ],
    "BGB": [
        1.3705,
        1.3705
    ],
    "FLOKI": [
        0.00027004,
        0.00026691,
        0.00026701
    ],
    "ENS": [
        24.8709652725439,
        25.1042877085791,
        25.2302598592171
    ],
    "PIXEL": [
        0.5075035299704171,
        0.5091358288893804,
        0.5094
    ],
    "FTM": [
        0.81494311061099,
        0.810825200275531,
        0.810846650526059
    ],
    "INJ": [
        25.1824334714893,
        25.165976344106,
        25.1846695783777
    ],
    "MKR": [
        2591.33333757779,
        2568.06953013984,
        2572.53851737616
    ],
    "ARKM": [
        2.4719,
        2.4674,
        2.47
    ],
    "RUNE": [
        6.03082791480295,
        6.04156145097268,
        6.03397501630941
    ],
    "FET": [
        2.14959248702851,
        2.14777601340179,
        2.14380623542352
    ],
    "qnt-quant": [
        91.14276298026026,
        90.88962303873329,
        91.02610001455771
    ],
    "wld-worldcoin": [
        4.824694918723516,
        4.825380447443254,
        4.819349459812714
    ],
    "akt-akash-network": [
        4.391249088395135,
        4.388897898007809,
        4.384826001498262
    ],
    "neo-neo": [
        14.7840010266851,
        14.766020758600929,
        14.768024665119588
    ],
    "egld-elrond": [
        38.95648850305351,
        39.010908479457704,
        39.09284468770464
    ],
    "ron-ronin-token": [
        3.1702273428927796,
        3.1712337166810314,
        3.1673803844155914
    ],
    "sand-the-sandbox": [
        0.45464254852151265,
        0.45431906352294926,
        0.45416751075452677
    ],
    "wbnb-wrapped-bnb": [
        633.1227265571516,
        632.0619065623285,
        632.0073310812326
    ],
    "rbn-ribbon-finance": [
        1.0028701978227588,
        0.9977222581105961,
        1.0005778176115308
    ],
    "ordi-ordinals": [
        47.13796366337506,
        47.30344486027097,
        47.48635004788963
    ],
    "mina-mina-protocol": [
        0.8736452901426639,
        0.8710699336270836,
        0.8710747159868744
    ],
    "kcs-kucoin-token": [
        10.066748089341457,
        10.062130331566758,
        10.05904882182957
    ],
    "pendle-pendle": [
        6.199990566954492,
        6.180870105931262,
        6.170357849390418
    ],
    "xtz-tezos": [
        0.9241351751854483,
        0.9221107977016075,
        0.9210784912972465
    ],
    "sei-sei": [
        0.5105087425727486,
        0.5110263396036588,
        0.5104722127194085
    ],
    "xec-ecash": [
        4.61999394632006e-05,
        4.605034436767757e-05,
        4.591259736589118e-05
    ],
    "msol-marinade-staked-sol": [
        198.40343879805744,
        198.50614093089217,
        198.6091522672442
    ],
    "cfx-conflux-network": [
        0.2222146719105327,
        0.22173339149934648,
        0.2220774486275434
    ],
    "matic-network": [
        0.706735,
        0.706735,
        0.705967
    ],
    "pepe": [
        1.444e-05,
        1.444e-05,
        1.444e-05
    ],
    "litecoin": [
        82.61,
        82.61,
        82.1
    ],
    "leo-token": [
        6.03,
        6.03,
        6.02
    ],
    "okb": [
        46.771106127145615,
        46.76205823859886,
        46.82745446161664
    ],
    "first-digital-usd": [
        1.0002935290817825,
        0.9998065732571346,
        1.00004202969585
    ],
    "arweave": [
        43.307536080735865,
        43.4127838799035,
        43.432982828860126
    ],
    "optimism-ethereum": [
        2.41785716620987,
        2.4128259944375428,
        2.4145721468729837
    ],
    "bittensor": [
        382.97463281891675,
        381.6180128388542,
        381.89784174545304
    ],