{
    "bitcoin": [
        70878,
        70719,
        70372
    ],
    "ethereum": [
        3785.43,
        3777.54,
        3761.09
    ],
    "tether": [
        0.997039,
        0.999306,
        0.998331
    ],
    "binancecoin": [
        696.96,
        696.31,
        693.06
    ],
    "solana": [
        169.23,
        167.97,
        167.14
    ],
    "staked-ether": [
        3785.63,
        3775.17,
        3764.5
    ],
    "usd-coin": [
        0.999455,
        0.99949,
        0.998948
    ],
    "ripple": [
        0.519996,
        0.519215,
        0.517309
    ],
    "dogecoin": [
        0.159297,
        0.158528,
        0.157593
    ],
    "the-open-network": [
        7.53,
        7.5,
        7.46
    ],
    "cardano": [
        0.475397,
        0.474282,
        0.471939
    ],
    "shiba-inu": [
        2.483e-05,
        2.47e-05,
        2.452e-05
    ],
    "avalanche-2": [
        36.01,
        35.75,
        35.54
    ],
    "wrapped-bitcoin": [
        70946,
        70797,
        70586
    ],
    "chainlink": [
        17.48,
        17.39,
        17.29
    ],
    "tron": [
        0.114596,
        0.114754,
        0.114636
    ],
    "polkadot": [
        7.15,
        7.12,
        7.08
    ],
    "bitcoin-cash": [
        513.57,
        514.22,
        512.22
    ],
    "near": [
        7.25,
        7.22,
        7.21
    ],
    "uniswap": [
        10.36,
        10.32,
        10.26
    ],
    "internet-computer": [
        12.52,
        12.48,
        12.4
    ],
    "unus-sed-leo": [
        5.923810812706364,
        5.924793027850309
    ],
    "multi-collateral-dai": [
        1.0001541775823066,
        1.000069113199768
    ],
    "ethereum-classic": [
        29.387441989129655,
        29.460698955719895,
        29.423851669313404
    ],
    "aptos": [
        9.198403809389866,
        9.18565980169252,
        9.135577917558578
    ],
    "render": [
        10.161147621810155,
        10.129923446764058,
        10.053891714223592
    ],
    "hedera": [
        0.09934265087069206,
        0.0989547217945364,
        0.09839150209414416
    ],
    "kaspa": [
        0.17076602862885634,
        0.16798306078877956,
        0.16746450784155625
    ],
    "dogwifhat": [
        3.1588551795250113,
        3.1389654271980527,
        3.085187839159957
    ],
    "cosmos": [
        8.582977302594553,
        8.551889127356356,
        8.526819392029353
    ],
    "immutable-x": [
        2.2330193134492915,
        2.2238585341085733,
        2.2099382700124943
    ],
    "filecoin": [
        6.543198944583413,
        6.519331748756493,
        6.487521556021483
    ],
    "arbitrum": [
        1.0858205999415729,
        1.0831551874099008,
        1.077186407159881
    ],
    "mantle": [
        1.005091999930116,
        1.0034750916047763,
        0.999707168427812
    ],
    "stellar": [
        0.10517142632505977,
        0.104971874344077,
        0.10462144488896864
    ],
    "cronos": [
        0.1173299662292917,
        0.11706879819183821,
        0.11673617379482462
    ],
    "monero": [
        162.59417833788012,
        162.6056175653424,
        162.04141717752256
    ],
    "stacks": [
        2.341313770792941,
        2.333652784629203,
        2.3232304850378878
    ],
    "the-graph": [
        0.2913130091443489,
        0.2898315695355973,
        0.2874429324930565
    ],
    "bttc-bittorrent-chain": [
        1.173142230864e-06,
        1.17133628278167e-06,
        1.16636802674788e-06
    ],
    "cheelee-cheelee": [
        21.27504764821345,
        21.266670919943632,
        21.18151360290893
    ],
    "VET": [
        0.0342648619606039,
        0.0341757644980644
    ],
    "STX": [
        1.96018090681332,
        1.94312681136669
    ],
    "FLR": [
        0.0280572218861115,
        0.0280389009629798
    ],
    "XMR": [
        155.295737980525,
        155.188147347795
    ],
    "SAGA": [
        2.827609212773917,
        2.81039661314113
    ],
    "AR": [
        43.18042703963509,
        42.9957677008812
    ],
    "ZETA": [
        1.24240267283791,
        1.24570613429196,
        1.24690898829529
    ],
    "BGB": [
        1.1906,
        1.1906,
        1.1906
    ],
    "FLOKI": [
        0.00026691,
        0.00026701,
        0.00025869
    ],
    "ENS": [
        23.9126881875425,
        23.5516926701108,
        23.4716670227522
    ],
    "PIXEL": [
        0.48892,
        0.48319,
        0.48321
    ],
    "FTM": [
        0.790790058013128,
        0.786601756124901,
        0.786589360785415
    ],
    "INJ": [
        25.8086457389147,
        25.7996455630143,
        25.9201593958232
    ],
    "MKR": [
        2594.894715936144,
        2596.414635467978,
        2594.250306521202
    ],
    "ARKM": [
        2.626743482716449,
        2.628414754078233,
        2.629537862114028
    ],
    "RUNE": [
        6.17321487917282,
        6.17337478715349,
        6.19039315563686
    ],
    "FET": [
        1.86173061707668,
        1.91814203999727,
        1.91906294349676
    ],
    "qnt-quant": [
        89.61486100728767,
        89.32485937986112,
        89.00960697820459
    ],
    "wld-worldcoin": [
        4.86210363794706,
        4.844314282729695,
        4.818396978108377
    ],
    "akt-akash-network": [
        4.488741556643854,
        4.470494435061235,
        4.458678337239726
    ],
    "neo-neo": [
        14.918054705385613,
        14.85772315219035,
        14.804190299701991
    ],
    "egld-elrond": [
        39.43504449676523,
        39.29126927982448,
        39.111754990051864
    ],
    "ron-ronin-token": [
        3.0451811868466434,
        3.0319769568029984,
        3.024607732776207
    ],
    "sand-the-sandbox": [
        0.4764009927086515,
        0.47342727983552335,
        0.4713618335087381
    ],
    "wbnb-wrapped-bnb": [
        697.8221195866315,
        695.9650288168355,
        694.5820376407336
    ],
    "rbn-ribbon-finance": [
        0.9885661800071454,
        0.9879724354960426,
        0.980782160787907
    ],
    "ordi-ordinals": [
        62.09291343912357,
        62.099473141626135,
        62.26669803898842
    ],
    "mina-mina-protocol": [
        0.8796496140404126,
        0.8843404466920539,
        0.8769864734523839
    ],
    "kcs-kucoin-token": [
        10.4090393472825,
        10.40073873485607,
        10.38588448219617
    ],
    "pendle-pendle": [
        5.920309844791598,
        5.9140184541053245,
        5.911927372558721
    ],
    "xtz-tezos": [
        0.9353436811349938,
        0.9299370197826851,
        0.9278252217743026
    ],
    "sei-sei": [
        0.5529956627695202,
        0.5465889544679849,
        0.5421297955670353
    ],
    "xec-ecash": [
        4.674533941659748e-05,
        4.653304629823774e-05,
        4.643032383408678e-05
    ],
    "msol-marinade-staked-sol": [
        202.39146764849383,
        201.9470521185767,
        200.1889772142184
    ],
    "cfx-conflux-network": [
        0.2281842689484237,
        0.2279323969490589,
        0.22718775911857986
    ],
    "matic-network": [
        0.710657,
        0.708263,
        0.705637
    ],
    "pepe": [
        1.392e-05,
        1.382e-05,
        1.371e-05
    ],
    "litecoin": [
        83.25,
        83.22,
        82.92
    ],
    "leo-token": [
        5.99,
        5.99,
        5.99
    ],
    "okb": [
        49.08704313737389,
        48.98434976386889,
        48.82362890757631
    ],
    "first-digital-usd": [
        1.0009621940475728,
        0.999857694327291,
        1.0004749170088298
    ],
    "arweave": [
        40.561701591277284,
        40.544519305781755,
        40.57634666971687
    ],
    "optimism-ethereum": [
        2.504907104111131,
        2.495084787304809,
        2.483152800624305
    ],
    "bittensor": [
        415.20329650177496,
        411.46287790746464,
        407.78102054776815
    ],