{
    "bitcoin": [
        71154,
        71281,
        71281
    ],
    "ethereum": [
        3813.04,
        3823.72,
        3823.72
    ],
    "tether": [
        0.99958,
        1.001,
        1.001
    ],
    "binancecoin": [
        705.39,
        706.49,
        706.49
    ],
    "solana": [
        172.11,
        172.37,
        172.37
    ],
    "staked-ether": [
        3812.86,
        3820.27,
        3820.27
    ],
    "usd-coin": [
        0.999525,
        1.001,
        1.001
    ],
    "ripple": [
        0.522553,
        0.523106,
        0.523106
    ],
    "dogecoin": [
        0.161307,
        0.161454,
        0.161454
    ],
    "the-open-network": [
        7.62,
        7.59,
        7.59
    ],
    "cardano": [
        0.461763,
        0.462826,
        0.462826
    ],
    "shiba-inu": [
        2.527e-05,
        2.532e-05,
        2.532e-05
    ],
    "avalanche-2": [
        35.99,
        36.08,
        36.08
    ],
    "wrapped-bitcoin": [
        71199,
        71331,
        71331
    ],
    "chainlink": [
        17.51,
        17.56,
        17.56
    ],
    "tron": [
        0.11391,
        0.114056,
        0.114056
    ],
    "polkadot": [
        7.17,
        7.17,
        7.17
    ],
    "bitcoin-cash": [
        511.41,
        511.77,
        511.77
    ],
    "near": [
        7.42,
        7.43,
        7.43
    ],
    "uniswap": [
        10.69,
        10.72,
        10.72
    ],
    "internet-computer": [
        12.05,
        12.07,
        12.07
    ],
    "unus-sed-leo": [
        5.923810812706364,
        5.924793027850309
    ],
    "multi-collateral-dai": [
        1.0001541775823066,
        1.000069113199768
    ],
    "ethereum-classic": [
        29.387441989129655,
        29.460698955719895,
        29.423851669313404
    ],
    "aptos": [
        9.188114694737004,
        9.184214369074693,
        9.180093097742763
    ],
    "render": [
        10.407281239102119,
        10.41637525872008,
        10.40679734002927
    ],
    "hedera": [
        0.10123855021045593,
        0.10128951435541346,
        0.10120285941877469
    ],
    "kaspa": [
        0.1725697864500559,
        0.1735017841623539,
        0.1735284684115678
    ],
    "dogwifhat": [
        3.3013864810643363,
        3.3176117605869107,
        3.312908040123945
    ],
    "cosmos": [
        8.682759230226752,
        8.678178804051022,
        8.672928590288576
    ],
    "immutable-x": [
        2.2450088720810286,
        2.2471757275148936,
        2.2463195252178236
    ],
    "filecoin": [
        6.018098376223532,
        6.018505615695891,
        6.015560340303198
    ],
    "arbitrum": [
        1.0948874219792502,
        1.0966377837084074,
        1.0955116069534498
    ],
    "mantle": [
        1.0239339224955992,
        1.0248700460893134,
        1.0232926951731154
    ],
    "stellar": [
        0.10590224151031181,
        0.10590990589467454,
        0.10591515067666331
    ],
    "cronos": [
        0.1145444881874107,
        0.11453608490726455,
        0.11461360993875258
    ],
    "monero": [
        170.99569956748462,
        172.05243858663053,
        171.35235949944808
    ],
    "stacks": [
        2.3743731281925267,
        2.3755174867160314,
        2.376733509492698
    ],
    "the-graph": [
        0.2944211475731635,
        0.2941914083941413,
        0.29424798675840724
    ],
    "bttc-bittorrent-chain": [
        1.16430922166239e-06,
        1.16321372153923e-06,
        1.16309333847378e-06
    ],
    "cheelee-cheelee": [
        21.26158973001634,
        21.18521249436901,
        21.162082582765436
    ],
    "VET": [
        0.0342648619606039,
        0.0341757644980644
    ],
    "STX": [
        1.96018090681332,
        1.94312681136669
    ],
    "FLR": [
        0.0280572218861115,
        0.0280389009629798
    ],
    "XMR": [
        155.295737980525,
        155.188147347795
    ],
    "SAGA": [
        2.827609212773917,
        2.81039661314113
    ],
    "AR": [
        43.18042703963509,
        42.9957677008812
    ],
    "ZETA": [
        1.22988208366352,
        1.23250889339322,
        1.23341199405814
    ],
    "BGB": [
        1.2225,
        1.2225,
        1.2225
    ],
    "FLOKI": [
        0.00026691,
        0.00026701,
        0.00025869
    ],
    "ENS": [
        23.9907790872214,
        24.0201281351023,
        24.0301671315012
    ],
    "PIXEL": [
        0.49812,
        0.49743,
        0.49718
    ],
    "FTM": [
        0.806479533698492,
        0.803021610310486,
        0.803688396269601
    ],
    "INJ": [
        25.8086457389147,
        25.7996455630143,
        25.9201593958232
    ],
    "MKR": [
        2605.603967237527,
        2607.670819690858,
        2604.834209295129
    ],
    "ARKM": [
        2.626743482716449,
        2.628414754078233,
        2.629537862114028
    ],
    "RUNE": [
        6.11800319774515,
        6.13144021730644,
        6.12410236835289
    ],
    "FET": [
        2.03279996651689,
        2.03214835486399,
        2.03193347942964
    ],
    "qnt-quant": [
        90.58085076453624,
        90.34133328682574,
        90.33972571140768
    ],
    "wld-worldcoin": [
        4.914171595546511,
        4.921319502230173,
        4.936194929678208
    ],
    "akt-akash-network": [
        4.520065370210236,
        4.517993453462982,
        4.519582820488492
    ],
    "neo-neo": [
        15.129129183580474,
        15.125277422107711,
        15.130846043441457
    ],
    "egld-elrond": [
        39.325193798956235,
        39.34400361867201,
        39.26996641059151
    ],
    "ron-ronin-token": [
        3.082538292309589,
        3.082684067928174,
        3.0865916130538364
    ],
    "sand-the-sandbox": [
        0.4714857689780139,
        0.47118185144783,
        0.4699656759107442
    ],
    "wbnb-wrapped-bnb": [
        705.8571265151872,
        705.9927334751361,
        706.2613264309429
    ],
    "rbn-ribbon-finance": [
        0.9885661800071454,
        0.9879724354960426,
        0.980782160787907
    ],
    "ordi-ordinals": [
        59.52972295433975,
        61.33747661601033,
        61.36280367361481
    ],
    "mina-mina-protocol": [
        0.852639785909161,
        0.8515562049277724,
        0.8522926469314789
    ],
    "kcs-kucoin-token": [
        10.382454433646224,
        10.385928270921491,
        10.38862404951528
    ],
    "pendle-pendle": [
        5.962713625403312,
        5.970175567737796,
        5.977590050824817
    ],
    "xtz-tezos": [
        0.9450842343378044,
        0.942779189730406,
        0.941879733328482
    ],
    "sei-sei": [
        0.5351817601487014,
        0.5372440496107384,
        0.5340195551997621
    ],
    "xec-ecash": [
        4.691454328947019e-05,
        4.693983462787597e-05,
        4.692143875803708e-05
    ],
    "msol-marinade-staked-sol": [
        205.09366070578767,
        205.13422252663588,
        205.34542276334497
    ],
    "cfx-conflux-network": [
        0.23086349287695668,
        0.23124874899767098,
        0.23192219948089712
    ],
    "matic-network": [
        0.722778,
        0.7238,
        0.7238
    ],
    "pepe": [
        1.443e-05,
        1.448e-05,
        1.448e-05
    ],
    "litecoin": [
        84.14,
        84.27,
        84.27
    ],
    "leo-token": [
        5.99,
        5.99,
        5.99
    ],
    "okb": [
        49.66940913115468,
        49.664816130027724,
        49.59476428470617
    ],
    "first-digital-usd": [
        1.0008989060870865,
        1.0009436028225078,
        1.0006200499379028
    ],
    "arweave": [
        42.312109313694734,
        42.41284376308217,
        42.543867846762765
    ],
    "optimism-ethereum": [
        2.50822902192499,
        2.510813221373971,
        2.5088879910607447
    ],
    "bittensor": [
        428.0775776740819,
        430.0927599530062,
        428.48588794950314
    ],