{
    "bitcoin": [
        69102,
        69083,
        69083
    ],
    "ethereum": [
        3675.53,
        3676.02,
        3676.02
    ],
    "tether": [
        0.998586,
        0.999534,
        0.999534
    ],
    "binancecoin": [
        678.87,
        678.75,
        678.75
    ],
    "solana": [
        161.63,
        161.43,
        161.43
    ],
    "staked-ether": [
        3676.98,
        3677.26,
        3677.26
    ],
    "usd-coin": [
        0.999165,
        0.999991,
        0.999991
    ],
    "ripple": [
        0.491943,
        0.494128,
        0.494128
    ],
    "dogecoin": [
        0.147763,
        0.147808,
        0.147808
    ],
    "the-open-network": [
        7.2,
        7.23,
        7.23
    ],
    "cardano": [
        0.447775,
        0.449247,
        0.449247
    ],
    "shiba-inu": [
        2.342e-05,
        2.346e-05,
        2.346e-05
    ],
    "avalanche-2": [
        33.31,
        33.21,
        33.21
    ],
    "wrapped-bitcoin": [
        69104,
        69119,
        69119
    ],
    "chainlink": [
        16.24,
        16.24,
        16.24
    ],
    "tron": [
        0.112513,
        0.112623,
        0.112623
    ],
    "polkadot": [
        6.58,
        6.61,
        6.61
    ],
    "bitcoin-cash": [
        482.76,
        482.6,
        482.6
    ],
    "near": [
        6.69,
        6.7,
        6.7
    ],
    "uniswap": [
        9.77,
        9.76,
        9.76
    ],
    "internet-computer": [
        11.53,
        11.54,
        11.54
    ],
    "unus-sed-leo": [
        5.923810812706364,
        5.924793027850309
    ],
    "multi-collateral-dai": [
        1.0001541775823066,
        1.000069113199768
    ],
    "ethereum-classic": [
        26.571766666494675,
        26.635876915691053,
        26.65296384300906
    ],
    "aptos": [
        8.467768934367438,
        8.469944961110981,
        8.485695743498452
    ],
    "render": [
        9.451985863531783,
        9.458991969755491,
        9.494614933351745
    ],
    "hedera": [
        0.09325228521046453,
        0.09344850367876192,
        0.09386064409581714
    ],
    "kaspa": [
        0.1640349937131984,
        0.16350177858256154,
        0.16335686231525615
    ],
    "dogwifhat": [
        2.7972373902407353,
        2.7971323789203395,
        2.791354484011361
    ],
    "cosmos": [
        8.013822776878868,
        7.998551036130046,
        8.02466131834153
    ],
    "immutable-x": [
        2.0973876008956718,
        2.0960896750080615,
        2.105316870172121
    ],
    "filecoin": [
        6.0603016967400505,
        6.0178785589012955,
        6.047067134313222
    ],
    "arbitrum": [
        0.9753222688881521,
        0.975347695521114,
        0.9795949791792274
    ],
    "mantle": [
        0.9549306082425856,
        0.9552497515800213,
        0.9561948671023206
    ],
    "stellar": [
        0.09889819096631479,
        0.09878752908888123,
        0.09908924054232252
    ],
    "cronos": [
        0.1115851278704483,
        0.11146492144673492,
        0.1115710304593306
    ],
    "monero": [
        158.24447208126432,
        157.0627546654877,
        156.39319042820497
    ],
    "stacks": [
        2.169843940043838,
        2.158183668272664,
        2.167026028861887
    ],
    "the-graph": [
        0.2710815665396223,
        0.2712284172954712,
        0.2720309708644061
    ],
    "bttc-bittorrent-chain": [
        1.12434856044128e-06,
        1.12226607051217e-06,
        1.11578212892763e-06
    ],
    "cheelee-cheelee": [
        20.76642381190565,
        20.823673674536682,
        20.830344580029436
    ],
    "VET": [
        0.0342648619606039,
        0.0341757644980644
    ],
    "STX": [
        1.96018090681332,
        1.94312681136669
    ],
    "FLR": [
        0.0280572218861115,
        0.0280389009629798
    ],
    "XMR": [
        155.295737980525,
        155.188147347795
    ],
    "SAGA": [
        2.827609212773917,
        2.81039661314113
    ],
    "AR": [
        43.18042703963509,
        42.9957677008812
    ],
    "ZETA": [
        1.11698886903034,
        1.1142736398709,
        1.12400151652205
    ],
    "BGB": [
        1.1906,
        1.1906,
        1.1906
    ],
    "FLOKI": [
        0.00026691,
        0.00026701,
        0.00025869
    ],
    "ENS": [
        21.5723541485819,
        21.8269029095911,
        21.7984496434389
    ],
    "PIXEL": [
        0.43326,
        0.43958,
        0.43877
    ],
    "FTM": [
        0.711489019296564,
        0.716517358978877,
        0.714603105068506
    ],
    "INJ": [
        25.8086457389147,
        25.7996455630143,
        25.9201593958232
    ],
    "MKR": [
        2594.894715936144,
        2596.414635467978,
        2594.250306521202
    ],
    "ARKM": [
        2.626743482716449,
        2.628414754078233,
        2.629537862114028
    ],
    "RUNE": [
        5.60272259417605,
        5.59709702049126,
        5.60632308495927
    ],
    "FET": [
        1.81130571485818,
        1.82830287609195,
        1.82952544801439
    ],
    "qnt-quant": [
        85.75573060018563,
        85.75477653061662,
        85.89388312054254
    ],
    "wld-worldcoin": [
        4.296096059644909,
        4.254498490369705,
        4.259045507105192
    ],
    "akt-akash-network": [
        4.25584975069573,
        4.231077518925411,
        4.228514233940316
    ],
    "neo-neo": [
        14.111181220326907,
        14.118352087134632,
        14.186587553086866
    ],
    "egld-elrond": [
        36.56842842962449,
        36.40258955213739,
        36.447612007297
    ],
    "ron-ronin-token": [
        2.9132305458366874,
        2.917752711615906,
        2.921296646959676
    ],
    "sand-the-sandbox": [
        0.43190511320275343,
        0.43147390622022547,
        0.43327085573022345
    ],
    "wbnb-wrapped-bnb": [
        681.2000457762781,
        678.7635746207785,
        680.1551235408382
    ],
    "rbn-ribbon-finance": [
        0.9885661800071454,
        0.9879724354960426,
        0.980782160787907
    ],
    "ordi-ordinals": [
        62.09291343912357,
        62.099473141626135,
        62.26669803898842
    ],
    "mina-mina-protocol": [
        0.79451924581348,
        0.7925412752985733,
        0.7964133462618074
    ],
    "kcs-kucoin-token": [
        10.291192105785262,
        10.275503985488525,
        10.26992874316696
    ],
    "pendle-pendle": [
        5.920309844791598,
        5.9140184541053245,
        5.911927372558721
    ],
    "xtz-tezos": [
        0.8668856452711327,
        0.8664547214079907,
        0.8697849274321919
    ],
    "sei-sei": [
        0.5045813814845989,
        0.4997578264964295,
        0.5027919353930195
    ],
    "xec-ecash": [
        4.309642963794039e-05,
        4.283477677969947e-05,
        4.319331292086233e-05
    ],
    "msol-marinade-staked-sol": [
        193.6461680771757,
        192.91366659217383,
        193.16047020967366
    ],
    "cfx-conflux-network": [
        0.2272375731725614,
        0.2272375731725614,
        0.22709059873310986
    ],
    "matic-network": [
        0.660095,
        0.660553,
        0.660553
    ],
    "pepe": [
        1.276e-05,
        1.275e-05,
        1.275e-05
    ],
    "litecoin": [
        79.31,
        79.42,
        79.42
    ],
    "leo-token": [
        6.02,
        6.03,
        6.03
    ],
    "okb": [
        48.09593732763105,
        47.93449607201624,
        47.98679581886787
    ],
    "first-digital-usd": [
        1.0005918174118433,
        1.0004975784510044,
        1.001026647953591
    ],
    "arweave": [
        38.97026221787464,
        38.74267275068154,
        38.59451136118914
    ],
    "optimism-ethereum": [
        2.2260961587949577,
        2.219577218218355,
        2.2274417793701167
    ],
    "bittensor": [
        389.62516986050815,
        389.7325505510469,
        391.3893309242354
    ],