{
    "bitcoin": [
        71116,
        71116,
        71010
    ],
    "ethereum": [
        3831.22,
        3831.22,
        3827.02
    ],
    "tether": [
        0.999945,
        0.999945,
        0.999305
    ],
    "binancecoin": [
        703.97,
        703.97,
        704.38
    ],
    "solana": [
        171.98,
        171.98,
        171.76
    ],
    "staked-ether": [
        3830.4,
        3830.4,
        3826.33
    ],
    "usd-coin": [
        0.999562,
        0.999562,
        0.999501
    ],
    "ripple": [
        0.525621,
        0.525621,
        0.525086
    ],
    "dogecoin": [
        0.161911,
        0.161911,
        0.161655
    ],
    "the-open-network": [
        7.36,
        7.36,
        7.4
    ],
    "cardano": [
        0.458832,
        0.458832,
        0.458415
    ],
    "shiba-inu": [
        2.546e-05,
        2.546e-05,
        2.548e-05
    ],
    "avalanche-2": [
        36.69,
        36.69,
        36.58
    ],
    "wrapped-bitcoin": [
        71121,
        71121,
        71079
    ],
    "chainlink": [
        17.39,
        17.39,
        17.36
    ],
    "tron": [
        0.114824,
        0.114824,
        0.114792
    ],
    "polkadot": [
        7.23,
        7.23,
        7.22
    ],
    "bitcoin-cash": [
        494.83,
        494.83,
        494.57
    ],
    "near": [
        7.44,
        7.44,
        7.43
    ],
    "uniswap": [
        10.7,
        10.7,
        10.68
    ],
    "internet-computer": [
        12.1,
        12.1,
        12.09
    ],
    "unus-sed-leo": [
        5.923810812706364,
        5.924793027850309
    ],
    "multi-collateral-dai": [
        1.0001541775823066,
        1.000069113199768
    ],
    "ethereum-classic": [
        29.387441989129655,
        29.460698955719895,
        29.423851669313404
    ],
    "aptos": [
        9.21496089950008,
        9.200796746956824,
        9.193077490783496
    ],
    "render": [
        10.638423542713124,
        10.626244385495445,
        10.635271798628906
    ],
    "hedera": [
        0.1025855417795517,
        0.10249193808548956,
        0.10251227038136061
    ],
    "kaspa": [
        0.17650214383156287,
        0.17617212263459014,
        0.17632821565423024
    ],
    "dogwifhat": [
        3.3194293081461734,
        3.3158742454905923,
        3.318821416277232
    ],
    "cosmos": [
        8.767269760217847,
        8.77099329146115,
        8.77648765517202
    ],
    "immutable-x": [
        2.237100122933878,
        2.2331317784294864,
        2.2311751788141714
    ],
    "filecoin": [
        5.995150378806464,
        5.988607209986339,
        5.9863142069324695
    ],
    "arbitrum": [
        1.1021519421064434,
        1.1018437310515181,
        1.1014883993949875
    ],
    "mantle": [
        1.0434513157804879,
        1.0421850097341046,
        1.0410659879655015
    ],
    "stellar": [
        0.10633655233401121,
        0.1062614575301753,
        0.10613763631768691
    ],
    "cronos": [
        0.11519820439323764,
        0.11504006209409576,
        0.11487731755937361
    ],
    "monero": [
        163.6795099775057,
        163.63255198432688,
        163.36324102178432
    ],
    "stacks": [
        2.3457234268064338,
        2.33790510946819,
        2.333936419263459
    ],
    "the-graph": [
        0.29701933449632856,
        0.2967138544480865,
        0.29661879585611156
    ],
    "bttc-bittorrent-chain": [
        1.1677628239406e-06,
        1.16678208098223e-06,
        1.16881492826253e-06
    ],
    "cheelee-cheelee": [
        21.094940936969422,
        21.082183333985867,
        21.0974368258799
    ],
    "VET": [
        0.0342648619606039,
        0.0341757644980644
    ],
    "STX": [
        1.96018090681332,
        1.94312681136669
    ],
    "FLR": [
        0.0280572218861115,
        0.0280389009629798
    ],
    "XMR": [
        155.295737980525,
        155.188147347795
    ],
    "SAGA": [
        2.827609212773917,
        2.81039661314113
    ],
    "AR": [
        43.18042703963509,
        42.9957677008812
    ],
    "ZETA": [
        1.34315063641458,
        1.33600332024875
    ],
    "BGB": [
        1.2159,
        1.2159,
        1.2159
    ],
    "FLOKI": [
        0.00026691,
        0.00026701,
        0.00025869
    ],
    "ENS": [
        24.1904458572843,
        24.2002226137891,
        24.2193706703496
    ],
    "PIXEL": [
        0.5031,
        0.50481,
        0.507501798393113
    ],
    "FTM": [
        0.813122254494612,
        0.814017225342486,
        0.814975057682819
    ],
    "INJ": [
        25.8086457389147,
        25.7996455630143,
        25.9201593958232
    ],
    "MKR": [
        2678.60835986045,
        2679.19881558213,
        2678.61942081851
    ],
    "ARKM": [
        2.626743482716449,
        2.628414754078233,
        2.629537862114028
    ],
    "RUNE": [
        6.13223792853855,
        6.13237894786302,
        6.13243556219058
    ],
    "FET": [
        2.08722678880659,
        2.08509370708617,
        2.0836756109121
    ],
    "qnt-quant": [
        90.30896944880084,
        90.27687572680333,
        90.04611031854003
    ],
    "wld-worldcoin": [
        4.885601904405034,
        4.882561296563031,
        4.874609945010538
    ],
    "akt-akash-network": [
        4.546235843860487,
        4.5435659356558435,
        4.531223467899023
    ],
    "neo-neo": [
        15.22771994440572,
        15.222116523066152,
        15.190318385403105
    ],
    "egld-elrond": [
        39.66839733396976,
        39.68001399004803,
        39.66362018382012
    ],
    "ron-ronin-token": [
        3.1264758674180784,
        3.1228388302669994,
        3.1289518851612406
    ],
    "sand-the-sandbox": [
        0.47946737644019827,
        0.47946737644019827,
        0.48109805546893203
    ],
    "wbnb-wrapped-bnb": [
        704.6525892825921,
        704.6086149385088,
        704.3608383651061
    ],
    "rbn-ribbon-finance": [
        0.9885661800071454,
        0.9879724354960426,
        0.980782160787907
    ],
    "ordi-ordinals": [
        58.05062705441327,
        58.18800053661815,
        58.02561988076573
    ],
    "mina-mina-protocol": [
        0.8587380198209442,
        0.8588850615642087,
        0.859765958304084
    ],
    "kcs-kucoin-token": [
        10.42912834201867,
        10.427636592465918,
        10.414285490259232
    ],
    "pendle-pendle": [
        5.955403000029088,
        5.975234111696014,
        5.969511820358286
    ],
    "xtz-tezos": [
        0.9478598864914661,
        0.9478598864914661,
        0.945315599584222
    ],
    "sei-sei": [
        0.520736278633847,
        0.5208409405913387,
        0.5208735024128359
    ],
    "xec-ecash": [
        4.685353729126343e-05,
        4.691454328947019e-05,
        4.693983462787597e-05
    ],
    "msol-marinade-staked-sol": [
        205.25014501249694,
        205.34504195441306,
        205.0479426146801
    ],
    "cfx-conflux-network": [
        0.2321022741816763,
        0.2321022741816763,
        0.23209213599610107
    ],
    "matic-network": [
        0.736573,
        0.736573,
        0.735741
    ],
    "pepe": [
        1.445e-05,
        1.445e-05,
        1.449e-05
    ],
    "litecoin": [
        85.34,
        85.34,
        85.38
    ],
    "leo-token": [
        6.03,
        6.02,
        6.02
    ],
    "okb": [
        48.894674866245964,
        48.85107321310079,
        48.85159445195861
    ],
    "first-digital-usd": [
        1.0006561277275812,
        1.0007218154687694,
        1.0008338346957157
    ],
    "arweave": [
        42.480029703047634,
        42.544758784327676,
        42.532525624611004
    ],
    "optimism-ethereum": [
        2.500278505527076,
        2.5020735589159964,
        2.5030615238072405
    ],
    "bittensor": [
        428.73091593811137,
        428.27335034282896,
        428.4624304952116
    ],