{
    "bitcoin": [
        71168,
        71168,
        71169
    ],
    "ethereum": [
        3872.0,
        3872.0,
        3870.93
    ],
    "tether": [
        1.0,
        1.0,
        1.0
    ],
    "binancecoin": [
        698.59,
        698.59,
        697.78
    ],
    "solana": [
        174.1,
        174.1,
        174.21
    ],
    "staked-ether": [
        3869.29,
        3869.29,
        3869.64
    ],
    "usd-coin": [
        1.0,
        1.0,
        0.999989
    ],
    "ripple": [
        0.526819,
        0.526819,
        0.526332
    ],
    "dogecoin": [
        0.163063,
        0.163063,
        0.16335
    ],
    "the-open-network": [
        7.15,
        7.15,
        7.18
    ],
    "cardano": [
        0.460842,
        0.460842,
        0.460358
    ],
    "shiba-inu": [
        2.604e-05,
        2.604e-05,
        2.612e-05
    ],
    "avalanche-2": [
        36.52,
        36.52,
        36.51
    ],
    "wrapped-bitcoin": [
        71314,
        71314,
        71338
    ],
    "chainlink": [
        17.74,
        17.74,
        17.7
    ],
    "tron": [
        0.11418,
        0.11418,
        0.114206
    ],
    "polkadot": [
        7.26,
        7.26,
        7.24
    ],
    "bitcoin-cash": [
        500.27,
        500.27,
        499.28
    ],
    "near": [
        7.61,
        7.61,
        7.6
    ],
    "uniswap": [
        11.18,
        11.18,
        11.15
    ],
    "internet-computer": [
        12.29,
        12.29,
        12.26
    ],
    "unus-sed-leo": [
        5.923810812706364,
        5.924793027850309
    ],
    "multi-collateral-dai": [
        1.0001541775823066,
        1.000069113199768
    ],
    "ethereum-classic": [
        29.59241834823406,
        29.590961501851606,
        29.716644817092764
    ],
    "aptos": [
        9.266729483476892,
        9.280586456533484,
        9.261530651879
    ],
    "render": [
        10.856111571337312,
        10.852286791595139,
        10.822343180964703
    ],
    "hedera": [
        0.10485066536679469,
        0.10486169506104806,
        0.10479629833822068
    ],
    "kaspa": [
        0.18152125011980572,
        0.180969842827945,
        0.1815513697278751
    ],
    "dogwifhat": [
        3.4295369803401385,
        3.442473538871557,
        3.4392875403838747
    ],
    "cosmos": [
        8.680782798926902,
        8.68259087393395,
        8.676547565525919
    ],
    "immutable-x": [
        2.2830004826359227,
        2.2861543958094,
        2.282511116849279
    ],
    "filecoin": [
        6.032402377078681,
        6.034844167168098,
        6.025035553856924
    ],
    "arbitrum": [
        1.1216715099890522,
        1.1219382939449376,
        1.1202138529225816
    ],
    "mantle": [
        1.0482214527651514,
        1.0487929391773658,
        1.0493898913150266
    ],
    "stellar": [
        0.10675770291498267,
        0.1067521350696844,
        0.10673126807436545
    ],
    "cronos": [
        0.11837388390910344,
        0.11800394035912799,
        0.11818983181203298
    ],
    "monero": [
        163.67321187105364,
        163.71648672914628,
        163.71169789821892
    ],
    "stacks": [
        2.401340467046396,
        2.404012544545467,
        2.404905812687492
    ],
    "the-graph": [
        0.30372647856374213,
        0.30401549703614605,
        0.3031938872445654
    ],
    "bttc-bittorrent-chain": [
        1.18528874388389e-06,
        1.18735948399722e-06,
        1.18483204657702e-06
    ],
    "cheelee-cheelee": [
        21.16033489877348,
        21.16848673899241,
        21.24831142540292
    ],
    "VET": [
        0.0342648619606039,
        0.0341757644980644
    ],
    "STX": [
        1.96018090681332,
        1.94312681136669
    ],
    "FLR": [
        0.0280572218861115,
        0.0280389009629798
    ],
    "XMR": [
        155.295737980525,
        155.188147347795
    ],
    "SAGA": [
        2.827609212773917,
        2.81039661314113
    ],
    "AR": [
        43.18042703963509,
        42.9957677008812
    ],
    "ZETA": [
        1.34315063641458,
        1.33600332024875
    ],
    "BGB": [
        1.3705,
        1.3705,
        1.3169
    ],
    "FLOKI": [
        0.00026691,
        0.00026701,
        0.00025869
    ],
    "ENS": [
        25.3901888595366,
        25.3314690769108,
        25.0903173460213
    ],
    "PIXEL": [
        0.50983,
        0.51057,
        0.51387
    ],
    "FTM": [
        0.81494311061099,
        0.810825200275531,
        0.810846650526059
    ],
    "INJ": [
        25.8086457389147,
        25.7996455630143,
        25.9201593958232
    ],
    "MKR": [
        2678.60835986045,
        2679.19881558213,
        2678.61942081851
    ],
    "ARKM": [
        2.4884,
        2.6423236904807,
        2.626968316377951
    ],
    "RUNE": [
        6.22820740917029,
        6.22786997265933,
        6.22498868406029
    ],
    "FET": [
        2.1643191338377,
        2.16136233730629,
        2.15432562926214
    ],
    "qnt-quant": [
        90.88561342208597,
        90.77287406179954,
        90.97979062772231
    ],
    "wld-worldcoin": [
        4.931811596840114,
        4.920651992465011,
        4.919317393263152
    ],
    "akt-akash-network": [
        4.6708752042116854,
        4.668461180442447,
        4.669179487504927
    ],
    "neo-neo": [
        15.24556523548171,
        15.27228035315082,
        15.26603160914255
    ],
    "egld-elrond": [
        40.10210278071941,
        40.16479345763288,
        40.06038010247752
    ],
    "ron-ronin-token": [
        3.1834941756766133,
        3.180801354032723,
        3.1825343135946316
    ],
    "sand-the-sandbox": [
        0.46996064906773316,
        0.4709811391316831,
        0.4709539777796143
    ],
    "wbnb-wrapped-bnb": [
        699.4688385310968,
        699.0884593042991,
        698.6754704889898
    ],
    "rbn-ribbon-finance": [
        0.9885661800071454,
        0.9879724354960426,
        0.980782160787907
    ],
    "ordi-ordinals": [
        57.63667557535089,
        57.6488770292077,
        57.493461315987794
    ],
    "mina-mina-protocol": [
        0.8741430844604664,
        0.875926051874546,
        0.8723498370400077
    ],
    "kcs-kucoin-token": [
        10.218706500038387,
        10.231617710370797,
        10.22853838591572
    ],
    "pendle-pendle": [
        6.311164124689489,
        6.277832470267978,
        6.2585533821754735
    ],
    "xtz-tezos": [
        0.9531834302249522,
        0.9541716490216103,
        0.9519221317770693
    ],
    "sei-sei": [
        0.5323095664423196,
        0.5315381747190561,
        0.5311502550958537
    ],
    "xec-ecash": [
        4.759825022032561e-05,
        4.747248406167029e-05,
        4.74266625137089e-05
    ],
    "msol-marinade-staked-sol": [
        207.22781520715424,
        207.71251091883514,
        207.3952243826367
    ],
    "cfx-conflux-network": [
        0.2212985412578897,
        0.2216218147611572,
        0.2294484355944873
    ],
    "matic-network": [
        0.724791,
        0.724791,
        0.724175
    ],
    "pepe": [
        1.484e-05,
        1.484e-05,
        1.498e-05
    ],
    "litecoin": [
        85.04,
        85.04,
        85.02
    ],
    "leo-token": [
        6.03,
        6.03,
        6.03
    ],
    "okb": [
        48.91049759379245,
        48.925403070196,
        49.52799834703469
    ],
    "first-digital-usd": [
        1.0000973209595985,
        1.0001150585598155,
        1.0001439804379497
    ],
    "arweave": [
        43.81447293368878,
        43.81730993173518,
        43.77966593919118
    ],
    "optimism-ethereum": [
        2.520949745700477,
        2.517320436358157,
        2.508685915812588
    ],
    "bittensor": [
        418.6305370062901,
        419.09372329528776,
        418.17539157584446
    ],