{
    "bitcoin": [
        70933,
        70666,
        70666
    ],
    "ethereum": [
        3820.84,
        3797.39,
        3797.39
    ],
    "tether": [
        0.999625,
        0.997796,
        0.997796
    ],
    "binancecoin": [
        707.13,
        703.86,
        703.86
    ],
    "solana": [
        170.21,
        169.08,
        169.08
    ],
    "staked-ether": [
        3820.79,
        3797.58,
        3797.58
    ],
    "usd-coin": [
        1.0,
        0.997994,
        0.997994
    ],
    "ripple": [
        0.522157,
        0.519877,
        0.519877
    ],
    "dogecoin": [
        0.160745,
        0.159383,
        0.159383
    ],
    "the-open-network": [
        7.36,
        7.33,
        7.33
    ],
    "cardano": [
        0.456455,
        0.454042,
        0.454042
    ],
    "shiba-inu": [
        2.532e-05,
        2.516e-05,
        2.516e-05
    ],
    "avalanche-2": [
        36.39,
        36.12,
        36.12
    ],
    "wrapped-bitcoin": [
        70998,
        70718,
        70718
    ],
    "chainlink": [
        17.3,
        17.19,
        17.19
    ],
    "tron": [
        0.114727,
        0.11444,
        0.11444
    ],
    "polkadot": [
        7.18,
        7.13,
        7.13
    ],
    "bitcoin-cash": [
        493.52,
        490.25,
        490.25
    ],
    "near": [
        7.38,
        7.33,
        7.33
    ],
    "uniswap": [
        10.6,
        10.53,
        10.53
    ],
    "internet-computer": [
        12.06,
        12.03,
        12.03
    ],
    "unus-sed-leo": [
        5.923810812706364,
        5.924793027850309
    ],
    "multi-collateral-dai": [
        1.0001541775823066,
        1.000069113199768
    ],
    "ethereum-classic": [
        29.387441989129655,
        29.460698955719895,
        29.423851669313404
    ],
    "aptos": [
        9.08444806340186,
        9.033024404489145,
        9.03192107481584
    ],
    "render": [
        10.518330440981064,
        10.451558930320433,
        10.44431608021644
    ],
    "hedera": [
        0.10138726386141407,
        0.10108530125240327,
        0.1010012484819096
    ],
    "kaspa": [
        0.1731495862226331,
        0.1730020048034343,
        0.1726896580660496
    ],
    "dogwifhat": [
        3.27367926233508,
        3.261410609876607,
        3.258125730771726
    ],
    "cosmos": [
        8.701357857155724,
        8.675186024201494,
        8.6760609652607
    ],
    "immutable-x": [
        2.2194485675718783,
        2.214356999237353,
        2.2131023285623965
    ],
    "filecoin": [
        5.924850354522975,
        5.911343980407775,
        5.900652735676921
    ],
    "arbitrum": [
        1.090162140111046,
        1.0869242224708884,
        1.0862013698831336
    ],
    "mantle": [
        1.0436746077513557,
        1.0424520812335094,
        1.0406495117787333
    ],
    "stellar": [
        0.10573180816175158,
        0.10560708085333806,
        0.10536593148426453
    ],
    "cronos": [
        0.11340475931366475,
        0.11303112413230627,
        0.11293541090410597
    ],
    "monero": [
        164.0020416038063,
        163.92243042888208,
        163.7942312263453
    ],
    "stacks": [
        2.3133799302995532,
        2.3036547059616623,
        2.2941681771859734
    ],
    "the-graph": [
        0.2939540286717633,
        0.2932619924720635,
        0.2931050582302349
    ],
    "bttc-bittorrent-chain": [
        1.16509123073926e-06,
        1.16509123073926e-06,
        1.16256946791631e-06
    ],
    "cheelee-cheelee": [
        21.179062089013517,
        21.179062089013517,
        21.186668917995146
    ],
    "VET": [
        0.0342648619606039,
        0.0341757644980644
    ],
    "STX": [
        1.96018090681332,
        1.94312681136669
    ],
    "FLR": [
        0.0280572218861115,
        0.0280389009629798
    ],
    "XMR": [
        155.295737980525,
        155.188147347795
    ],
    "SAGA": [
        2.827609212773917,
        2.81039661314113
    ],
    "AR": [
        43.18042703963509,
        42.9957677008812
    ],
    "ZETA": [
        1.34315063641458,
        1.33600332024875
    ],
    "BGB": [
        1.2159,
        1.1918,
        1.1918
    ],
    "FLOKI": [
        0.00026691,
        0.00026701,
        0.00025869
    ],
    "ENS": [
        24.0191075594772,
        24.0450491874,
        24.0178719333738
    ],
    "PIXEL": [
        0.49887,
        0.49941,
        0.49702
    ],
    "FTM": [
        0.814975057682819,
        0.802696227333297,
        0.802989253262395
    ],
    "INJ": [
        25.8086457389147,
        25.7996455630143,
        25.9201593958232
    ],
    "MKR": [
        2614.877286949077,
        2611.337745218549,
        2603.764646830637
    ],
    "ARKM": [
        2.626743482716449,
        2.628414754078233,
        2.629537862114028
    ],
    "RUNE": [
        6.04391422425549,
        6.01835980222702,
        6.02013556867218
    ],
    "FET": [
        2.05970421097366,
        2.05596843550134,
        2.05582765494223
    ],
    "qnt-quant": [
        90.11903763179461,
        90.11903763179461,
        89.5463476522131
    ],
    "wld-worldcoin": [
        4.8571124462142405,
        4.8571124462142405,
        4.850035147188483
    ],
    "akt-akash-network": [
        4.539664966765894,
        4.539664966765894,
        4.523437518090628
    ],
    "neo-neo": [
        14.962139522537052,
        14.962139522537052,
        14.903863114867113
    ],
    "egld-elrond": [
        39.516587361092334,
        39.516587361092334,
        39.30478127276067
    ],
    "ron-ronin-token": [
        3.1051329301845407,
        3.1051329301845407,
        3.0986657049186612
    ],
    "sand-the-sandbox": [
        0.47621703474861127,
        0.47621703474861127,
        0.4723339438991098
    ],
    "wbnb-wrapped-bnb": [
        706.4573332878688,
        706.4573332878688,
        703.3548000462995
    ],
    "rbn-ribbon-finance": [
        0.9885661800071454,
        0.9879724354960426,
        0.980782160787907
    ],
    "ordi-ordinals": [
        57.6328266343196,
        57.6328266343196,
        57.210783184039194
    ],
    "mina-mina-protocol": [
        0.848397526169309,
        0.848397526169309,
        0.8420024355431257
    ],
    "kcs-kucoin-token": [
        10.369566767650813,
        10.369566767650813,
        10.355324808850105
    ],
    "pendle-pendle": [
        5.939812617898431,
        5.932602036458323,
        5.930354756235579
    ],
    "xtz-tezos": [
        0.9421611817980284,
        0.9421611817980284,
        0.9371574869850666
    ],
    "sei-sei": [
        0.5139485265023298,
        0.5139485265023298,
        0.5094690933268593
    ],
    "xec-ecash": [
        4.685353729126343e-05,
        4.691454328947019e-05,
        4.693983462787597e-05
    ],
    "msol-marinade-staked-sol": [
        203.0246792977705,
        203.0246792977705,
        201.2548112650122
    ],
    "cfx-conflux-network": [
        0.2313729124038471,
        0.2313729124038471,
        0.23032066161802042
    ],
    "matic-network": [
        0.730081,
        0.725449,
        0.725449
    ],
    "pepe": [
        1.439e-05,
        1.43e-05,
        1.43e-05
    ],
    "litecoin": [
        85.56,
        84.96,
        84.96
    ],
    "leo-token": [
        6.03,
        6.02,
        6.02
    ],
    "okb": [
        48.74050918887785,
        48.638370304580434,
        48.782048667097776
    ],
    "first-digital-usd": [
        1.0007784429434083,
        1.0008226978071062,
        1.0012900350460336
    ],
    "arweave": [
        42.124283850169526,
        42.08138107679476,
        42.14460789478807
    ],
    "optimism-ethereum": [
        2.4825731781862497,
        2.479081681360025,
        2.4777383709137895
    ],
    "bittensor": [
        423.49876312506507,
        421.12507178721165,
        420.63645864651994
    ],