{
    "bitcoin": [
        70666,
        70666,
        70499
    ],
    "ethereum": [
        3797.39,
        3797.39,
        3790.39
    ],
    "tether": [
        0.997796,
        0.997796,
        0.999155
    ],
    "binancecoin": [
        703.86,
        703.86,
        704.0
    ],
    "solana": [
        169.08,
        169.08,
        168.68
    ],
    "staked-ether": [
        3797.58,
        3797.58,
        3788.44
    ],
    "usd-coin": [
        0.997994,
        0.997994,
        0.999107
    ],
    "ripple": [
        0.519877,
        0.519877,
        0.519675
    ],
    "dogecoin": [
        0.159383,
        0.159383,
        0.159285
    ],
    "the-open-network": [
        7.33,
        7.33,
        7.32
    ],
    "cardano": [
        0.454042,
        0.454042,
        0.453716
    ],
    "shiba-inu": [
        2.516e-05,
        2.516e-05,
        2.515e-05
    ],
    "avalanche-2": [
        36.12,
        36.12,
        36.02
    ],
    "wrapped-bitcoin": [
        70718,
        70718,
        70608
    ],
    "chainlink": [
        17.19,
        17.19,
        17.19
    ],
    "tron": [
        0.11444,
        0.11444,
        0.114487
    ],
    "polkadot": [
        7.13,
        7.13,
        7.12
    ],
    "bitcoin-cash": [
        490.25,
        490.25,
        489.75
    ],
    "near": [
        7.33,
        7.33,
        7.3
    ],
    "uniswap": [
        10.53,
        10.53,
        10.48
    ],
    "internet-computer": [
        12.03,
        12.03,
        12.01
    ],
    "unus-sed-leo": [
        5.923810812706364,
        5.924793027850309
    ],
    "multi-collateral-dai": [
        1.0001541775823066,
        1.000069113199768
    ],
    "ethereum-classic": [
        29.387441989129655,
        29.460698955719895,
        29.423851669313404
    ],
    "aptos": [
        9.033024404489145,
        9.03192107481584,
        9.018425070002584
    ],
    "render": [
        10.451558930320433,
        10.44431608021644,
        10.399671699098834
    ],
    "hedera": [
        0.10108530125240327,
        0.1010012484819096,
        0.10078136034134941
    ],
    "kaspa": [
        0.1730020048034343,
        0.1726896580660496,
        0.17236652349428933
    ],
    "dogwifhat": [
        3.261410609876607,
        3.258125730771726,
        3.2491696156705707
    ],
    "cosmos": [
        8.675186024201494,
        8.6760609652607,
        8.66103305126757
    ],
    "immutable-x": [
        2.214356999237353,
        2.2131023285623965,
        2.209401309247714
    ],
    "filecoin": [
        5.911343980407775,
        5.900652735676921,
        5.888259820960623
    ],
    "arbitrum": [
        1.0869242224708884,
        1.0862013698831336,
        1.0841754678313147
    ],
    "mantle": [
        1.0424520812335094,
        1.0406495117787333,
        1.0392308121756337
    ],
    "stellar": [
        0.10560708085333806,
        0.10536593148426453,
        0.10526804991211944
    ],
    "cronos": [
        0.11303112413230627,
        0.11293541090410597,
        0.11274347696213297
    ],
    "monero": [
        163.92243042888208,
        163.7942312263453,
        164.13788584551463
    ],
    "stacks": [
        2.3036547059616623,
        2.2941681771859734,
        2.286624607905752
    ],
    "the-graph": [
        0.2932619924720635,
        0.2931050582302349,
        0.29252412962939345
    ],
    "bttc-bittorrent-chain": [
        1.16509123073926e-06,
        1.16256946791631e-06,
        1.16163218395493e-06
    ],
    "cheelee-cheelee": [
        21.179062089013517,
        21.186668917995146,
        21.199199206572672
    ],
    "VET": [
        0.0342648619606039,
        0.0341757644980644
    ],
    "STX": [
        1.96018090681332,
        1.94312681136669
    ],
    "FLR": [
        0.0280572218861115,
        0.0280389009629798
    ],
    "XMR": [
        155.295737980525,
        155.188147347795
    ],
    "SAGA": [
        2.827609212773917,
        2.81039661314113
    ],
    "AR": [
        43.18042703963509,
        42.9957677008812
    ],
    "ZETA": [
        1.34315063641458,
        1.33600332024875
    ],
    "BGB": [
        1.1918,
        1.1918,
        1.1918
    ],
    "FLOKI": [
        0.00026691,
        0.00026701,
        0.00025869
    ],
    "ENS": [
        24.0450491874,
        24.0178719333738,
        23.9498029029196
    ],
    "PIXEL": [
        0.49941,
        0.49702,
        0.49402
    ],
    "FTM": [
        0.802696227333297,
        0.802989253262395,
        0.799259539158682
    ],
    "INJ": [
        25.8086457389147,
        25.7996455630143,
        25.9201593958232
    ],
    "MKR": [
        2614.877286949077,
        2611.337745218549,
        2603.764646830637
    ],
    "ARKM": [
        2.626743482716449,
        2.628414754078233,
        2.629537862114028
    ],
    "RUNE": [
        6.01835980222702,
        6.02013556867218,
        6.00732022017573
    ],
    "FET": [
        2.05596843550134,
        2.05582765494223,
        2.05195917963985
    ],
    "qnt-quant": [
        90.11903763179461,
        89.5463476522131,
        89.38706207221871
    ],
    "wld-worldcoin": [
        4.8571124462142405,
        4.850035147188483,
        4.819767342377463
    ],
    "akt-akash-network": [
        4.539664966765894,
        4.523437518090628,
        4.524116966323154
    ],
    "neo-neo": [
        14.962139522537052,
        14.903863114867113,
        14.896193666271733
    ],
    "egld-elrond": [
        39.516587361092334,
        39.30478127276067,
        39.16652370027151
    ],
    "ron-ronin-token": [
        3.1051329301845407,
        3.0986657049186612,
        3.085312691597979
    ],
    "sand-the-sandbox": [
        0.47621703474861127,
        0.4723339438991098,
        0.4719445609973959
    ],
    "wbnb-wrapped-bnb": [
        706.4573332878688,
        703.3548000462995,
        705.8737683328642
    ],
    "rbn-ribbon-finance": [
        0.9885661800071454,
        0.9879724354960426,
        0.980782160787907
    ],
    "ordi-ordinals": [
        57.6328266343196,
        57.210783184039194,
        57.08449680834858
    ],
    "mina-mina-protocol": [
        0.848397526169309,
        0.8420024355431257,
        0.8432062175773606
    ],
    "kcs-kucoin-token": [
        10.369566767650813,
        10.355324808850105,
        10.344985707858166
    ],
    "pendle-pendle": [
        5.932602036458323,
        5.930354756235579,
        5.895440512395651
    ],
    "xtz-tezos": [
        0.9421611817980284,
        0.9371574869850666,
        0.9365405690777278
    ],
    "sei-sei": [
        0.5139485265023298,
        0.5139485265023298,
        0.5094690933268593
    ],
    "xec-ecash": [
        4.685353729126343e-05,
        4.691454328947019e-05,
        4.693983462787597e-05
    ],
    "msol-marinade-staked-sol": [
        203.0246792977705,
        201.2548112650122,
        201.50982421841536
    ],
    "cfx-conflux-network": [
        0.2313729124038471,
        0.23032066161802042,
        0.22954870879786293
    ],
    "matic-network": [
        0.725449,
        0.725449,
        0.722986
    ],
    "pepe": [
        1.43e-05,
        1.43e-05,
        1.429e-05
    ],
    "litecoin": [
        84.96,
        84.96,
        84.87
    ],
    "leo-token": [
        6.02,
        6.02,
        5.98
    ],
    "okb": [
        48.638370304580434,
        48.782048667097776,
        48.69742680510344
    ],
    "first-digital-usd": [
        1.0008226978071062,
        1.0012900350460336,
        1.0008786850335232
    ],
    "arweave": [
        42.08138107679476,
        42.14460789478807,
        41.97472725034982
    ],
    "optimism-ethereum": [
        2.479081681360025,
        2.4777383709137895,
        2.4736978949918904
    ],
    "bittensor": [
        421.12507178721165,
        420.63645864651994,
        419.85254308239683
    ],