{
    "bitcoin": [
        69295,
        69295,
        69270
    ],
    "ethereum": [
        3692.23,
        3692.23,
        3691.01
    ],
    "tether": [
        0.999628,
        0.999628,
        0.999749
    ],
    "binancecoin": [
        683.85,
        683.85,
        682.47
    ],
    "solana": [
        162.71,
        162.71,
        162.55
    ],
    "staked-ether": [
        3691.73,
        3691.73,
        3688.27
    ],
    "usd-coin": [
        0.999747,
        0.999747,
        0.999908
    ],
    "ripple": [
        0.500037,
        0.500037,
        0.50055
    ],
    "dogecoin": [
        0.149499,
        0.149499,
        0.149012
    ],
    "the-open-network": [
        7.24,
        7.24,
        7.27
    ],
    "cardano": [
        0.450095,
        0.450095,
        0.450784
    ],
    "shiba-inu": [
        2.376e-05,
        2.376e-05,
        2.363e-05
    ],
    "avalanche-2": [
        33.61,
        33.61,
        33.56
    ],
    "wrapped-bitcoin": [
        69344,
        69344,
        69307
    ],
    "chainlink": [
        16.36,
        16.36,
        16.34
    ],
    "tron": [
        0.112622,
        0.112622,
        0.112592
    ],
    "polkadot": [
        6.62,
        6.62,
        6.61
    ],
    "bitcoin-cash": [
        483.69,
        483.69,
        483.89
    ],
    "near": [
        6.81,
        6.81,
        6.82
    ],
    "uniswap": [
        9.8,
        9.8,
        9.8
    ],
    "internet-computer": [
        11.54,
        11.55,
        11.55
    ],
    "unus-sed-leo": [
        5.923810812706364,
        5.924793027850309
    ],
    "multi-collateral-dai": [
        1.0001541775823066,
        1.000069113199768
    ],
    "ethereum-classic": [
        26.571766666494675,
        26.635876915691053,
        26.65296384300906
    ],
    "aptos": [
        8.578010001692396,
        8.558427376478734,
        8.550979148779293
    ],
    "render": [
        9.579226452774792,
        9.577419323933452,
        9.578840309483788
    ],
    "hedera": [
        0.09419848502053639,
        0.09409705590402814,
        0.09429775147455935
    ],
    "kaspa": [
        0.16543292726171718,
        0.16587895106471218,
        0.16726635836685447
    ],
    "dogwifhat": [
        2.840523580844697,
        2.8260738283126168,
        2.8371862420525393
    ],
    "cosmos": [
        8.105972872505113,
        8.092185611454271,
        8.089008766550869
    ],
    "immutable-x": [
        2.1112748495725326,
        2.1194391241499706,
        2.113883434794084
    ],
    "filecoin": [
        6.039252187982825,
        6.022163315200193,
        6.039516724587469
    ],
    "arbitrum": [
        0.9939963670263122,
        0.9919574191514982,
        0.9926525088988082
    ],
    "mantle": [
        0.9639007329713294,
        0.9612889806867345,
        0.9621404219153781
    ],
    "stellar": [
        0.10007340930007111,
        0.09998607150772056,
        0.10005635098517679
    ],
    "cronos": [
        0.11210176478165491,
        0.1122961325764408,
        0.11251547243406901
    ],
    "monero": [
        157.72012871516637,
        157.37494307995618,
        157.61192654071388
    ],
    "stacks": [
        2.1750073399252297,
        2.174917120973461,
        2.17927244979223
    ],
    "the-graph": [
        0.27355199673517705,
        0.2733565259619403,
        0.27347514942591605
    ],
    "bttc-bittorrent-chain": [
        1.12186131352617e-06,
        1.12007583337823e-06,
        1.12304768311347e-06
    ],
    "cheelee-cheelee": [
        20.785038685615067,
        20.814786093832527,
        20.80274412241494
    ],
    "VET": [
        0.0342648619606039,
        0.0341757644980644
    ],
    "STX": [
        1.96018090681332,
        1.94312681136669
    ],
    "FLR": [
        0.0280572218861115,
        0.0280389009629798
    ],
    "XMR": [
        155.295737980525,
        155.188147347795
    ],
    "SAGA": [
        2.827609212773917,
        2.81039661314113
    ],
    "AR": [
        43.18042703963509,
        42.9957677008812
    ],
    "ZETA": [
        1.11698886903034,
        1.1142736398709,
        1.12400151652205
    ],
    "BGB": [
        1.1906,
        1.1906,
        1.1906
    ],
    "FLOKI": [
        0.00026691,
        0.00026701,
        0.00025869
    ],
    "ENS": [
        22.0160849787059,
        21.9498879281279,
        21.9007695825013
    ],
    "PIXEL": [
        0.43807,
        0.43818,
        0.43772
    ],
    "FTM": [
        0.719894355313506,
        0.719263261009218,
        0.719494143696753
    ],
    "INJ": [
        25.8086457389147,
        25.7996455630143,
        25.9201593958232
    ],
    "MKR": [
        2594.894715936144,
        2596.414635467978,
        2594.250306521202
    ],
    "ARKM": [
        2.626743482716449,
        2.628414754078233,
        2.629537862114028
    ],
    "RUNE": [
        5.61901945940692,
        5.60450315958416,
        5.60399608564965
    ],
    "FET": [
        1.84009200282076,
        1.83286356149641,
        1.83078360308106
    ],
    "qnt-quant": [
        86.04869290123578,
        86.07378646245343,
        86.27191815141586
    ],
    "wld-worldcoin": [
        4.3782175968248795,
        4.398019484348548,
        4.409560417416635
    ],
    "akt-akash-network": [
        4.233750765802983,
        4.232255245181539,
        4.23707769280019
    ],
    "neo-neo": [
        14.173723271443443,
        14.16226590635901,
        14.15566550445171
    ],
    "egld-elrond": [
        36.33389155055416,
        36.36550555267998,
        36.358827378245515
    ],
    "ron-ronin-token": [
        2.9217413019744485,
        2.9156154472156466,
        2.9212720355067936
    ],
    "sand-the-sandbox": [
        0.43585567654397145,
        0.43662357902409443,
        0.4368638597348667
    ],
    "wbnb-wrapped-bnb": [
        683.3435036120303,
        682.6577385351244,
        682.5323401115123
    ],
    "rbn-ribbon-finance": [
        0.9885661800071454,
        0.9879724354960426,
        0.980782160787907
    ],
    "ordi-ordinals": [
        62.09291343912357,
        62.099473141626135,
        62.26669803898842
    ],
    "mina-mina-protocol": [
        0.8044190272767405,
        0.8042255999302459,
        0.802955352479462
    ],
    "kcs-kucoin-token": [
        10.325863834697186,
        10.334467111131131,
        10.332851425798424
    ],
    "pendle-pendle": [
        5.920309844791598,
        5.9140184541053245,
        5.911927372558721
    ],
    "xtz-tezos": [
        0.8742446366466935,
        0.8741070716404926,
        0.8734631251320698
    ],
    "sei-sei": [
        0.5059021389142083,
        0.507076554437191,
        0.5060718496472727
    ],
    "xec-ecash": [
        4.387446652682244e-05,
        4.352831381075903e-05,
        4.355604101208269e-05
    ],
    "msol-marinade-staked-sol": [
        194.68862245025556,
        194.0178145374967,
        194.0445745780646
    ],
    "cfx-conflux-network": [
        0.2272375731725614,
        0.2272375731725614,
        0.22709059873310986
    ],
    "matic-network": [
        0.667033,
        0.667033,
        0.666405
    ],
    "pepe": [
        1.285e-05,
        1.285e-05,
        1.281e-05
    ],
    "litecoin": [
        80.06,
        80.06,
        79.99
    ],
    "leo-token": [
        6.0,
        6.0,
        6.01
    ],
    "okb": [
        48.15368665108377,
        48.16685431750677,
        48.18893043386828
    ],
    "first-digital-usd": [
        1.0000873728148258,
        1.0004809560418115,
        1.0002510733091339
    ],
    "arweave": [
        38.955141830994734,
        39.03420116334369,
        38.97244452119353
    ],
    "optimism-ethereum": [
        2.249949288808623,
        2.2448656730284138,
        2.2481782604539253
    ],
    "bittensor": [
        389.9996895788778,
        390.90143022623255,
        390.5240200002581
    ],