{
    "bitcoin": [
        70967,
        71115,
        71115
    ],
    "ethereum": [
        3797.45,
        3807.77,
        3807.77
    ],
    "tether": [
        1.0,
        1.001,
        1.001
    ],
    "binancecoin": [
        704.95,
        706.24,
        706.24
    ],
    "solana": [
        173.66,
        174.08,
        174.08
    ],
    "staked-ether": [
        3797.63,
        3806.49,
        3806.49
    ],
    "usd-coin": [
        1.0,
        1.0,
        1.0
    ],
    "ripple": [
        0.526296,
        0.526845,
        0.526845
    ],
    "dogecoin": [
        0.162692,
        0.16377,
        0.16377
    ],
    "the-open-network": [
        7.38,
        7.36,
        7.36
    ],
    "cardano": [
        0.463076,
        0.464001,
        0.464001
    ],
    "shiba-inu": [
        2.567e-05,
        2.579e-05,
        2.579e-05
    ],
    "avalanche-2": [
        36.4,
        36.52,
        36.52
    ],
    "wrapped-bitcoin": [
        71040,
        71166,
        71166
    ],
    "chainlink": [
        18.01,
        18.05,
        18.05
    ],
    "tron": [
        0.114337,
        0.113966,
        0.113966
    ],
    "polkadot": [
        7.27,
        7.27,
        7.27
    ],
    "bitcoin-cash": [
        484.14,
        484.59,
        484.59
    ],
    "near": [
        7.61,
        7.69,
        7.69
    ],
    "uniswap": [
        11.25,
        11.27,
        11.27
    ],
    "internet-computer": [
        12.53,
        12.6,
        12.6
    ],
    "unus-sed-leo": [
        5.923810812706364,
        5.924793027850309
    ],
    "multi-collateral-dai": [
        1.0001541775823066,
        1.000069113199768
    ],
    "ethereum-classic": [
        28.245398257432665,
        28.209715278628575,
        28.280479846943802
    ],
    "aptos": [
        9.313433095371394,
        9.331536600098133,
        9.306939535781513
    ],
    "render": [
        10.664299987034918,
        10.68502731448906,
        10.685421056550775
    ],
    "hedera": [
        0.10347491581817818,
        0.10374172869638966,
        0.10366579093457462
    ],
    "kaspa": [
        0.17960426064817223,
        0.17957700812866775,
        0.179810710255697
    ],
    "dogwifhat": [
        3.4967869342746956,
        3.5184657580102985,
        3.518147213774767
    ],
    "cosmos": [
        8.573277439615927,
        8.578517028789829,
        8.57911485061885
    ],
    "immutable-x": [
        2.3100144735590327,
        2.314077640884801,
        2.315767212469927
    ],
    "filecoin": [
        6.027576021975524,
        6.041674080720323,
        6.03361276532347
    ],
    "arbitrum": [
        1.1201695719662363,
        1.1215267208855475,
        1.1205458161727384
    ],
    "mantle": [
        0.9699770488406635,
        0.9734800223146097,
        0.970650285008619
    ],
    "stellar": [
        0.10666498262226279,
        0.10671740173943857,
        0.10670487221970384
    ],
    "cronos": [
        0.1130590928775406,
        0.1132315355501026,
        0.11334512283334985
    ],
    "monero": [
        160.94491893444683,
        161.0750568151007,
        160.85690495416898
    ],
    "stacks": [
        2.247442916876729,
        2.259432589397456,
        2.2585059476955207
    ],
    "the-graph": [
        0.3008704106292968,
        0.30175546085010857,
        0.3019025861135742
    ],
    "bttc-bittorrent-chain": [
        1.16416103804301e-06,
        1.1636391953674e-06,
        1.16419659459711e-06
    ],
    "cheelee-cheelee": [
        20.876685809739786,
        20.920380533164455,
        20.938187058636842
    ],
    "VET": [
        0.0342648619606039,
        0.0341757644980644
    ],
    "STX": [
        1.96018090681332,
        1.94312681136669
    ],
    "FLR": [
        0.0280572218861115,
        0.0280389009629798
    ],
    "XMR": [
        155.295737980525,
        155.188147347795
    ],
    "SAGA": [
        2.827609212773917,
        2.81039661314113
    ],
    "AR": [
        43.18042703963509,
        42.9957677008812
    ],
    "ZETA": [
        1.34315063641458,
        1.33600332024875
    ],
    "BGB": [
        1.3705,
        1.3705
    ],
    "FLOKI": [
        0.00026691,
        0.00026701,
        0.00025869
    ],
    "ENS": [
        25.1401044027067,
        25.1599792137823,
        25.1086649509154
    ],
    "PIXEL": [
        0.49135,
        0.4951456602661644,
        0.49267
    ],
    "FTM": [
        0.81494311061099,
        0.810825200275531,
        0.810846650526059
    ],
    "INJ": [
        25.8086457389147,
        25.7996455630143,
        25.9201593958232
    ],
    "MKR": [
        2655.69223081047,
        2659.57047340389,
        2654.76861700887
    ],
    "ARKM": [
        2.4701,
        2.4832,
        2.4884
    ],
    "RUNE": [
        6.30174193376398,
        6.25681918759905,
        6.30179725641171
    ],
    "FET": [
        2.18835292491925,
        2.19394914551587,
        2.19663617661813
    ],
    "qnt-quant": [
        90.7961201651646,
        90.80206998069762,
        90.54971352917892
    ],
    "wld-worldcoin": [
        4.857797800961132,
        4.860585390219123,
        4.890506537626841
    ],
    "akt-akash-network": [
        4.478855302776022,
        4.471472280153334,
        4.482440824810166
    ],
    "neo-neo": [
        15.212881105733716,
        15.184181068929771,
        15.205829082614862
    ],
    "egld-elrond": [
        39.56895758365697,
        39.69434929451556,
        39.803962832858154
    ],
    "ron-ronin-token": [
        3.1053916453464168,
        3.1028887326446934,
        3.117059441090663
    ],
    "sand-the-sandbox": [
        0.46686068036978773,
        0.4687001997953596,
        0.468350198716583
    ],
    "wbnb-wrapped-bnb": [
        705.4956168029615,
        704.1501187534485,
        704.8590592179763
    ],
    "rbn-ribbon-finance": [
        0.9885661800071454,
        0.9879724354960426,
        0.980782160787907
    ],
    "ordi-ordinals": [
        56.35602921178112,
        56.34270036553409,
        56.32904156593612
    ],
    "mina-mina-protocol": [
        0.8587003616071108,
        0.8626278237035324,
        0.8630213896719309
    ],
    "kcs-kucoin-token": [
        10.129889780422872,
        10.12987147074384,
        10.125976619201712
    ],
    "pendle-pendle": [
        6.146247581291959,
        6.157737488778017,
        6.151336601209198
    ],
    "xtz-tezos": [
        0.9542108726826151,
        0.9541614508808968,
        0.9532505280455721
    ],
    "sei-sei": [
        0.5243112522387393,
        0.5259459825219275,
        0.527740351954669
    ],
    "xec-ecash": [
        4.74782905984697e-05,
        4.748126367519744e-05,
        4.749715471786701e-05
    ],
    "msol-marinade-staked-sol": [
        206.72372883613613,
        206.94114131079223,
        206.94653700123877
    ],
    "cfx-conflux-network": [
        0.2212985412578897,
        0.2216218147611572,
        0.2294484355944873
    ],
    "matic-network": [
        0.720978,
        0.720618,
        0.720618
    ],
    "pepe": [
        1.453e-05,
        1.456e-05,
        1.456e-05
    ],
    "litecoin": [
        83.95,
        84.08,
        84.08
    ],
    "leo-token": [
        5.95,
        5.94,
        5.94
    ],
    "okb": [
        49.3129460808954,
        49.377557902580236,
        49.46713353805125
    ],
    "first-digital-usd": [
        1.0001949687485232,
        0.9997432202229095,
        1.0000111912389558
    ],
    "arweave": [
        45.80491240529049,
        45.7676510039232,
        45.78317185068769
    ],
    "optimism-ethereum": [
        2.5147064643868458,
        2.5198287395187826,
        2.5168920563196564
    ],
    "bittensor": [
        404.65934277212443,
        405.61207629186634,
        403.80998768820115
    ],