{
    "bitcoin": [
        71154,
        71154,
        71168
    ],
    "ethereum": [
        3873.26,
        3873.26,
        3872.0
    ],
    "tether": [
        1.0,
        1.0,
        1.0
    ],
    "binancecoin": [
        698.3,
        698.3,
        698.59
    ],
    "solana": [
        174.07,
        174.07,
        174.1
    ],
    "staked-ether": [
        3870.98,
        3870.98,
        3869.29
    ],
    "usd-coin": [
        1.0,
        1.0,
        1.0
    ],
    "ripple": [
        0.526822,
        0.526822,
        0.526819
    ],
    "dogecoin": [
        0.163196,
        0.163196,
        0.163063
    ],
    "the-open-network": [
        7.13,
        7.13,
        7.15
    ],
    "cardano": [
        0.461143,
        0.461143,
        0.460842
    ],
    "shiba-inu": [
        2.586e-05,
        2.586e-05,
        2.604e-05
    ],
    "avalanche-2": [
        36.53,
        36.53,
        36.52
    ],
    "wrapped-bitcoin": [
        71376,
        71376,
        71314
    ],
    "chainlink": [
        17.73,
        17.73,
        17.74
    ],
    "tron": [
        0.114133,
        0.114133,
        0.11418
    ],
    "polkadot": [
        7.25,
        7.25,
        7.26
    ],
    "bitcoin-cash": [
        500.65,
        500.65,
        500.27
    ],
    "near": [
        7.63,
        7.63,
        7.61
    ],
    "uniswap": [
        11.21,
        11.21,
        11.18
    ],
    "internet-computer": [
        12.28,
        12.28,
        12.29
    ],
    "unus-sed-leo": [
        5.923810812706364,
        5.924793027850309
    ],
    "multi-collateral-dai": [
        1.0001541775823066,
        1.000069113199768
    ],
    "ethereum-classic": [
        29.59241834823406,
        29.590961501851606,
        29.716644817092764
    ],
    "aptos": [
        9.267359414879827,
        9.260556466538663,
        9.266729483476892
    ],
    "render": [
        10.851507547196714,
        10.87456839460522,
        10.856111571337312
    ],
    "hedera": [
        0.10489358087068337,
        0.10475889889152622,
        0.10485066536679469
    ],
    "kaspa": [
        0.18061969450684678,
        0.18091577422996027,
        0.18152125011980572
    ],
    "dogwifhat": [
        3.445394947410833,
        3.4293158172615406,
        3.4295369803401385
    ],
    "cosmos": [
        8.671122641554826,
        8.68047942341179,
        8.680782798926902
    ],
    "immutable-x": [
        2.284198770680601,
        2.281764721208625,
        2.2830004826359227
    ],
    "filecoin": [
        6.03533751422063,
        6.02833936238127,
        6.032402377078681
    ],
    "arbitrum": [
        1.1228214924327917,
        1.1215178202808156,
        1.1216715099890522
    ],
    "mantle": [
        1.0486449751762021,
        1.048420067324263,
        1.0482214527651514
    ],
    "stellar": [
        0.10683842585025816,
        0.10675744109080748,
        0.10675770291498267
    ],
    "cronos": [
        0.1182895964109703,
        0.11829522142510915,
        0.11837388390910344
    ],
    "monero": [
        163.8475105200483,
        163.7171320263588,
        163.67321187105364
    ],
    "stacks": [
        2.4325219553957,
        2.4074505366037426,
        2.401340467046396
    ],
    "the-graph": [
        0.3041868000953717,
        0.303812764181209,
        0.30372647856374213
    ],
    "bttc-bittorrent-chain": [
        1.18352217883719e-06,
        1.18507384774303e-06,
        1.18528874388389e-06
    ],
    "cheelee-cheelee": [
        21.15065701168482,
        21.163545331820405,
        21.16033489877348
    ],
    "VET": [
        0.0342648619606039,
        0.0341757644980644
    ],
    "STX": [
        1.96018090681332,
        1.94312681136669
    ],
    "FLR": [
        0.0280572218861115,
        0.0280389009629798
    ],
    "XMR": [
        155.295737980525,
        155.188147347795
    ],
    "SAGA": [
        2.827609212773917,
        2.81039661314113
    ],
    "AR": [
        43.18042703963509,
        42.9957677008812
    ],
    "ZETA": [
        1.34315063641458,
        1.33600332024875
    ],
    "BGB": [
        1.3705,
        1.3705,
        1.3169
    ],
    "FLOKI": [
        0.00026691,
        0.00026701,
        0.00025869
    ],
    "ENS": [
        25.4591445109301,
        25.4295067281715,
        25.3901888595366
    ],
    "PIXEL": [
        0.51237,
        0.51055,
        0.50983
    ],
    "FTM": [
        0.81494311061099,
        0.810825200275531,
        0.810846650526059
    ],
    "INJ": [
        25.8086457389147,
        25.7996455630143,
        25.9201593958232
    ],
    "MKR": [
        2678.60835986045,
        2679.19881558213,
        2678.61942081851
    ],
    "ARKM": [
        2.4701,
        2.4832,
        2.4884
    ],
    "RUNE": [
        6.25124582868127,
        6.24743389290245,
        6.22820740917029
    ],
    "FET": [
        2.15970559029817,
        2.15899833694218,
        2.1643191338377
    ],
    "qnt-quant": [
        91.03007717351149,
        90.99964288035297,
        90.88561342208597
    ],
    "wld-worldcoin": [
        4.926457005991243,
        4.929420550319874,
        4.931811596840114
    ],
    "akt-akash-network": [
        4.69899799600398,
        4.676176701759398,
        4.6708752042116854
    ],
    "neo-neo": [
        15.29312615654293,
        15.26208032461948,
        15.24556523548171
    ],
    "egld-elrond": [
        40.12448760762402,
        40.09222745431599,
        40.10210278071941
    ],
    "ron-ronin-token": [
        3.179226316219507,
        3.178914703112745,
        3.1834941756766133
    ],
    "sand-the-sandbox": [
        0.47033042189836544,
        0.4705125139188677,
        0.46996064906773316
    ],
    "wbnb-wrapped-bnb": [
        698.835661035788,
        698.2522301489552,
        699.4688385310968
    ],
    "rbn-ribbon-finance": [
        0.9885661800071454,
        0.9879724354960426,
        0.980782160787907
    ],
    "ordi-ordinals": [
        58.051354972918034,
        57.76868323546976,
        57.63667557535089
    ],
    "mina-mina-protocol": [
        0.8745718125615604,
        0.8734790502407099,
        0.8741430844604664
    ],
    "kcs-kucoin-token": [
        10.216701594617076,
        10.214967745053487,
        10.218706500038387
    ],
    "pendle-pendle": [
        6.268220388016371,
        6.299797386620656,
        6.311164124689489
    ],
    "xtz-tezos": [
        0.9543967502935536,
        0.9530000087028181,
        0.9531834302249522
    ],
    "sei-sei": [
        0.5324058045755633,
        0.5313819661909507,
        0.5323095664423196
    ],
    "xec-ecash": [
        4.76331356235358e-05,
        4.745487010697056e-05,
        4.759825022032561e-05
    ],
    "msol-marinade-staked-sol": [
        207.55714496578625,
        207.41244265980183,
        207.22781520715424
    ],
    "cfx-conflux-network": [
        0.2212985412578897,
        0.2216218147611572,
        0.2294484355944873
    ],
    "matic-network": [
        0.725638,
        0.725638,
        0.724791
    ],
    "pepe": [
        1.491e-05,
        1.491e-05,
        1.484e-05
    ],
    "litecoin": [
        84.95,
        84.95,
        85.04
    ],
    "leo-token": [
        6.03,
        6.03,
        6.03
    ],
    "okb": [
        48.86212057143289,
        48.895859764094006,
        48.91049759379245
    ],
    "first-digital-usd": [
        1.0000197926477548,
        0.9998365099369871,
        1.0000973209595985
    ],
    "arweave": [
        43.67686731767919,
        43.733536934066144,
        43.81447293368878
    ],
    "optimism-ethereum": [
        2.5276300783039827,
        2.521793170150072,
        2.520949745700477
    ],
    "bittensor": [
        418.79313011434186,
        417.6461850504889,
        418.6305370062901
    ],