{
    "bitcoin": [
        69201,
        69201,
        69465
    ],
    "ethereum": [
        3785.73,
        3785.73,
        3788.47
    ],
    "tether": [
        0.999724,
        0.999724,
        0.999475
    ],
    "binancecoin": [
        628.19,
        628.19,
        626.37
    ],
    "solana": [
        164.85,
        164.85,
        164.61
    ],
    "staked-ether": [
        3786.98,
        3786.98,
        3783.8
    ],
    "usd-coin": [
        0.999929,
        0.999929,
        1.0
    ],
    "ripple": [
        0.520528,
        0.520528,
        0.521604
    ],
    "dogecoin": [
        0.160983,
        0.160983,
        0.161112
    ],
    "the-open-network": [
        6.65,
        6.65,
        6.63
    ],
    "cardano": [
        0.451921,
        0.451921,
        0.452417
    ],
    "shiba-inu": [
        2.483e-05,
        2.483e-05,
        2.481e-05
    ],
    "avalanche-2": [
        35.58,
        35.58,
        35.49
    ],
    "wrapped-bitcoin": [
        69202,
        69202,
        69432
    ],
    "chainlink": [
        17.94,
        17.94,
        17.91
    ],
    "tron": [
        0.113305,
        0.113305,
        0.113305
    ],
    "polkadot": [
        7.12,
        7.12,
        7.12
    ],
    "bitcoin-cash": [
        468.47,
        468.47,
        468.97
    ],
    "near": [
        7.32,
        7.32,
        7.31
    ],
    "uniswap": [
        9.64,
        9.64,
        9.64
    ],
    "internet-computer": [
        12.06,
        12.06,
        12.05
    ],
    "unus-sed-leo": [
        5.923810812706364,
        5.924793027850309
    ],
    "multi-collateral-dai": [
        1.0001541775823066,
        1.000069113199768
    ],
    "ethereum-classic": [
        29.24604814725347,
        29.20352121967086
    ],
    "aptos": [
        9.032858502858664,
        9.033822713470185,
        9.017775837209307
    ],
    "render": [
        10.018819504712582,
        10.017035828264781,
        9.98995241752941
    ],
    "hedera": [
        0.10238552169502614,
        0.10241726113024897,
        0.10249935115649518
    ],
    "kaspa": [
        0.15108430392735192,
        0.15127927609939892,
        0.15093487679208142
    ],
    "dogwifhat": [
        3.3595331343292143,
        3.3532074206757354,
        3.3316509025483056
    ],
    "cosmos": [
        8.439718775099145,
        8.43330642090826,
        8.41876089537674
    ],
    "immutable-x": [
        2.243461388728579,
        2.243725204132046,
        2.2407693591894247
    ],
    "filecoin": [
        5.832150682798367,
        5.829122213924757,
        5.811159811394136
    ],
    "arbitrum": [
        1.1247635183250575,
        1.1246521965262057,
        1.123959246801566
    ],
    "mantle": [
        0.9692789990820628,
        0.9685345394323851,
        0.9694887583361977
    ],
    "stellar": [
        0.10646175208356168,
        0.10649995409226157,
        0.10648380604696431
    ],
    "cronos": [
        0.11079927576526487,
        0.1109493373850667,
        0.11098063171939794
    ],
    "monero": [
        153.01712728092193,
        153.1364676151786,
        153.3845650535924
    ],
    "stacks": [
        1.9408429645980214,
        1.9484008642006583,
        1.9397458482101158
    ],
    "the-graph": [
        0.30043573310328925,
        0.3006619762891931,
        0.30091786859598924
    ],
    "bttc-bittorrent-chain": [
        1.15285807606638e-06,
        1.15336018246897e-06,
        1.15721985040999e-06
    ],
    "cheelee-cheelee": [
        20.393075214208928,
        20.41457655050159,
        20.521817069774052
    ],
    "VET": [
        0.0342648619606039,
        0.0341757644980644
    ],
    "STX": [
        1.96018090681332,
        1.94312681136669
    ],
    "FLR": [
        0.0280572218861115,
        0.0280389009629798
    ],
    "XMR": [
        155.295737980525,
        155.188147347795
    ],
    "SAGA": [
        2.827609212773917,
        2.81039661314113
    ],
    "AR": [
        43.18042703963509,
        42.9957677008812
    ],
    "ZETA": [
        1.34315063641458,
        1.33600332024875
    ],
    "BGB": [
        1.3705,
        1.3705
    ],
    "FLOKI": [
        0.00027295,
        0.00027004
    ],
    "ENS": [
        26.3575212769899,
        25.9827673016465
    ],
    "PIXEL": [
        0.5048456534680248,
        0.5075035299704171,
        0.5091358288893804
    ],
    "FTM": [
        0.81494311061099,
        0.810825200275531,
        0.810846650526059
    ],
    "INJ": [
        25.5377857730697,
        25.4948089189,
        25.7628291130794
    ],
    "MKR": [
        2600.0613140327,
        2601.38572224432,
        2596.41879314381
    ],
    "ARKM": [
        2.4877,
        2.4883,
        2.4846
    ],
    "RUNE": [
        6.01039316551537,
        6.01404734925799,
        6.01890184299621
    ],
    "FET": [
        2.17314265168235,
        2.17550145100355,
        2.15952183332793
    ],
    "qnt-quant": [
        91.41354604327654,
        91.4892827265652,
        91.14489774426146
    ],
    "wld-worldcoin": [
        4.750758954413753,
        4.745415677416339,
        4.738266848624191
    ],
    "akt-akash-network": [
        4.458256060361475,
        4.463845540338181,
        4.472978608550964
    ],
    "neo-neo": [
        14.886258289340077,
        14.922176616365073,
        14.892996362719032
    ],
    "egld-elrond": [
        38.848903685980936,
        38.88433190252193,
        38.932280117763725
    ],
    "ron-ronin-token": [
        3.1742504292852227,
        3.187604854454134,
        3.2490077523745535
    ],
    "sand-the-sandbox": [
        0.45898343770064276,
        0.4599266485384749,
        0.45941354681771185
    ],
    "wbnb-wrapped-bnb": [
        628.202048590263,
        627.7895597508945,
        627.4298403290895
    ],
    "rbn-ribbon-finance": [
        0.9876567355311273,
        0.9877849877575028,
        0.9879647129968926
    ],
    "ordi-ordinals": [
        47.92067403012095,
        47.8570033656988,
        48.18621507880629
    ],
    "mina-mina-protocol": [
        0.8769825655937589,
        0.8755216714790028,
        0.8787470641809164
    ],
    "kcs-kucoin-token": [
        10.113525500878461,
        10.120376139050423,
        10.11319050562473
    ],
    "pendle-pendle": [
        6.149334459603292,
        6.149072333305383,
        6.12849609296875
    ],
    "xtz-tezos": [
        0.9424567198364481,
        0.945509441828073,
        0.9419806730234773
    ],
    "sei-sei": [
        0.5108776184482766,
        0.5110462125946487,
        0.5112896093022204
    ],
    "xec-ecash": [
        4.683370624830457e-05,
        4.687718687307006e-05,
        4.688847336361106e-05
    ],
    "msol-marinade-staked-sol": [
        196.08034159296434,
        196.59128672292456,
        195.815560173591
    ],
    "cfx-conflux-network": [
        0.22098230801235635,
        0.22084824939170408,
        0.22071812731179896
    ],
    "matic-network": [
        0.705464,
        0.705464,
        0.703902
    ],
    "pepe": [
        1.504e-05,
        1.504e-05,
        1.505e-05
    ],
    "litecoin": [
        83.22,
        83.22,
        83.18
    ],
    "leo-token": [
        5.95,
        5.95,
        5.95
    ],
    "okb": [
        46.81111844684951,
        46.82300394147066,
        46.766048083447686
    ],
    "first-digital-usd": [
        0.9999790127884668,
        0.9995321790188909,
        0.9999035900771692
    ],
    "arweave": [
        43.030790325676385,
        43.018101394040244,
        42.9692222691319
    ],
    "optimism-ethereum": [
        2.441314062604324,
        2.4381498909195507,
        2.4296172818930297
    ],
    "bittensor": [
        384.603482938315,
        383.28587567863815,
        386.8699247740978
    ],
    "floki-inu": [
        0.00027307651818443614,
        0.00027486418252465494,
        0.00027338069592142535
    ],