{
    "bitcoin": [
        69348,
        69348,
        69400
    ],
    "ethereum": [
        3687.04,
        3687.04,
        3691.57
    ],
    "tether": [
        0.999447,
        0.999447,
        0.999527
    ],
    "binancecoin": [
        684.37,
        684.37,
        684.49
    ],
    "solana": [
        162.67,
        162.67,
        162.91
    ],
    "staked-ether": [
        3682.43,
        3682.43,
        3689.12
    ],
    "usd-coin": [
        1.0,
        1.0,
        0.999759
    ],
    "ripple": [
        0.499562,
        0.499562,
        0.500031
    ],
    "dogecoin": [
        0.14852,
        0.14852,
        0.148508
    ],
    "the-open-network": [
        7.25,
        7.25,
        7.27
    ],
    "cardano": [
        0.450675,
        0.450675,
        0.450333
    ],
    "shiba-inu": [
        2.375e-05,
        2.375e-05,
        2.374e-05
    ],
    "avalanche-2": [
        33.62,
        33.62,
        33.6
    ],
    "wrapped-bitcoin": [
        69342,
        69342,
        69438
    ],
    "chainlink": [
        16.31,
        16.31,
        16.33
    ],
    "tron": [
        0.112627,
        0.112627,
        0.112658
    ],
    "polkadot": [
        6.65,
        6.65,
        6.65
    ],
    "bitcoin-cash": [
        481.53,
        481.53,
        480.64
    ],
    "near": [
        6.84,
        6.84,
        6.85
    ],
    "uniswap": [
        9.82,
        9.82,
        9.8
    ],
    "internet-computer": [
        11.54,
        11.55,
        11.55
    ],
    "unus-sed-leo": [
        5.923810812706364,
        5.924793027850309
    ],
    "multi-collateral-dai": [
        1.0001541775823066,
        1.000069113199768
    ],
    "ethereum-classic": [
        26.571766666494675,
        26.635876915691053,
        26.65296384300906
    ],
    "aptos": [
        8.607273042998278,
        8.609539437512227,
        8.607479967116511
    ],
    "render": [
        9.575672155881971,
        9.585177143288139,
        9.593180777739445
    ],
    "hedera": [
        0.09470104647115037,
        0.09470801341430465,
        0.094378853649086
    ],
    "kaspa": [
        0.16406001076864887,
        0.163957610617912,
        0.16389441098743895
    ],
    "dogwifhat": [
        2.8491621975073227,
        2.8483437272947665,
        2.8530949969563806
    ],
    "cosmos": [
        8.098873492381731,
        8.104249997899872,
        8.100717603705538
    ],
    "immutable-x": [
        2.1176124634136695,
        2.1146252921118784,
        2.110744983317123
    ],
    "filecoin": [
        6.082116917602934,
        6.086359573187377,
        6.122897401667722
    ],
    "arbitrum": [
        0.9971450403571402,
        0.9967324036532333,
        0.9973894458811415
    ],
    "mantle": [
        0.959003840625946,
        0.9597088995235058,
        0.9613278975877615
    ],
    "stellar": [
        0.10031127383757014,
        0.10040661768138834,
        0.10040460697670332
    ],
    "cronos": [
        0.11344209378150602,
        0.11343803964504208,
        0.11365802617048269
    ],
    "monero": [
        157.8590162662019,
        156.25082169889313,
        155.3794737571102
    ],
    "stacks": [
        2.1749861816575478,
        2.174453713796023,
        2.171662502749734
    ],
    "the-graph": [
        0.27459745437836247,
        0.27447374843168654,
        0.2747154929397719
    ],
    "bttc-bittorrent-chain": [
        1.12391636353853e-06,
        1.12320740972714e-06,
        1.12303777714588e-06
    ],
    "cheelee-cheelee": [
        20.806172560449752,
        20.815273768600278,
        20.77282433381288
    ],
    "VET": [
        0.0342648619606039,
        0.0341757644980644
    ],
    "STX": [
        1.96018090681332,
        1.94312681136669
    ],
    "FLR": [
        0.0280572218861115,
        0.0280389009629798
    ],
    "XMR": [
        155.295737980525,
        155.188147347795
    ],
    "SAGA": [
        2.827609212773917,
        2.81039661314113
    ],
    "AR": [
        43.18042703963509,
        42.9957677008812
    ],
    "ZETA": [
        1.11698886903034,
        1.1142736398709,
        1.12400151652205
    ],
    "BGB": [
        1.1906,
        1.1906,
        1.1906
    ],
    "FLOKI": [
        0.00026691,
        0.00026701,
        0.00025869
    ],
    "ENS": [
        21.9701446508004,
        21.9801634962946,
        21.9416125995909
    ],
    "PIXEL": [
        0.44125,
        0.44176,
        0.44361
    ],
    "FTM": [
        0.725419429762729,
        0.725443228854756,
        0.723121254701487
    ],
    "INJ": [
        25.8086457389147,
        25.7996455630143,
        25.9201593958232
    ],
    "MKR": [
        2594.894715936144,
        2596.414635467978,
        2594.250306521202
    ],
    "ARKM": [
        2.626743482716449,
        2.628414754078233,
        2.629537862114028
    ],
    "RUNE": [
        5.60399608564965,
        5.59703337395947,
        5.59270052666441
    ],
    "FET": [
        1.83497942363942,
        1.8371477551941,
        1.83652034778913
    ],
    "qnt-quant": [
        85.91828182138653,
        85.93830571494684,
        85.98941628703447
    ],
    "wld-worldcoin": [
        4.433062432245207,
        4.422517895808544,
        4.403924089779715
    ],
    "akt-akash-network": [
        4.244888363166169,
        4.245391323193521,
        4.242694131398781
    ],
    "neo-neo": [
        14.180153066506662,
        14.178566622006972,
        14.174368976698055
    ],
    "egld-elrond": [
        36.378328037263614,
        36.38007808655917,
        36.311024522053124
    ],
    "ron-ronin-token": [
        2.938128084075602,
        2.937442629114284,
        2.9350242850869983
    ],
    "sand-the-sandbox": [
        0.4370368140466919,
        0.437837512872282,
        0.43797653686792193
    ],
    "wbnb-wrapped-bnb": [
        683.5111152389067,
        683.979087733304,
        684.4115678769282
    ],
    "rbn-ribbon-finance": [
        0.9885661800071454,
        0.9879724354960426,
        0.980782160787907
    ],
    "ordi-ordinals": [
        62.09291343912357,
        62.099473141626135,
        62.26669803898842
    ],
    "mina-mina-protocol": [
        0.8060736331112377,
        0.8099491141607353,
        0.8077287972638906
    ],
    "kcs-kucoin-token": [
        10.351848421251479,
        10.361801881469365,
        10.359233871631412
    ],
    "pendle-pendle": [
        5.920309844791598,
        5.9140184541053245,
        5.911927372558721
    ],
    "xtz-tezos": [
        0.8723716095693262,
        0.8731284353908273,
        0.8738087182067751
    ],
    "sei-sei": [
        0.5220841874499932,
        0.5252519597207641,
        0.5249784352627973
    ],
    "xec-ecash": [
        4.34668583757443e-05,
        4.34866932037403e-05,
        4.339714128867326e-05
    ],
    "msol-marinade-staked-sol": [
        192.95676198316804,
        193.13809766106783,
        194.74995405940555
    ],
    "cfx-conflux-network": [
        0.2272375731725614,
        0.2272375731725614,
        0.22709059873310986
    ],
    "matic-network": [
        0.667407,
        0.667407,
        0.667052
    ],
    "pepe": [
        1.285e-05,
        1.285e-05,
        1.286e-05
    ],
    "litecoin": [
        80.09,
        80.09,
        80.2
    ],
    "leo-token": [
        6.01,
        6.01,
        6.01
    ],
    "okb": [
        48.069792471250956,
        48.077904533471944,
        48.17353578593717
    ],
    "first-digital-usd": [
        1.0002324963523574,
        1.0005118791146483,
        1.0004421167946786
    ],
    "arweave": [
        38.836716285221534,
        38.90811181748323,
        38.96935795027527
    ],
    "optimism-ethereum": [
        2.2644284742475125,
        2.266464491060551,
        2.2682223419258865
    ],
    "bittensor": [
        388.88239733366504,
        389.6296841637124,
        389.24130866847514
    ],