{
    "bitcoin": [
        68819,
        68819,
        68920
    ],
    "ethereum": [
        3758.37,
        3758.37,
        3762.29
    ],
    "tether": [
        0.999493,
        0.999493,
        0.999965
    ],
    "binancecoin": [
        645.16,
        645.16,
        646.14
    ],
    "solana": [
        165.12,
        165.12,
        165.34
    ],
    "staked-ether": [
        3757.96,
        3757.96,
        3761.28
    ],
    "usd-coin": [
        0.999232,
        0.999232,
        1.0
    ],
    "ripple": [
        0.521568,
        0.521568,
        0.522602
    ],
    "dogecoin": [
        0.158015,
        0.158015,
        0.15819
    ],
    "the-open-network": [
        6.89,
        6.89,
        6.9
    ],
    "cardano": [
        0.455016,
        0.455016,
        0.455853
    ],
    "shiba-inu": [
        2.384e-05,
        2.384e-05,
        2.382e-05
    ],
    "avalanche-2": [
        34.72,
        34.72,
        34.8
    ],
    "wrapped-bitcoin": [
        68898,
        68898,
        68933
    ],
    "chainlink": [
        17.61,
        17.61,
        17.63
    ],
    "tron": [
        0.113525,
        0.113525,
        0.113672
    ],
    "polkadot": [
        6.99,
        6.99,
        7.0
    ],
    "bitcoin-cash": [
        465.62,
        465.62,
        466.95
    ],
    "near": [
        7.09,
        7.09,
        7.12
    ],
    "uniswap": [
        9.52,
        9.52,
        9.54
    ],
    "internet-computer": [
        12.14,
        12.14,
        12.19
    ],
    "unus-sed-leo": [
        5.923810812706364,
        5.924793027850309
    ],
    "multi-collateral-dai": [
        1.0001541775823066,
        1.000069113199768
    ],
    "ethereum-classic": [
        28.245398257432665,
        28.209715278628575,
        28.280479846943802
    ],
    "aptos": [
        8.785962243999233,
        8.781706835507647,
        8.790876065167922
    ],
    "render": [
        10.138302372341945,
        10.171383126296531,
        10.199749959169981
    ],
    "hedera": [
        0.10034102441496218,
        0.10037046898182994,
        0.10039787367584806
    ],
    "kaspa": [
        0.17335500245062002,
        0.1721449272310519,
        0.17207893688756745
    ],
    "dogwifhat": [
        3.2106200702575847,
        3.211766053068259,
        3.2103830431141662
    ],
    "cosmos": [
        8.340049429892924,
        8.343075817100404,
        8.346353057288406
    ],
    "immutable-x": [
        2.2466485950909334,
        2.250390589836383,
        2.256962746246181
    ],
    "filecoin": [
        5.755056811562116,
        5.754229394464861,
        5.763375462048388
    ],
    "arbitrum": [
        1.0747164186270728,
        1.077036091149268,
        1.0791721457992138
    ],
    "mantle": [
        0.954050993511373,
        0.9563154960691034,
        0.9562215883734569
    ],
    "stellar": [
        0.10481343849459683,
        0.10480476944993321,
        0.1049076316015001
    ],
    "cronos": [
        0.10695384261784438,
        0.10697193012806912,
        0.10685766573673336
    ],
    "monero": [
        155.06024337806952,
        154.9051519283242,
        154.99558450518524
    ],
    "stacks": [
        1.966623022413948,
        1.9657065276604275,
        1.9679570916049702
    ],
    "the-graph": [
        0.29411229070301453,
        0.29413657228937534,
        0.29475228749274973
    ],
    "bttc-bittorrent-chain": [
        1.13603055464106e-06,
        1.13272053244538e-06,
        1.13542603271592e-06
    ],
    "cheelee-cheelee": [
        20.36920745772615,
        20.38853575602991,
        20.41649044127461
    ],
    "VET": [
        0.0342648619606039,
        0.0341757644980644
    ],
    "STX": [
        1.96018090681332,
        1.94312681136669
    ],
    "FLR": [
        0.0280572218861115,
        0.0280389009629798
    ],
    "XMR": [
        155.295737980525,
        155.188147347795
    ],
    "SAGA": [
        2.827609212773917,
        2.81039661314113
    ],
    "AR": [
        43.18042703963509,
        42.9957677008812
    ],
    "ZETA": [
        1.34315063641458,
        1.33600332024875
    ],
    "BGB": [
        1.3705,
        1.3705
    ],
    "FLOKI": [
        0.00026691,
        0.00026701,
        0.00025869
    ],
    "ENS": [
        25.0082199433542,
        24.8623304296531,
        24.9404877610928
    ],
    "PIXEL": [
        0.49428,
        0.49598,
        0.49411
    ],
    "FTM": [
        0.81494311061099,
        0.810825200275531,
        0.810846650526059
    ],
    "INJ": [
        24.3578519455713,
        24.462944233804,
        24.4987186056342
    ],
    "MKR": [
        2565.97797413587,
        2566.42637836626,
        2563.49943562424
    ],
    "ARKM": [
        2.4701,
        2.4832,
        2.4884
    ],
    "RUNE": [
        6.05244118955545,
        6.05343901608717,
        6.06121632428645
    ],
    "FET": [
        2.09171844833915,
        2.09878432724091,
        2.10146893808184
    ],
    "qnt-quant": [
        90.40891340430443,
        90.31213799897066,
        90.25150957893233
    ],
    "wld-worldcoin": [
        4.712393270681368,
        4.722492862709296,
        4.721309940339221
    ],
    "akt-akash-network": [
        4.305886098423181,
        4.309555193738769,
        4.311731685133924
    ],
    "neo-neo": [
        14.697696918176057,
        14.71475183236144,
        14.746280232720412
    ],
    "egld-elrond": [
        38.856761411447664,
        38.904970781041975,
        38.9492864714849
    ],
    "ron-ronin-token": [
        3.1006470196536,
        3.1000018158619698,
        3.10781534687575
    ],
    "sand-the-sandbox": [
        0.4490618459388495,
        0.4497095365761502,
        0.4502129565424987
    ],
    "wbnb-wrapped-bnb": [
        642.8352562144005,
        643.6061609000217,
        645.2722150423606
    ],
    "rbn-ribbon-finance": [
        0.9885661800071454,
        0.9879724354960426,
        0.980782160787907
    ],
    "ordi-ordinals": [
        48.874632281148635,
        48.887042915747216,
        48.51982053169907
    ],
    "mina-mina-protocol": [
        0.8387096858662224,
        0.8400043998067139,
        0.8396825575157779
    ],
    "kcs-kucoin-token": [
        10.04174443142851,
        10.042614415891931,
        10.045950017689494
    ],
    "pendle-pendle": [
        6.0953694002693695,
        6.088975978888103,
        6.088403114291634
    ],
    "xtz-tezos": [
        0.9278201552147043,
        0.9270077745069004,
        0.9297283908336232
    ],
    "sei-sei": [
        0.5010935047059017,
        0.5010247396416436,
        0.5016345653527249
    ],
    "xec-ecash": [
        4.549197851318091e-05,
        4.547508054936488e-05,
        4.553027088768473e-05
    ],
    "msol-marinade-staked-sol": [
        197.01212344502062,
        196.905841285069,
        197.05240164296993
    ],
    "cfx-conflux-network": [
        0.21600766123176435,
        0.21630988698392792,
        0.21613162010731912
    ],
    "matic-network": [
        0.701862,
        0.701862,
        0.703318
    ],
    "pepe": [
        1.433e-05,
        1.433e-05,
        1.434e-05
    ],
    "litecoin": [
        81.65,
        81.65,
        81.78
    ],
    "leo-token": [
        6.02,
        6.02,
        6.02
    ],
    "okb": [
        47.29955695014421,
        47.22318760825211,
        47.237761955628116
    ],
    "first-digital-usd": [
        0.9998266111931284,
        0.9999439602522023,
        1.0000037584135433
    ],
    "arweave": [
        44.905671054581525,
        44.886506354596264,
        45.1252176848935
    ],
    "optimism-ethereum": [
        2.3928159888247085,
        2.3954089349103715,
        2.398232343326746
    ],
    "bittensor": [
        382.37291821132794,
        383.21042200378747,
        383.84468182883415
    ],