{
    "bitcoin": [
        68624,
        68766,
        68766
    ],
    "ethereum": [
        3753.35,
        3757.3,
        3757.3
    ],
    "tether": [
        0.998438,
        1.0,
        1.0
    ],
    "binancecoin": [
        627.59,
        628.41,
        628.41
    ],
    "solana": [
        164.51,
        164.9,
        164.9
    ],
    "staked-ether": [
        3753.31,
        3754.09,
        3754.09
    ],
    "usd-coin": [
        0.99977,
        1.0,
        1.0
    ],
    "ripple": [
        0.51931,
        0.520255,
        0.520255
    ],
    "dogecoin": [
        0.15722,
        0.157551,
        0.157551
    ],
    "the-open-network": [
        6.87,
        6.88,
        6.88
    ],
    "cardano": [
        0.453006,
        0.454084,
        0.454084
    ],
    "shiba-inu": [
        2.376e-05,
        2.379e-05,
        2.379e-05
    ],
    "avalanche-2": [
        34.67,
        34.72,
        34.72
    ],
    "wrapped-bitcoin": [
        68688,
        68768,
        68768
    ],
    "chainlink": [
        17.57,
        17.57,
        17.57
    ],
    "tron": [
        0.113114,
        0.11327,
        0.11327
    ],
    "polkadot": [
        6.96,
        6.98,
        6.98
    ],
    "bitcoin-cash": [
        465.51,
        467.14,
        467.14
    ],
    "near": [
        7.07,
        7.09,
        7.09
    ],
    "uniswap": [
        9.45,
        9.47,
        9.47
    ],
    "internet-computer": [
        12.05,
        12.06,
        12.06
    ],
    "unus-sed-leo": [
        5.923810812706364,
        5.924793027850309
    ],
    "multi-collateral-dai": [
        1.0001541775823066,
        1.000069113199768
    ],
    "ethereum-classic": [
        28.286105542270437,
        28.292882929315574,
        28.27596062525895
    ],
    "aptos": [
        8.830419418502158,
        8.839548913372166,
        8.838684086513574
    ],
    "render": [
        10.0310906289317,
        10.034247097047416,
        10.023715489310067
    ],
    "hedera": [
        0.10022461406327751,
        0.10036189379131277,
        0.1003527020376559
    ],
    "kaspa": [
        0.1749001485040954,
        0.17564676986106906,
        0.17545327727692198
    ],
    "dogwifhat": [
        3.2191827755058586,
        3.2256888520483393,
        3.219385950227061
    ],
    "cosmos": [
        8.321962540372827,
        8.32054932688169,
        8.323478341204492
    ],
    "immutable-x": [
        2.254525436184189,
        2.2589911509256333,
        2.256273393907695
    ],
    "filecoin": [
        5.739079062242883,
        5.737693330814198,
        5.736118665636463
    ],
    "arbitrum": [
        1.0839180974208484,
        1.085189092602854,
        1.0843054495116862
    ],
    "mantle": [
        0.9537582515491947,
        0.9531569339528229,
        0.9552360244581948
    ],
    "stellar": [
        0.10420369165372867,
        0.10435994408639361,
        0.10438009697075311
    ],
    "cronos": [
        0.10522844270044124,
        0.1055284349208313,
        0.10547586628080874
    ],
    "monero": [
        155.46716658892095,
        155.7870117109291,
        156.01189612274996
    ],
    "stacks": [
        1.952157235177548,
        1.9559974882695432,
        1.9503113746513976
    ],
    "the-graph": [
        0.291509036893676,
        0.29172725913720166,
        0.2915298088694327
    ],
    "bttc-bittorrent-chain": [
        1.12955361804816e-06,
        1.13024118949432e-06,
        1.13026896640191e-06
    ],
    "cheelee-cheelee": [
        20.43401578539978,
        20.397484438053276,
        20.395295014304427
    ],
    "VET": [
        0.0342648619606039,
        0.0341757644980644
    ],
    "STX": [
        1.96018090681332,
        1.94312681136669
    ],
    "FLR": [
        0.0280572218861115,
        0.0280389009629798
    ],
    "XMR": [
        155.295737980525,
        155.188147347795
    ],
    "SAGA": [
        2.827609212773917,
        2.81039661314113
    ],
    "AR": [
        43.18042703963509,
        42.9957677008812
    ],
    "ZETA": [
        1.34315063641458,
        1.33600332024875
    ],
    "BGB": [
        1.3705,
        1.3705
    ],
    "FLOKI": [
        0.00026691,
        0.00026701,
        0.00025869
    ],
    "ENS": [
        24.9106972615561,
        24.8907323732054,
        24.8501395105315
    ],
    "PIXEL": [
        0.5075035299704171,
        0.5091358288893804,
        0.5094
    ],
    "FTM": [
        0.81494311061099,
        0.810825200275531,
        0.810846650526059
    ],
    "INJ": [
        24.4011817784098,
        24.336865116626,
        24.2561659430522
    ],
    "MKR": [
        2579.92939086964,
        2565.97797413587,
        2566.42637836626
    ],
    "ARKM": [
        2.4343,
        2.4371,
        2.4311
    ],
    "RUNE": [
        5.97977974183133,
        5.98049569776828,
        5.97789290972796
    ],
    "FET": [
        2.09402182722865,
        2.09359175410301,
        2.09091092290782
    ],
    "qnt-quant": [
        90.60038362715841,
        90.63316841968074,
        90.73565642914636
    ],
    "wld-worldcoin": [
        4.714684952138908,
        4.712356217676052,
        4.711823006104314
    ],
    "akt-akash-network": [
        4.312907020863196,
        4.321691935345354,
        4.308727558873098
    ],
    "neo-neo": [
        14.738764782944225,
        14.756000239672678,
        14.722146008184275
    ],
    "egld-elrond": [
        38.706759947909454,
        38.66953066520133,
        38.73109669930124
    ],
    "ron-ronin-token": [
        3.1282639883025976,
        3.128314580485044,
        3.124716147294708
    ],
    "sand-the-sandbox": [
        0.44805506970433984,
        0.4486063502423401,
        0.4481355965931937
    ],
    "wbnb-wrapped-bnb": [
        628.1615296673739,
        628.1442075091687,
        628.7847531817536
    ],
    "rbn-ribbon-finance": [
        0.9885661800071454,
        0.9879724354960426,
        0.980782160787907
    ],
    "ordi-ordinals": [
        47.44091620508785,
        47.53527949971669,
        47.55972994788394
    ],
    "mina-mina-protocol": [
        0.843942618043897,
        0.845322760172047,
        0.8471970269067755
    ],
    "kcs-kucoin-token": [
        10.046148267317092,
        10.044347801645246,
        10.039562186379314
    ],
    "pendle-pendle": [
        6.153368810090853,
        6.180722967975647,
        6.172489237469881
    ],
    "xtz-tezos": [
        0.9289227072529187,
        0.9275749923574578,
        0.9281196478758482
    ],
    "sei-sei": [
        0.5044320021472312,
        0.504619312256155,
        0.5038692718608762
    ],
    "xec-ecash": [
        4.551820790435181e-05,
        4.559417778893663e-05,
        4.553992734199346e-05
    ],
    "msol-marinade-staked-sol": [
        196.17607373230186,
        196.02539366014813,
        196.22180701359127
    ],
    "cfx-conflux-network": [
        0.21775873975513843,
        0.21727784858360213,
        0.21692909055657633
    ],
    "matic-network": [
        0.699268,
        0.700654,
        0.700654
    ],
    "pepe": [
        1.418e-05,
        1.417e-05,
        1.417e-05
    ],
    "litecoin": [
        81.4,
        81.43,
        81.43
    ],
    "leo-token": [
        6.02,
        6.04,
        6.04
    ],
    "okb": [
        46.83487287850117,
        46.93263478952266,
        47.097678777491105
    ],
    "first-digital-usd": [
        0.9997287350477513,
        0.999651551242824,
        0.999969841752717
    ],
    "arweave": [
        44.22605291397894,
        44.278895541496766,
        44.34519292578219
    ],
    "optimism-ethereum": [
        2.4066756971060888,
        2.4069671077029104,
        2.4047095915708874
    ],
    "bittensor": [
        381.9402520661622,
        381.0949591740771,
        380.54982364977997
    ],