{
    "bitcoin": [
        70921,
        70891,
        70933
    ],
    "ethereum": [
        3847.15,
        3846.17,
        3847.22
    ],
    "tether": [
        0.999696,
        0.999713,
        1.0
    ],
    "binancecoin": [
        707.71,
        706.37,
        709.19
    ],
    "solana": [
        172.67,
        172.44,
        172.5
    ],
    "staked-ether": [
        3845.06,
        3844.94,
        3845.56
    ],
    "usd-coin": [
        0.999903,
        0.999776,
        0.999759
    ],
    "ripple": [
        0.523607,
        0.523446,
        0.524047
    ],
    "dogecoin": [
        0.161952,
        0.161779,
        0.161882
    ],
    "the-open-network": [
        7.35,
        7.27,
        7.27
    ],
    "cardano": [
        0.458214,
        0.457423,
        0.457384
    ],
    "shiba-inu": [
        2.561e-05,
        2.559e-05,
        2.56e-05
    ],
    "avalanche-2": [
        36.63,
        36.59,
        36.62
    ],
    "wrapped-bitcoin": [
        70999,
        71021,
        70990
    ],
    "chainlink": [
        17.38,
        17.36,
        17.35
    ],
    "tron": [
        0.114691,
        0.114781,
        0.114948
    ],
    "polkadot": [
        7.2,
        7.18,
        7.18
    ],
    "bitcoin-cash": [
        492.09,
        490.78,
        491.26
    ],
    "near": [
        7.49,
        7.48,
        7.5
    ],
    "uniswap": [
        10.64,
        10.6,
        10.64
    ],
    "internet-computer": [
        12.13,
        12.12,
        12.14
    ],
    "unus-sed-leo": [
        5.923810812706364,
        5.924793027850309
    ],
    "multi-collateral-dai": [
        1.0001541775823066,
        1.000069113199768
    ],
    "ethereum-classic": [
        29.387441989129655,
        29.460698955719895,
        29.423851669313404
    ],
    "aptos": [
        9.1775152746141,
        9.174442952035864,
        9.18606623141678
    ],
    "render": [
        10.5859942604324,
        10.560621900240184,
        10.588074691741358
    ],
    "hedera": [
        0.10357163468368857,
        0.1033797749428323,
        0.10333305919925433
    ],
    "kaspa": [
        0.18114803787595096,
        0.18009526498465442,
        0.1796983313056953
    ],
    "dogwifhat": [
        3.3346034676326832,
        3.3207136691902392,
        3.3288126340577477
    ],
    "cosmos": [
        8.61828298631075,
        8.613985854847593,
        8.613202924348617
    ],
    "immutable-x": [
        2.2726810628074325,
        2.268659189556568,
        2.2693300426336127
    ],
    "filecoin": [
        6.0676004440536335,
        6.05667665541136,
        6.054421083394271
    ],
    "arbitrum": [
        1.1081671788454055,
        1.1059046701792516,
        1.1066367758773141
    ],
    "mantle": [
        1.0350568260184925,
        1.0372096369841737,
        1.0379395806494238
    ],
    "stellar": [
        0.10626149182785885,
        0.10616529873000896,
        0.10621982759885525
    ],
    "cronos": [
        0.11548922485086267,
        0.11558131833903422,
        0.11552308562854442
    ],
    "monero": [
        163.62504693405455,
        163.46501654228229,
        162.95336752102295
    ],
    "stacks": [
        2.3771118540158898,
        2.3778869374919993,
        2.3748535103180233
    ],
    "the-graph": [
        0.29878100913017674,
        0.29815154449146464,
        0.29855970866394554
    ],
    "bttc-bittorrent-chain": [
        1.16735242105052e-06,
        1.16681012915481e-06,
        1.16552540310769e-06
    ],
    "cheelee-cheelee": [
        21.037116881173873,
        20.950251556411626,
        20.99299325874806
    ],
    "VET": [
        0.0342648619606039,
        0.0341757644980644
    ],
    "STX": [
        1.96018090681332,
        1.94312681136669
    ],
    "FLR": [
        0.0280572218861115,
        0.0280389009629798
    ],
    "XMR": [
        155.295737980525,
        155.188147347795
    ],
    "SAGA": [
        2.827609212773917,
        2.81039661314113
    ],
    "AR": [
        43.18042703963509,
        42.9957677008812
    ],
    "ZETA": [
        1.34315063641458,
        1.33600332024875
    ],
    "BGB": [
        1.2052,
        1.2052,
        1.2304
    ],
    "FLOKI": [
        0.00026691,
        0.00026701,
        0.00025869
    ],
    "ENS": [
        25.0299045758243,
        24.8702586314428,
        24.9468465395728
    ],
    "PIXEL": [
        0.49661,
        0.49604,
        0.4967
    ],
    "FTM": [
        0.813122254494612,
        0.814017225342486,
        0.814975057682819
    ],
    "INJ": [
        25.8086457389147,
        25.7996455630143,
        25.9201593958232
    ],
    "MKR": [
        2678.60835986045,
        2679.19881558213,
        2678.61942081851
    ],
    "ARKM": [
        2.626743482716449,
        2.628414754078233,
        2.629537862114028
    ],
    "RUNE": [
        6.12809381374151,
        6.11373930487185,
        6.12570915173975
    ],
    "FET": [
        2.11244909261411,
        2.10469231236414,
        2.10894817101029
    ],
    "qnt-quant": [
        90.49368216504423,
        90.34224411330605,
        90.37956899690194
    ],
    "wld-worldcoin": [
        5.035673161647196,
        5.013170344437635,
        5.011710027668012
    ],
    "akt-akash-network": [
        4.531191945322296,
        4.528249640050576,
        4.521981555342463
    ],
    "neo-neo": [
        15.082108707164792,
        15.084578810293607,
        15.112363692057032
    ],
    "egld-elrond": [
        39.75920118938683,
        39.788007161583955,
        39.857690068681485
    ],
    "ron-ronin-token": [
        3.137838124699009,
        3.149221982293079,
        3.1479129662987106
    ],
    "sand-the-sandbox": [
        0.4648584422420926,
        0.4651833951203731,
        0.4655748224866555
    ],
    "wbnb-wrapped-bnb": [
        706.8664638779766,
        706.4334091617771,
        709.1964553768759
    ],
    "rbn-ribbon-finance": [
        0.9885661800071454,
        0.9879724354960426,
        0.980782160787907
    ],
    "ordi-ordinals": [
        57.81453190184258,
        57.97479783497669,
        58.137062362625386
    ],
    "mina-mina-protocol": [
        0.8680915097837517,
        0.8688475549069407,
        0.8703268542157552
    ],
    "kcs-kucoin-token": [
        10.31914558432327,
        10.308533162104139,
        10.327157739018524
    ],
    "pendle-pendle": [
        6.033946428894053,
        6.0238818272222385,
        6.019357806487209
    ],
    "xtz-tezos": [
        0.940305986574647,
        0.9416333118072387,
        0.9401163742033513
    ],
    "sei-sei": [
        0.5195482932126275,
        0.5190377326356213,
        0.5185952794033953
    ],
    "xec-ecash": [
        4.697552428226385e-05,
        4.715737572263624e-05,
        4.685353729126343e-05
    ],
    "msol-marinade-staked-sol": [
        206.11441937063893,
        205.58722583518434,
        205.65743142641804
    ],
    "cfx-conflux-network": [
        0.2212985412578897,
        0.2216218147611572,
        0.2294484355944873
    ],
    "matic-network": [
        0.716572,
        0.71607,
        0.715687
    ],
    "pepe": [
        1.474e-05,
        1.473e-05,
        1.475e-05
    ],
    "litecoin": [
        85.15,
        85.05,
        85.18
    ],
    "leo-token": [
        6.03,
        6.02,
        6.02
    ],
    "okb": [
        48.72770094576913,
        48.66849661299057,
        48.67347932323016
    ],
    "first-digital-usd": [
        1.0015114150258517,
        1.0013715699134207,
        1.0014932753355414
    ],
    "arweave": [
        43.04330564433341,
        42.9403210103039,
        42.95922775982114
    ],
    "optimism-ethereum": [
        2.489840957059102,
        2.488144559657488,
        2.4877600763419294
    ],
    "bittensor": [
        417.9256509350145,
        418.90475544162706,
        416.7389344373316
    ],