{
    "bitcoin": [
        71057,
        71057,
        71081
    ],
    "ethereum": [
        3832.54,
        3832.54,
        3832.78
    ],
    "tether": [
        0.999985,
        0.999985,
        0.99958
    ],
    "binancecoin": [
        707.22,
        707.22,
        706.82
    ],
    "solana": [
        171.35,
        171.35,
        171.28
    ],
    "staked-ether": [
        3829.37,
        3829.37,
        3829.89
    ],
    "usd-coin": [
        1.0,
        1.0,
        1.0
    ],
    "ripple": [
        0.523849,
        0.523849,
        0.52372
    ],
    "dogecoin": [
        0.16129,
        0.16129,
        0.161324
    ],
    "the-open-network": [
        7.43,
        7.43,
        7.39
    ],
    "cardano": [
        0.458013,
        0.458013,
        0.457858
    ],
    "shiba-inu": [
        2.545e-05,
        2.545e-05,
        2.547e-05
    ],
    "avalanche-2": [
        36.52,
        36.52,
        36.53
    ],
    "wrapped-bitcoin": [
        71113,
        71113,
        71122
    ],
    "chainlink": [
        17.38,
        17.38,
        17.38
    ],
    "tron": [
        0.114823,
        0.114823,
        0.11482
    ],
    "polkadot": [
        7.21,
        7.21,
        7.22
    ],
    "bitcoin-cash": [
        495.14,
        495.14,
        494.83
    ],
    "near": [
        7.41,
        7.41,
        7.4
    ],
    "uniswap": [
        10.64,
        10.64,
        10.62
    ],
    "internet-computer": [
        12.1,
        12.1,
        12.11
    ],
    "unus-sed-leo": [
        5.923810812706364,
        5.924793027850309
    ],
    "multi-collateral-dai": [
        1.0001541775823066,
        1.000069113199768
    ],
    "ethereum-classic": [
        29.387441989129655,
        29.460698955719895,
        29.423851669313404
    ],
    "aptos": [
        9.154374050808581,
        9.154561298680045,
        9.151975102891432
    ],
    "render": [
        10.601740849833906,
        10.6011045307809,
        10.599377640734602
    ],
    "hedera": [
        0.10212615598893536,
        0.10209444529676368,
        0.1021009316047593
    ],
    "kaspa": [
        0.17559430900734127,
        0.1754670293573472,
        0.17532738755871458
    ],
    "dogwifhat": [
        3.320973956080226,
        3.32275454744574,
        3.3245537204585536
    ],
    "cosmos": [
        8.731175029058024,
        8.742887595985986,
        8.751580648696763
    ],
    "immutable-x": [
        2.224912648334227,
        2.2294677321712113,
        2.2392064328735968
    ],
    "filecoin": [
        5.975037736599586,
        5.97166243211265,
        5.973193086845808
    ],
    "arbitrum": [
        1.1001551237990375,
        1.100723972256829,
        1.1007272692786958
    ],
    "mantle": [
        1.050662625189933,
        1.0501289889732197,
        1.0494401367094133
    ],
    "stellar": [
        0.10631495409906816,
        0.10630332797227823,
        0.10625385020978731
    ],
    "cronos": [
        0.11476171099970336,
        0.11465535564678242,
        0.11465009036361269
    ],
    "monero": [
        163.73114244189773,
        163.9344459685216,
        163.98370966442565
    ],
    "stacks": [
        2.323796637707437,
        2.319309041894616,
        2.3171575505554487
    ],
    "the-graph": [
        0.29545744850653444,
        0.2953220226869168,
        0.2953251974273724
    ],
    "bttc-bittorrent-chain": [
        1.16544028903321e-06,
        1.16514665117173e-06,
        1.16561621015528e-06
    ],
    "cheelee-cheelee": [
        21.125656182509907,
        21.110342611231346,
        21.13089794870382
    ],
    "VET": [
        0.0342648619606039,
        0.0341757644980644
    ],
    "STX": [
        1.96018090681332,
        1.94312681136669
    ],
    "FLR": [
        0.0280572218861115,
        0.0280389009629798
    ],
    "XMR": [
        155.295737980525,
        155.188147347795
    ],
    "SAGA": [
        2.827609212773917,
        2.81039661314113
    ],
    "AR": [
        43.18042703963509,
        42.9957677008812
    ],
    "ZETA": [
        1.34315063641458,
        1.33600332024875
    ],
    "BGB": [
        1.2159,
        1.2159,
        1.2159
    ],
    "FLOKI": [
        0.00026691,
        0.00026701,
        0.00025869
    ],
    "ENS": [
        24.2200781314776,
        24.2001688082868,
        24.2398596716071
    ],
    "PIXEL": [
        0.50778,
        0.50848,
        0.50819
    ],
    "FTM": [
        0.813122254494612,
        0.814017225342486,
        0.814975057682819
    ],
    "INJ": [
        25.8086457389147,
        25.7996455630143,
        25.9201593958232
    ],
    "MKR": [
        2625.982381050146,
        2626.426936245818,
        2623.42274407148
    ],
    "ARKM": [
        2.626743482716449,
        2.628414754078233,
        2.629537862114028
    ],
    "RUNE": [
        6.10669826341322,
        6.1069881708957,
        6.12019466205024
    ],
    "FET": [
        2.07600872467276,
        2.07824073256606,
        2.07937110047037
    ],
    "qnt-quant": [
        90.17623168539289,
        90.13094413349539,
        90.27257556576174
    ],
    "wld-worldcoin": [
        4.865978580081861,
        4.861989166307641,
        4.866298780617279
    ],
    "akt-akash-network": [
        4.526157856552229,
        4.534815865392639,
        4.536489856278697
    ],
    "neo-neo": [
        15.152076398450674,
        15.141561304580193,
        15.119126274004863
    ],
    "egld-elrond": [
        39.49059577036883,
        39.58708629083777,
        39.62017120332651
    ],
    "ron-ronin-token": [
        3.122075766311935,
        3.1146335670752645,
        3.1197215246560672
    ],
    "sand-the-sandbox": [
        0.47774801165705305,
        0.47665592890421804,
        0.47773268124439333
    ],
    "wbnb-wrapped-bnb": [
        705.9444596835013,
        705.7351343180842,
        705.7351343180842
    ],
    "rbn-ribbon-finance": [
        0.9885661800071454,
        0.9879724354960426,
        0.980782160787907
    ],
    "ordi-ordinals": [
        58.38444241314276,
        58.442088677286975,
        58.26112488427126
    ],
    "mina-mina-protocol": [
        0.8545873931379795,
        0.8534944643773305,
        0.854459729884218
    ],
    "kcs-kucoin-token": [
        10.376778902962046,
        10.392028862915852,
        10.381688982005553
    ],
    "pendle-pendle": [
        5.949561674400771,
        5.937782877675536,
        5.939812617898431
    ],
    "xtz-tezos": [
        0.9444839137827381,
        0.9429658915259269,
        0.9452325127948569
    ],
    "sei-sei": [
        0.5178041529041341,
        0.5196527258565502,
        0.5181038373961822
    ],
    "xec-ecash": [
        4.685353729126343e-05,
        4.691454328947019e-05,
        4.693983462787597e-05
    ],
    "msol-marinade-staked-sol": [
        204.10418113718376,
        203.97211994022015,
        204.17427104017756
    ],
    "cfx-conflux-network": [
        0.23227833835230183,
        0.23249112147010667,
        0.2331051842081177
    ],
    "matic-network": [
        0.734113,
        0.734113,
        0.734427
    ],
    "pepe": [
        1.441e-05,
        1.441e-05,
        1.443e-05
    ],
    "litecoin": [
        85.59,
        85.59,
        85.68
    ],
    "leo-token": [
        6.03,
        6.02,
        6.02
    ],
    "okb": [
        48.89354284465822,
        48.94663595513339,
        48.93845810029162
    ],
    "first-digital-usd": [
        1.0007737324039703,
        1.0006828314542473,
        1.0006042140388038
    ],
    "arweave": [
        42.28628744554353,
        42.29402981531121,
        42.32030153263801
    ],
    "optimism-ethereum": [
        2.5029957562664227,
        2.503949908153602,
        2.505743832793428
    ],
    "bittensor": [
        430.15984308538225,
        429.5298222938081,
        429.6857733110279
    ],