{
    "bitcoin": [
        71106,
        71168,
        71168
    ],
    "ethereum": [
        3843.98,
        3847.32,
        3847.32
    ],
    "tether": [
        0.999652,
        0.999927,
        0.999927
    ],
    "binancecoin": [
        695.68,
        695.26,
        695.26
    ],
    "solana": [
        173.34,
        173.68,
        173.68
    ],
    "staked-ether": [
        3841.68,
        3846.6,
        3846.6
    ],
    "usd-coin": [
        0.999788,
        1.0,
        1.0
    ],
    "ripple": [
        0.525762,
        0.525822,
        0.525822
    ],
    "dogecoin": [
        0.162992,
        0.163035,
        0.163035
    ],
    "the-open-network": [
        7.27,
        7.28,
        7.28
    ],
    "cardano": [
        0.461323,
        0.461511,
        0.461511
    ],
    "shiba-inu": [
        2.571e-05,
        2.572e-05,
        2.572e-05
    ],
    "avalanche-2": [
        36.44,
        36.43,
        36.43
    ],
    "wrapped-bitcoin": [
        71211,
        71233,
        71233
    ],
    "chainlink": [
        17.72,
        17.72,
        17.72
    ],
    "tron": [
        0.114522,
        0.114501,
        0.114501
    ],
    "polkadot": [
        7.23,
        7.24,
        7.24
    ],
    "bitcoin-cash": [
        492.82,
        493.3,
        493.3
    ],
    "near": [
        7.62,
        7.62,
        7.62
    ],
    "uniswap": [
        11.17,
        11.18,
        11.18
    ],
    "internet-computer": [
        12.31,
        12.32,
        12.32
    ],
    "unus-sed-leo": [
        5.923810812706364,
        5.924793027850309
    ],
    "multi-collateral-dai": [
        1.0001541775823066,
        1.000069113199768
    ],
    "ethereum-classic": [
        29.59241834823406,
        29.590961501851606,
        29.716644817092764
    ],
    "aptos": [
        9.28582686895391,
        9.282863101817432,
        9.280191860077013
    ],
    "render": [
        10.596556500586514,
        10.596637331769,
        10.596196185868186
    ],
    "hedera": [
        0.10474349298551627,
        0.10483672267782708,
        0.10449799769203551
    ],
    "kaspa": [
        0.18040642735483964,
        0.1808193508148887,
        0.1801658659281506
    ],
    "dogwifhat": [
        3.393670288946748,
        3.392993201321868,
        3.3952391602220016
    ],
    "cosmos": [
        8.65140734303829,
        8.65784678022302,
        8.674631306538647
    ],
    "immutable-x": [
        2.291597914050856,
        2.2883428932897174,
        2.2877022049600013
    ],
    "filecoin": [
        6.044755180763622,
        6.046806147685152,
        6.047948900808173
    ],
    "arbitrum": [
        1.1219837660013574,
        1.121581385366007,
        1.1213566673296393
    ],
    "mantle": [
        1.0263594384227417,
        1.0258291009809954,
        1.0270543691520502
    ],
    "stellar": [
        0.10666736257922292,
        0.10666055262253879,
        0.10666487938323992
    ],
    "cronos": [
        0.11921696080836836,
        0.11930979463323522,
        0.1191080662281664
    ],
    "monero": [
        163.29723497770078,
        163.21345080637178,
        163.9357236381227
    ],
    "stacks": [
        2.379555458357835,
        2.3837718713303717,
        2.389071031707638
    ],
    "the-graph": [
        0.30297112544436955,
        0.3031982331618807,
        0.3032819406638036
    ],
    "bttc-bittorrent-chain": [
        1.1866474225153e-06,
        1.18812135967957e-06,
        1.18431684696274e-06
    ],
    "cheelee-cheelee": [
        21.262798595666787,
        21.246633328077607,
        21.213504021666164
    ],
    "VET": [
        0.0342648619606039,
        0.0341757644980644
    ],
    "STX": [
        1.96018090681332,
        1.94312681136669
    ],
    "FLR": [
        0.0280572218861115,
        0.0280389009629798
    ],
    "XMR": [
        155.295737980525,
        155.188147347795
    ],
    "SAGA": [
        2.827609212773917,
        2.81039661314113
    ],
    "AR": [
        43.18042703963509,
        42.9957677008812
    ],
    "ZETA": [
        1.34315063641458,
        1.33600332024875
    ],
    "BGB": [
        1.3705,
        1.3705
    ],
    "FLOKI": [
        0.00026691,
        0.00026701,
        0.00025869
    ],
    "ENS": [
        24.9308790618142,
        24.9096737115763,
        24.9019301728014
    ],
    "PIXEL": [
        0.49839,
        0.49599,
        0.49579
    ],
    "FTM": [
        0.81494311061099,
        0.810825200275531,
        0.810846650526059
    ],
    "INJ": [
        25.8086457389147,
        25.7996455630143,
        25.9201593958232
    ],
    "MKR": [
        2666.1694083727,
        2665.21971802513,
        2666.68379558199
    ],
    "ARKM": [
        2.4701,
        2.4832,
        2.4884
    ],
    "RUNE": [
        6.24059067252129,
        6.24010883604457,
        6.23254314854973
    ],
    "FET": [
        2.14812683038713,
        2.14831290742605,
        2.14778722864713
    ],
    "qnt-quant": [
        90.84522106721622,
        90.79112278658302,
        90.6121665322451
    ],
    "wld-worldcoin": [
        4.91431253296742,
        4.905971162810243,
        4.908506508416518
    ],
    "akt-akash-network": [
        4.639260459424836,
        4.642468258148546,
        4.648455266945659
    ],
    "neo-neo": [
        15.272903150611858,
        15.298397190483737,
        15.274102469431874
    ],
    "egld-elrond": [
        40.225974924171,
        40.23068955119485,
        40.124666490589206
    ],
    "ron-ronin-token": [
        3.1731558211936344,
        3.1598404049988864,
        3.1601812945790533
    ],
    "sand-the-sandbox": [
        0.470063882354495,
        0.47078851698872004,
        0.47107489050320056
    ],
    "wbnb-wrapped-bnb": [
        696.5030489729747,
        696.4831923476406,
        694.734392699775
    ],
    "rbn-ribbon-finance": [
        0.9885661800071454,
        0.9879724354960426,
        0.980782160787907
    ],
    "ordi-ordinals": [
        57.94272313630124,
        58.046509059822796,
        58.17428531161325
    ],
    "mina-mina-protocol": [
        0.8690134252054171,
        0.8700275566578574,
        0.8703189203860924
    ],
    "kcs-kucoin-token": [
        10.212504569121041,
        10.210098136496523,
        10.212710905209443
    ],
    "pendle-pendle": [
        6.102945854231952,
        6.096485596680467,
        6.106614423060189
    ],
    "xtz-tezos": [
        0.9552211550872716,
        0.955040346874489,
        0.9542430995973562
    ],
    "sei-sei": [
        0.5262476255101628,
        0.5254184231083618,
        0.5254334617327534
    ],
    "xec-ecash": [
        4.752326026085562e-05,
        4.751785640184079e-05,
        4.764610776971682e-05
    ],
    "msol-marinade-staked-sol": [
        206.98176371567982,
        206.89015319675752,
        206.84407592851633
    ],
    "cfx-conflux-network": [
        0.2212985412578897,
        0.2216218147611572,
        0.2294484355944873
    ],
    "matic-network": [
        0.722261,
        0.722191,
        0.722191
    ],
    "pepe": [
        1.454e-05,
        1.453e-05,
        1.453e-05
    ],
    "litecoin": [
        84.98,
        85.01,
        85.01
    ],
    "leo-token": [
        6.03,
        6.03,
        6.03
    ],
    "okb": [
        48.64070022031137,
        48.62682508052447,
        48.64086486231475
    ],
    "first-digital-usd": [
        1.0003457392090436,
        1.0000380703916134,
        1.0001778549820983
    ],
    "arweave": [
        44.208610968684226,
        44.235594371950334,
        44.21471653014313
    ],
    "optimism-ethereum": [
        2.5087203771663145,
        2.5086026611105714,
        2.5098825946508385
    ],
    "bittensor": [
        419.03258865338785,
        418.6328927906636,
        419.1623171248435
    ],