{
    "bitcoin": [
        71480,
        71480,
        71741
    ],
    "ethereum": [
        3813.32,
        3813.32,
        3822.39
    ],
    "tether": [
        0.999009,
        0.999009,
        1.0
    ],
    "binancecoin": [
        705.03,
        705.03,
        705.05
    ],
    "solana": [
        174.78,
        174.78,
        175.45
    ],
    "staked-ether": [
        3809.09,
        3809.09,
        3819.66
    ],
    "usd-coin": [
        0.999883,
        0.999883,
        1.001
    ],
    "ripple": [
        0.528931,
        0.528931,
        0.530091
    ],
    "dogecoin": [
        0.163585,
        0.163585,
        0.163853
    ],
    "the-open-network": [
        7.32,
        7.32,
        7.38
    ],
    "cardano": [
        0.461775,
        0.461775,
        0.462536
    ],
    "shiba-inu": [
        2.605e-05,
        2.605e-05,
        2.605e-05
    ],
    "avalanche-2": [
        36.4,
        36.4,
        36.66
    ],
    "wrapped-bitcoin": [
        71386,
        71386,
        71642
    ],
    "chainlink": [
        17.74,
        17.74,
        17.77
    ],
    "tron": [
        0.114371,
        0.114371,
        0.114488
    ],
    "polkadot": [
        7.22,
        7.22,
        7.25
    ],
    "bitcoin-cash": [
        482.91,
        482.91,
        484.91
    ],
    "near": [
        7.62,
        7.62,
        7.64
    ],
    "uniswap": [
        10.92,
        10.92,
        11.12
    ],
    "internet-computer": [
        12.34,
        12.34,
        12.38
    ],
    "unus-sed-leo": [
        5.923810812706364,
        5.924793027850309
    ],
    "multi-collateral-dai": [
        1.0001541775823066,
        1.000069113199768
    ],
    "ethereum-classic": [
        29.618901450141482,
        29.64134786014176,
        29.687279998684318
    ],
    "aptos": [
        9.289996325451808,
        9.283525639133462,
        9.32406683076342
    ],
    "render": [
        10.55162319344586,
        10.553230319594045,
        10.579374326725818
    ],
    "hedera": [
        0.10314899571537108,
        0.10317218635510209,
        0.1037248101064275
    ],
    "kaspa": [
        0.18249765270131532,
        0.18197967368124957,
        0.18220137460192434
    ],
    "dogwifhat": [
        3.465709743093881,
        3.4808152308095313,
        3.4618436195454176
    ],
    "cosmos": [
        8.633180362405426,
        8.635447921764202,
        8.687150465052081
    ],
    "immutable-x": [
        2.3051637087709773,
        2.304642863098587,
        2.3230664103188383
    ],
    "filecoin": [
        6.0320385654996524,
        6.029292450379886,
        6.0491790271738966
    ],
    "arbitrum": [
        1.116217384088394,
        1.1161193973275285,
        1.1204607370396016
    ],
    "mantle": [
        0.9890151599250958,
        0.9912561144650063,
        0.9939783395905742
    ],
    "stellar": [
        0.10706793054090508,
        0.10701986652611283,
        0.10711135853172081
    ],
    "cronos": [
        0.1175206728221374,
        0.11773581747757882,
        0.1179125864174267
    ],
    "monero": [
        164.71879316171524,
        164.52801639067954,
        164.56327187345926
    ],
    "stacks": [
        2.282788601845895,
        2.2920770627371803,
        2.323709903429074
    ],
    "the-graph": [
        0.30268438264013603,
        0.3027747690213961,
        0.30408743370183955
    ],
    "bttc-bittorrent-chain": [
        1.16477821747472e-06,
        1.16538580320767e-06,
        1.16698990979429e-06
    ],
    "cheelee-cheelee": [
        21.213763195714986,
        21.234224214874466,
        21.174809798585635
    ],
    "VET": [
        0.0342648619606039,
        0.0341757644980644
    ],
    "STX": [
        1.96018090681332,
        1.94312681136669
    ],
    "FLR": [
        0.0280572218861115,
        0.0280389009629798
    ],
    "XMR": [
        155.295737980525,
        155.188147347795
    ],
    "SAGA": [
        2.827609212773917,
        2.81039661314113
    ],
    "AR": [
        43.18042703963509,
        42.9957677008812
    ],
    "ZETA": [
        1.34315063641458,
        1.33600332024875
    ],
    "BGB": [
        1.3705,
        1.3705
    ],
    "FLOKI": [
        0.00026691,
        0.00026701,
        0.00025869
    ],
    "ENS": [
        24.5604252781264,
        24.4995555455807,
        24.555349538066
    ],
    "PIXEL": [
        0.5025,
        0.50323,
        0.50885
    ],
    "FTM": [
        0.81494311061099,
        0.810825200275531,
        0.810846650526059
    ],
    "INJ": [
        25.8086457389147,
        25.7996455630143,
        25.9201593958232
    ],
    "MKR": [
        2658.89260369574,
        2655.56278151193,
        2646.61559260119
    ],
    "ARKM": [
        2.4701,
        2.4832,
        2.4884
    ],
    "RUNE": [
        6.25818500196136,
        6.27012326428715,
        6.29909069569557
    ],
    "FET": [
        2.165412572072,
        2.16993971505855,
        2.17529754157936
    ],
    "qnt-quant": [
        90.51959771400672,
        90.51634498295246,
        90.65973106519426
    ],
    "wld-worldcoin": [
        4.989165315075075,
        4.972765575712182,
        4.962729563701958
    ],
    "akt-akash-network": [
        4.630634119396171,
        4.631778504544635,
        4.636486269688205
    ],
    "neo-neo": [
        15.344353865798066,
        15.304053137466283,
        15.34259893916513
    ],
    "egld-elrond": [
        39.79529592043276,
        39.67537090430695,
        39.83026856241806
    ],
    "ron-ronin-token": [
        3.169681990180255,
        3.170805802833575,
        3.192811048823288
    ],
    "sand-the-sandbox": [
        0.47559671012268745,
        0.47410933621271134,
        0.4751199668566573
    ],
    "wbnb-wrapped-bnb": [
        706.737893999412,
        704.5763240177615,
        703.7975929668289
    ],
    "rbn-ribbon-finance": [
        0.9885661800071454,
        0.9879724354960426,
        0.980782160787907
    ],
    "ordi-ordinals": [
        56.357407834215685,
        56.3509052164174,
        56.430315107522965
    ],
    "mina-mina-protocol": [
        0.8691245073094139,
        0.8683565554802913,
        0.8729698837397584
    ],
    "kcs-kucoin-token": [
        10.122376604867721,
        10.104720905749163,
        10.113952565580766
    ],
    "pendle-pendle": [
        6.120175688317826,
        6.0995749620647315,
        6.109978361845565
    ],
    "xtz-tezos": [
        0.9547631154411733,
        0.9534578317930378,
        0.9545296758655597
    ],
    "sei-sei": [
        0.5277945057737811,
        0.5290855759340384,
        0.530044084704234
    ],
    "xec-ecash": [
        4.751542284281154e-05,
        4.746326760652506e-05,
        4.755463352237033e-05
    ],
    "msol-marinade-staked-sol": [
        208.66057516589592,
        208.3438768091382,
        208.59086657827
    ],
    "cfx-conflux-network": [
        0.2212985412578897,
        0.2216218147611572,
        0.2294484355944873
    ],
    "matic-network": [
        0.715273,
        0.715273,
        0.719625
    ],
    "pepe": [
        1.436e-05,
        1.436e-05,
        1.437e-05
    ],
    "litecoin": [
        84.48,
        84.48,
        84.74
    ],
    "leo-token": [
        5.98,
        5.98,
        6.01
    ],
    "okb": [
        48.70923812161122,
        48.75466830018059,
        48.777536786159246
    ],
    "first-digital-usd": [
        0.9996104837093491,
        0.9997113127419053,
        1.0000664094817706
    ],
    "arweave": [
        44.944335322156626,
        45.059258618184366,
        44.76320822513503
    ],
    "optimism-ethereum": [
        2.516689015078838,
        2.5139610542829507,
        2.519370914466262
    ],
    "bittensor": [
        416.76359765115564,
        417.8620253097575,
        421.73399651708024
    ],