{
    "bitcoin": [
        67944,
        67812,
        67997
    ],
    "ethereum": [
        3774.93,
        3771.17,
        3778.79
    ],
    "tether": [
        0.999495,
        0.999407,
        1.0
    ],
    "binancecoin": [
        598.2,
        597.48,
        598.86
    ],
    "solana": [
        163.28,
        162.88,
        163.2
    ],
    "staked-ether": [
        3772.0,
        3770.97,
        3775.45
    ],
    "usd-coin": [
        1.0,
        0.999511,
        1.0
    ],
    "ripple": [
        0.51356,
        0.512545,
        0.513816
    ],
    "dogecoin": [
        0.156932,
        0.156586,
        0.156868
    ],
    "cardano": [
        0.446479,
        0.44538,
        0.446413
    ],
    "the-open-network": [
        6.54,
        6.53,
        6.58
    ],
    "shiba-inu": [
        2.458e-05,
        2.455e-05,
        2.46e-05
    ],
    "avalanche-2": [
        35.35,
        35.25,
        35.35
    ],
    "chainlink": [
        18.22,
        18.2,
        18.25
    ],
    "wrapped-bitcoin": [
        68046,
        67926,
        67972
    ],
    "tron": [
        0.114543,
        0.114422,
        0.114521
    ],
    "polkadot": [
        7.0,
        6.98,
        7.01
    ],
    "bitcoin-cash": [
        458.56,
        457.7,
        457.09
    ],
    "near": [
        7.22,
        7.2,
        7.22
    ],
    "uniswap": [
        9.6,
        9.58,
        9.59
    ],
    "matic-network": [],
    "litecoin": [
        83.09828416564127,
        82.99698703562456
    ],
    "pepe": [
        8.96152442183104e-10,
        1.479087694146946e-05
    ],
    "internet-computer": [
        12.0722945481306,
        12.042842733458519
    ],
    "leo-token": [],
    "fetch-ai": [],
    "dai": [
        0.9998836026735173
    ],
    "wrapped-eeth": [
        3942.028339030016,
        3944.1883145782826
    ],
    "ethereum-classic": [
        29.40318505768413,
        29.36700345276245
    ],
    "aptos": [
        9.039465369353902,
        9.03153307704663
    ],
    "render-token": [],
    "renzo-restaked-eth": [
        3744.563409904983,
        3743.109413828981
    ],
    "hedera-hashgraph": [],
    "immutable-x": [
        2.2304656603871527
    ],
    "kaspa": [
        0.13908692963247818,
        0.13910288407191923
    ],
    "arbitrum": [
        1.1253788699826244,
        1.1225458967596331
    ],
    "cosmos": [
        8.378305989138964,
        8.36631916316693
    ],
    "filecoin": [
        5.821507264005912,
        5.844674348802724
    ],
    "mantle": [
        0.9906021366889627,
        0.9851364797445319
    ],
    "dogwifcoin": [],
    "stellar": [],
    "crypto-com-chain": [],
    "ethena-usde": [],
    "first-digital-usd": [],
    "arweave": [],
    "okb": [],
    "the-graph": [],
    "monero": [],
    "blockstack": [],
    "optimism": [],
    "bittensor": [],
    "maker": [],
    "sui": [],
    "vechain": [],
    "floki": [],
    "injective-protocol": [],
    "fantom": [],
    "bonk": [],
    "lido-dao": [],
    "rocket-pool-eth": [],
    "celestia": [],
    "theta-token": [],
    "thorchain": [],
    "ondo-finance": [],
    "bitget-token": [],
    "notcoin": [],
    "mantle-staked-ether": [],
    "coredaoorg": [],
    "eos": [],
    "jasmycoin": [],
    "gala": [],
    "aave": [],
    "algorand": [],
    "pyth-network": [],
    "jupiter-exchange-solana": [],
    "sei-network": [],
    "beam-2": [],
    "whitebit": [],
    "ethena": [
        {
            "usd": 0.912387
        },
        0.909679
    ],
    "starknet": [],
    "flow": [],
    "quant-network": [
        {
            "usd": 91.52
        },
        91.49
    ],
    "chiliz": [
        {
            "usd": 0.144545
        },
        0.144258
    ],
    "bitcoin-cash-sv": [
        {
            "usd": 60.99
        },
        60.89
    ],
    "axie-infinity": [
        {
            "usd": 7.97
        },
        7.97
    ],
    "dydx-chain": [
        {
            "usd": 2.05
        },
        2.05
    ],
    "singularitynet": [
        {
            "usd": 0.891664
        },
        0.890418
    ],
    "cheelee": [
        {
            "usd": 20.24
        },
        20.22
    ],
    "kelp-dao-restaked-eth": [
        {
            "usd": 3834.9
        },
        3825.46
    ],
    "bittorrent": [
        {
            "usd": 1.16e-06
        },
        1.16e-06
    ],
    "zebec-protocol": [
        {
            "usd": 0.02221938
        },
        0.02209425
    ],
    "flare-networks": [
        {
            "usd": 0.02715475
        },
        0.02714788
    ],
    "wormhole": [
        {
            "usd": 0.651309
        },
        0.65548
    ],
    "worldcoin-wld": [
        {
            "usd": 4.82
        },
        4.83
    ],
    "akash-network": [
        {
            "usd": 4.65
        },
        4.63
    ],
    "gatechain-token": [
        {
            "usd": 8.25
        },
        8.27
    ],
    "elrond-erd-2": [
        {
            "usd": 38.59
        },
        38.46
    ],
    "tokenize-xchange": [
        {
            "usd": 12.89
        },
        12.91
    ],
    "neo": [
        {
            "usd": 14.75
        },
        14.72
    ],
    "ordinals": [],
    "the-sandbox": [],
    "ronin": [],
    "based-brett": [
        {
            "usd": 0.122896
        },
        0.122993
    ]
}