{
    "bitcoin": [
        69184,
        69184,
        69280
    ],
    "ethereum": [
        3784.75,
        3784.75,
        3790.96
    ],
    "tether": [
        1.0,
        1.0,
        1.0
    ],
    "binancecoin": [
        629.43,
        629.43,
        629.94
    ],
    "solana": [
        164.37,
        164.37,
        164.79
    ],
    "staked-ether": [
        3787.85,
        3787.85,
        3790.36
    ],
    "usd-coin": [
        0.999657,
        0.999657,
        1.001
    ],
    "ripple": [
        0.520154,
        0.520154,
        0.52068
    ],
    "dogecoin": [
        0.1606,
        0.1606,
        0.160903
    ],
    "the-open-network": [
        6.63,
        6.63,
        6.65
    ],
    "cardano": [
        0.451055,
        0.451055,
        0.451918
    ],
    "shiba-inu": [
        2.475e-05,
        2.475e-05,
        2.482e-05
    ],
    "avalanche-2": [
        35.43,
        35.43,
        35.47
    ],
    "wrapped-bitcoin": [
        69206,
        69206,
        69227
    ],
    "chainlink": [
        17.97,
        17.97,
        17.98
    ],
    "tron": [
        0.113368,
        0.113368,
        0.113428
    ],
    "polkadot": [
        7.09,
        7.09,
        7.11
    ],
    "bitcoin-cash": [
        468.34,
        468.34,
        469.06
    ],
    "near": [
        7.29,
        7.29,
        7.32
    ],
    "uniswap": [
        9.65,
        9.65,
        9.66
    ],
    "internet-computer": [
        12.07,
        12.07,
        12.07
    ],
    "unus-sed-leo": [
        5.923810812706364,
        5.924793027850309
    ],
    "multi-collateral-dai": [
        1.0001541775823066,
        1.000069113199768
    ],
    "ethereum-classic": [
        29.24604814725347,
        29.20352121967086
    ],
    "aptos": [
        9.020453273510872,
        9.012054818908611,
        9.035154399673596
    ],
    "render": [
        10.032916733262505,
        10.012088976179152,
        10.03481520311252
    ],
    "hedera": [
        0.10239728445463832,
        0.10225205576386673,
        0.10228941721237177
    ],
    "kaspa": [
        0.1502679117890817,
        0.14982540110054893,
        0.1499843179357983
    ],
    "dogwifhat": [
        3.341920895613668,
        3.322725972341386,
        3.347953401859064
    ],
    "cosmos": [
        8.431468008119571,
        8.436754145642805,
        8.453288271907297
    ],
    "immutable-x": [
        2.232586390860091,
        2.235955590122965,
        2.242686206886188
    ],
    "filecoin": [
        5.840987269392822,
        5.832075804438823,
        5.834518810379873
    ],
    "arbitrum": [
        1.1232394842509121,
        1.121910460778706,
        1.1245176037881897
    ],
    "mantle": [
        0.970939940316841,
        0.9695100091400134,
        0.9700998850550258
    ],
    "stellar": [
        0.10648020712654784,
        0.10633863406456058,
        0.10645558543001628
    ],
    "cronos": [
        0.11057043366315113,
        0.110407475832685,
        0.11067744594662807
    ],
    "monero": [
        153.17576099239128,
        153.03190704172465,
        153.3554840817668
    ],
    "stacks": [
        1.9305240024265102,
        1.9220328775672486,
        1.931497553452918
    ],
    "the-graph": [
        0.29933446199082037,
        0.29922939525922077,
        0.30063838852261354
    ],
    "bttc-bittorrent-chain": [
        1.15289313431253e-06,
        1.15221619911281e-06,
        1.15257858268884e-06
    ],
    "cheelee-cheelee": [
        20.431888132603145,
        20.457172709715838,
        20.4381510611119
    ],
    "VET": [
        0.0342648619606039,
        0.0341757644980644
    ],
    "STX": [
        1.96018090681332,
        1.94312681136669
    ],
    "FLR": [
        0.0280572218861115,
        0.0280389009629798
    ],
    "XMR": [
        155.295737980525,
        155.188147347795
    ],
    "SAGA": [
        2.827609212773917,
        2.81039661314113
    ],
    "AR": [
        43.18042703963509,
        42.9957677008812
    ],
    "ZETA": [
        1.34315063641458,
        1.33600332024875
    ],
    "BGB": [
        1.3705,
        1.3705
    ],
    "FLOKI": [
        0.00027295,
        0.00027004
    ],
    "ENS": [
        26.3575212769899,
        25.9827673016465
    ],
    "PIXEL": [
        0.5249396258710736,
        0.5258105238432531
    ],
    "FTM": [
        0.81494311061099,
        0.810825200275531,
        0.810846650526059
    ],
    "INJ": [
        25.5377857730697,
        25.4948089189,
        25.7628291130794
    ],
    "MKR": [
        2603.97567578822,
        2601.85267680166,
        2601.40758510427
    ],
    "ARKM": [
        2.4674,
        2.474072980388254,
        2.4879
    ],
    "RUNE": [
        5.99374239837606,
        6.00221306841154,
        6.0063018428683
    ],
    "FET": [
        2.15214284312174,
        2.16163030432896,
        2.16431323392655
    ],
    "qnt-quant": [
        91.58793917344553,
        91.4383085035126,
        91.51493440848687
    ],
    "wld-worldcoin": [
        4.74415201236688,
        4.731309891400179,
        4.734963994083592
    ],
    "akt-akash-network": [
        4.4570399367293385,
        4.452603726317562,
        4.456173504322497
    ],
    "neo-neo": [
        14.824322325823351,
        14.811664462358284,
        14.83661472162248
    ],
    "egld-elrond": [
        38.71583094948336,
        38.79943394963776,
        38.839605840896006
    ],
    "ron-ronin-token": [
        3.184304578697496,
        3.1895526467069084,
        3.1897721656229803
    ],
    "sand-the-sandbox": [
        0.45740450385028836,
        0.4586239774015697,
        0.4600419697625987
    ],
    "wbnb-wrapped-bnb": [
        628.5423013075886,
        629.3830932537144,
        629.0116221654283
    ],
    "rbn-ribbon-finance": [
        0.9798182567438191,
        0.9869220668037927,
        0.9879917831005178
    ],
    "ordi-ordinals": [
        47.572883543208,
        47.49242873894656,
        47.53370010132469
    ],
    "mina-mina-protocol": [
        0.8738835396709804,
        0.8777589373386215,
        0.8751560006721247
    ],
    "kcs-kucoin-token": [
        10.108805573432225,
        10.10168309562783,
        10.113769960217379
    ],
    "pendle-pendle": [
        6.116500990865381,
        6.133949953575789,
        6.147939683750773
    ],
    "xtz-tezos": [
        0.9380779645983252,
        0.9416717555343828,
        0.9431142044903882
    ],
    "sei-sei": [
        0.507695840199288,
        0.5094777087905837,
        0.5111597854269355
    ],
    "xec-ecash": [
        4.639523251901682e-05,
        4.644135222959052e-05,
        4.675964042313003e-05
    ],
    "msol-marinade-staked-sol": [
        196.20525018584704,
        195.70487680651223,
        195.77139829764022
    ],
    "cfx-conflux-network": [
        0.22060643070207053,
        0.22023744600666414,
        0.2207837874948326
    ],
    "matic-network": [
        0.70552,
        0.70552,
        0.706326
    ],
    "pepe": [
        1.496e-05,
        1.496e-05,
        1.5e-05
    ],
    "litecoin": [
        83.22,
        83.22,
        83.28
    ],
    "leo-token": [
        5.94,
        5.94,
        5.96
    ],
    "okb": [
        46.89914587295114,
        46.85054661988761,
        46.88617077301939
    ],
    "first-digital-usd": [
        0.9994748581161567,
        0.9994973571730703,
        0.9996949359163378
    ],
    "arweave": [
        42.77624877838373,
        42.61260916068789,
        42.77271448662917
    ],
    "optimism-ethereum": [
        2.4386144099500924,
        2.4349850866630423,
        2.4424208500667994
    ],
    "bittensor": [
        380.5705505810248,
        380.6715674787493,
        381.1468573648808
    ],
    "floki-inu": [
        0.0002706721138362429,
        0.00026978836788744655,
        0.0002730974300370478
    ],