{
    "bitcoin": [
        71333,
        71333,
        71222
    ],
    "ethereum": [
        3806.17,
        3806.17,
        3799.9
    ],
    "tether": [
        0.999937,
        0.999937,
        0.999104
    ],
    "binancecoin": [
        708.09,
        708.09,
        704.89
    ],
    "solana": [
        171.4,
        171.4,
        171.16
    ],
    "staked-ether": [
        3802.07,
        3802.07,
        3802.41
    ],
    "usd-coin": [
        1.001,
        1.001,
        0.999839
    ],
    "ripple": [
        0.525806,
        0.525806,
        0.525307
    ],
    "dogecoin": [
        0.160322,
        0.160322,
        0.160006
    ],
    "the-open-network": [
        7.47,
        7.47,
        7.44
    ],
    "cardano": [
        0.480628,
        0.480628,
        0.482863
    ],
    "shiba-inu": [
        2.508e-05,
        2.508e-05,
        2.506e-05
    ],
    "avalanche-2": [
        36.29,
        36.29,
        36.3
    ],
    "wrapped-bitcoin": [
        71273,
        71273,
        71276
    ],
    "chainlink": [
        17.51,
        17.51,
        17.47
    ],
    "tron": [
        0.114598,
        0.114598,
        0.114559
    ],
    "polkadot": [
        7.19,
        7.19,
        7.21
    ],
    "bitcoin-cash": [
        516.1,
        516.1,
        514.81
    ],
    "near": [
        7.37,
        7.37,
        7.37
    ],
    "uniswap": [
        10.44,
        10.44,
        10.43
    ],
    "internet-computer": [
        12.65,
        12.65,
        12.64
    ],
    "unus-sed-leo": [
        5.923810812706364,
        5.924793027850309
    ],
    "multi-collateral-dai": [
        1.0001541775823066,
        1.000069113199768
    ],
    "ethereum-classic": [
        29.387441989129655,
        29.460698955719895,
        29.423851669313404
    ],
    "aptos": [
        9.260766374763206,
        9.266500425161304,
        9.279426737322112
    ],
    "render": [
        10.322246821037977,
        10.332042339936104,
        10.297726024034718
    ],
    "hedera": [
        0.10112579041586425,
        0.10121895049865097,
        0.1012018763749945
    ],
    "kaspa": [
        0.17305964596775456,
        0.17328099376245765,
        0.1726774865378117
    ],
    "dogwifhat": [
        3.2433799365740117,
        3.243300094137009,
        3.2308404676427074
    ],
    "cosmos": [
        8.601301947393706,
        8.617280168636393,
        8.634013076672023
    ],
    "immutable-x": [
        2.23854220579401,
        2.2440510898619155,
        2.2422084391515535
    ],
    "filecoin": [
        6.493472564336271,
        6.508326197114695,
        6.520849693017176
    ],
    "arbitrum": [
        1.091276637640991,
        1.0924309068361535,
        1.0909631686974803
    ],
    "mantle": [
        1.0103180030197634,
        1.0102644974630899,
        1.009192663287904
    ],
    "stellar": [
        0.10642895105239045,
        0.10639880546757313,
        0.10644558550837627
    ],
    "cronos": [
        0.11630866730093616,
        0.1165566567162356,
        0.11682094950596057
    ],
    "monero": [
        168.0768429104389,
        168.27259358529557,
        168.1770917410573
    ],
    "stacks": [
        2.457234686291429,
        2.4711899613949515,
        2.4499418290217045
    ],
    "the-graph": [
        0.294468148789959,
        0.2940783743028178,
        0.2939713440900936
    ],
    "bttc-bittorrent-chain": [
        1.16823010253352e-06,
        1.16724241016174e-06,
        1.16635101806552e-06
    ],
    "cheelee-cheelee": [
        21.151739009370274,
        21.147791556733264,
        21.222239819534185
    ],
    "VET": [
        0.0342648619606039,
        0.0341757644980644
    ],
    "STX": [
        1.96018090681332,
        1.94312681136669
    ],
    "FLR": [
        0.0280572218861115,
        0.0280389009629798
    ],
    "XMR": [
        155.295737980525,
        155.188147347795
    ],
    "SAGA": [
        2.827609212773917,
        2.81039661314113
    ],
    "AR": [
        43.18042703963509,
        42.9957677008812
    ],
    "ZETA": [
        1.24240267283791,
        1.24570613429196,
        1.24690898829529
    ],
    "BGB": [
        1.1906,
        1.1906,
        1.1906
    ],
    "FLOKI": [
        0.00026691,
        0.00026701,
        0.00025869
    ],
    "ENS": [
        24.2834324737039,
        24.2170583345544,
        24.1802261381486
    ],
    "PIXEL": [
        0.48769,
        0.48565,
        0.48619
    ],
    "FTM": [
        0.806479533698492,
        0.803021610310486,
        0.803688396269601
    ],
    "INJ": [
        25.8086457389147,
        25.7996455630143,
        25.9201593958232
    ],
    "MKR": [
        2596.938976013624,
        2597.191557732568,
        2594.916080976201
    ],
    "ARKM": [
        2.626743482716449,
        2.628414754078233,
        2.629537862114028
    ],
    "RUNE": [
        6.17321487917282,
        6.17337478715349,
        6.19039315563686
    ],
    "FET": [
        2.0226790510913,
        2.01834383998768,
        2.01367164267028
    ],
    "qnt-quant": [
        89.80909897120355,
        89.69836958223725,
        89.6453250180367
    ],
    "wld-worldcoin": [
        4.924112771961906,
        4.925965797456487,
        4.925434750007065
    ],
    "akt-akash-network": [
        4.474382000560627,
        4.475949605509711,
        4.4784814335543475
    ],
    "neo-neo": [
        15.049719360151672,
        15.111028194222794,
        15.089666172816528
    ],
    "egld-elrond": [
        39.49378290573838,
        39.55734334554885,
        39.70915382032685
    ],
    "ron-ronin-token": [
        3.063905315451367,
        3.0701712218828177,
        3.067135044357635
    ],
    "sand-the-sandbox": [
        0.4693716458529471,
        0.4705424005127326,
        0.47060305411349773
    ],
    "wbnb-wrapped-bnb": [
        707.084349540604,
        706.8655066704185,
        706.6001975709509
    ],
    "rbn-ribbon-finance": [
        0.9885661800071454,
        0.9879724354960426,
        0.980782160787907
    ],
    "ordi-ordinals": [
        61.448234644197434,
        61.483053657553924,
        61.81069049734637
    ],
    "mina-mina-protocol": [
        0.8656267730424289,
        0.8709013691034484,
        0.8749109914846994
    ],
    "kcs-kucoin-token": [
        10.432764692533848,
        10.43058073370988,
        10.430731202862466
    ],
    "pendle-pendle": [
        5.920309844791598,
        5.9140184541053245,
        5.911927372558721
    ],
    "xtz-tezos": [
        0.9470742740547937,
        0.9479178165269428,
        0.9490885717536133
    ],
    "sei-sei": [
        0.5601817687129355,
        0.5569577609166989,
        0.5552051838677411
    ],
    "xec-ecash": [
        4.727271559010145e-05,
        4.736507368650696e-05,
        4.72931345520665e-05
    ],
    "msol-marinade-staked-sol": [
        204.3800169428315,
        204.6588452980682,
        204.1969269148907
    ],
    "cfx-conflux-network": [
        0.22784504580840484,
        0.22763561393028048,
        0.22821726667808553
    ],
    "matic-network": [
        0.714636,
        0.714636,
        0.713481
    ],
    "pepe": [
        1.402e-05,
        1.402e-05,
        1.41e-05
    ],
    "litecoin": [
        84.07,
        84.07,
        83.84
    ],
    "leo-token": [
        5.99,
        5.99,
        5.99
    ],
    "okb": [
        50.063440623619464,
        50.14135275441498,
        50.05174801631229
    ],
    "first-digital-usd": [
        1.0006387647835815,
        1.0007111869862122,
        1.0006691992857568
    ],
    "arweave": [
        41.731724708563405,
        41.741623757478116,
        41.33815677999022
    ],
    "optimism-ethereum": [
        2.5088844990818737,
        2.510886816560711,
        2.5073423050446517
    ],
    "bittensor": [
        428.4674415001322,
        427.38032869040103,
        426.094610486966
    ],