{
    "bitcoin": [
        69431,
        69490,
        69478
    ],
    "ethereum": [
        3687.86,
        3694.69,
        3692.92
    ],
    "tether": [
        0.999774,
        0.999885,
        0.999706
    ],
    "binancecoin": [
        687.47,
        688.73,
        688.78
    ],
    "solana": [
        161.64,
        162.12,
        162.05
    ],
    "staked-ether": [
        3689.49,
        3692.48,
        3691.02
    ],
    "usd-coin": [
        1.0,
        1.0,
        1.0
    ],
    "ripple": [
        0.496982,
        0.497429,
        0.496816
    ],
    "dogecoin": [
        0.147134,
        0.147394,
        0.147259
    ],
    "the-open-network": [
        7.38,
        7.36,
        7.36
    ],
    "cardano": [
        0.439131,
        0.43997,
        0.438914
    ],
    "shiba-inu": [
        2.367e-05,
        2.369e-05,
        2.366e-05
    ],
    "avalanche-2": [
        33.1,
        33.14,
        33.07
    ],
    "wrapped-bitcoin": [
        69483,
        69514,
        69533
    ],
    "chainlink": [
        16.06,
        16.09,
        16.07
    ],
    "tron": [
        0.112998,
        0.112993,
        0.11299
    ],
    "polkadot": [
        6.53,
        6.54,
        6.53
    ],
    "bitcoin-cash": [
        476.62,
        477.56,
        476.97
    ],
    "near": [
        6.79,
        6.8,
        6.78
    ],
    "uniswap": [
        9.95,
        9.95,
        9.96
    ],
    "internet-computer": [
        11.54,
        11.55,
        11.55
    ],
    "unus-sed-leo": [
        5.923810812706364,
        5.924793027850309
    ],
    "multi-collateral-dai": [
        1.0001541775823066,
        1.000069113199768
    ],
    "ethereum-classic": [
        26.937163224173737,
        26.956041268651056,
        26.893300872572144
    ],
    "aptos": [
        8.380481887644251,
        8.389767877485816,
        8.36066969129495
    ],
    "render": [
        9.332489322542465,
        9.299067504002236,
        9.28975839891223
    ],
    "hedera": [
        0.09214022891664873,
        0.0920599094403176,
        0.09183674406346759
    ],
    "kaspa": [
        0.16615144393788409,
        0.1665473950442581,
        0.166636421832485
    ],
    "dogwifhat": [
        2.7622198037362864,
        2.776288742182796,
        2.75909156582105
    ],
    "cosmos": [
        8.032081341169635,
        8.033430672999824,
        8.01633650661694
    ],
    "immutable-x": [
        2.05718411675566,
        2.058013803048496,
        2.0532994836653997
    ],
    "filecoin": [
        6.246056074955088,
        6.261405323249523,
        6.286514595785761
    ],
    "arbitrum": [
        0.9882919532963528,
        0.9885839392697716,
        0.9856249005702141
    ],
    "mantle": [
        0.9532334888313801,
        0.9536901897258256,
        0.9526864373961885
    ],
    "stellar": [
        0.09912140059424435,
        0.09907958167572936,
        0.09870640211084025
    ],
    "cronos": [
        0.11388480577103832,
        0.11379104123608158,
        0.11374795433984321
    ],
    "monero": [
        163.67528136663574,
        163.48778730851703,
        163.3578042279937
    ],
    "stacks": [
        2.325780050074101,
        2.318043219643755,
        2.3078753492892465
    ],
    "the-graph": [
        0.2662462164053629,
        0.26645126782488016,
        0.26601914145048466
    ],
    "bttc-bittorrent-chain": [
        1.11624525787588e-06,
        1.12004901940729e-06,
        1.12238899167158e-06
    ],
    "cheelee-cheelee": [
        20.716133629656227,
        20.611111861535857,
        20.68913947473426
    ],
    "VET": [
        0.0342648619606039,
        0.0341757644980644
    ],
    "STX": [
        1.96018090681332,
        1.94312681136669
    ],
    "FLR": [
        0.0280572218861115,
        0.0280389009629798
    ],
    "XMR": [
        155.295737980525,
        155.188147347795
    ],
    "SAGA": [
        2.827609212773917,
        2.81039661314113
    ],
    "AR": [
        43.18042703963509,
        42.9957677008812
    ],
    "ZETA": [
        1.11698886903034,
        1.1142736398709,
        1.12400151652205
    ],
    "BGB": [
        1.1906,
        1.1906,
        1.1906
    ],
    "FLOKI": [
        0.00026691,
        0.00026701,
        0.00025869
    ],
    "ENS": [
        22.0354173220622,
        22.0103713763583,
        21.9500449274387
    ],
    "PIXEL": [
        0.42959,
        0.42847,
        0.42537
    ],
    "FTM": [
        0.712649514359545,
        0.714113573324004,
        0.712449170939008
    ],
    "INJ": [
        25.8086457389147,
        25.7996455630143,
        25.9201593958232
    ],
    "MKR": [
        2594.894715936144,
        2596.414635467978,
        2594.250306521202
    ],
    "ARKM": [
        2.626743482716449,
        2.628414754078233,
        2.629537862114028
    ],
    "RUNE": [
        5.51405116654893,
        5.53241101298847,
        5.53177178323146
    ],
    "FET": [
        1.80507014927294,
        1.80437001190586,
        1.79448703069399
    ],
    "qnt-quant": [
        85.27697398097872,
        85.1117444560141,
        84.97677376983621
    ],
    "wld-worldcoin": [
        4.406723841110212,
        4.401954494787416,
        4.386929873341255
    ],
    "akt-akash-network": [
        4.1536030152917895,
        4.152717569434089,
        4.152881561435872
    ],
    "neo-neo": [
        13.857608287385341,
        13.855603290222273,
        13.777160014001561
    ],
    "egld-elrond": [
        35.64233288046783,
        35.51535022971626,
        35.43551046013043
    ],
    "ron-ronin-token": [
        2.9626651208556947,
        2.9653149518676543,
        2.9511536728205665
    ],
    "sand-the-sandbox": [
        0.42703334017935435,
        0.4263693917443977,
        0.4263139366444875
    ],
    "wbnb-wrapped-bnb": [
        687.8621868874986,
        688.5205602383926,
        688.4611686825111
    ],
    "rbn-ribbon-finance": [
        0.9885661800071454,
        0.9879724354960426,
        0.980782160787907
    ],
    "ordi-ordinals": [
        59.171065765798524,
        59.2054871510235,
        59.33578375242714
    ],
    "mina-mina-protocol": [
        0.7829453295987144,
        0.7812764543717468,
        0.7768353676208937
    ],
    "kcs-kucoin-token": [
        10.226321689497574,
        10.223510886162618,
        10.233306053585462
    ],
    "pendle-pendle": [
        5.548441768136512,
        5.553491422531266,
        5.528667778843236
    ],
    "xtz-tezos": [
        0.8608540751114656,
        0.8589524025720764,
        0.8566248274802138
    ],
    "sei-sei": [
        0.5319387780748017,
        0.5275078552446113,
        0.5258223305770996
    ],
    "xec-ecash": [
        4.308435829848785e-05,
        4.304474088310204e-05,
        4.271774517842488e-05
    ],
    "msol-marinade-staked-sol": [
        193.07744578396265,
        193.4349755369787,
        193.2579536782768
    ],
    "cfx-conflux-network": [
        0.2272375731725614,
        0.2272375731725614,
        0.22709059873310986
    ],
    "matic-network": [
        0.659179,
        0.659703,
        0.657792
    ],
    "pepe": [
        1.291e-05,
        1.292e-05,
        1.291e-05
    ],
    "litecoin": [
        79.88,
        80.03,
        79.93
    ],
    "leo-token": [
        5.97,
        5.97,
        5.96
    ],
    "okb": [
        48.30564214650104,
        48.303606924296844,
        48.321264602702854
    ],
    "first-digital-usd": [
        1.000745736092907,
        1.0006425524592117,
        1.0007145960963248
    ],
    "arweave": [
        38.432322616748735,
        38.48132409403094,
        38.42995478865814
    ],
    "optimism-ethereum": [
        2.2110333179025967,
        2.213516747210582,
        2.20481238436092
    ],
    "bittensor": [
        387.4106287383959,
        387.99000601002547,
        385.8860493251459
    ],