{
    "bitcoin": [
        70162,
        70418,
        70823
    ],
    "ethereum": [
        3803.5,
        3803.28,
        3819.2
    ],
    "tether": [
        1.0,
        1.001,
        1.001
    ],
    "binancecoin": [
        664.54,
        662.41,
        663.42
    ],
    "solana": [
        167.0,
        167.87,
        168.98
    ],
    "staked-ether": [
        3804.19,
        3799.31,
        3816.16
    ],
    "usd-coin": [
        1.0,
        0.998921,
        1.001
    ],
    "ripple": [
        0.528356,
        0.528521,
        0.528623
    ],
    "dogecoin": [
        0.160049,
        0.160434,
        0.161087
    ],
    "the-open-network": [
        6.99,
        6.98,
        6.97
    ],
    "cardano": [
        0.459971,
        0.460396,
        0.460674
    ],
    "shiba-inu": [
        2.423e-05,
        2.433e-05,
        2.442e-05
    ],
    "avalanche-2": [
        35.72,
        35.79,
        35.73
    ],
    "wrapped-bitcoin": [
        70153,
        70306,
        70673
    ],
    "chainlink": [
        17.77,
        17.79,
        17.81
    ],
    "tron": [
        0.114227,
        0.114253,
        0.114343
    ],
    "polkadot": [
        7.17,
        7.17,
        7.17
    ],
    "bitcoin-cash": [
        474.54,
        474.63,
        477.68
    ],
    "near": [
        7.36,
        7.4,
        7.43
    ],
    "uniswap": [
        10.22,
        10.39,
        10.41
    ],
    "internet-computer": [
        12.23,
        12.21,
        12.23
    ],
    "unus-sed-leo": [
        5.923810812706364,
        5.924793027850309
    ],
    "multi-collateral-dai": [
        1.0001541775823066,
        1.000069113199768
    ],
    "ethereum-classic": [
        28.245398257432665,
        28.209715278628575,
        28.280479846943802
    ],
    "aptos": [
        9.051629995451595,
        9.08065942308893,
        9.076494971208078
    ],
    "render": [
        10.383367767534567,
        10.396992769588811,
        10.367287969086668
    ],
    "hedera": [
        0.10176996553878098,
        0.10200902111607638,
        0.10185915690373924
    ],
    "kaspa": [
        0.17779184513273552,
        0.17780532546011837,
        0.17847730492082625
    ],
    "dogwifhat": [
        3.3184966125172988,
        3.360750996161161,
        3.419585577122751
    ],
    "cosmos": [
        8.504767403572421,
        8.521471061163668,
        8.492129176850401
    ],
    "immutable-x": [
        2.3213912353620576,
        2.323362706779104,
        2.326969742704084
    ],
    "filecoin": [
        5.9297364316296415,
        5.9371841446040525,
        5.940890245721266
    ],
    "arbitrum": [
        1.105217115079073,
        1.1060049901369253,
        1.107997411169674
    ],
    "mantle": [
        0.9658513287381616,
        0.971929331459659,
        0.9709549846744371
    ],
    "stellar": [
        0.10630391656295135,
        0.10647002627906432,
        0.10637665796129576
    ],
    "cronos": [
        0.10892707040711178,
        0.10851958399854131,
        0.10854441654620599
    ],
    "monero": [
        158.56351764884363,
        158.1703743034896,
        158.76109325806118
    ],
    "stacks": [
        2.07237221081209,
        2.0914291622749244,
        2.1088250778035373
    ],
    "the-graph": [
        0.3011319639540357,
        0.3014092814654727,
        0.3017991162181892
    ],
    "bttc-bittorrent-chain": [
        1.14622267830714e-06,
        1.14704964236261e-06,
        1.14805397593079e-06
    ],
    "cheelee-cheelee": [
        20.452227744248727,
        20.48842547982513,
        20.56654002153989
    ],
    "VET": [
        0.0342648619606039,
        0.0341757644980644
    ],
    "STX": [
        1.96018090681332,
        1.94312681136669
    ],
    "FLR": [
        0.0280572218861115,
        0.0280389009629798
    ],
    "XMR": [
        155.295737980525,
        155.188147347795
    ],
    "SAGA": [
        2.827609212773917,
        2.81039661314113
    ],
    "AR": [
        43.18042703963509,
        42.9957677008812
    ],
    "ZETA": [
        1.34315063641458,
        1.33600332024875
    ],
    "BGB": [
        1.3705,
        1.3705
    ],
    "FLOKI": [
        0.00026691,
        0.00026701,
        0.00025869
    ],
    "ENS": [
        25.4492011438225,
        25.3866619034209,
        25.3798489910891
    ],
    "PIXEL": [
        0.49074,
        0.4927,
        0.49493
    ],
    "FTM": [
        0.81494311061099,
        0.810825200275531,
        0.810846650526059
    ],
    "INJ": [
        25.0168276085141,
        25.685202254049,
        25.5595309419106
    ],
    "MKR": [
        2595.52693877738,
        2597.09612332585,
        2594.82406039628
    ],
    "ARKM": [
        2.4701,
        2.4832,
        2.4884
    ],
    "RUNE": [
        6.17470504592002,
        6.18708032023869,
        6.18316291789175
    ],
    "FET": [
        2.1301985084865,
        2.13107644049325,
        2.12474299715878
    ],
    "qnt-quant": [
        90.45072309282968,
        90.95864174530217,
        91.24610050675125
    ],
    "wld-worldcoin": [
        4.754979220097153,
        4.773021271440211,
        4.777644748434239
    ],
    "akt-akash-network": [
        4.391466497654521,
        4.423561155831165,
        4.452594021621246
    ],
    "neo-neo": [
        14.949051846938447,
        14.987487874447007,
        15.004251062792838
    ],
    "egld-elrond": [
        39.420286846516674,
        39.6394201015945,
        39.46308542846064
    ],
    "ron-ronin-token": [
        3.1077660320912432,
        3.0913655819817456,
        3.0939426494853612
    ],
    "sand-the-sandbox": [
        0.4587762856991198,
        0.4610225224321186,
        0.4593196470386195
    ],
    "wbnb-wrapped-bnb": [
        663.6851331832225,
        666.2812671351543,
        663.4636237994176
    ],
    "rbn-ribbon-finance": [
        0.9885661800071454,
        0.9879724354960426,
        0.980782160787907
    ],
    "ordi-ordinals": [
        52.281126413786936,
        52.83260272223584,
        54.00552415144923
    ],
    "mina-mina-protocol": [
        0.8518618654956452,
        0.8526400291460065,
        0.8523340184992537
    ],
    "kcs-kucoin-token": [
        10.032368901058573,
        10.044670669781894,
        10.055755565527955
    ],
    "pendle-pendle": [
        6.215785695202256,
        6.259512887529849,
        6.327292804715527
    ],
    "xtz-tezos": [
        0.9416159551597301,
        0.9455774313407626,
        0.9452814324556769
    ],
    "sei-sei": [
        0.5234580879344404,
        0.5245276387322736,
        0.526550170304857
    ],
    "xec-ecash": [
        4.610774675417983e-05,
        4.632355903099919e-05,
        4.669939292313189e-05
    ],
    "msol-marinade-staked-sol": [
        198.9623104321239,
        200.4375991017847,
        200.89189040889914
    ],
    "cfx-conflux-network": [
        0.21967464445279947,
        0.21936017025841908,
        0.22061992145879977
    ],
    "matic-network": [
        0.713595,
        0.713588,
        0.714027
    ],
    "pepe": [
        1.455e-05,
        1.469e-05,
        1.472e-05
    ],
    "litecoin": [
        82.6,
        82.62,
        82.84
    ],
    "leo-token": [
        5.95,
        5.94,
        5.94
    ],
    "okb": [
        47.73420224400045,
        47.91906796807363,
        47.944486875313004
    ],
    "first-digital-usd": [
        1.0001110230911054,
        1.000950703579665,
        1.0007432635927098
    ],
    "arweave": [
        45.03857031062569,
        45.145952692791646,
        45.638970826370134
    ],
    "optimism-ethereum": [
        2.444434630968975,
        2.4507674685567475,
        2.453033856846033
    ],
    "bittensor": [
        390.2218950554193,
        391.48450424767185,
        397.19946001080507
    ],