{
    "bitcoin": [
        70379,
        70216,
        70216
    ],
    "ethereum": [
        3801.76,
        3794.23,
        3794.23
    ],
    "tether": [
        1.0,
        0.999726,
        0.999726
    ],
    "binancecoin": [
        670.53,
        668.08,
        668.08
    ],
    "solana": [
        168.88,
        168.4,
        168.4
    ],
    "staked-ether": [
        3801.74,
        3792.45,
        3792.45
    ],
    "usd-coin": [
        1.001,
        0.999399,
        0.999399
    ],
    "ripple": [
        0.52673,
        0.52548,
        0.52548
    ],
    "dogecoin": [
        0.160752,
        0.160325,
        0.160325
    ],
    "the-open-network": [
        7.09,
        7.05,
        7.05
    ],
    "cardano": [
        0.463023,
        0.461694,
        0.461694
    ],
    "shiba-inu": [
        2.434e-05,
        2.429e-05,
        2.429e-05
    ],
    "avalanche-2": [
        35.65,
        35.58,
        35.58
    ],
    "wrapped-bitcoin": [
        70534,
        70291,
        70291
    ],
    "chainlink": [
        17.66,
        17.63,
        17.63
    ],
    "tron": [
        0.114451,
        0.114267,
        0.114267
    ],
    "polkadot": [
        7.19,
        7.18,
        7.18
    ],
    "bitcoin-cash": [
        475.27,
        473.96,
        473.96
    ],
    "near": [
        7.43,
        7.4,
        7.4
    ],
    "uniswap": [
        11.52,
        11.39,
        11.39
    ],
    "internet-computer": [
        12.2,
        12.17,
        12.17
    ],
    "unus-sed-leo": [
        5.923810812706364,
        5.924793027850309
    ],
    "multi-collateral-dai": [
        1.0001541775823066,
        1.000069113199768
    ],
    "ethereum-classic": [
        28.245398257432665,
        28.209715278628575,
        28.280479846943802
    ],
    "aptos": [
        9.105456409437584,
        9.098872133925424,
        9.090343374350525
    ],
    "render": [
        10.29724209862957,
        10.265836797650653,
        10.250083756045695
    ],
    "hedera": [
        0.10205813213574187,
        0.10173289216926652,
        0.10163940608446198
    ],
    "kaspa": [
        0.1790785035418766,
        0.17689990696589208,
        0.17760439730982994
    ],
    "dogwifhat": [
        3.380791994696716,
        3.36618938988082,
        3.3707746594665484
    ],
    "cosmos": [
        8.50573310147831,
        8.504400932988966,
        8.497632491540434
    ],
    "immutable-x": [
        2.3124860232698827,
        2.3073789965422242,
        2.3023111027493193
    ],
    "filecoin": [
        5.9558745621154605,
        5.94305123867216,
        5.947547706525271
    ],
    "arbitrum": [
        1.102649060297499,
        1.1026117501144905,
        1.1026001137381285
    ],
    "mantle": [
        0.9591969115058021,
        0.9619520601424002,
        0.9614299850192649
    ],
    "stellar": [
        0.10652999563184332,
        0.10645932615429203,
        0.10641066823822415
    ],
    "cronos": [
        0.1100097621877486,
        0.11001620188686584,
        0.10993179404275075
    ],
    "monero": [
        159.1477805460159,
        159.21245726566946,
        159.23470689927473
    ],
    "stacks": [
        2.106417587036944,
        2.109255197546702,
        2.1155242866388715
    ],
    "the-graph": [
        0.29957072394950973,
        0.2995277038908239,
        0.2992469144010179
    ],
    "bttc-bittorrent-chain": [
        1.15100145206015e-06,
        1.15012210453577e-06,
        1.14865209582635e-06
    ],
    "cheelee-cheelee": [
        20.74236533657989,
        20.792750446052654,
        20.79017201206821
    ],
    "VET": [
        0.0342648619606039,
        0.0341757644980644
    ],
    "STX": [
        1.96018090681332,
        1.94312681136669
    ],
    "FLR": [
        0.0280572218861115,
        0.0280389009629798
    ],
    "XMR": [
        155.295737980525,
        155.188147347795
    ],
    "SAGA": [
        2.827609212773917,
        2.81039661314113
    ],
    "AR": [
        43.18042703963509,
        42.9957677008812
    ],
    "ZETA": [
        1.34315063641458,
        1.33600332024875
    ],
    "BGB": [
        1.3705,
        1.3705
    ],
    "FLOKI": [
        0.00026691,
        0.00026701,
        0.00025869
    ],
    "ENS": [
        25.0495507976917,
        24.9126243841295,
        25.0087252930102
    ],
    "PIXEL": [
        0.48571,
        0.48511,
        0.48716
    ],
    "FTM": [
        0.81494311061099,
        0.810825200275531,
        0.810846650526059
    ],
    "INJ": [
        25.0297466478126,
        25.0028941527687,
        25.0681978366347
    ],
    "MKR": [
        2618.19713759826,
        2621.10444575862,
        2615.17302339551
    ],
    "ARKM": [
        2.4701,
        2.4832,
        2.4884
    ],
    "RUNE": [
        6.16361079925786,
        6.14782588017963,
        6.16023734627946
    ],
    "FET": [
        2.11555517421988,
        2.10456097050282,
        2.10682077284549
    ],
    "qnt-quant": [
        91.17372926410428,
        91.14508392923005,
        91.11245224785098
    ],
    "wld-worldcoin": [
        4.791419324699132,
        4.801739612107792,
        4.797826376363772
    ],
    "akt-akash-network": [
        4.436210279709771,
        4.439886394062035,
        4.425969464842263
    ],
    "neo-neo": [
        15.033274932391734,
        15.018696936080426,
        14.99241972790668
    ],
    "egld-elrond": [
        39.152399980897684,
        39.16677940006676,
        39.18833199695402
    ],
    "ron-ronin-token": [
        3.0561652994085966,
        3.0593953988420504,
        3.0534413055492236
    ],
    "sand-the-sandbox": [
        0.4613328702915736,
        0.462442347911433,
        0.46171970857678096
    ],
    "wbnb-wrapped-bnb": [
        669.3052189155021,
        669.733552344976,
        667.75056254766
    ],
    "rbn-ribbon-finance": [
        0.9885661800071454,
        0.9879724354960426,
        0.980782160787907
    ],
    "ordi-ordinals": [
        55.96806842497728,
        55.78931882685083,
        55.56419051223427
    ],
    "mina-mina-protocol": [
        0.845564604556573,
        0.8466307715299062,
        0.8459762486145637
    ],
    "kcs-kucoin-token": [
        10.087292709040605,
        10.09489620162366,
        10.084204024294355
    ],
    "pendle-pendle": [
        6.198243788831185,
        6.194474323890132,
        6.190881755765275
    ],
    "xtz-tezos": [
        0.9451649262409676,
        0.944994791507704,
        0.9433300867117789
    ],
    "sei-sei": [
        0.5202600593355623,
        0.5196993401171441,
        0.5182459773314152
    ],
    "xec-ecash": [
        4.647177132633404e-05,
        4.645664466642643e-05,
        4.643237015244504e-05
    ],
    "msol-marinade-staked-sol": [
        201.08882422511368,
        200.94779646392115,
        200.5473015581544
    ],
    "cfx-conflux-network": [
        0.2212836742468146,
        0.2212985412578897,
        0.2216218147611572
    ],
    "matic-network": [
        0.71321,
        0.711325,
        0.711325
    ],
    "pepe": [
        1.42e-05,
        1.416e-05,
        1.416e-05
    ],
    "litecoin": [
        83.36,
        83.34,
        83.34
    ],
    "leo-token": [
        5.95,
        5.94,
        5.94
    ],
    "okb": [
        48.046559427401164,
        48.07630090466326,
        48.053948191442096
    ],
    "first-digital-usd": [
        1.0003687481245,
        1.0002973728560667,
        1.000394583838515
    ],
    "arweave": [
        45.52678847100736,
        45.42237040670513,
        45.380656625487624
    ],
    "optimism-ethereum": [
        2.4580742333852985,
        2.456023283399864,
        2.4558213264630964
    ],
    "bittensor": [
        392.2175017734966,
        390.479829359317,
        390.1778430262153
    ],