{
    "bitcoin": [
        69342,
        69342,
        69305
    ],
    "ethereum": [
        3683.88,
        3683.88,
        3681.69
    ],
    "tether": [
        0.999802,
        0.999802,
        0.999504
    ],
    "binancecoin": [
        682.32,
        682.32,
        683.64
    ],
    "solana": [
        162.39,
        162.39,
        162.13
    ],
    "staked-ether": [
        3681.86,
        3681.86,
        3677.23
    ],
    "usd-coin": [
        1.0,
        1.0,
        0.999594
    ],
    "ripple": [
        0.50001,
        0.50001,
        0.499673
    ],
    "dogecoin": [
        0.148284,
        0.148284,
        0.148145
    ],
    "the-open-network": [
        7.31,
        7.31,
        7.31
    ],
    "cardano": [
        0.445759,
        0.445759,
        0.445102
    ],
    "shiba-inu": [
        2.393e-05,
        2.393e-05,
        2.396e-05
    ],
    "avalanche-2": [
        33.67,
        33.67,
        33.61
    ],
    "wrapped-bitcoin": [
        69406,
        69406,
        69352
    ],
    "chainlink": [
        16.34,
        16.34,
        16.32
    ],
    "tron": [
        0.112555,
        0.112555,
        0.11255
    ],
    "polkadot": [
        6.61,
        6.61,
        6.61
    ],
    "bitcoin-cash": [
        481.88,
        481.88,
        481.03
    ],
    "near": [
        6.84,
        6.84,
        6.83
    ],
    "uniswap": [
        9.89,
        9.89,
        9.9
    ],
    "internet-computer": [
        11.54,
        11.55,
        11.55
    ],
    "unus-sed-leo": [
        5.923810812706364,
        5.924793027850309
    ],
    "multi-collateral-dai": [
        1.0001541775823066,
        1.000069113199768
    ],
    "ethereum-classic": [
        27.077215246989955,
        27.102082101675883,
        27.095838878027646
    ],
    "aptos": [
        8.482675709408861,
        8.495227125202797,
        8.485615564797525
    ],
    "render": [
        9.498657774640188,
        9.510939811363727,
        9.48946092417552
    ],
    "hedera": [
        0.09358919359918337,
        0.09365344539711405,
        0.09351514500066364
    ],
    "kaspa": [
        0.16689088302798535,
        0.16642637010032527,
        0.16680200788479696
    ],
    "dogwifhat": [
        2.829155465208759,
        2.829605196596886,
        2.8200651144158257
    ],
    "cosmos": [
        8.020559170740066,
        8.022264455010303,
        8.021379451359962
    ],
    "immutable-x": [
        2.08182812117773,
        2.0829276065869324,
        2.0779220432990693
    ],
    "filecoin": [
        6.299269074516658,
        6.364986557686045,
        6.334465190111708
    ],
    "arbitrum": [
        0.991062993871554,
        0.9908060042461869,
        0.9897474621671912
    ],
    "mantle": [
        0.9542230241777349,
        0.9535538521880715,
        0.9528209421684763
    ],
    "stellar": [
        0.09965373089482953,
        0.09964275428300012,
        0.09964336742448628
    ],
    "cronos": [
        0.11427855500890464,
        0.11434459386482718,
        0.11430964364617813
    ],
    "monero": [
        162.4044783315805,
        161.80664611766574,
        161.9987625931758
    ],
    "stacks": [
        2.3324082881817128,
        2.3255469158724975,
        2.301449934727199
    ],
    "the-graph": [
        0.2709625370585536,
        0.27107175832628444,
        0.27081612845197384
    ],
    "bttc-bittorrent-chain": [
        1.12182580908308e-06,
        1.12452569477563e-06,
        1.12442651439441e-06
    ],
    "cheelee-cheelee": [
        20.772338261628796,
        20.804179971296502,
        20.829164255737524
    ],
    "VET": [
        0.0342648619606039,
        0.0341757644980644
    ],
    "STX": [
        1.96018090681332,
        1.94312681136669
    ],
    "FLR": [
        0.0280572218861115,
        0.0280389009629798
    ],
    "XMR": [
        155.295737980525,
        155.188147347795
    ],
    "SAGA": [
        2.827609212773917,
        2.81039661314113
    ],
    "AR": [
        43.18042703963509,
        42.9957677008812
    ],
    "ZETA": [
        1.11698886903034,
        1.1142736398709,
        1.12400151652205
    ],
    "BGB": [
        1.1906,
        1.1906,
        1.1906
    ],
    "FLOKI": [
        0.00026691,
        0.00026701,
        0.00025869
    ],
    "ENS": [
        22.179399527677,
        22.1001330957187,
        22.0497817146523
    ],
    "PIXEL": [
        0.43907,
        0.43772,
        0.43563
    ],
    "FTM": [
        0.727350834175042,
        0.728142868190523,
        0.722402220131525
    ],
    "INJ": [
        25.8086457389147,
        25.7996455630143,
        25.9201593958232
    ],
    "MKR": [
        2594.894715936144,
        2596.414635467978,
        2594.250306521202
    ],
    "ARKM": [
        2.626743482716449,
        2.628414754078233,
        2.629537862114028
    ],
    "RUNE": [
        5.47770432886753,
        5.47795436106829,
        5.47855023991934
    ],
    "FET": [
        1.83757842956688,
        1.83571444702569,
        1.83288167362392
    ],
    "qnt-quant": [
        85.95061546105488,
        85.8465765614608,
        85.89531895612569
    ],
    "wld-worldcoin": [
        4.458433727479685,
        4.461377946722302,
        4.456459316579282
    ],
    "akt-akash-network": [
        4.203341520427846,
        4.2077604471925465,
        4.202566506976393
    ],
    "neo-neo": [
        14.067449094518214,
        14.10772147503807,
        14.111985404565006
    ],
    "egld-elrond": [
        35.93827039191744,
        36.03426036476906,
        36.01470035186932
    ],
    "ron-ronin-token": [
        2.9472806262429136,
        2.9537013374601018,
        2.954570026481666
    ],
    "sand-the-sandbox": [
        0.4342483571664204,
        0.43441829517407726,
        0.43343264050648606
    ],
    "wbnb-wrapped-bnb": [
        681.6496271650373,
        682.8359356801545,
        683.5192243284398
    ],
    "rbn-ribbon-finance": [
        0.9885661800071454,
        0.9879724354960426,
        0.980782160787907
    ],
    "ordi-ordinals": [
        59.171065765798524,
        59.2054871510235,
        59.33578375242714
    ],
    "mina-mina-protocol": [
        0.7961668655227377,
        0.798234536831925,
        0.79696062240275
    ],
    "kcs-kucoin-token": [
        10.266097830316792,
        10.264942678952236,
        10.272850162585753
    ],
    "pendle-pendle": [
        5.5750764188021416,
        5.556485704821326,
        5.547500676086377
    ],
    "xtz-tezos": [
        0.870901349131064,
        0.8725490753946905,
        0.8717688593983415
    ],
    "sei-sei": [
        0.5338286173724472,
        0.5401620312666836,
        0.5375695243332255
    ],
    "xec-ecash": [
        4.333714403584442e-05,
        4.330012745372618e-05,
        4.332010338081465e-05
    ],
    "msol-marinade-staked-sol": [
        193.82049408727306,
        193.82793570744653,
        193.76028581134767
    ],
    "cfx-conflux-network": [
        0.2272375731725614,
        0.2272375731725614,
        0.22709059873310986
    ],
    "matic-network": [
        0.666654,
        0.666654,
        0.665945
    ],
    "pepe": [
        1.302e-05,
        1.302e-05,
        1.299e-05
    ],
    "litecoin": [
        80.21,
        80.21,
        80.22
    ],
    "leo-token": [
        5.97,
        5.97,
        5.96
    ],
    "okb": [
        48.27943260590516,
        48.288751979078974,
        48.29682618446193
    ],
    "first-digital-usd": [
        1.0009220881586125,
        1.0006759940267842,
        1.0012107459834636
    ],
    "arweave": [
        39.073257191848,
        39.05969034439194,
        38.98520382906913
    ],
    "optimism-ethereum": [
        2.238495675659188,
        2.2404876551083124,
        2.237518553128011
    ],
    "bittensor": [
        390.14681749528813,
        389.71221902099023,
        388.44539830459115
    ],