{
    "bitcoin": [
        71097,
        71038,
        71162
    ],
    "ethereum": [
        3815.23,
        3807.96,
        3813.78
    ],
    "tether": [
        0.999519,
        0.999334,
        0.99975
    ],
    "binancecoin": [
        699.03,
        698.5,
        699.02
    ],
    "solana": [
        172.05,
        171.86,
        171.95
    ],
    "staked-ether": [
        3814.08,
        3805.66,
        3811.23
    ],
    "usd-coin": [
        1.0,
        0.999794,
        1.0
    ],
    "ripple": [
        0.525065,
        0.524164,
        0.524085
    ],
    "dogecoin": [
        0.160876,
        0.160864,
        0.161144
    ],
    "the-open-network": [
        7.51,
        7.51,
        7.52
    ],
    "cardano": [
        0.461628,
        0.462842,
        0.463821
    ],
    "shiba-inu": [
        2.525e-05,
        2.525e-05,
        2.53e-05
    ],
    "avalanche-2": [
        35.97,
        35.99,
        36.02
    ],
    "wrapped-bitcoin": [
        71170,
        71107,
        71177
    ],
    "chainlink": [
        17.51,
        17.46,
        17.47
    ],
    "tron": [
        0.11396,
        0.114055,
        0.114156
    ],
    "polkadot": [
        7.15,
        7.14,
        7.15
    ],
    "bitcoin-cash": [
        511.55,
        512.49,
        512.0
    ],
    "near": [
        7.42,
        7.42,
        7.43
    ],
    "uniswap": [
        10.7,
        10.66,
        10.68
    ],
    "internet-computer": [
        12.05,
        12.05,
        12.08
    ],
    "unus-sed-leo": [
        5.923810812706364,
        5.924793027850309
    ],
    "multi-collateral-dai": [
        1.0001541775823066,
        1.000069113199768
    ],
    "ethereum-classic": [
        29.387441989129655,
        29.460698955719895,
        29.423851669313404
    ],
    "aptos": [
        9.151967196361182,
        9.156573714257997,
        9.158818381870349
    ],
    "render": [
        10.397107543797654,
        10.40215992325256,
        10.408312209671617
    ],
    "hedera": [
        0.1010190787572833,
        0.10099502642247002,
        0.10101466209092283
    ],
    "kaspa": [
        0.1732495695123477,
        0.17554053638788594,
        0.17583395014859327
    ],
    "dogwifhat": [
        3.2977760685851387,
        3.306095004741083,
        3.3078853646196795
    ],
    "cosmos": [
        8.664123401173342,
        8.657313944073072,
        8.648285044013353
    ],
    "immutable-x": [
        2.241632805260114,
        2.2457412137627606,
        2.247773745252771
    ],
    "filecoin": [
        5.990910256045732,
        5.996085819237673,
        6.001892264285728
    ],
    "arbitrum": [
        1.0923723995089405,
        1.0917353264685978,
        1.0920601192907946
    ],
    "mantle": [
        1.0212024255254735,
        1.0200688615212512,
        1.0204654987879536
    ],
    "stellar": [
        0.10587598193270534,
        0.10571450152084387,
        0.10558157776479414
    ],
    "cronos": [
        0.1147894821543574,
        0.11488161441905882,
        0.11495706653504667
    ],
    "monero": [
        172.44956387943046,
        173.33397494008844,
        172.98977715490298
    ],
    "stacks": [
        2.380077115571044,
        2.3930153727761416,
        2.3944106804614393
    ],
    "the-graph": [
        0.29400845759351096,
        0.2941676469405121,
        0.294199187613218
    ],
    "bttc-bittorrent-chain": [
        1.16343435139539e-06,
        1.16241440704235e-06,
        1.16168507606012e-06
    ],
    "cheelee-cheelee": [
        21.1397888781419,
        21.068902073101434,
        21.121666493917367
    ],
    "VET": [
        0.0342648619606039,
        0.0341757644980644
    ],
    "STX": [
        1.96018090681332,
        1.94312681136669
    ],
    "FLR": [
        0.0280572218861115,
        0.0280389009629798
    ],
    "XMR": [
        155.295737980525,
        155.188147347795
    ],
    "SAGA": [
        2.827609212773917,
        2.81039661314113
    ],
    "AR": [
        43.18042703963509,
        42.9957677008812
    ],
    "ZETA": [
        1.22988208366352,
        1.23250889339322,
        1.23341199405814
    ],
    "BGB": [
        1.2225,
        1.2225,
        1.2225
    ],
    "FLOKI": [
        0.00026691,
        0.00026701,
        0.00025869
    ],
    "ENS": [
        23.9405159241624,
        23.9604720707933,
        23.9400177808047
    ],
    "PIXEL": [
        0.50242,
        0.50479,
        0.50398
    ],
    "FTM": [
        0.806479533698492,
        0.803021610310486,
        0.803688396269601
    ],
    "INJ": [
        25.8086457389147,
        25.7996455630143,
        25.9201593958232
    ],
    "MKR": [
        2608.488380937513,
        2607.540439840941,
        2604.633844654313
    ],
    "ARKM": [
        2.626743482716449,
        2.628414754078233,
        2.629537862114028
    ],
    "RUNE": [
        6.12005116708582,
        6.12922630159748,
        6.12959936639942
    ],
    "FET": [
        2.02494190338823,
        2.03190707673073,
        2.0394711528668
    ],
    "qnt-quant": [
        90.16527088975518,
        90.24159704270193,
        90.24898244436777
    ],
    "wld-worldcoin": [
        4.923112044744209,
        4.9359182495271705,
        4.945582078500099
    ],
    "akt-akash-network": [
        4.5293374226212935,
        4.531641703745072,
        4.523033619808569
    ],
    "neo-neo": [
        15.110439384297297,
        15.118753877425139,
        15.118668535839195
    ],
    "egld-elrond": [
        39.19844882173046,
        39.10708407978266,
        39.17630776781773
    ],
    "ron-ronin-token": [
        3.0725108713983404,
        3.0776866188892082,
        3.0691321312918487
    ],
    "sand-the-sandbox": [
        0.46983985452619875,
        0.4701289868662913,
        0.4698294842155868
    ],
    "wbnb-wrapped-bnb": [
        698.9732316886594,
        699.302355462375,
        699.1210459488041
    ],
    "rbn-ribbon-finance": [
        0.9885661800071454,
        0.9879724354960426,
        0.980782160787907
    ],
    "ordi-ordinals": [
        61.36280367361481,
        61.41311405445535,
        61.33382380491155
    ],
    "mina-mina-protocol": [
        0.8523939095456962,
        0.8525060366874362,
        0.8550527785772487
    ],
    "kcs-kucoin-token": [
        10.38485391837154,
        10.387735453890443,
        10.37292367562674
    ],
    "pendle-pendle": [
        5.945383597153049,
        5.948574553714669,
        5.954069412850565
    ],
    "xtz-tezos": [
        0.9450842343378044,
        0.942779189730406,
        0.941879733328482
    ],
    "sei-sei": [
        0.5337566251311333,
        0.5386752826381475,
        0.5415714449396389
    ],
    "xec-ecash": [
        4.692143875803708e-05,
        4.690520663627013e-05,
        4.691518053202566e-05
    ],
    "msol-marinade-staked-sol": [
        205.22873973415838,
        204.93874102500712,
        205.0630113632205
    ],
    "cfx-conflux-network": [
        0.23070005932614346,
        0.23017919258909422,
        0.2298981037367479
    ],
    "matic-network": [
        0.717444,
        0.715356,
        0.715929
    ],
    "pepe": [
        1.443e-05,
        1.439e-05,
        1.442e-05
    ],
    "litecoin": [
        83.99,
        83.97,
        84.08
    ],
    "leo-token": [
        5.99,
        5.99,
        5.99
    ],
    "okb": [
        49.3644859442685,
        49.390714028405334,
        49.40397357564624
    ],
    "first-digital-usd": [
        1.0007523751711442,
        1.0008541597754368,
        1.0013627443674527
    ],
    "arweave": [
        42.61406639955904,
        42.46281572547513,
        42.29382841095338
    ],
    "optimism-ethereum": [
        2.499939719447702,
        2.4978821838789282,
        2.500631918282237
    ],
    "bittensor": [
        426.2408791709526,
        429.42359756199113,
        430.09285709233984
    ],