{
    "bitcoin": [
        71554,
        71554,
        71494
    ],
    "ethereum": [
        3825.57,
        3825.57,
        3825.3
    ],
    "tether": [
        1.0,
        1.0,
        0.999958
    ],
    "binancecoin": [
        701.23,
        701.23,
        700.55
    ],
    "solana": [
        174.23,
        174.23,
        174.17
    ],
    "staked-ether": [
        3825.02,
        3825.02,
        3824.32
    ],
    "usd-coin": [
        1.0,
        1.0,
        1.0
    ],
    "ripple": [
        0.52889,
        0.52889,
        0.527337
    ],
    "dogecoin": [
        0.163086,
        0.163086,
        0.163005
    ],
    "the-open-network": [
        7.43,
        7.43,
        7.42
    ],
    "cardano": [
        0.461983,
        0.461983,
        0.461549
    ],
    "shiba-inu": [
        2.597e-05,
        2.597e-05,
        2.592e-05
    ],
    "avalanche-2": [
        36.61,
        36.61,
        36.63
    ],
    "wrapped-bitcoin": [
        71473,
        71473,
        71491
    ],
    "chainlink": [
        17.81,
        17.81,
        17.79
    ],
    "tron": [
        0.11471,
        0.11471,
        0.114669
    ],
    "polkadot": [
        7.25,
        7.25,
        7.25
    ],
    "bitcoin-cash": [
        486.0,
        486.0,
        487.21
    ],
    "near": [
        7.61,
        7.61,
        7.6
    ],
    "uniswap": [
        11.13,
        11.13,
        11.15
    ],
    "internet-computer": [
        12.37,
        12.37,
        12.38
    ],
    "unus-sed-leo": [
        5.923810812706364,
        5.924793027850309
    ],
    "multi-collateral-dai": [
        1.0001541775823066,
        1.000069113199768
    ],
    "ethereum-classic": [
        29.59241834823406,
        29.590961501851606,
        29.716644817092764
    ],
    "aptos": [
        9.312973341031634,
        9.317818363218409,
        9.322561861940141
    ],
    "render": [
        10.548004745363196,
        10.56302331872234,
        10.568163209225254
    ],
    "hedera": [
        0.10362984450254459,
        0.10373107195346555,
        0.10393546730746023
    ],
    "kaspa": [
        0.18314505808379195,
        0.18288683364407243,
        0.18255901639979938
    ],
    "dogwifhat": [
        3.42027458748914,
        3.418816214760065,
        3.43353029909312
    ],
    "cosmos": [
        8.709559652912604,
        8.70037628970538,
        8.694704961897157
    ],
    "immutable-x": [
        2.3192506699043522,
        2.3134290994626903,
        2.314103076895979
    ],
    "filecoin": [
        6.04114212122931,
        6.049558251275495,
        6.056492995522528
    ],
    "arbitrum": [
        1.1206834627820208,
        1.1215793415774051,
        1.1221153734971132
    ],
    "mantle": [
        0.9999734292861946,
        0.9990782744726016,
        0.999647820158083
    ],
    "stellar": [
        0.10706565172242548,
        0.10704615231491411,
        0.1070577600122544
    ],
    "cronos": [
        0.11726736623439703,
        0.1170891488206623,
        0.11714186595192115
    ],
    "monero": [
        163.2123822878931,
        163.5846188145483,
        163.10398045250898
    ],
    "stacks": [
        2.398321849538713,
        2.4051739280329376,
        2.410491649054182
    ],
    "the-graph": [
        0.30255527825371525,
        0.30254466678514047,
        0.3026084745760216
    ],
    "bttc-bittorrent-chain": [
        1.16876434601565e-06,
        1.16788576436083e-06,
        1.16913315556874e-06
    ],
    "cheelee-cheelee": [
        21.308870968514118,
        21.32064066127097,
        21.31980993300494
    ],
    "VET": [
        0.0342648619606039,
        0.0341757644980644
    ],
    "STX": [
        1.96018090681332,
        1.94312681136669
    ],
    "FLR": [
        0.0280572218861115,
        0.0280389009629798
    ],
    "XMR": [
        155.295737980525,
        155.188147347795
    ],
    "SAGA": [
        2.827609212773917,
        2.81039661314113
    ],
    "AR": [
        43.18042703963509,
        42.9957677008812
    ],
    "ZETA": [
        1.34315063641458,
        1.33600332024875
    ],
    "BGB": [
        1.3705,
        1.3705
    ],
    "FLOKI": [
        0.00026691,
        0.00026701,
        0.00025869
    ],
    "ENS": [
        24.8215978993429,
        24.8878840815084,
        24.909355383559
    ],
    "PIXEL": [
        0.49826,
        0.49921,
        0.50053
    ],
    "FTM": [
        0.81494311061099,
        0.810825200275531,
        0.810846650526059
    ],
    "INJ": [
        25.8086457389147,
        25.7996455630143,
        25.9201593958232
    ],
    "MKR": [
        2669.79620321396,
        2668.35264728347,
        2671.12336988362
    ],
    "ARKM": [
        2.4701,
        2.4832,
        2.4884
    ],
    "RUNE": [
        6.29410324024985,
        6.29369376789411,
        6.29415032803779
    ],
    "FET": [
        2.1537321889351,
        2.15132736605186,
        2.15592870948899
    ],
    "qnt-quant": [
        91.0625107939545,
        90.97773925077307,
        90.9754461339664
    ],
    "wld-worldcoin": [
        4.940430942417642,
        4.939624530872691,
        4.939101070708598
    ],
    "akt-akash-network": [
        4.612939476499482,
        4.613909649418788,
        4.630410679188399
    ],
    "neo-neo": [
        15.281628799386166,
        15.303254902485923,
        15.302127445773152
    ],
    "egld-elrond": [
        39.83200705091362,
        39.821736671242924,
        39.822842924988024
    ],
    "ron-ronin-token": [
        3.161456157287859,
        3.1609380500019784,
        3.1620338892562474
    ],
    "sand-the-sandbox": [
        0.47085744839858606,
        0.47110235248833954,
        0.47023387595642974
    ],
    "wbnb-wrapped-bnb": [
        700.7845754467525,
        700.5826244154779,
        700.471848266744
    ],
    "rbn-ribbon-finance": [
        0.9885661800071454,
        0.9879724354960426,
        0.980782160787907
    ],
    "ordi-ordinals": [
        57.28935671825909,
        57.40331919918048,
        57.41496269728603
    ],
    "mina-mina-protocol": [
        0.8691763607116211,
        0.8699780578413954,
        0.8719985196609961
    ],
    "kcs-kucoin-token": [
        10.141819794388528,
        10.134308708347065,
        10.146192849478796
    ],
    "pendle-pendle": [
        6.066481186002733,
        6.101243631729421,
        6.096674051638251
    ],
    "xtz-tezos": [
        0.9556956158174224,
        0.9569650869814623,
        0.9569466329071288
    ],
    "sei-sei": [
        0.5266630178043211,
        0.5273453708820893,
        0.5283635749753365
    ],
    "xec-ecash": [
        4.767158304545405e-05,
        4.763420980936626e-05,
        4.762056968202781e-05
    ],
    "msol-marinade-staked-sol": [
        207.8855719167145,
        208.07350368297347,
        208.02627837070887
    ],
    "cfx-conflux-network": [
        0.2212985412578897,
        0.2216218147611572,
        0.2294484355944873
    ],
    "matic-network": [
        0.717958,
        0.717958,
        0.717475
    ],
    "pepe": [
        1.439e-05,
        1.439e-05,
        1.44e-05
    ],
    "litecoin": [
        84.75,
        84.75,
        84.63
    ],
    "leo-token": [
        6.01,
        6.01,
        6.02
    ],
    "okb": [
        48.74787288934214,
        48.74413180895146,
        48.721124491063115
    ],
    "first-digital-usd": [
        1.0000655354221133,
        0.999889296365421,
        0.9998174675733601
    ],
    "arweave": [
        44.82258923905427,
        44.74781196836959,
        44.784150872977065
    ],
    "optimism-ethereum": [
        2.5072064186971725,
        2.507835355947506,
        2.5106084822582755
    ],
    "bittensor": [
        413.653859943506,
        411.51737897794163,
        411.0176785741183
    ],
    "floki-inu": [
        0.00031060014730883984,
        0.00030993307135387596,
        0.0003118740794305063
    ],