{
    "bitcoin": [
        69326,
        69342,
        69342
    ],
    "ethereum": [
        3684.57,
        3683.88,
        3683.88
    ],
    "tether": [
        0.999566,
        0.999802,
        0.999802
    ],
    "binancecoin": [
        681.12,
        682.32,
        682.32
    ],
    "solana": [
        162.29,
        162.39,
        162.39
    ],
    "staked-ether": [
        3683.92,
        3681.86,
        3681.86
    ],
    "usd-coin": [
        0.999607,
        1.0,
        1.0
    ],
    "ripple": [
        0.499641,
        0.50001,
        0.50001
    ],
    "dogecoin": [
        0.148072,
        0.148284,
        0.148284
    ],
    "the-open-network": [
        7.32,
        7.31,
        7.31
    ],
    "cardano": [
        0.447042,
        0.445759,
        0.445759
    ],
    "shiba-inu": [
        2.384e-05,
        2.393e-05,
        2.393e-05
    ],
    "avalanche-2": [
        33.61,
        33.67,
        33.67
    ],
    "wrapped-bitcoin": [
        69416,
        69406,
        69406
    ],
    "chainlink": [
        16.33,
        16.34,
        16.34
    ],
    "tron": [
        0.112461,
        0.112555,
        0.112555
    ],
    "polkadot": [
        6.62,
        6.61,
        6.61
    ],
    "bitcoin-cash": [
        481.33,
        481.88,
        481.88
    ],
    "near": [
        6.85,
        6.84,
        6.84
    ],
    "uniswap": [
        9.9,
        9.89,
        9.89
    ],
    "internet-computer": [
        11.54,
        11.55,
        11.55
    ],
    "unus-sed-leo": [
        5.923810812706364,
        5.924793027850309
    ],
    "multi-collateral-dai": [
        1.0001541775823066,
        1.000069113199768
    ],
    "ethereum-classic": [
        27.078215349613945,
        27.077215246989955,
        27.102082101675883
    ],
    "aptos": [
        8.484419822869675,
        8.482675709408861,
        8.495227125202797
    ],
    "render": [
        9.515812531297245,
        9.498657774640188,
        9.510939811363727
    ],
    "hedera": [
        0.09365744232429521,
        0.09358919359918337,
        0.09365344539711405
    ],
    "kaspa": [
        0.16689088302798535,
        0.16642637010032527,
        0.16680200788479696
    ],
    "dogwifhat": [
        2.8246042813625594,
        2.829155465208759,
        2.829605196596886
    ],
    "cosmos": [
        8.026077734719523,
        8.020559170740066,
        8.022264455010303
    ],
    "immutable-x": [
        2.083441586451428,
        2.08182812117773,
        2.0829276065869324
    ],
    "filecoin": [
        6.280570825057047,
        6.299269074516658,
        6.364986557686045
    ],
    "arbitrum": [
        0.9982247387829296,
        0.991062993871554,
        0.9908060042461869
    ],
    "mantle": [
        0.9535013524883418,
        0.9542230241777349,
        0.9535538521880715
    ],
    "stellar": [
        0.09967922126287959,
        0.09965373089482953,
        0.09964275428300012
    ],
    "cronos": [
        0.11425405838575296,
        0.11427855500890464,
        0.11434459386482718
    ],
    "monero": [
        162.2159781150867,
        162.4044783315805,
        161.80664611766574
    ],
    "stacks": [
        2.2661621286964393,
        2.3324082881817128,
        2.3255469158724975
    ],
    "the-graph": [
        0.27118684398513765,
        0.2709625370585536,
        0.27107175832628444
    ],
    "bttc-bittorrent-chain": [
        1.12231222022883e-06,
        1.12182580908308e-06,
        1.12452569477563e-06
    ],
    "cheelee-cheelee": [
        20.711565182751574,
        20.772338261628796,
        20.804179971296502
    ],
    "VET": [
        0.0342648619606039,
        0.0341757644980644
    ],
    "STX": [
        1.96018090681332,
        1.94312681136669
    ],
    "FLR": [
        0.0280572218861115,
        0.0280389009629798
    ],
    "XMR": [
        155.295737980525,
        155.188147347795
    ],
    "SAGA": [
        2.827609212773917,
        2.81039661314113
    ],
    "AR": [
        43.18042703963509,
        42.9957677008812
    ],
    "ZETA": [
        1.11698886903034,
        1.1142736398709,
        1.12400151652205
    ],
    "BGB": [
        1.1906,
        1.1906,
        1.1906
    ],
    "FLOKI": [
        0.00026691,
        0.00026701,
        0.00025869
    ],
    "ENS": [
        22.1112518211564,
        22.179399527677,
        22.1001330957187
    ],
    "PIXEL": [
        0.4384,
        0.43907,
        0.43772
    ],
    "FTM": [
        0.727181607726047,
        0.727350834175042,
        0.728142868190523
    ],
    "INJ": [
        25.8086457389147,
        25.7996455630143,
        25.9201593958232
    ],
    "MKR": [
        2594.894715936144,
        2596.414635467978,
        2594.250306521202
    ],
    "ARKM": [
        2.626743482716449,
        2.628414754078233,
        2.629537862114028
    ],
    "RUNE": [
        5.47695856768864,
        5.47770432886753,
        5.47795436106829
    ],
    "FET": [
        1.83222108576261,
        1.83757842956688,
        1.83571444702569
    ],
    "qnt-quant": [
        86.01300521219706,
        85.95061546105488,
        85.8465765614608
    ],
    "wld-worldcoin": [
        4.461254203827471,
        4.458433727479685,
        4.461377946722302
    ],
    "akt-akash-network": [
        4.205672215873791,
        4.203341520427846,
        4.2077604471925465
    ],
    "neo-neo": [
        14.055038190698568,
        14.067449094518214,
        14.10772147503807
    ],
    "egld-elrond": [
        35.92983067222181,
        35.93827039191744,
        36.03426036476906
    ],
    "ron-ronin-token": [
        2.9593000900390556,
        2.9472806262429136,
        2.9537013374601018
    ],
    "sand-the-sandbox": [
        0.43465095109309415,
        0.4342483571664204,
        0.43441829517407726
    ],
    "wbnb-wrapped-bnb": [
        681.5455051946777,
        681.6496271650373,
        682.8359356801545
    ],
    "rbn-ribbon-finance": [
        0.9885661800071454,
        0.9879724354960426,
        0.980782160787907
    ],
    "ordi-ordinals": [
        59.171065765798524,
        59.2054871510235,
        59.33578375242714
    ],
    "mina-mina-protocol": [
        0.7963817464038532,
        0.7961668655227377,
        0.798234536831925
    ],
    "kcs-kucoin-token": [
        10.272703949090653,
        10.266097830316792,
        10.264942678952236
    ],
    "pendle-pendle": [
        5.573872032643705,
        5.5750764188021416,
        5.556485704821326
    ],
    "xtz-tezos": [
        0.8717644719211727,
        0.870901349131064,
        0.8725490753946905
    ],
    "sei-sei": [
        0.5339459678826537,
        0.5338286173724472,
        0.5401620312666836
    ],
    "xec-ecash": [
        4.333714403584442e-05,
        4.330012745372618e-05,
        4.332010338081465e-05
    ],
    "msol-marinade-staked-sol": [
        193.8284427831561,
        193.82049408727306,
        193.82793570744653
    ],
    "cfx-conflux-network": [
        0.2272375731725614,
        0.2272375731725614,
        0.22709059873310986
    ],
    "matic-network": [
        0.666822,
        0.666654,
        0.666654
    ],
    "pepe": [
        1.305e-05,
        1.302e-05,
        1.302e-05
    ],
    "litecoin": [
        80.2,
        80.21,
        80.21
    ],
    "leo-token": [
        5.96,
        5.97,
        5.97
    ],
    "okb": [
        48.37396310690886,
        48.27943260590516,
        48.288751979078974
    ],
    "first-digital-usd": [
        1.0009907040769708,
        1.0009220881586125,
        1.0006759940267842
    ],
    "arweave": [
        39.09220746817871,
        39.073257191848,
        39.05969034439194
    ],
    "optimism-ethereum": [
        2.245650261357229,
        2.238495675659188,
        2.2404876551083124
    ],
    "bittensor": [
        389.997105517222,
        390.14681749528813,
        389.71221902099023
    ],