{
    "bitcoin": [
        69789,
        69789,
        69199
    ],
    "ethereum": [
        3816.9,
        3816.9,
        3781.31
    ],
    "tether": [
        0.999428,
        0.999428,
        0.996065
    ],
    "binancecoin": [
        633.8,
        633.8,
        626.88
    ],
    "solana": [
        165.46,
        165.46,
        163.97
    ],
    "staked-ether": [
        3814.57,
        3814.57,
        3784.76
    ],
    "usd-coin": [
        0.999778,
        0.999778,
        0.99797
    ],
    "ripple": [
        0.52117,
        0.52117,
        0.518367
    ],
    "dogecoin": [
        0.161836,
        0.161836,
        0.160234
    ],
    "the-open-network": [
        6.67,
        6.67,
        6.62
    ],
    "cardano": [
        0.454134,
        0.454134,
        0.451435
    ],
    "shiba-inu": [
        2.503e-05,
        2.503e-05,
        2.476e-05
    ],
    "avalanche-2": [
        35.98,
        35.98,
        35.52
    ],
    "wrapped-bitcoin": [
        69792,
        69792,
        69290
    ],
    "chainlink": [
        18.05,
        18.05,
        17.91
    ],
    "tron": [
        0.11369,
        0.11369,
        0.113142
    ],
    "polkadot": [
        7.14,
        7.14,
        7.08
    ],
    "bitcoin-cash": [
        469.53,
        469.53,
        466.06
    ],
    "near": [
        7.34,
        7.34,
        7.26
    ],
    "uniswap": [
        9.695345162201129,
        9.71,
        9.59
    ],
    "internet-computer": [
        12.168425344648075,
        12.149310110842032,
        12.03
    ],
    "unus-sed-leo": [
        5.923810812706364,
        5.924793027850309
    ],
    "multi-collateral-dai": [
        1.0001541775823066,
        1.000069113199768
    ],
    "ethereum-classic": [
        29.24604814725347,
        29.20352121967086
    ],
    "aptos": [
        9.068212612347173,
        9.06061052936313,
        8.99925175234033
    ],
    "render": [
        10.060794306928086,
        10.07993292835097,
        9.997862098659644
    ],
    "hedera": [
        0.10311851791092343,
        0.10307238720617412,
        0.10247659436870916
    ],
    "kaspa": [
        0.15123892001676945,
        0.15176470491129132,
        0.150537307301019
    ],
    "dogwifhat": [
        3.3563849349531885,
        3.326154424506541,
        3.3154088417943472
    ],
    "cosmos": [
        8.470152946879164,
        8.461563837727983,
        8.412884665241258
    ],
    "immutable-x": [
        2.2319679739674925,
        2.2307380505673864,
        2.2137818365194866
    ],
    "filecoin": [
        5.893246203684454,
        5.8883089988585695,
        5.853215419256953
    ],
    "arbitrum": [
        1.1299683626948587,
        1.1287668087816691,
        1.1210312250570227
    ],
    "mantle": [
        0.9775683510076563,
        0.9782110752162173,
        0.9707853450891742
    ],
    "stellar": [
        0.10670740141667559,
        0.10670563310236642,
        0.10628319774021745
    ],
    "cronos": [
        0.11172579247478225,
        0.11162752047117447,
        0.1110496561605622
    ],
    "monero": [
        155.33138434036854,
        155.18633465960218,
        155.0299187696481
    ],
    "stacks": [
        1.9590895804035608,
        1.9586993765557694,
        1.9319137585407355
    ],
    "the-graph": [
        0.30067471377124605,
        0.30077582622071664,
        0.29827350254640994
    ],
    "bttc-bittorrent-chain": [
        1.1654399800248e-06,
        1.16245742603063e-06,
        1.15752469088168e-06
    ],
    "cheelee-cheelee": [
        20.640995287610373,
        20.627029938932377,
        20.57318967621177
    ],
    "VET": [
        0.0342648619606039,
        0.0341757644980644
    ],
    "STX": [
        1.96018090681332,
        1.94312681136669
    ],
    "FLR": [
        0.0280572218861115,
        0.0280389009629798
    ],
    "XMR": [
        155.295737980525,
        155.188147347795
    ],
    "SAGA": [
        2.827609212773917,
        2.81039661314113
    ],
    "AR": [
        43.18042703963509,
        42.9957677008812
    ],
    "ZETA": [
        1.34315063641458,
        1.33600332024875
    ],
    "BGB": [
        1.3705,
        1.3705
    ],
    "FLOKI": [
        0.00027295,
        0.00027004
    ],
    "ENS": [
        26.3575212769899,
        25.9827673016465
    ],
    "PIXEL": [
        0.5249396258710736,
        0.5258105238432531
    ],
    "FTM": [
        0.819509882521003,
        0.81494311061099
    ],
    "INJ": [
        25.7588318643503,
        25.5377857730697,
        25.4948089189
    ],
    "MKR": [
        2611.02352777052,
        2600.1597975759,
        2597.23366023988
    ],
    "ARKM": [
        2.5069,
        2.4855,
        2.4761
    ],
    "RUNE": [
        6.06348464796924,
        6.0303306005975,
        6.00746417916923
    ],
    "FET": [
        2.17435232589043,
        2.15805856273764,
        2.14600095168605
    ],
    "qnt-quant": [
        91.82934310495196,
        91.94815671645954,
        91.40007746274263
    ],
    "wld-worldcoin": [
        4.787930903210057,
        4.775577376045461,
        4.765557827935029
    ],
    "akt-akash-network": [
        4.50176714035774,
        4.494698770452372,
        4.477858125385628
    ],
    "neo-neo": [
        14.935350606660093,
        14.923911832039822,
        14.821368043890308
    ],
    "egld-elrond": [
        38.910366820751335,
        38.895136672497685,
        38.693634652555396
    ],
    "ron-ronin-token": [
        3.192251114670667,
        3.1990656717394366,
        3.187551117812534
    ],
    "sand-the-sandbox": [
        0.4600285241369714,
        0.46000817310841435,
        0.4572804915123964
    ],
    "wbnb-wrapped-bnb": [
        634.2903841801218,
        632.7706088089524,
        632.7706088089524
    ],
    "rbn-ribbon-finance": [
        0.987363566951609,
        0.9857729762725114,
        0.9828080077954916
    ],
    "ordi-ordinals": [
        46.71443125699229,
        46.85216733972125,
        46.243214456424155
    ],
    "mina-mina-protocol": [
        0.8796313382934969,
        0.8728685668944329,
        0.8661353549733394
    ],
    "kcs-kucoin-token": [
        10.101305143836354,
        10.08509227833864,
        10.079849878324147
    ],
    "pendle-pendle": [
        6.221747428515734,
        6.21705321371668,
        6.168836770547006
    ],
    "xtz-tezos": [
        0.9459615061020793,
        0.943620359946425,
        0.9359545666459541
    ],
    "sei-sei": [
        0.5142409342890788,
        0.5127602064537856,
        0.5086057930927284
    ],
    "xec-ecash": [
        4.695374768230017e-05,
        4.681213195574493e-05,
        4.655995045712422e-05
    ],
    "msol-marinade-staked-sol": [
        197.23676201636582,
        196.80342426840673,
        196.03099529365625
    ],
    "cfx-conflux-network": [
        0.22071413215088617,
        0.22078451596030507,
        0.21960648501450844
    ],
    "matic-network": [
        0.702751
    ],
    "pepe": [
        1.482e-05
    ],
    "litecoin": [
        83.2
    ],
    "leo-token": [
        5.93
    ],
    "okb": [
        47.039555853178314
    ],
    "first-digital-usd": [
        0.999513173335643
    ],
    "arweave": [
        42.6159735872365
    ],
    "optimism-ethereum": [
        2.4329985120701316
    ],
    "bittensor": [
        377.89750705541616
    ],
    "floki-inu": [
        0.00026803434558842057
    ],
    "sui": [
        1.033884996597114
    ],
    "vechain": [
        0.034114880196452736
    ],
    "maker": [
        2600.9608177136915
    ],
    "injective": [
        25.47503399891428
    ],
    "bsv-bitcoin-sv": [
        61.676105148407046
    ],
    "LDO": [
        2.35659901201816
    ],
    "AXS": [
        8.13101943374879
    ],
    "THETA": [
        2.135530827637248
    ],
    "DYDX": [
        2.02359120499103
    ],
    "SAFE": [
        1.96285068279212
    ],