{
    "bitcoin": [
        69405,
        69435,
        69435
    ],
    "ethereum": [
        3685.72,
        3685.34,
        3685.34
    ],
    "tether": [
        0.999653,
        0.999429,
        0.999429
    ],
    "binancecoin": [
        681.56,
        681.2,
        681.2
    ],
    "solana": [
        162.6,
        162.49,
        162.49
    ],
    "staked-ether": [
        3684.39,
        3683.08,
        3683.08
    ],
    "usd-coin": [
        0.999934,
        0.999959,
        0.999959
    ],
    "ripple": [
        0.499771,
        0.499658,
        0.499658
    ],
    "dogecoin": [
        0.148115,
        0.148122,
        0.148122
    ],
    "the-open-network": [
        7.33,
        7.35,
        7.35
    ],
    "cardano": [
        0.446432,
        0.445951,
        0.445951
    ],
    "shiba-inu": [
        2.392e-05,
        2.393e-05,
        2.393e-05
    ],
    "avalanche-2": [
        33.51,
        33.55,
        33.55
    ],
    "wrapped-bitcoin": [
        69435,
        69454,
        69454
    ],
    "chainlink": [
        16.24,
        16.24,
        16.24
    ],
    "tron": [
        0.112846,
        0.112912,
        0.112912
    ],
    "polkadot": [
        6.62,
        6.62,
        6.62
    ],
    "bitcoin-cash": [
        482.74,
        482.7,
        482.7
    ],
    "near": [
        6.85,
        6.87,
        6.87
    ],
    "uniswap": [
        9.9,
        9.9,
        9.9
    ],
    "internet-computer": [
        11.54,
        11.55,
        11.55
    ],
    "unus-sed-leo": [
        5.923810812706364,
        5.924793027850309
    ],
    "multi-collateral-dai": [
        1.0001541775823066,
        1.000069113199768
    ],
    "ethereum-classic": [
        26.65296384300906,
        27.075332354856833,
        27.103483622948843
    ],
    "aptos": [
        8.506010337312915,
        8.509961711582816,
        8.51564351740968
    ],
    "render": [
        9.58848025022748,
        9.567767425375935,
        9.57029549924806
    ],
    "hedera": [
        0.09360649902123507,
        0.09373063811922742,
        0.09389689014587924
    ],
    "kaspa": [
        0.16689088302798535,
        0.16642637010032527,
        0.16680200788479696
    ],
    "dogwifhat": [
        2.8576355693058852,
        2.8558079294770473,
        2.860881820968406
    ],
    "cosmos": [
        8.031162457745834,
        8.033546543302146,
        8.04123646730791
    ],
    "immutable-x": [
        2.090087637996491,
        2.0890368862012876,
        2.090004594713786
    ],
    "filecoin": [
        6.356497778013959,
        6.334353454971235,
        6.386917827335093
    ],
    "arbitrum": [
        1.000148103652684,
        1.0010068810908674,
        1.0011475116284183
    ],
    "mantle": [
        0.9556926608169583,
        0.9557846994826846,
        0.9563161302336668
    ],
    "stellar": [
        0.09975407392584584,
        0.09999536613774232,
        0.10000094370347128
    ],
    "cronos": [
        0.1142831062403552,
        0.11441726373463411,
        0.11460377454915584
    ],
    "monero": [
        159.8151825171911,
        160.88987483830599,
        160.88802591654488
    ],
    "stacks": [
        2.2481416544651234,
        2.236618709140227,
        2.2366325801823104
    ],
    "the-graph": [
        0.27153179449601506,
        0.27195168668387243,
        0.27243969541071006
    ],
    "bttc-bittorrent-chain": [
        1.12542149914453e-06,
        1.12766506106078e-06,
        1.12728243201499e-06
    ],
    "cheelee-cheelee": [
        20.807166067128833,
        20.741758654624427,
        20.760179927377877
    ],
    "VET": [
        0.0342648619606039,
        0.0341757644980644
    ],
    "STX": [
        1.96018090681332,
        1.94312681136669
    ],
    "FLR": [
        0.0280572218861115,
        0.0280389009629798
    ],
    "XMR": [
        155.295737980525,
        155.188147347795
    ],
    "SAGA": [
        2.827609212773917,
        2.81039661314113
    ],
    "AR": [
        43.18042703963509,
        42.9957677008812
    ],
    "ZETA": [
        1.11698886903034,
        1.1142736398709,
        1.12400151652205
    ],
    "BGB": [
        1.1906,
        1.1906,
        1.1906
    ],
    "FLOKI": [
        0.00026691,
        0.00026701,
        0.00025869
    ],
    "ENS": [
        22.279488975946,
        22.2206665194426,
        22.2501791243336
    ],
    "PIXEL": [
        0.44155,
        0.4422,
        0.44159
    ],
    "FTM": [
        0.727181607726047,
        0.727350834175042,
        0.728142868190523
    ],
    "INJ": [
        25.8086457389147,
        25.7996455630143,
        25.9201593958232
    ],
    "MKR": [
        2594.894715936144,
        2596.414635467978,
        2594.250306521202
    ],
    "ARKM": [
        2.626743482716449,
        2.628414754078233,
        2.629537862114028
    ],
    "RUNE": [
        5.50032276951848,
        5.49212479684564,
        5.49310672061711
    ],
    "FET": [
        1.83638266861762,
        1.84228897279192,
        1.85135839373881
    ],
    "qnt-quant": [
        85.90593009795852,
        85.92181428817187,
        86.09305999988956
    ],
    "wld-worldcoin": [
        4.477997041231301,
        4.468544472040052,
        4.47169248356708
    ],
    "akt-akash-network": [
        4.214090588850408,
        4.204987726247073,
        4.204940558343949
    ],
    "neo-neo": [
        14.166736882084304,
        14.206186579802715,
        14.209774380155034
    ],
    "egld-elrond": [
        36.076659978031564,
        36.11363155499432,
        36.179060047080284
    ],
    "ron-ronin-token": [
        2.9599323651964107,
        2.9561664983233946,
        2.9609038898259374
    ],
    "sand-the-sandbox": [
        0.4365575629045998,
        0.43585814302618375,
        0.4367520895099095
    ],
    "wbnb-wrapped-bnb": [
        682.4196970901426,
        682.0086186889249,
        682.3369971904793
    ],
    "rbn-ribbon-finance": [
        0.9885661800071454,
        0.9879724354960426,
        0.980782160787907
    ],
    "ordi-ordinals": [
        59.171065765798524,
        59.2054871510235,
        59.33578375242714
    ],
    "mina-mina-protocol": [
        0.799456051814185,
        0.8012930765734195,
        0.8025639881582975
    ],
    "kcs-kucoin-token": [
        10.334286511681233,
        10.332997293269363,
        10.327629451005933
    ],
    "pendle-pendle": [
        5.577233771023662,
        5.591520037312153,
        5.605685337903439
    ],
    "xtz-tezos": [
        0.8753767066933219,
        0.8748864786128666,
        0.8765701175856836
    ],
    "sei-sei": [
        0.5316246280822369,
        0.5352194139658243,
        0.5363685157731429
    ],
    "xec-ecash": [
        4.33687562073296e-05,
        4.333714403584442e-05,
        4.330012745372618e-05
    ],
    "msol-marinade-staked-sol": [
        194.00275305931865,
        194.11891798604407,
        194.07135949456276
    ],
    "cfx-conflux-network": [
        0.2272375731725614,
        0.2272375731725614,
        0.22709059873310986
    ],
    "matic-network": [
        0.667141,
        0.667607,
        0.667607
    ],
    "pepe": [
        1.302e-05,
        1.302e-05,
        1.302e-05
    ],
    "litecoin": [
        80.33,
        80.27,
        80.27
    ],
    "leo-token": [
        5.99,
        5.95,
        5.95
    ],
    "okb": [
        48.42301156976034,
        48.30089850605017,
        48.29579648979848
    ],
    "first-digital-usd": [
        1.0007428523418809,
        1.001178850800757,
        1.0008704133305935
    ],
    "arweave": [
        39.087185058450615,
        39.22387448275739,
        39.19791819913184
    ],
    "optimism-ethereum": [
        2.252593457027377,
        2.251205411364377,
        2.25407913619353
    ],
    "bittensor": [
        393.7008851287685,
        394.28699942374686,
        394.049685488228
    ],