{
    "bitcoin": [
        70938,
        71044,
        70922
    ],
    "ethereum": [
        3795.19,
        3798.85,
        3794.08
    ],
    "tether": [
        0.99888,
        0.999891,
        0.998904
    ],
    "binancecoin": [
        698.94,
        699.32,
        699.38
    ],
    "solana": [
        169.43,
        169.83,
        169.71
    ],
    "staked-ether": [
        3796.45,
        3795.66,
        3793.08
    ],
    "usd-coin": [
        0.999397,
        1.0,
        0.999201
    ],
    "ripple": [
        0.524195,
        0.524539,
        0.523266
    ],
    "dogecoin": [
        0.160126,
        0.160165,
        0.159768
    ],
    "the-open-network": [
        7.51,
        7.55,
        7.54
    ],
    "cardano": [
        0.480853,
        0.479382,
        0.478805
    ],
    "shiba-inu": [
        2.5e-05,
        2.503e-05,
        2.496e-05
    ],
    "avalanche-2": [
        36.18,
        36.22,
        36.18
    ],
    "wrapped-bitcoin": [
        71080,
        71195,
        71048
    ],
    "chainlink": [
        17.57,
        17.59,
        17.57
    ],
    "tron": [
        0.114893,
        0.115018,
        0.114814
    ],
    "polkadot": [
        7.21,
        7.21,
        7.2
    ],
    "bitcoin-cash": [
        511.32,
        511.58,
        512.18
    ],
    "near": [
        7.28,
        7.31,
        7.29
    ],
    "uniswap": [
        10.44,
        10.46,
        10.39
    ],
    "internet-computer": [
        12.63,
        12.68,
        12.66
    ],
    "unus-sed-leo": [
        5.923810812706364,
        5.924793027850309
    ],
    "multi-collateral-dai": [
        1.0001541775823066,
        1.000069113199768
    ],
    "ethereum-classic": [
        29.387441989129655,
        29.460698955719895,
        29.423851669313404
    ],
    "aptos": [
        9.300981329159097,
        9.320616064511169,
        9.319501244474147
    ],
    "render": [
        10.26606035943002,
        10.282246556017453,
        10.24830386455232
    ],
    "hedera": [
        0.10052300972302732,
        0.10055911675629153,
        0.10053962414607123
    ],
    "kaspa": [
        0.1715986437047509,
        0.17165223168017377,
        0.1716904858137285
    ],
    "dogwifhat": [
        3.168015354871664,
        3.180085598704042,
        3.1639503081715983
    ],
    "cosmos": [
        8.615178868057335,
        8.639041781572038,
        8.646906852527522
    ],
    "immutable-x": [
        2.2613407379508965,
        2.265999323300253,
        2.257453686447549
    ],
    "filecoin": [
        6.640928248173729,
        6.682438236330134,
        6.680192854841055
    ],
    "arbitrum": [
        1.0931861303267305,
        1.0942886970745147,
        1.0928804247379011
    ],
    "mantle": [
        1.0093060733588803,
        1.0102679643692765,
        1.0100596262795336
    ],
    "stellar": [
        0.10592802951943303,
        0.10605511947701042,
        0.10604652684398597
    ],
    "cronos": [
        0.11802079226237278,
        0.11776137550583467,
        0.11804690189979199
    ],
    "monero": [
        163.66991927477775,
        163.67692473122634,
        163.29227828367928
    ],
    "stacks": [
        2.3562146409215248,
        2.358420939014435,
        2.352003277374245
    ],
    "the-graph": [
        0.2951703465707026,
        0.2957943949570457,
        0.2952316431347155
    ],
    "bttc-bittorrent-chain": [
        1.17809270092967e-06,
        1.17578902741193e-06,
        1.17499383098141e-06
    ],
    "cheelee-cheelee": [
        21.259463956474985,
        21.278288790617125,
        21.27929659320025
    ],
    "VET": [
        0.0342648619606039,
        0.0341757644980644
    ],
    "STX": [
        1.96018090681332,
        1.94312681136669
    ],
    "FLR": [
        0.0280572218861115,
        0.0280389009629798
    ],
    "XMR": [
        155.295737980525,
        155.188147347795
    ],
    "SAGA": [
        2.827609212773917,
        2.81039661314113
    ],
    "AR": [
        43.18042703963509,
        42.9957677008812
    ],
    "ZETA": [
        1.24240267283791,
        1.24570613429196,
        1.24690898829529
    ],
    "BGB": [
        1.1906,
        1.1906,
        1.1906
    ],
    "FLOKI": [
        0.00026691,
        0.00026701,
        0.00025869
    ],
    "ENS": [
        24.2280045996743,
        24.1794650319893,
        24.1420302209071
    ],
    "PIXEL": [
        0.48854,
        0.48973,
        0.49184
    ],
    "FTM": [
        0.806479533698492,
        0.803021610310486,
        0.803688396269601
    ],
    "INJ": [
        25.8086457389147,
        25.7996455630143,
        25.9201593958232
    ],
    "MKR": [
        2595.037475816041,
        2594.894715936144,
        2596.414635467978
    ],
    "ARKM": [
        2.626743482716449,
        2.628414754078233,
        2.629537862114028
    ],
    "RUNE": [
        6.17321487917282,
        6.17337478715349,
        6.19039315563686
    ],
    "FET": [
        2.00301363000681,
        2.00167176555992,
        1.98400687291435
    ],
    "qnt-quant": [
        89.77876597720429,
        89.80306400895516,
        89.86674674187557
    ],
    "wld-worldcoin": [
        4.91862096654278,
        4.940543843708952,
        4.947733439642128
    ],
    "akt-akash-network": [
        4.493077940432737,
        4.494189360258681,
        4.500192464355648
    ],
    "neo-neo": [
        15.04702628179447,
        15.047992689023037,
        15.029269598872906
    ],
    "egld-elrond": [
        39.81301856160678,
        39.80472310756424,
        39.7351722268071
    ],
    "ron-ronin-token": [
        3.0677147350143574,
        3.070688489633097,
        3.0649457201315826
    ],
    "sand-the-sandbox": [
        0.4778466559244301,
        0.47875990363275023,
        0.4773807921910386
    ],
    "wbnb-wrapped-bnb": [
        698.8558280685877,
        698.4649144277013,
        699.7281630052039
    ],
    "rbn-ribbon-finance": [
        0.9885661800071454,
        0.9879724354960426,
        0.980782160787907
    ],
    "ordi-ordinals": [
        62.09291343912357,
        62.099473141626135,
        62.26669803898842
    ],
    "mina-mina-protocol": [
        0.884659404127017,
        0.8876604434768199,
        0.8870553630748973
    ],
    "kcs-kucoin-token": [
        10.407785136813878,
        10.42028992750703,
        10.422029602291369
    ],
    "pendle-pendle": [
        5.920309844791598,
        5.9140184541053245,
        5.911927372558721
    ],
    "xtz-tezos": [
        0.9449297634732854,
        0.945863977682088,
        0.9440070630457651
    ],
    "sei-sei": [
        0.5556186097509269,
        0.5568246245156234,
        0.5593860467627567
    ],
    "xec-ecash": [
        4.686995755805875e-05,
        4.685761164136255e-05,
        4.685764251505914e-05
    ],
    "msol-marinade-staked-sol": [
        203.18223543096195,
        203.3505903617208,
        203.27634722379904
    ],
    "cfx-conflux-network": [
        0.22897490637928325,
        0.22997764964750791,
        0.22985028781532996
    ],
    "matic-network": [
        0.714535,
        0.715378,
        0.713324
    ],
    "pepe": [
        1.411e-05,
        1.41e-05,
        1.406e-05
    ],
    "litecoin": [
        83.38,
        83.54,
        83.45
    ],
    "leo-token": [
        5.99,
        5.99,
        5.99
    ],
    "okb": [
        49.095353520512795,
        49.065894798432495,
        49.11790151049072
    ],
    "first-digital-usd": [
        1.0002665134369264,
        1.0006032400265652,
        0.9999860517649608
    ],
    "arweave": [
        41.0310079021657,
        41.14164225555286,
        40.700564178209625
    ],
    "optimism-ethereum": [
        2.5141809797657286,
        2.5245698779678074,
        2.5214256083901487
    ],
    "bittensor": [
        423.0591246192938,
        424.2314048653308,
        423.2932129796881
    ],