{
    "bitcoin": [
        71281,
        71178,
        71178
    ],
    "ethereum": [
        3823.72,
        3818.4,
        3818.4
    ],
    "tether": [
        1.001,
        0.999796,
        0.999796
    ],
    "binancecoin": [
        706.49,
        704.24,
        704.24
    ],
    "solana": [
        172.37,
        172.16,
        172.16
    ],
    "staked-ether": [
        3820.27,
        3817.06,
        3817.06
    ],
    "usd-coin": [
        1.001,
        0.999879,
        0.999879
    ],
    "ripple": [
        0.523106,
        0.522288,
        0.522288
    ],
    "dogecoin": [
        0.161454,
        0.160916,
        0.160916
    ],
    "the-open-network": [
        7.59,
        7.53,
        7.53
    ],
    "cardano": [
        0.462826,
        0.461847,
        0.461847
    ],
    "shiba-inu": [
        2.532e-05,
        2.527e-05,
        2.527e-05
    ],
    "avalanche-2": [
        36.08,
        35.98,
        35.98
    ],
    "wrapped-bitcoin": [
        71331,
        71234,
        71234
    ],
    "chainlink": [
        17.56,
        17.54,
        17.54
    ],
    "tron": [
        0.114056,
        0.113891,
        0.113891
    ],
    "polkadot": [
        7.17,
        7.15,
        7.15
    ],
    "bitcoin-cash": [
        511.77,
        510.79,
        510.79
    ],
    "near": [
        7.43,
        7.41,
        7.41
    ],
    "uniswap": [
        10.72,
        10.73,
        10.73
    ],
    "internet-computer": [
        12.07,
        12.05,
        12.05
    ],
    "unus-sed-leo": [
        5.923810812706364,
        5.924793027850309
    ],
    "multi-collateral-dai": [
        1.0001541775823066,
        1.000069113199768
    ],
    "ethereum-classic": [
        29.387441989129655,
        29.460698955719895,
        29.423851669313404
    ],
    "aptos": [
        9.180093097742763,
        9.172303996342485,
        9.16836492334818
    ],
    "render": [
        10.40679734002927,
        10.422529770711963,
        10.41993610551073
    ],
    "hedera": [
        0.10120285941877469,
        0.1011127462126863,
        0.1011502217427535
    ],
    "kaspa": [
        0.1735284684115678,
        0.17348277950717853,
        0.17305664688901296
    ],
    "dogwifhat": [
        3.312908040123945,
        3.299726494747867,
        3.292933757915744
    ],
    "cosmos": [
        8.672928590288576,
        8.664387227052085,
        8.665426579618481
    ],
    "immutable-x": [
        2.2463195252178236,
        2.250430952530083,
        2.2428951375302852
    ],
    "filecoin": [
        6.015560340303198,
        6.003749287956858,
        5.998586698348575
    ],
    "arbitrum": [
        1.0955116069534498,
        1.0950572638989973,
        1.0943606734265447
    ],
    "mantle": [
        1.0232926951731154,
        1.0237996362422197,
        1.0227883078697497
    ],
    "stellar": [
        0.10591515067666331,
        0.10593239535916898,
        0.10589494418244629
    ],
    "cronos": [
        0.11461360993875258,
        0.11479271283328599,
        0.11461148760331953
    ],
    "monero": [
        171.35235949944808,
        171.4811567401752,
        170.91562408965706
    ],
    "stacks": [
        2.376733509492698,
        2.3824891107802326,
        2.3747687786234066
    ],
    "the-graph": [
        0.29424798675840724,
        0.29429518466047333,
        0.2942317174545791
    ],
    "bttc-bittorrent-chain": [
        1.16309333847378e-06,
        1.16379725262592e-06,
        1.16467924414919e-06
    ],
    "cheelee-cheelee": [
        21.162082582765436,
        21.119710285379085,
        21.06078236366767
    ],
    "VET": [
        0.0342648619606039,
        0.0341757644980644
    ],
    "STX": [
        1.96018090681332,
        1.94312681136669
    ],
    "FLR": [
        0.0280572218861115,
        0.0280389009629798
    ],
    "XMR": [
        155.295737980525,
        155.188147347795
    ],
    "SAGA": [
        2.827609212773917,
        2.81039661314113
    ],
    "AR": [
        43.18042703963509,
        42.9957677008812
    ],
    "ZETA": [
        1.22988208366352,
        1.23250889339322,
        1.23341199405814
    ],
    "BGB": [
        1.2225,
        1.2225,
        1.2225
    ],
    "FLOKI": [
        0.00026691,
        0.00026701,
        0.00025869
    ],
    "ENS": [
        24.0301671315012,
        24.0101888088503,
        23.9327936181569
    ],
    "PIXEL": [
        0.49718,
        0.4964,
        0.49646
    ],
    "FTM": [
        0.806479533698492,
        0.803021610310486,
        0.803688396269601
    ],
    "INJ": [
        25.8086457389147,
        25.7996455630143,
        25.9201593958232
    ],
    "MKR": [
        2604.834209295129,
        2605.785416127261,
        2608.115289210766
    ],
    "ARKM": [
        2.626743482716449,
        2.628414754078233,
        2.629537862114028
    ],
    "RUNE": [
        6.12410236835289,
        6.12528152774228,
        6.12401912928307
    ],
    "FET": [
        2.03193347942964,
        2.02559014269166,
        2.02322687753459
    ],
    "qnt-quant": [
        90.33972571140768,
        90.33071839398966,
        90.35632366852424
    ],
    "wld-worldcoin": [
        4.936194929678208,
        4.940613404943628,
        4.931231615402511
    ],
    "akt-akash-network": [
        4.519582820488492,
        4.521551906507244,
        4.527186401450835
    ],
    "neo-neo": [
        15.130846043441457,
        15.130846043441457,
        15.15193003123626
    ],
    "egld-elrond": [
        39.26996641059151,
        39.365642393166006,
        39.31140276999742
    ],
    "ron-ronin-token": [
        3.0865916130538364,
        3.086029758031524,
        3.0871737072062126
    ],
    "sand-the-sandbox": [
        0.4699656759107442,
        0.47007060038256127,
        0.46951804838854333
    ],
    "wbnb-wrapped-bnb": [
        706.2613264309429,
        704.5715873237393,
        703.0963095980082
    ],
    "rbn-ribbon-finance": [
        0.9885661800071454,
        0.9879724354960426,
        0.980782160787907
    ],
    "ordi-ordinals": [
        59.52972295433975,
        61.33747661601033,
        61.36280367361481
    ],
    "mina-mina-protocol": [
        0.8522926469314789,
        0.8514776834481496,
        0.8517143785540752
    ],
    "kcs-kucoin-token": [
        10.38862404951528,
        10.393601478132814,
        10.387102607592121
    ],
    "pendle-pendle": [
        5.977590050824817,
        5.981318064146814,
        5.954609022649626
    ],
    "xtz-tezos": [
        0.9450842343378044,
        0.942779189730406,
        0.941879733328482
    ],
    "sei-sei": [
        0.5340195551997621,
        0.5384654495171198,
        0.5362840288690891
    ],
    "xec-ecash": [
        4.691454328947019e-05,
        4.693983462787597e-05,
        4.692143875803708e-05
    ],
    "msol-marinade-staked-sol": [
        205.34542276334497,
        205.59103426411258,
        205.345811862922
    ],
    "cfx-conflux-network": [
        0.23192219948089712,
        0.23148098794885633,
        0.23180208601084942
    ],
    "matic-network": [
        0.7238,
        0.721606,
        0.721606
    ],
    "pepe": [
        1.448e-05,
        1.446e-05,
        1.446e-05
    ],
    "litecoin": [
        84.27,
        84.09,
        84.09
    ],
    "leo-token": [
        5.99,
        5.99,
        5.99
    ],
    "okb": [
        49.59476428470617,
        49.48618644995347,
        49.438625590738454
    ],
    "first-digital-usd": [
        1.0006200499379028,
        1.0006649165698296,
        1.0007766862653364
    ],
    "arweave": [
        42.543867846762765,
        42.56912940110127,
        42.587937713761306
    ],
    "optimism-ethereum": [
        2.5088879910607447,
        2.5061343880501994,
        2.5040714616666486
    ],
    "bittensor": [
        428.48588794950314,
        426.90920197226353,
        427.2712869503936
    ],