{
    "bitcoin": [
        69010,
        69010,
        68955
    ],
    "ethereum": [
        3771.31,
        3771.31,
        3769.69
    ],
    "tether": [
        0.999575,
        0.999575,
        0.999969
    ],
    "binancecoin": [
        632.6,
        632.6,
        630.52
    ],
    "solana": [
        165.6,
        165.6,
        165.39
    ],
    "staked-ether": [
        3768.38,
        3768.38,
        3767.31
    ],
    "usd-coin": [
        1.0,
        1.0,
        0.999761
    ],
    "ripple": [
        0.5196,
        0.5196,
        0.518696
    ],
    "dogecoin": [
        0.158295,
        0.158295,
        0.158236
    ],
    "the-open-network": [
        6.74,
        6.74,
        6.74
    ],
    "cardano": [
        0.456022,
        0.456022,
        0.456177
    ],
    "shiba-inu": [
        2.388e-05,
        2.388e-05,
        2.386e-05
    ],
    "avalanche-2": [
        34.82,
        34.82,
        34.78
    ],
    "wrapped-bitcoin": [
        69002,
        69002,
        69009
    ],
    "chainlink": [
        17.65,
        17.65,
        17.66
    ],
    "tron": [
        0.113387,
        0.113387,
        0.113359
    ],
    "polkadot": [
        7.01,
        7.01,
        6.99
    ],
    "bitcoin-cash": [
        468.24,
        468.24,
        467.21
    ],
    "near": [
        7.08,
        7.08,
        7.08
    ],
    "uniswap": [
        9.49,
        9.49,
        9.51
    ],
    "internet-computer": [
        12.09,
        12.09,
        12.1
    ],
    "unus-sed-leo": [
        5.923810812706364,
        5.924793027850309
    ],
    "multi-collateral-dai": [
        1.0001541775823066,
        1.000069113199768
    ],
    "ethereum-classic": [
        28.433408083009436,
        28.39701533225279,
        28.414418568923814
    ],
    "aptos": [
        8.890278508797214,
        8.891802942202622,
        8.88630536723154
    ],
    "render": [
        10.107066793677728,
        10.113756798859963,
        10.112269070268447
    ],
    "hedera": [
        0.10039349107800358,
        0.10042719138370361,
        0.10031861538809446
    ],
    "kaspa": [
        0.1749001485040954,
        0.17564676986106906,
        0.17545327727692198
    ],
    "dogwifhat": [
        3.2770791520481493,
        3.271346713676455,
        3.264216998776086
    ],
    "cosmos": [
        8.347182861974336,
        8.34443047496899,
        8.341865028586197
    ],
    "immutable-x": [
        2.2685233231258066,
        2.260977677379338,
        2.2599282401418486
    ],
    "filecoin": [
        5.773078155473362,
        5.771334657270828,
        5.765929659991401
    ],
    "arbitrum": [
        1.0967110203262496,
        1.0967154662743577,
        1.0952057428279165
    ],
    "mantle": [
        0.9605603641680219,
        0.9620361747858547,
        0.9621730636410979
    ],
    "stellar": [
        0.1046402478623517,
        0.10466394562719669,
        0.10457760755853843
    ],
    "cronos": [
        0.10752215345883398,
        0.1075177248443625,
        0.10738976927146468
    ],
    "monero": [
        156.2389371176063,
        156.23904725861092,
        155.8538962742869
    ],
    "stacks": [
        1.9784851470865434,
        1.9794278231309779,
        1.9800100235474123
    ],
    "the-graph": [
        0.29344033799391706,
        0.293182647015273,
        0.2929412555090188
    ],
    "bttc-bittorrent-chain": [
        1.13223327811633e-06,
        1.13168421876703e-06,
        1.13210116536612e-06
    ],
    "cheelee-cheelee": [
        20.401057159931074,
        20.395923652174456,
        20.390331227857217
    ],
    "VET": [
        0.0342648619606039,
        0.0341757644980644
    ],
    "STX": [
        1.96018090681332,
        1.94312681136669
    ],
    "FLR": [
        0.0280572218861115,
        0.0280389009629798
    ],
    "XMR": [
        155.295737980525,
        155.188147347795
    ],
    "SAGA": [
        2.827609212773917,
        2.81039661314113
    ],
    "AR": [
        43.18042703963509,
        42.9957677008812
    ],
    "ZETA": [
        1.34315063641458,
        1.33600332024875
    ],
    "BGB": [
        1.3705,
        1.3705
    ],
    "FLOKI": [
        0.00027004,
        0.00026691,
        0.00026701
    ],
    "ENS": [
        24.9689119053369,
        24.880498675113,
        24.8807320083812
    ],
    "PIXEL": [
        0.5075035299704171,
        0.5091358288893804,
        0.5094
    ],
    "FTM": [
        0.81494311061099,
        0.810825200275531,
        0.810846650526059
    ],
    "INJ": [
        25.0391165876488,
        24.9435385459621,
        24.9102654061986
    ],
    "MKR": [
        2572.53851737616,
        2576.69979805102,
        2579.92939086964
    ],
    "ARKM": [
        2.4737,
        2.4649,
        2.462
    ],
    "RUNE": [
        6.00027762177817,
        5.99428771816657,
        5.99967863445322
    ],
    "FET": [
        2.11833352997428,
        2.11652772649134,
        2.11481762485049
    ],
    "qnt-quant": [
        90.82633725685326,
        90.89686314845294,
        90.88509822265316
    ],
    "wld-worldcoin": [
        4.757301115914739,
        4.749786190159503,
        4.748983239432201
    ],
    "akt-akash-network": [
        4.3662450356230735,
        4.381606208706712,
        4.393571812824179
    ],
    "neo-neo": [
        14.66368461122836,
        14.703277692250538,
        14.710648662547353
    ],
    "egld-elrond": [
        38.715760611775615,
        38.657085454444996,
        38.691502953850055
    ],
    "ron-ronin-token": [
        3.127582372973967,
        3.125396675282061,
        3.1331079685696377
    ],
    "sand-the-sandbox": [
        0.44831008468396066,
        0.4491062924271025,
        0.44912679133914496
    ],
    "wbnb-wrapped-bnb": [
        631.542538269252,
        631.7897576324388,
        630.1696752432541
    ],
    "rbn-ribbon-finance": [
        0.9885661800071454,
        0.9879724354960426,
        0.980782160787907
    ],
    "ordi-ordinals": [
        48.71390569668791,
        48.6147326355933,
        48.32812080794421
    ],
    "mina-mina-protocol": [
        0.8619418557940873,
        0.8615884052993382,
        0.860539435011118
    ],
    "kcs-kucoin-token": [
        10.07721436398773,
        10.059695552814894,
        10.064794448789268
    ],
    "pendle-pendle": [
        6.154337459166306,
        6.144447071870701,
        6.15441283229968
    ],
    "xtz-tezos": [
        0.9238691542149963,
        0.9245831310524162,
        0.9233108780425029
    ],
    "sei-sei": [
        0.5082224379818345,
        0.5086815842318825,
        0.5106989294021919
    ],
    "xec-ecash": [
        4.586996266749606e-05,
        4.560077848618156e-05,
        4.559484177146607e-05
    ],
    "msol-marinade-staked-sol": [
        196.90453453930724,
        197.04269121292054,
        197.1181713157081
    ],
    "cfx-conflux-network": [
        0.21967711999186537,
        0.21896185268159038,
        0.21870977606424585
    ],
    "matic-network": [
        0.702369,
        0.702369,
        0.701471
    ],
    "pepe": [
        1.437e-05,
        1.437e-05,
        1.432e-05
    ],
    "litecoin": [
        82.16,
        82.16,
        82.03
    ],
    "leo-token": [
        6.03,
        6.03,
        6.03
    ],
    "okb": [
        46.90462993939628,
        46.89618911021645,
        46.89618220245965
    ],
    "first-digital-usd": [
        0.9996274139518041,
        0.9996504043991505,
        0.9998666592404296
    ],
    "arweave": [
        43.544943271769235,
        43.61402082945805,
        43.355543534359484
    ],
    "optimism-ethereum": [
        2.4135563074051007,
        2.4140523194153487,
        2.412615979209556
    ],
    "bittensor": [
        382.32833375699903,
        381.71518118116563,
        382.52707423660564
    ],