{
    "bitcoin": [
        71238,
        71238,
        71238
    ],
    "ethereum": [
        3806.27,
        3806.27,
        3806.27
    ],
    "tether": [
        0.999406,
        0.999406,
        0.999406
    ],
    "binancecoin": [
        702.33,
        702.33,
        702.33
    ],
    "solana": [
        171.48,
        171.48,
        171.48
    ],
    "staked-ether": [
        3804.31,
        3804.31,
        3804.31
    ],
    "usd-coin": [
        0.999982,
        0.999982,
        0.999982
    ],
    "ripple": [
        0.525028,
        0.525028,
        0.525028
    ],
    "dogecoin": [
        0.160836,
        0.160836,
        0.160836
    ],
    "the-open-network": [
        7.48,
        7.48,
        7.48
    ],
    "cardano": [
        0.473101,
        0.473101,
        0.473101
    ],
    "shiba-inu": [
        2.517e-05,
        2.517e-05,
        2.517e-05
    ],
    "avalanche-2": [
        35.9,
        35.9,
        35.9
    ],
    "wrapped-bitcoin": [
        71195,
        71195,
        71195
    ],
    "chainlink": [
        17.44,
        17.44,
        17.44
    ],
    "tron": [
        0.114585,
        0.114585,
        0.114585
    ],
    "polkadot": [
        7.17,
        7.17,
        7.17
    ],
    "bitcoin-cash": [
        513.93,
        513.93,
        513.93
    ],
    "near": [
        7.35,
        7.35,
        7.35
    ],
    "uniswap": [
        10.55,
        10.55,
        10.55
    ],
    "internet-computer": [
        12.14,
        12.14,
        12.14
    ],
    "unus-sed-leo": [
        5.923810812706364,
        5.924793027850309
    ],
    "multi-collateral-dai": [
        1.0001541775823066,
        1.000069113199768
    ],
    "ethereum-classic": [
        29.387441989129655,
        29.460698955719895,
        29.423851669313404
    ],
    "aptos": [
        9.120247534531314,
        9.10687228934032,
        9.104539033499629
    ],
    "render": [
        10.323927743127447,
        10.309319725093339,
        10.31594029018204
    ],
    "hedera": [
        0.1008815166585624,
        0.10077932429700509,
        0.10081028186282076
    ],
    "kaspa": [
        0.17563331343510025,
        0.17517860394311965,
        0.17486864121429177
    ],
    "dogwifhat": [
        3.269146425517998,
        3.2573806036297244,
        3.2593628763106106
    ],
    "cosmos": [
        8.522566474966627,
        8.513192427898279,
        8.51920768461027
    ],
    "immutable-x": [
        2.2277674629354913,
        2.226076981612355,
        2.2267050094392875
    ],
    "filecoin": [
        6.367647414480056,
        6.309000780496683,
        6.3665569987481305
    ],
    "arbitrum": [
        1.0892287357875214,
        1.086673874724324,
        1.0863723806666823
    ],
    "mantle": [
        1.0177446310979548,
        1.0152383302043264,
        1.015395294858224
    ],
    "stellar": [
        0.10556642002187827,
        0.10552444163365474,
        0.10553361169181809
    ],
    "cronos": [
        0.11455354278986474,
        0.11472093479637856,
        0.1147266285078057
    ],
    "monero": [
        173.59341951162435,
        172.91841209556705,
        173.01822759368878
    ],
    "stacks": [
        2.370240215040706,
        2.363657185507601,
        2.3816220434435937
    ],
    "the-graph": [
        0.2923859913625719,
        0.29207541999859443,
        0.2921509472453754
    ],
    "bttc-bittorrent-chain": [
        1.16664605399149e-06,
        1.16665788606984e-06,
        1.16590722021612e-06
    ],
    "cheelee-cheelee": [
        21.10260246335462,
        21.167772864164583,
        21.11198741938401
    ],
    "VET": [
        0.0342648619606039,
        0.0341757644980644
    ],
    "STX": [
        1.96018090681332,
        1.94312681136669
    ],
    "FLR": [
        0.0280572218861115,
        0.0280389009629798
    ],
    "XMR": [
        155.295737980525,
        155.188147347795
    ],
    "SAGA": [
        2.827609212773917,
        2.81039661314113
    ],
    "AR": [
        43.18042703963509,
        42.9957677008812
    ],
    "ZETA": [
        1.23589702492412,
        1.23696247361918,
        1.23929726795516
    ],
    "BGB": [
        1.2225,
        1.2225,
        1.2225
    ],
    "FLOKI": [
        0.00026691,
        0.00026701,
        0.00025869
    ],
    "ENS": [
        23.8801247981682,
        23.8390512534281,
        23.8298146285818
    ],
    "PIXEL": [
        0.49833,
        0.49536,
        0.49598
    ],
    "FTM": [
        0.806479533698492,
        0.803021610310486,
        0.803688396269601
    ],
    "INJ": [
        25.8086457389147,
        25.7996455630143,
        25.9201593958232
    ],
    "MKR": [
        2592.669934894016,
        2591.619594864673,
        2589.172682291776
    ],
    "ARKM": [
        2.626743482716449,
        2.628414754078233,
        2.629537862114028
    ],
    "RUNE": [
        6.17321487917282,
        6.17337478715349,
        6.19039315563686
    ],
    "FET": [
        2.01995890727443,
        2.01614993726914,
        2.02167914387165
    ],
    "qnt-quant": [
        89.90510980375483,
        89.93236412947886,
        89.67991719494277
    ],
    "wld-worldcoin": [
        4.884699302151429,
        4.8762553546746865,
        4.868908812622941
    ],
    "akt-akash-network": [
        4.465989600319051,
        4.464674408255816,
        4.466877359441861
    ],
    "neo-neo": [
        15.043746354709759,
        15.06207834744044,
        15.030661819693066
    ],
    "egld-elrond": [
        39.17114034290795,
        39.21295149021927,
        39.119615343722984
    ],
    "ron-ronin-token": [
        3.0611050166925113,
        3.0657075205602857,
        3.0530034420602883
    ],
    "sand-the-sandbox": [
        0.468534586814384,
        0.4674378191065071,
        0.4677769509341956
    ],
    "wbnb-wrapped-bnb": [
        702.455459837221,
        702.1158743578237,
        701.8142104192302
    ],
    "rbn-ribbon-finance": [
        0.9885661800071454,
        0.9879724354960426,
        0.980782160787907
    ],
    "ordi-ordinals": [
        61.448234644197434,
        61.483053657553924,
        61.81069049734637
    ],
    "mina-mina-protocol": [
        0.8533989726831934,
        0.8514960723942363,
        0.8502745788393654
    ],
    "kcs-kucoin-token": [
        10.353267922350947,
        10.348406527125176,
        10.34104487709671
    ],
    "pendle-pendle": [
        5.928084441750314,
        5.920309844791598,
        5.9140184541053245
    ],
    "xtz-tezos": [
        0.9414250948699783,
        0.9406396214135816,
        0.9408511825767454
    ],
    "sei-sei": [
        0.5348474805425999,
        0.540339812821892,
        0.5386242473480144
    ],
    "xec-ecash": [
        4.676099215495653e-05,
        4.692187563985347e-05,
        4.687682013291962e-05
    ],
    "msol-marinade-staked-sol": [
        204.06691158020237,
        204.16766493410404,
        204.43898763378718
    ],
    "cfx-conflux-network": [
        0.22994229749925918,
        0.22915212810544555,
        0.22930594269773247
    ],
    "matic-network": [
        0.713303,
        0.713303,
        0.713303
    ],
    "pepe": [
        1.423e-05,
        1.423e-05,
        1.423e-05
    ],
    "litecoin": [
        83.96,
        83.96,
        83.96
    ],
    "leo-token": [
        5.99,
        5.99,
        5.99
    ],
    "okb": [
        49.35343979522426,
        49.44455556938423,
        49.44094607648306
    ],
    "first-digital-usd": [
        1.0010989045151983,
        1.0009346726568462,
        1.00124751405595
    ],
    "arweave": [
        41.99364431891519,
        41.92167536507166,
        41.924414584957795
    ],
    "optimism-ethereum": [
        2.4944849467498544,
        2.4901851658140894,
        2.4845825741990564
    ],
    "bittensor": [
        421.57407465136583,
        421.6559414658059,
        422.1815460961926
    ],