{
    "bitcoin": [
        70942,
        70967,
        70967
    ],
    "ethereum": [
        3789.18,
        3797.45,
        3797.45
    ],
    "tether": [
        0.999778,
        1.0,
        1.0
    ],
    "binancecoin": [
        705.11,
        704.95,
        704.95
    ],
    "solana": [
        173.87,
        173.66,
        173.66
    ],
    "staked-ether": [
        3788.25,
        3797.63,
        3797.63
    ],
    "usd-coin": [
        0.999677,
        1.0,
        1.0
    ],
    "ripple": [
        0.525008,
        0.526296,
        0.526296
    ],
    "dogecoin": [
        0.162552,
        0.162692,
        0.162692
    ],
    "the-open-network": [
        7.41,
        7.38,
        7.38
    ],
    "cardano": [
        0.461666,
        0.463076,
        0.463076
    ],
    "shiba-inu": [
        2.571e-05,
        2.567e-05,
        2.567e-05
    ],
    "avalanche-2": [
        36.25,
        36.4,
        36.4
    ],
    "wrapped-bitcoin": [
        70946,
        71040,
        71040
    ],
    "chainlink": [
        17.96,
        18.01,
        18.01
    ],
    "tron": [
        0.114356,
        0.114337,
        0.114337
    ],
    "polkadot": [
        7.22,
        7.27,
        7.27
    ],
    "bitcoin-cash": [
        482.72,
        484.14,
        484.14
    ],
    "near": [
        7.58,
        7.61,
        7.61
    ],
    "uniswap": [
        11.21,
        11.25,
        11.25
    ],
    "internet-computer": [
        12.47,
        12.53,
        12.53
    ],
    "unus-sed-leo": [
        5.923810812706364,
        5.924793027850309
    ],
    "multi-collateral-dai": [
        1.0001541775823066,
        1.000069113199768
    ],
    "ethereum-classic": [
        28.245398257432665,
        28.209715278628575,
        28.280479846943802
    ],
    "aptos": [
        9.237208596914869,
        9.28387072960559,
        9.313433095371394
    ],
    "render": [
        10.567256805389647,
        10.609529976965804,
        10.664299987034918
    ],
    "hedera": [
        0.10305169117223095,
        0.10350980358265721,
        0.10347491581817818
    ],
    "kaspa": [
        0.17773964256311248,
        0.17912926520987302,
        0.17960426064817223
    ],
    "dogwifhat": [
        3.487738172743943,
        3.4858041905348753,
        3.4967869342746956
    ],
    "cosmos": [
        8.530914410546895,
        8.561332288258198,
        8.573277439615927
    ],
    "immutable-x": [
        2.32506357594651,
        2.3118201908668485,
        2.3100144735590327
    ],
    "filecoin": [
        6.013356254715541,
        6.023690159706263,
        6.027576021975524
    ],
    "arbitrum": [
        1.1164511902358716,
        1.1206930978871767,
        1.1201695719662363
    ],
    "mantle": [
        0.9693801467756423,
        0.9703090522044989,
        0.9699770488406635
    ],
    "stellar": [
        0.1067295059206404,
        0.10672811690889476,
        0.10666498262226279
    ],
    "cronos": [
        0.11289071444436707,
        0.11315454330088823,
        0.1130590928775406
    ],
    "monero": [
        160.91906021692557,
        160.95318580812767,
        160.94491893444683
    ],
    "stacks": [
        2.248715700847338,
        2.2486030672505994,
        2.247442916876729
    ],
    "the-graph": [
        0.2997762203246607,
        0.3002844904168919,
        0.3008704106292968
    ],
    "bttc-bittorrent-chain": [
        1.16500302434914e-06,
        1.1665930000518e-06,
        1.16416103804301e-06
    ],
    "cheelee-cheelee": [
        20.859941103429446,
        20.915679984689824,
        20.876685809739786
    ],
    "VET": [
        0.0342648619606039,
        0.0341757644980644
    ],
    "STX": [
        1.96018090681332,
        1.94312681136669
    ],
    "FLR": [
        0.0280572218861115,
        0.0280389009629798
    ],
    "XMR": [
        155.295737980525,
        155.188147347795
    ],
    "SAGA": [
        2.827609212773917,
        2.81039661314113
    ],
    "AR": [
        43.18042703963509,
        42.9957677008812
    ],
    "ZETA": [
        1.34315063641458,
        1.33600332024875
    ],
    "BGB": [
        1.3705,
        1.3705
    ],
    "FLOKI": [
        0.00026691,
        0.00026701,
        0.00025869
    ],
    "ENS": [
        24.9690210373445,
        25.0501726142027,
        25.1401044027067
    ],
    "PIXEL": [
        0.4888,
        0.48854,
        0.49135
    ],
    "FTM": [
        0.81494311061099,
        0.810825200275531,
        0.810846650526059
    ],
    "INJ": [
        25.8086457389147,
        25.7996455630143,
        25.9201593958232
    ],
    "MKR": [
        2621.10444575862,
        2615.17302339551,
        2655.69223081047
    ],
    "ARKM": [
        2.4701,
        2.4832,
        2.4884
    ],
    "RUNE": [
        6.30174193376398,
        6.25681918759905,
        6.30179725641171
    ],
    "FET": [
        2.17118450147656,
        2.17764508922625,
        2.18835292491925
    ],
    "qnt-quant": [
        90.88647582076264,
        91.00681659527896,
        90.7961201651646
    ],
    "wld-worldcoin": [
        4.840697613483235,
        4.8518084464235605,
        4.857797800961132
    ],
    "akt-akash-network": [
        4.474355889348618,
        4.478694393731603,
        4.478855302776022
    ],
    "neo-neo": [
        15.122200670277534,
        15.198118504446134,
        15.212881105733716
    ],
    "egld-elrond": [
        39.55602701120172,
        39.487653177099844,
        39.56895758365697
    ],
    "ron-ronin-token": [
        3.0979035178642715,
        3.1098936002859108,
        3.1053916453464168
    ],
    "sand-the-sandbox": [
        0.46495496512181833,
        0.4664295630554479,
        0.46686068036978773
    ],
    "wbnb-wrapped-bnb": [
        705.1372188145767,
        704.0976662643449,
        705.4956168029615
    ],
    "rbn-ribbon-finance": [
        0.9885661800071454,
        0.9879724354960426,
        0.980782160787907
    ],
    "ordi-ordinals": [
        55.27259119928262,
        55.371914556019064,
        56.35602921178112
    ],
    "mina-mina-protocol": [
        0.8598728784216357,
        0.8576191769950772,
        0.8587003616071108
    ],
    "kcs-kucoin-token": [
        10.095597645917737,
        10.134189526080657,
        10.129889780422872
    ],
    "pendle-pendle": [
        6.104313872846411,
        6.133634300298804,
        6.146247581291959
    ],
    "xtz-tezos": [
        0.9519471503311504,
        0.9534955174922717,
        0.9542108726826151
    ],
    "sei-sei": [
        0.5241404201734217,
        0.5239596309891349,
        0.5243112522387393
    ],
    "xec-ecash": [
        4.744626719985768e-05,
        4.746343196437004e-05,
        4.74782905984697e-05
    ],
    "msol-marinade-staked-sol": [
        206.57981702147796,
        206.28294368990862,
        206.72372883613613
    ],
    "cfx-conflux-network": [
        0.2212985412578897,
        0.2216218147611572,
        0.2294484355944873
    ],
    "matic-network": [
        0.716764,
        0.720978,
        0.720978
    ],
    "pepe": [
        1.454e-05,
        1.453e-05,
        1.453e-05
    ],
    "litecoin": [
        83.83,
        83.95,
        83.95
    ],
    "leo-token": [
        5.95,
        5.94,
        5.94
    ],
    "okb": [
        49.075239695796114,
        49.435433337834255,
        49.3129460808954
    ],
    "first-digital-usd": [
        1.0000354340567164,
        1.0000391663825905,
        1.0001949687485232
    ],
    "arweave": [
        46.19326283430911,
        45.73466785394244,
        45.80491240529049
    ],
    "optimism-ethereum": [
        2.4921304418428107,
        2.513708942063044,
        2.5147064643868458
    ],
    "bittensor": [
        404.72222685423134,
        405.4334064687524,
        404.65934277212443
    ],