{
    "bitcoin": [
        68819,
        68819,
        68907
    ],
    "ethereum": [
        3757.78,
        3757.78,
        3764.41
    ],
    "tether": [
        0.999718,
        0.999718,
        1.0
    ],
    "binancecoin": [
        636.23,
        636.23,
        639.73
    ],
    "solana": [
        165.36,
        165.36,
        165.57
    ],
    "staked-ether": [
        3756.46,
        3756.46,
        3764.66
    ],
    "usd-coin": [
        1.0,
        1.0,
        1.001
    ],
    "ripple": [
        0.520549,
        0.520549,
        0.521446
    ],
    "dogecoin": [
        0.157996,
        0.157996,
        0.158348
    ],
    "the-open-network": [
        6.9,
        6.9,
        6.92
    ],
    "cardano": [
        0.455719,
        0.455719,
        0.456085
    ],
    "shiba-inu": [
        2.378e-05,
        2.378e-05,
        2.386e-05
    ],
    "avalanche-2": [
        34.82,
        34.82,
        34.88
    ],
    "wrapped-bitcoin": [
        68841,
        68841,
        68988
    ],
    "chainlink": [
        17.61,
        17.61,
        17.66
    ],
    "tron": [
        0.113543,
        0.113543,
        0.113524
    ],
    "polkadot": [
        6.98,
        6.98,
        6.99
    ],
    "bitcoin-cash": [
        469.54,
        469.54,
        470.6
    ],
    "near": [
        7.09,
        7.09,
        7.11
    ],
    "uniswap": [
        9.49,
        9.49,
        9.53
    ],
    "internet-computer": [
        12.13,
        12.13,
        12.15
    ],
    "unus-sed-leo": [
        5.923810812706364,
        5.924793027850309
    ],
    "multi-collateral-dai": [
        1.0001541775823066,
        1.000069113199768
    ],
    "ethereum-classic": [
        28.245398257432665,
        28.209715278628575,
        28.280479846943802
    ],
    "aptos": [
        8.8449711442373,
        8.85854210464564,
        8.883146909285253
    ],
    "render": [
        10.026544269571417,
        10.02145734528894,
        10.028688826825531
    ],
    "hedera": [
        0.10083570028794075,
        0.10070317398221003,
        0.1007658552615023
    ],
    "kaspa": [
        0.17460899612173797,
        0.17444642777431507,
        0.17460469420630173
    ],
    "dogwifhat": [
        3.2283887888562135,
        3.2335820598247436,
        3.2376102402304747
    ],
    "cosmos": [
        8.341876399710989,
        8.341974890935077,
        8.345373661941222
    ],
    "immutable-x": [
        2.2558516953618586,
        2.259552614129463,
        2.2600248754142984
    ],
    "filecoin": [
        5.753291042707012,
        5.759982230520791,
        5.764526464043228
    ],
    "arbitrum": [
        1.0832058616004567,
        1.085399003081237,
        1.088351362429133
    ],
    "mantle": [
        0.9526007505965968,
        0.9561591699792947,
        0.955680655211051
    ],
    "stellar": [
        0.10427092937191688,
        0.10440806936045767,
        0.10444273709009566
    ],
    "cronos": [
        0.10709668889550113,
        0.10730250325276644,
        0.10702113169099124
    ],
    "monero": [
        155.4242265569845,
        155.6346833151103,
        155.68035987756798
    ],
    "stacks": [
        1.9677444417106702,
        1.967679505616733,
        1.971407718870529
    ],
    "the-graph": [
        0.29224574082062815,
        0.2924595740314098,
        0.2932239790976263
    ],
    "bttc-bittorrent-chain": [
        1.13184264161834e-06,
        1.1296846157366e-06,
        1.13152159274904e-06
    ],
    "cheelee-cheelee": [
        20.416639436983974,
        20.405170213680453,
        20.414452280968
    ],
    "VET": [
        0.0342648619606039,
        0.0341757644980644
    ],
    "STX": [
        1.96018090681332,
        1.94312681136669
    ],
    "FLR": [
        0.0280572218861115,
        0.0280389009629798
    ],
    "XMR": [
        155.295737980525,
        155.188147347795
    ],
    "SAGA": [
        2.827609212773917,
        2.81039661314113
    ],
    "AR": [
        43.18042703963509,
        42.9957677008812
    ],
    "ZETA": [
        1.34315063641458,
        1.33600332024875
    ],
    "BGB": [
        1.3705,
        1.3705
    ],
    "FLOKI": [
        0.00026691,
        0.00026701,
        0.00025869
    ],
    "ENS": [
        24.7716036325303,
        24.8416407786262,
        25.0306732026311
    ],
    "PIXEL": [
        0.5091358288893804,
        0.5094,
        0.50102
    ],
    "FTM": [
        0.81494311061099,
        0.810825200275531,
        0.810846650526059
    ],
    "INJ": [
        24.2462144517583,
        24.284451914748,
        24.3413428653272
    ],
    "MKR": [
        2565.97797413587,
        2566.42637836626,
        2563.49943562424
    ],
    "ARKM": [
        2.4432,
        2.4478,
        2.4505
    ],
    "RUNE": [
        6.01231704903935,
        6.03212130481506,
        6.05244118955545
    ],
    "FET": [
        2.09568616483909,
        2.09978752783046,
        2.10220504830423
    ],
    "qnt-quant": [
        90.98738962161299,
        90.84549464608197,
        90.7974411244434
    ],
    "wld-worldcoin": [
        4.733212786593965,
        4.7365959818157926,
        4.740667962507507
    ],
    "akt-akash-network": [
        4.30748506340618,
        4.3058836840642645,
        4.294280449046728
    ],
    "neo-neo": [
        14.751341865738423,
        14.78448068445599,
        14.791813994746121
    ],
    "egld-elrond": [
        38.92421215233563,
        38.952406702837735,
        38.98464227811294
    ],
    "ron-ronin-token": [
        3.115123626689663,
        3.1080605359706452,
        3.113705722569608
    ],
    "sand-the-sandbox": [
        0.45077711423122163,
        0.44976558406915107,
        0.4505494846910656
    ],
    "wbnb-wrapped-bnb": [
        635.1696960694411,
        635.1759183920824,
        635.9497658736124
    ],
    "rbn-ribbon-finance": [
        0.9885661800071454,
        0.9879724354960426,
        0.980782160787907
    ],
    "ordi-ordinals": [
        47.663159593706446,
        47.79890314986117,
        47.84913315492818
    ],
    "mina-mina-protocol": [
        0.8448966175402907,
        0.8429536026041743,
        0.8453303278219443
    ],
    "kcs-kucoin-token": [
        10.072841288136939,
        10.082746674133404,
        10.07169543755946
    ],
    "pendle-pendle": [
        6.128433915925038,
        6.113676005038926,
        6.1190425775504185
    ],
    "xtz-tezos": [
        0.9329718939140438,
        0.9308878039849006,
        0.9305536918001172
    ],
    "sei-sei": [
        0.5033178033375952,
        0.5024912516766762,
        0.5029223599160149
    ],
    "xec-ecash": [
        4.545892886469075e-05,
        4.560510920318456e-05,
        4.584596601949703e-05
    ],
    "msol-marinade-staked-sol": [
        196.4279642339869,
        196.8694788126908,
        197.22710169404368
    ],
    "cfx-conflux-network": [
        0.21695354456120644,
        0.21678506793902688,
        0.2169150760420722
    ],
    "matic-network": [
        0.70193,
        0.70193,
        0.703301
    ],
    "pepe": [
        1.422e-05,
        1.422e-05,
        1.431e-05
    ],
    "litecoin": [
        81.54,
        81.54,
        81.62
    ],
    "leo-token": [
        6.03,
        6.03,
        6.04
    ],
    "okb": [
        47.38109291794052,
        47.39315335120661,
        47.4018323427481
    ],
    "first-digital-usd": [
        0.9998104713516899,
        1.0000210632875075,
        0.9999592845186714
    ],
    "arweave": [
        44.5887035039487,
        44.73477901710985,
        44.82950137169262
    ],
    "optimism-ethereum": [
        2.4009315059302674,
        2.4020756633872247,
        2.407390844509623
    ],
    "bittensor": [
        381.8101322779887,
        382.87896562537395,
        382.8816712957625
    ],