{
    "bitcoin": [
        70838,
        70782,
        70782
    ],
    "ethereum": [
        3806.74,
        3806.82,
        3806.82
    ],
    "tether": [
        0.999949,
        0.999442,
        0.999442
    ],
    "binancecoin": [
        702.48,
        700.76,
        700.76
    ],
    "solana": [
        173.05,
        173.18,
        173.18
    ],
    "staked-ether": [
        3806.77,
        3807.39,
        3807.39
    ],
    "usd-coin": [
        0.999971,
        0.999852,
        0.999852
    ],
    "ripple": [
        0.52615,
        0.52571,
        0.52571
    ],
    "dogecoin": [
        0.162722,
        0.162841,
        0.162841
    ],
    "the-open-network": [
        7.67,
        7.66,
        7.66
    ],
    "cardano": [
        0.462764,
        0.462441,
        0.462441
    ],
    "shiba-inu": [
        2.538e-05,
        2.551e-05,
        2.551e-05
    ],
    "avalanche-2": [
        36.19,
        36.15,
        36.15
    ],
    "wrapped-bitcoin": [
        70866,
        70853,
        70853
    ],
    "chainlink": [
        17.73,
        17.71,
        17.71
    ],
    "tron": [
        0.114541,
        0.114499,
        0.114499
    ],
    "polkadot": [
        7.22,
        7.21,
        7.21
    ],
    "bitcoin-cash": [
        479.96,
        479.3,
        479.3
    ],
    "near": [
        7.5,
        7.5,
        7.5
    ],
    "uniswap": [
        11.35,
        11.31,
        11.31
    ],
    "internet-computer": [
        12.37,
        12.37,
        12.37
    ],
    "unus-sed-leo": [
        5.923810812706364,
        5.924793027850309
    ],
    "multi-collateral-dai": [
        1.0001541775823066,
        1.000069113199768
    ],
    "ethereum-classic": [
        28.245398257432665,
        28.209715278628575,
        28.280479846943802
    ],
    "aptos": [
        9.22462122000808,
        9.210620356063647,
        9.198103548070621
    ],
    "render": [
        10.418019198322327,
        10.422347678497797,
        10.421385492749978
    ],
    "hedera": [
        0.10240634462624298,
        0.10245918766306382,
        0.10244506394131754
    ],
    "kaspa": [
        0.1794660917883655,
        0.17874692411810358,
        0.1778438101839056
    ],
    "dogwifhat": [
        3.544406880704145,
        3.5558419136102857,
        3.5321732047908365
    ],
    "cosmos": [
        8.556149396029525,
        8.551443850168237,
        8.54236405084021
    ],
    "immutable-x": [
        2.3186094146823817,
        2.313765032091887,
        2.312223829344082
    ],
    "filecoin": [
        5.987833979041227,
        5.985465078035015,
        5.989429466229091
    ],
    "arbitrum": [
        1.1156838106593672,
        1.114778959730923,
        1.114253432370469
    ],
    "mantle": [
        0.9668536927070726,
        0.9677888228025284,
        0.968936477561745
    ],
    "stellar": [
        0.10615506934898543,
        0.10632294471715134,
        0.10630455951588813
    ],
    "cronos": [
        0.11282329543159939,
        0.11280085067687734,
        0.11280117343108688
    ],
    "monero": [
        160.40978492258284,
        160.17463727901617,
        160.36076177295084
    ],
    "stacks": [
        2.194119779063404,
        2.1972463617388196,
        2.191236278723121
    ],
    "the-graph": [
        0.29981464403103164,
        0.29947987070291315,
        0.2992051147564544
    ],
    "bttc-bittorrent-chain": [
        1.16514307981166e-06,
        1.16632304011402e-06,
        1.16208147637258e-06
    ],
    "cheelee-cheelee": [
        20.83180324745684,
        20.844934496370772,
        20.84482274669664
    ],
    "VET": [
        0.0342648619606039,
        0.0341757644980644
    ],
    "STX": [
        1.96018090681332,
        1.94312681136669
    ],
    "FLR": [
        0.0280572218861115,
        0.0280389009629798
    ],
    "XMR": [
        155.295737980525,
        155.188147347795
    ],
    "SAGA": [
        2.827609212773917,
        2.81039661314113
    ],
    "AR": [
        43.18042703963509,
        42.9957677008812
    ],
    "ZETA": [
        1.34315063641458,
        1.33600332024875
    ],
    "BGB": [
        1.3705,
        1.3705
    ],
    "FLOKI": [
        0.00026691,
        0.00026701,
        0.00025869
    ],
    "ENS": [
        24.9407227808186,
        24.9332107822667,
        24.9514120748494
    ],
    "PIXEL": [
        0.4872,
        0.48662,
        0.48563
    ],
    "FTM": [
        0.81494311061099,
        0.810825200275531,
        0.810846650526059
    ],
    "INJ": [
        25.406855154521,
        25.4624710427404,
        25.3725735907198
    ],
    "MKR": [
        2618.19713759826,
        2621.10444575862,
        2615.17302339551
    ],
    "ARKM": [
        2.4701,
        2.4832,
        2.4884
    ],
    "RUNE": [
        6.196,
        6.24844739593791,
        6.30174193376398
    ],
    "FET": [
        2.16640966897519,
        2.16538110043512,
        2.16268830220513
    ],
    "qnt-quant": [
        90.98957223227077,
        91.13027895973136,
        91.01089049265333
    ],
    "wld-worldcoin": [
        4.815277269114016,
        4.8103561565523245,
        4.800431805907084
    ],
    "akt-akash-network": [
        4.4665025545427826,
        4.465684711114563,
        4.466494577004898
    ],
    "neo-neo": [
        15.069680113285829,
        15.048824802790067,
        15.04891684477002
    ],
    "egld-elrond": [
        39.52278601779246,
        39.42659262751687,
        39.38450467166174
    ],
    "ron-ronin-token": [
        3.1063646328309815,
        3.108317449185487,
        3.103679254560486
    ],
    "sand-the-sandbox": [
        0.464733374544343,
        0.4643917107544531,
        0.4637467341324189
    ],
    "wbnb-wrapped-bnb": [
        702.7063288604293,
        700.9187931209605,
        700.2029428014821
    ],
    "rbn-ribbon-finance": [
        0.9885661800071454,
        0.9879724354960426,
        0.980782160787907
    ],
    "ordi-ordinals": [
        54.109035425569544,
        54.20888451787788,
        54.03181295801955
    ],
    "mina-mina-protocol": [
        0.8585872619764316,
        0.8598428884776136,
        0.8583573028448687
    ],
    "kcs-kucoin-token": [
        10.084504603068087,
        10.090573939135107,
        10.079016685067852
    ],
    "pendle-pendle": [
        6.09944109669238,
        6.098775077828103,
        6.100166635815735
    ],
    "xtz-tezos": [
        0.9507337879725224,
        0.9507337879725224,
        0.950844369168158
    ],
    "sei-sei": [
        0.5206819463479802,
        0.5221236861639913,
        0.5205800322926831
    ],
    "xec-ecash": [
        4.722639292745233e-05,
        4.736398531371813e-05,
        4.738753917274239e-05
    ],
    "msol-marinade-staked-sol": [
        206.61585879865248,
        206.75233591804593,
        206.38254453567407
    ],
    "cfx-conflux-network": [
        0.2212985412578897,
        0.2216218147611572,
        0.2294484355944873
    ],
    "matic-network": [
        0.716633,
        0.715771,
        0.715771
    ],
    "pepe": [
        1.452e-05,
        1.464e-05,
        1.464e-05
    ],
    "litecoin": [
        83.83,
        83.8,
        83.8
    ],
    "leo-token": [
        5.96,
        5.95,
        5.95
    ],
    "okb": [
        49.22074151053044,
        48.90295988832103,
        48.845591598266886
    ],
    "first-digital-usd": [
        1.0001928455319,
        0.9999098992945389,
        1.0001969643827933
    ],
    "arweave": [
        45.726000907422204,
        45.56924251766266,
        45.47564260023455
    ],
    "optimism-ethereum": [
        2.492859243179328,
        2.493995339293508,
        2.491046607207092
    ],
    "bittensor": [
        402.81893219473943,
        402.095549741328,
        402.35324863371073
    ],