{
    "bitcoin": [
        68819,
        68907,
        68907
    ],
    "ethereum": [
        3757.78,
        3764.41,
        3764.41
    ],
    "tether": [
        0.999718,
        1.0,
        1.0
    ],
    "binancecoin": [
        636.23,
        639.73,
        639.73
    ],
    "solana": [
        165.36,
        165.57,
        165.57
    ],
    "staked-ether": [
        3756.46,
        3764.66,
        3764.66
    ],
    "usd-coin": [
        1.0,
        1.001,
        1.001
    ],
    "ripple": [
        0.520549,
        0.521446,
        0.521446
    ],
    "dogecoin": [
        0.157996,
        0.158348,
        0.158348
    ],
    "the-open-network": [
        6.9,
        6.92,
        6.92
    ],
    "cardano": [
        0.455719,
        0.456085,
        0.456085
    ],
    "shiba-inu": [
        2.378e-05,
        2.386e-05,
        2.386e-05
    ],
    "avalanche-2": [
        34.82,
        34.88,
        34.88
    ],
    "wrapped-bitcoin": [
        68841,
        68988,
        68988
    ],
    "chainlink": [
        17.61,
        17.66,
        17.66
    ],
    "tron": [
        0.113543,
        0.113524,
        0.113524
    ],
    "polkadot": [
        6.98,
        6.99,
        6.99
    ],
    "bitcoin-cash": [
        469.54,
        470.6,
        470.6
    ],
    "near": [
        7.09,
        7.11,
        7.11
    ],
    "uniswap": [
        9.49,
        9.53,
        9.53
    ],
    "internet-computer": [
        12.13,
        12.15,
        12.15
    ],
    "unus-sed-leo": [
        5.923810812706364,
        5.924793027850309
    ],
    "multi-collateral-dai": [
        1.0001541775823066,
        1.000069113199768
    ],
    "ethereum-classic": [
        28.245398257432665,
        28.209715278628575,
        28.280479846943802
    ],
    "aptos": [
        8.85854210464564,
        8.883146909285253,
        8.886911064908745
    ],
    "render": [
        10.02145734528894,
        10.028688826825531,
        10.045364793776608
    ],
    "hedera": [
        0.10070317398221003,
        0.1007658552615023,
        0.10078396797194725
    ],
    "kaspa": [
        0.17444642777431507,
        0.17460469420630173,
        0.17368321734408934
    ],
    "dogwifhat": [
        3.2335820598247436,
        3.2376102402304747,
        3.236863262987172
    ],
    "cosmos": [
        8.341974890935077,
        8.345373661941222,
        8.353584202680013
    ],
    "immutable-x": [
        2.259552614129463,
        2.2600248754142984,
        2.2618917212434604
    ],
    "filecoin": [
        5.759982230520791,
        5.764526464043228,
        5.7656419197168525
    ],
    "arbitrum": [
        1.085399003081237,
        1.088351362429133,
        1.0888271869731285
    ],
    "mantle": [
        0.9561591699792947,
        0.955680655211051,
        0.9571954623708556
    ],
    "stellar": [
        0.10440806936045767,
        0.10444273709009566,
        0.10452632429689945
    ],
    "cronos": [
        0.10730250325276644,
        0.10702113169099124,
        0.1071491637048796
    ],
    "monero": [
        155.6346833151103,
        155.68035987756798,
        155.64828749429768
    ],
    "stacks": [
        1.967679505616733,
        1.971407718870529,
        1.9769127091380412
    ],
    "the-graph": [
        0.2924595740314098,
        0.2932239790976263,
        0.29374730413106703
    ],
    "bttc-bittorrent-chain": [
        1.1296846157366e-06,
        1.13152159274904e-06,
        1.13233115315418e-06
    ],
    "cheelee-cheelee": [
        20.405170213680453,
        20.414452280968,
        20.414661245641952
    ],
    "VET": [
        0.0342648619606039,
        0.0341757644980644
    ],
    "STX": [
        1.96018090681332,
        1.94312681136669
    ],
    "FLR": [
        0.0280572218861115,
        0.0280389009629798
    ],
    "XMR": [
        155.295737980525,
        155.188147347795
    ],
    "SAGA": [
        2.827609212773917,
        2.81039661314113
    ],
    "AR": [
        43.18042703963509,
        42.9957677008812
    ],
    "ZETA": [
        1.34315063641458,
        1.33600332024875
    ],
    "BGB": [
        1.3705,
        1.3705
    ],
    "FLOKI": [
        0.00026691,
        0.00026701,
        0.00025869
    ],
    "ENS": [
        24.7716036325303,
        24.8416407786262,
        25.0306732026311
    ],
    "PIXEL": [
        0.5094,
        0.50102,
        0.50094
    ],
    "FTM": [
        0.81494311061099,
        0.810825200275531,
        0.810846650526059
    ],
    "INJ": [
        24.284451914748,
        24.3413428653272,
        24.3621748251943
    ],
    "MKR": [
        2565.97797413587,
        2566.42637836626,
        2563.49943562424
    ],
    "ARKM": [
        2.4478,
        2.4505,
        2.456710154453979
    ],
    "RUNE": [
        6.03212130481506,
        6.05244118955545,
        6.05343901608717
    ],
    "FET": [
        2.09978752783046,
        2.10220504830423,
        2.10179553390713
    ],
    "qnt-quant": [
        90.84549464608197,
        90.7974411244434,
        90.74207394387963
    ],
    "wld-worldcoin": [
        4.7365959818157926,
        4.740667962507507,
        4.747999821876419
    ],
    "akt-akash-network": [
        4.3058836840642645,
        4.294280449046728,
        4.306899045967876
    ],
    "neo-neo": [
        14.78448068445599,
        14.791813994746121,
        14.772386752993242
    ],
    "egld-elrond": [
        38.952406702837735,
        38.98464227811294,
        39.02073722370351
    ],
    "ron-ronin-token": [
        3.1080605359706452,
        3.113705722569608,
        3.1166679496676415
    ],
    "sand-the-sandbox": [
        0.44976558406915107,
        0.4505494846910656,
        0.4515436596339331
    ],
    "wbnb-wrapped-bnb": [
        635.1759183920824,
        635.9497658736124,
        643.7581408567318
    ],
    "rbn-ribbon-finance": [
        0.9885661800071454,
        0.9879724354960426,
        0.980782160787907
    ],
    "ordi-ordinals": [
        47.79890314986117,
        47.84913315492818,
        48.04204247238742
    ],
    "mina-mina-protocol": [
        0.8429536026041743,
        0.8453303278219443,
        0.8464798370788942
    ],
    "kcs-kucoin-token": [
        10.082746674133404,
        10.07169543755946,
        10.069782383798321
    ],
    "pendle-pendle": [
        6.113676005038926,
        6.1190425775504185,
        6.12054044017242
    ],
    "xtz-tezos": [
        0.9308878039849006,
        0.9305536918001172,
        0.9298706147435031
    ],
    "sei-sei": [
        0.5024912516766762,
        0.5029223599160149,
        0.5028179477285271
    ],
    "xec-ecash": [
        4.560510920318456e-05,
        4.584596601949703e-05,
        4.569526168252456e-05
    ],
    "msol-marinade-staked-sol": [
        196.8694788126908,
        197.22710169404368,
        197.21389526388825
    ],
    "cfx-conflux-network": [
        0.21678506793902688,
        0.2169150760420722,
        0.21721006181399508
    ],
    "matic-network": [
        0.70193,
        0.703301,
        0.703301
    ],
    "pepe": [
        1.422e-05,
        1.431e-05,
        1.431e-05
    ],
    "litecoin": [
        81.54,
        81.62,
        81.62
    ],
    "leo-token": [
        6.03,
        6.04,
        6.04
    ],
    "okb": [
        47.39315335120661,
        47.4018323427481,
        47.593262291627006
    ],
    "first-digital-usd": [
        1.0000210632875075,
        0.9999592845186714,
        0.999948066221348
    ],
    "arweave": [
        44.73477901710985,
        44.82950137169262,
        44.831567454642844
    ],
    "optimism-ethereum": [
        2.4020756633872247,
        2.407390844509623,
        2.4116820822377854
    ],
    "bittensor": [
        382.87896562537395,
        382.8816712957625,
        382.94619526080703
    ],