{
    "bitcoin": [
        71180,
        71180,
        71243
    ],
    "ethereum": [
        3808.77,
        3808.77,
        3812.08
    ],
    "tether": [
        1.002,
        1.002,
        1.0
    ],
    "binancecoin": [
        698.53,
        698.53,
        699.21
    ],
    "solana": [
        172.93,
        172.93,
        173.37
    ],
    "staked-ether": [
        3806.99,
        3806.99,
        3810.49
    ],
    "usd-coin": [
        1.0,
        1.0,
        1.0
    ],
    "ripple": [
        0.525786,
        0.525786,
        0.525641
    ],
    "dogecoin": [
        0.163137,
        0.163137,
        0.163178
    ],
    "the-open-network": [
        7.51,
        7.51,
        7.54
    ],
    "cardano": [
        0.4618,
        0.4618,
        0.46213
    ],
    "shiba-inu": [
        2.587e-05,
        2.587e-05,
        2.586e-05
    ],
    "avalanche-2": [
        36.3,
        36.3,
        36.28
    ],
    "wrapped-bitcoin": [
        71177,
        71177,
        71190
    ],
    "chainlink": [
        17.88,
        17.88,
        17.88
    ],
    "tron": [
        0.114653,
        0.114653,
        0.114793
    ],
    "polkadot": [
        7.22,
        7.22,
        7.22
    ],
    "bitcoin-cash": [
        481.3,
        481.3,
        482.21
    ],
    "near": [
        7.56,
        7.56,
        7.6
    ],
    "uniswap": [
        11.19,
        11.19,
        11.22
    ],
    "internet-computer": [
        12.37,
        12.37,
        12.37
    ],
    "unus-sed-leo": [
        5.923810812706364,
        5.924793027850309
    ],
    "multi-collateral-dai": [
        1.0001541775823066,
        1.000069113199768
    ],
    "ethereum-classic": [
        28.245398257432665,
        28.209715278628575,
        28.280479846943802
    ],
    "aptos": [
        9.225925343774495,
        9.210173425551515,
        9.224871391049268
    ],
    "render": [
        10.48978837761635,
        10.501402816484626,
        10.507741020744056
    ],
    "hedera": [
        0.102579468260027,
        0.10250367316864455,
        0.10262838533042377
    ],
    "kaspa": [
        0.1758321142133626,
        0.17623661899019955,
        0.17673640445359948
    ],
    "dogwifhat": [
        3.484392701660358,
        3.489441563676216,
        3.4987575811659846
    ],
    "cosmos": [
        8.534058732684688,
        8.525035254328932,
        8.534738754289345
    ],
    "immutable-x": [
        2.3132895865312726,
        2.3096573877785467,
        2.31108357834894
    ],
    "filecoin": [
        5.988989060102794,
        5.980269150089974,
        5.9909385148161824
    ],
    "arbitrum": [
        1.1143415513740433,
        1.1131337659331868,
        1.1151711020418762
    ],
    "mantle": [
        0.9686838343597621,
        0.9705177539021582,
        0.9688364733865348
    ],
    "stellar": [
        0.10653228638548431,
        0.10648558021146404,
        0.10651974620653128
    ],
    "cronos": [
        0.11269774584962583,
        0.11278843985690393,
        0.1128608587259048
    ],
    "monero": [
        160.42095082413857,
        160.34999877554824,
        160.38431433343564
    ],
    "stacks": [
        2.2078203980858113,
        2.21042428881677,
        2.215244751168392
    ],
    "the-graph": [
        0.2999175130780532,
        0.2996919321770646,
        0.2999726413613614
    ],
    "bttc-bittorrent-chain": [
        1.16709728122719e-06,
        1.16616269890025e-06,
        1.16468645883681e-06
    ],
    "cheelee-cheelee": [
        20.83431600761767,
        20.851425924859285,
        20.84099567425875
    ],
    "VET": [
        0.0342648619606039,
        0.0341757644980644
    ],
    "STX": [
        1.96018090681332,
        1.94312681136669
    ],
    "FLR": [
        0.0280572218861115,
        0.0280389009629798
    ],
    "XMR": [
        155.295737980525,
        155.188147347795
    ],
    "SAGA": [
        2.827609212773917,
        2.81039661314113
    ],
    "AR": [
        43.18042703963509,
        42.9957677008812
    ],
    "ZETA": [
        1.34315063641458,
        1.33600332024875
    ],
    "BGB": [
        1.3705,
        1.3705
    ],
    "FLOKI": [
        0.00026691,
        0.00026701,
        0.00025869
    ],
    "ENS": [
        24.9332990110259,
        24.9516203469821,
        24.9999907251049
    ],
    "PIXEL": [
        0.48324,
        0.48423,
        0.4846
    ],
    "FTM": [
        0.81494311061099,
        0.810825200275531,
        0.810846650526059
    ],
    "INJ": [
        25.7797290311593,
        25.7809410694839,
        25.8425000586962
    ],
    "MKR": [
        2618.19713759826,
        2621.10444575862,
        2615.17302339551
    ],
    "ARKM": [
        2.4701,
        2.4832,
        2.4884
    ],
    "RUNE": [
        6.24844739593791,
        6.30174193376398,
        6.25681918759905
    ],
    "FET": [
        2.17623004931696,
        2.1727744158505,
        2.17616095224993
    ],
    "qnt-quant": [
        91.1304908487642,
        91.14099577741959,
        91.13844275260061
    ],
    "wld-worldcoin": [
        4.830264569940849,
        4.837747654478706,
        4.838097589690178
    ],
    "akt-akash-network": [
        4.455607911626583,
        4.455552221751301,
        4.454018237699272
    ],
    "neo-neo": [
        15.10147371438063,
        15.074752862532662,
        15.054315115444133
    ],
    "egld-elrond": [
        39.33042331515701,
        39.202386661654515,
        39.329570765016946
    ],
    "ron-ronin-token": [
        3.0999482464530956,
        3.0936372384708495,
        3.0923911371067097
    ],
    "sand-the-sandbox": [
        0.4629127726246674,
        0.4617513876332568,
        0.46231334536153673
    ],
    "wbnb-wrapped-bnb": [
        697.2107409952041,
        697.5296928160539,
        698.3979071600495
    ],
    "rbn-ribbon-finance": [
        0.9885661800071454,
        0.9879724354960426,
        0.980782160787907
    ],
    "ordi-ordinals": [
        54.72187955390328,
        54.72624087914653,
        54.726999468304065
    ],
    "mina-mina-protocol": [
        0.8559127460489058,
        0.8548300234842974,
        0.8571986621999753
    ],
    "kcs-kucoin-token": [
        10.101092243088964,
        10.105002441934307,
        10.092493188466095
    ],
    "pendle-pendle": [
        6.08109213473963,
        6.0681678565193,
        6.077128769776342
    ],
    "xtz-tezos": [
        0.950227251980227,
        0.9492372636468984,
        0.949516479543011
    ],
    "sei-sei": [
        0.5226165592508472,
        0.5227066020791136,
        0.5242163032884586
    ],
    "xec-ecash": [
        4.739883154026029e-05,
        4.734140397246664e-05,
        4.738482421912836e-05
    ],
    "msol-marinade-staked-sol": [
        206.04356018957043,
        205.77496886584072,
        206.0041387472789
    ],
    "cfx-conflux-network": [
        0.2212985412578897,
        0.2216218147611572,
        0.2294484355944873
    ],
    "matic-network": [
        0.715657,
        0.715657,
        0.716664
    ],
    "pepe": [
        1.449e-05,
        1.449e-05,
        1.455e-05
    ],
    "litecoin": [
        83.93,
        83.93,
        83.97
    ],
    "leo-token": [
        5.96,
        5.96,
        5.96
    ],
    "okb": [
        49.29833630428861,
        49.34391057926922,
        49.3705425229832
    ],
    "first-digital-usd": [
        0.9999051229766784,
        0.9997094952327008,
        1.0000637460592292
    ],
    "arweave": [
        45.47807100237473,
        45.56188065341681,
        45.57039994703895
    ],
    "optimism-ethereum": [
        2.4864260221357193,
        2.4858005740182927,
        2.4887361953242513
    ],
    "bittensor": [
        405.4369564762072,
        404.73113329191705,
        406.6395328099463
    ],
    "floki-inu": [
        0.00032292656313426016,
        0.00032646317298631585,
        0.00032768508214611937
    ],